date,weather,dealer_orders,dtc_orders,total_orders,purchase_orders_received,purchase_units_received,purchase_orders_created,purchase_units_ordered,total_on_hand_units,total_available_units,out_of_stock_skus,sales_orders,customer_count,booked_revenue,requested_units,fulfilled_units,backordered_units,fulfilled_revenue,service_level,backorder_rate
2022-01-01,Sunny,4,8,12,0,0,0,0,8342,8342,0,12,5,174571.36,58,58,0,174571.36,1.0,0.0
2022-01-02,Sunny,1,7,8,0,0,0,0,8326,8326,0,8,2,71227.36,16,16,0,71227.36,1.0,0.0
2022-01-03,Sunny,12,5,17,0,0,0,0,8224,8224,0,17,11,320566.99,102,102,0,320566.99,1.0,0.0
2022-01-04,Sunny,12,5,17,0,0,0,0,8094,8094,0,17,12,406845.04,130,130,0,406845.04000000004,1.0,0.0
2022-01-05,Sunny,13,6,19,0,0,1,62,7945,7945,0,19,11,469939.44,149,149,0,469939.44,1.0,0.0
2022-01-06,Sunny,11,5,16,0,0,0,0,7841,7841,0,16,12,311284.88,104,104,0,311284.88,1.0,0.0
2022-01-07,Sunny,11,8,19,0,0,1,60,7765,7765,0,19,9,233238.11,76,76,0,233238.11,1.0,0.0
2022-01-08,Sunny,3,8,11,0,0,0,0,7729,7729,0,11,4,124513.12,36,36,0,124513.12,1.0,0.0
2022-01-09,Sunny,1,7,8,0,0,0,0,7711,7711,0,8,2,70605.85,18,18,0,70605.85,1.0,0.0
2022-01-10,Sunny,11,5,16,0,0,0,0,7611,7611,0,16,11,317550.89,100,100,0,317550.89,1.0,0.0
2022-01-11,Sunny,12,6,18,0,0,1,60,7518,7518,0,18,11,298853.55,93,93,0,298853.55,1.0,0.0
2022-01-12,Sunny,10,6,16,0,0,2,121,7426,7426,0,16,10,306694.87,92,92,0,306694.87,1.0,0.0
2022-01-13,Sunny,10,6,16,0,0,4,248,7321,7321,0,16,9,345174.56,105,105,0,345174.56,1.0,0.0
2022-01-14,Sunny,10,7,17,0,0,2,124,7245,7245,1,17,11,266623.8,79,76,3,256485.75,0.9620253164556962,0.0379746835443038
2022-01-15,Sunny,3,6,9,0,0,1,60,7204,7204,1,9,4,125121.4,41,41,0,125121.4,1.0,0.0
2022-01-16,Sunny,1,8,9,0,0,1,62,7189,7189,1,9,2,54651.66,15,15,0,54651.66,1.0,0.0
2022-01-17,Sunny,10,4,14,0,0,3,183,7095,7095,1,14,10,321604.15,97,94,3,312557.89,0.9690721649484536,0.030927835051546393
2022-01-18,Sunny,11,5,16,0,0,2,120,6986,6986,1,16,12,337047.61,109,109,0,337047.61,1.0,0.0
2022-01-19,Sunny,10,6,16,0,0,2,121,6882,6882,1,16,11,329582.48,104,104,0,329582.48,1.0,0.0
2022-01-20,Sunny,11,6,17,0,0,2,124,6745,6745,2,17,10,461334.26,141,137,4,448440.74,0.9716312056737588,0.028368794326241134
2022-01-21,Sunny,10,6,16,0,0,3,183,6657,6657,2,16,10,294075.42,91,88,3,284405.28,0.967032967032967,0.03296703296703297
2022-01-22,Sunny,3,9,12,0,0,1,61,6612,6612,2,12,4,147898.96,45,45,0,147898.96,1.0,0.0
2022-01-23,Sunny,1,8,9,0,0,1,60,6599,6599,2,9,2,53320.9,13,13,0,53320.9,1.0,0.0
2022-01-24,Sunny,11,5,16,0,0,1,62,6502,6502,4,16,11,352960.49,112,97,15,306070.01,0.8660714285714286,0.13392857142857142
2022-01-25,Sunny,12,5,17,0,0,2,125,6397,6397,4,17,10,313829.33999999997,109,105,4,300935.82,0.963302752293578,0.03669724770642202
2022-01-26,Sunny,12,6,18,0,0,3,181,6296,6296,4,18,11,326239.37,109,101,8,299960.63,0.926605504587156,0.07339449541284404
2022-01-27,Sunny,11,6,17,0,0,2,123,6195,6195,7,17,10,325046.22,103,101,2,318599.46,0.9805825242718447,0.019417475728155338
2022-01-28,Sunny,10,7,17,0,0,2,120,6123,6123,8,17,11,235996.52,75,72,3,226170.41,0.96,0.04
2022-01-29,Sunny,3,9,12,0,0,1,61,6084,6084,8,12,3,122512.45999999999,39,39,0,122512.46,1.0,0.0
2022-01-30,Sunny,1,7,8,0,0,2,120,6069,6069,10,8,2,62897.56,19,15,4,51120.04,0.7894736842105263,0.21052631578947367
2022-01-31,Sunny,13,5,18,0,0,5,304,5971,5971,11,18,11,368896.20999999996,117,98,19,307166.6,0.8376068376068376,0.1623931623931624
2022-02-01,Sunny,15,5,20,0,0,2,125,5860,5860,11,20,14,425332.07,131,111,20,359515.22000000003,0.8473282442748091,0.15267175572519084
2022-02-02,Sunny,15,6,21,0,0,5,306,5748,5748,12,21,13,442368.69,136,112,24,366167.91,0.8235294117647058,0.17647058823529413
2022-02-03,Sunny,11,6,17,0,0,2,124,5656,5656,15,17,9,448759.14,138,92,46,299936.36,0.6666666666666666,0.3333333333333333
2022-02-04,Sunny,10,7,17,0,0,3,181,5609,5609,17,17,10,266496.96,89,47,42,141158.94,0.5280898876404494,0.47191011235955055
2022-02-05,Sunny,3,9,12,0,0,0,0,5576,5576,17,12,4,136122.66,38,33,5,115742.58,0.868421052631579,0.13157894736842105
2022-02-06,Sunny,1,9,10,0,0,1,60,5561,5561,17,10,2,75940.2,20,15,5,54312.36,0.75,0.25
2022-02-07,Sunny,13,6,19,0,0,4,244,5476,5476,18,19,11,363916.3,121,85,36,254970.19,0.7024793388429752,0.2975206611570248
2022-02-08,Sunny,14,6,20,0,0,1,60,5384,5384,19,20,12,386567.8,121,92,29,295174.42,0.7603305785123967,0.2396694214876033
2022-02-09,Sunny,13,6,19,0,0,3,182,5307,5307,20,19,11,371866.4,127,77,50,224019.37,0.6062992125984252,0.3937007874015748
2022-02-10,Sunny,14,7,21,0,0,4,249,5211,5211,21,21,12,428247.63,139,96,43,287876.46,0.6906474820143885,0.30935251798561153
2022-02-11,Sunny,12,8,20,0,0,2,123,5136,5136,21,20,11,343681.7,109,75,34,230216.45,0.6880733944954128,0.3119266055045872
2022-02-12,Sunny,4,9,13,0,0,0,0,5103,5103,22,13,5,139302.46,46,33,13,101276.74,0.717391304347826,0.2826086956521739
2022-02-13,Sunny,1,9,10,0,0,0,0,5087,5087,22,10,2,71400.8,19,16,3,55803.8,0.8421052631578947,0.15789473684210525
2022-02-14,Sunny,14,7,21,0,0,2,124,5009,5009,23,21,14,319081.82,108,78,30,224025.04,0.7222222222222222,0.2777777777777778
2022-02-15,Sunny,15,7,22,0,0,4,242,4910,4910,27,22,14,486283.05,146,99,47,333733.96,0.678082191780822,0.3219178082191781
2022-02-16,Sunny,14,6,20,0,0,5,303,4827,4827,28,20,11,437802.51,132,83,49,288764.75,0.6287878787878788,0.3712121212121212
2022-02-17,Sunny,14,7,21,0,0,2,121,4746,4746,31,21,14,417827.6,134,81,53,257359.08000000002,0.6044776119402985,0.39552238805970147
2022-02-18,Sunny,11,7,18,0,0,0,0,4691,4691,32,18,10,356564.29,106,55,51,196716.61000000002,0.5188679245283019,0.4811320754716981
2022-02-19,Sunny,3,10,13,0,0,0,0,4667,4667,32,13,4,130822.08,32,24,8,100600.44,0.75,0.25
2022-02-20,Sunny,1,9,10,0,0,0,0,4654,4654,33,10,2,69833.85,20,13,7,47834.1,0.65,0.35
2022-02-21,Sunny,13,7,20,0,0,1,62,4605,4605,35,20,11,393529.99,126,49,77,159703.54,0.3888888888888889,0.6111111111111112
2022-02-22,Sunny,14,7,21,0,0,0,0,4533,4533,36,21,11,458625.25,138,72,66,238293.13,0.5217391304347826,0.4782608695652174
2022-02-23,Sunny,15,7,22,0,0,3,186,4425,4425,37,22,11,440140.51,153,108,45,301912.41,0.7058823529411765,0.29411764705882354
2022-02-24,Sunny,13,7,20,0,0,3,182,4343,4343,42,20,14,413649.46,138,82,56,246190.19,0.5942028985507246,0.4057971014492754
2022-02-25,Sunny,12,8,20,0,0,0,0,4286,4286,44,20,9,308204.35,101,57,44,173910.87,0.5643564356435643,0.43564356435643564
2022-02-26,Sunny,4,11,15,0,0,0,0,4263,4263,44,15,5,180848.91999999998,48,23,25,90719.08,0.4791666666666667,0.5208333333333334
2022-02-27,Sunny,1,8,9,0,0,0,0,4255,4255,44,9,2,90630.32,23,8,15,36513.9,0.34782608695652173,0.6521739130434783
2022-02-28,Sunny,13,6,19,0,0,2,123,4186,4186,48,19,12,327940.36,109,69,40,205940.34,0.6330275229357798,0.3669724770642202
2022-03-01,Sunny,19,8,27,1,62,1,61,4159,4159,48,27,15,565166.93,187,89,98,271050.93,0.47593582887700536,0.5240641711229946
2022-03-02,Sunny,24,9,33,0,0,3,194,4078,4078,53,33,17,680142.8099999999,212,81,131,246141.85,0.38207547169811323,0.6179245283018868
2022-03-03,Sunny,17,8,25,1,60,1,61,4075,4075,54,25,16,525719.68,168,63,105,198817.88,0.375,0.625
2022-03-04,Sunny,18,12,30,0,0,4,251,3982,3982,55,30,14,571214.14,180,93,87,313601.34,0.5166666666666667,0.48333333333333334
2022-03-05,Sunny,4,13,17,0,0,0,0,3966,3966,55,17,5,131453.91999999998,31,16,15,75005.17,0.5161290322580645,0.4838709677419355
2022-03-06,Sunny,2,13,15,0,0,0,0,3953,3953,55,15,3,129758.36,33,13,20,55460.98,0.3939393939393939,0.6060606060606061
2022-03-07,Sunny,18,8,26,1,60,0,0,3937,3937,55,26,16,546520.98,177,76,101,228511.13999999998,0.4293785310734463,0.5706214689265536
2022-03-08,Sunny,19,9,28,2,121,3,180,3993,3993,55,28,19,523701.13,162,65,97,234305.02,0.4012345679012346,0.5987654320987654
2022-03-09,Sunny,23,10,33,4,248,0,0,4144,4144,51,33,20,684544.35,211,97,114,306027.89,0.4597156398104265,0.5402843601895735
2022-03-10,Sunny,18,9,27,2,124,0,0,4180,4180,52,27,13,504796.63,170,88,82,254308.11000000002,0.5176470588235295,0.4823529411764706
2022-03-11,Sunny,16,10,26,1,60,2,125,4147,4147,55,26,12,538121.04,177,93,84,266503.2,0.5254237288135594,0.4745762711864407
2022-03-12,Sunny,5,13,18,1,62,1,60,4190,4190,54,18,6,170587.16999999998,52,19,33,65422.31,0.36538461538461536,0.6346153846153846
2022-03-13,Sunny,2,13,15,3,183,0,0,4364,4364,51,15,3,84130.84,18,9,9,49305.729999999996,0.5,0.5
2022-03-14,Sunny,17,9,26,2,120,0,0,4404,4404,52,26,14,538329.52,179,80,99,235943.86000000002,0.44692737430167595,0.553072625698324
2022-03-15,Sunny,19,8,27,2,121,0,0,4436,4436,53,27,15,472977.95,155,89,66,284142.88,0.5741935483870968,0.4258064516129032
2022-03-16,Sunny,21,10,31,2,124,2,126,4449,4449,52,31,15,589273.64,195,111,84,330095.48,0.5692307692307692,0.4307692307692308
2022-03-17,Sunny,18,10,28,3,183,1,62,4525,4525,50,28,15,578947.64,189,107,82,335439.0,0.5661375661375662,0.43386243386243384
2022-03-18,Sunny,18,11,29,1,61,8,487,4464,4464,51,29,17,588300.52,185,122,63,390268.59,0.6594594594594595,0.34054054054054056
2022-03-19,Sunny,5,12,17,1,60,1,62,4485,4485,50,17,5,175128.21,49,39,10,132027.16,0.7959183673469388,0.20408163265306123
2022-03-20,Sunny,2,12,14,1,62,1,60,4529,4529,49,14,3,103114.74,27,18,9,75900.94,0.6666666666666666,0.3333333333333333
2022-03-21,Sunny,16,8,24,2,125,4,241,4583,4583,48,24,13,407866.43,133,71,62,233816.33000000002,0.5338345864661654,0.46616541353383456
2022-03-22,Sunny,20,9,29,3,181,0,0,4618,4618,46,29,15,657892.29,201,146,55,490252.75,0.7263681592039801,0.2736318407960199
2022-03-23,Sunny,18,10,28,2,123,1,63,4618,4618,45,28,15,578652.2,182,123,59,412898.4,0.6758241758241759,0.3241758241758242
2022-03-24,Sunny,18,10,28,2,120,4,251,4616,4616,43,28,16,478031.79,158,122,36,364484.91000000003,0.7721518987341772,0.22784810126582278
2022-03-25,Sunny,18,11,29,1,61,4,251,4575,4575,43,29,14,518368.02,166,102,64,333101.87,0.6144578313253012,0.3855421686746988
2022-03-26,Sunny,5,14,19,2,120,2,122,4652,4652,42,19,5,165644.5,47,43,4,149949.74,0.9148936170212766,0.0851063829787234
2022-03-27,Sunny,2,13,15,5,304,0,0,4935,4935,37,15,3,127302.5,33,21,12,84751.42,0.6363636363636364,0.36363636363636365
2022-03-28,Sunny,17,9,26,2,125,3,192,4951,4951,36,26,15,512386.69,155,109,46,364168.22,0.7032258064516129,0.2967741935483871
2022-03-29,Sunny,19,8,27,5,306,0,0,5117,5117,32,27,16,588547.78,182,140,42,457810.75,0.7692307692307693,0.23076923076923078
2022-03-30,Sunny,20,9,29,2,124,2,120,5127,5127,33,29,16,428158.51,135,114,21,363036.63,0.8444444444444444,0.15555555555555556
2022-03-31,Sunny,16,9,25,3,181,1,63,5220,5220,31,25,13,308706.11,95,88,7,281061.24,0.9263157894736842,0.07368421052631578
2022-04-01,Sunny,19,14,33,0,0,3,192,5073,5073,32,33,15,601611.04,192,147,45,460250.51,0.765625,0.234375
2022-04-02,Sunny,6,19,25,2,121,2,122,5114,5114,31,25,7,343169.07,91,80,11,298337.03,0.8791208791208791,0.12087912087912088
2022-04-03,Sunny,2,17,19,4,244,0,0,5334,5334,28,19,3,141756.32,33,24,9,100827.8,0.7272727272727273,0.2727272727272727
2022-04-04,Sunny,30,11,41,1,60,3,187,5159,5159,31,41,23,1048316.42,336,235,101,742091.42,0.6994047619047619,0.3005952380952381
2022-04-05,Sunny,29,13,42,3,182,2,124,5147,5147,30,42,21,822010.29,272,194,78,603095.03,0.7132352941176471,0.2867647058823529
2022-04-06,Sunny,25,13,38,4,249,0,0,5205,5205,32,38,18,811008.4,260,191,69,604815.75,0.7346153846153847,0.2653846153846154
2022-04-07,Sunny,28,13,41,2,123,2,124,5124,5124,34,41,20,762437.3200000001,253,204,49,613162.54,0.8063241106719368,0.19367588932806323
2022-04-08,Sunny,22,15,37,0,0,4,247,4982,4982,38,37,17,608963.93,197,142,55,441517.59,0.7208121827411168,0.27918781725888325
2022-04-09,Sunny,7,18,25,0,0,1,60,4938,4938,39,25,8,226128.6,62,44,18,158570.14,0.7096774193548387,0.2903225806451613
2022-04-10,Sunny,2,16,18,2,124,0,0,5040,5040,37,18,3,171387.38,41,22,19,100748.94,0.5365853658536586,0.4634146341463415
2022-04-11,Sunny,25,12,37,4,242,5,304,5123,5123,36,37,16,706412.44,220,159,61,507200.11,0.7227272727272728,0.2772727272727273
2022-04-12,Sunny,26,12,38,4,242,4,248,5206,5206,32,38,18,679766.4400000001,224,159,65,486989.28,0.7098214285714286,0.29017857142857145
2022-04-13,Sunny,25,10,35,2,121,1,61,5162,5162,32,35,20,776823.5,243,165,78,529897.29,0.6790123456790124,0.32098765432098764
2022-04-14,Sunny,25,13,38,0,0,3,184,5014,5014,35,38,20,704579.72,223,148,75,469110.79000000004,0.6636771300448431,0.336322869955157
2022-04-15,Sunny,24,14,38,0,0,6,371,4826,4826,36,38,16,737027.01,234,188,46,594547.65,0.8034188034188035,0.19658119658119658
2022-04-16,Sunny,7,18,25,0,0,0,0,4770,4770,38,25,7,281653.61,75,56,19,209548.43,0.7466666666666667,0.25333333333333335
2022-04-17,Sunny,3,14,17,1,62,2,124,4802,4802,37,17,4,143018.82,38,30,8,110165.77,0.7894736842105263,0.21052631578947367
2022-04-18,Sunny,25,12,37,0,0,3,181,4635,4635,40,37,18,741429.68,240,167,73,516843.45,0.6958333333333333,0.30416666666666664
2022-04-19,Sunny,28,12,40,3,186,5,311,4637,4637,40,40,18,831372.41,275,184,91,543904.36,0.6690909090909091,0.33090909090909093
2022-04-20,Sunny,27,12,39,3,182,1,63,4671,4671,42,39,17,824119.2,258,148,110,481534.53,0.5736434108527132,0.4263565891472868
2022-04-21,Sunny,24,14,38,0,0,3,183,4542,4542,43,38,19,701561.88,232,129,103,383641.12,0.5560344827586207,0.44396551724137934
2022-04-22,Sunny,24,16,40,0,0,5,302,4432,4432,44,40,19,693059.72,234,110,124,310982.18,0.4700854700854701,0.5299145299145299
2022-04-23,Sunny,7,18,25,0,0,2,120,4388,4388,44,25,6,249330.76,72,44,28,155113.56,0.6111111111111112,0.3888888888888889
2022-04-24,Sunny,2,17,19,2,123,0,0,4481,4481,43,19,3,158329.84,37,30,7,130555.32,0.8108108108108109,0.1891891891891892
2022-04-25,Sunny,26,11,37,2,121,2,120,4450,4450,43,37,20,823439.54,258,152,106,495334.33,0.5891472868217055,0.4108527131782946
2022-04-26,Sunny,29,11,40,3,194,4,243,4496,4496,43,40,20,774508.69,243,148,95,472477.61,0.6090534979423868,0.39094650205761317
2022-04-27,Sunny,26,13,39,1,61,1,60,4433,4433,46,39,20,719103.24,231,124,107,380289.32,0.5367965367965368,0.46320346320346323
2022-04-28,Sunny,27,13,40,4,251,5,301,4538,4538,48,40,19,834027.81,268,146,122,465706.92,0.5447761194029851,0.4552238805970149
2022-04-29,Sunny,21,13,34,0,0,2,123,4422,4422,51,34,18,621524.3099999999,207,116,91,332945.29,0.5603864734299517,0.4396135265700483
2022-04-30,Sunny,7,19,26,0,0,2,120,4369,4369,52,26,7,264033.64,82,53,29,164102.71,0.6463414634146342,0.35365853658536583
2022-05-01,Sunny,2,20,22,0,0,0,0,4352,4352,52,22,3,186110.35,47,17,30,70054.4,0.3617021276595745,0.6382978723404256
2022-05-02,Sunny,22,12,34,3,180,1,60,4402,4402,53,34,16,701409.34,229,130,99,381163.51,0.5676855895196506,0.43231441048034935
2022-05-03,Sunny,29,13,42,0,0,5,308,4252,4252,57,42,21,774403.8,271,150,121,418470.85,0.5535055350553506,0.44649446494464945
2022-05-04,Sunny,30,15,45,1,60,4,249,4169,4169,56,45,21,837978.74,274,143,131,426605.05,0.5218978102189781,0.4781021897810219
2022-05-05,Sunny,27,14,41,1,65,3,187,4079,4079,62,41,18,847409.1,263,155,108,498911.08,0.5893536121673004,0.41064638783269963
2022-05-06,Sunny,21,17,38,1,60,1,60,4047,4047,64,38,13,674992.25,214,92,122,296415.97000000003,0.42990654205607476,0.5700934579439252
2022-05-07,Sunny,7,18,25,0,0,1,60,4007,4007,64,25,8,289896.91000000003,84,40,44,135386.35,0.47619047619047616,0.5238095238095238
2022-05-08,Sunny,3,20,23,1,64,1,60,4046,4046,63,23,4,143731.58,38,25,13,84971.47,0.6578947368421053,0.34210526315789475
2022-05-09,Sunny,28,12,40,0,0,4,240,3927,3927,64,40,17,845033.6,260,119,141,403235.77,0.4576923076923077,0.5423076923076923
2022-05-10,Sunny,26,12,38,3,187,3,184,4010,4010,66,38,19,827678.5,252,104,148,351661.13,0.4126984126984127,0.5873015873015873
2022-05-11,Sunny,30,14,44,1,62,3,180,3926,3926,68,44,21,915844.1,296,146,150,458029.93,0.49324324324324326,0.5067567567567568
2022-05-12,Sunny,24,15,39,8,487,2,121,4300,4300,61,39,15,735619.81,255,113,142,321904.66000000003,0.44313725490196076,0.5568627450980392
2022-05-13,Sunny,25,16,41,1,62,2,127,4258,4258,62,41,22,758593.79,236,104,132,332295.01,0.4406779661016949,0.559322033898305
2022-05-14,Sunny,8,19,27,0,0,0,0,4222,4222,63,27,9,315630.18,91,36,55,118964.39,0.3956043956043956,0.6043956043956044
2022-05-15,Sunny,2,17,19,4,241,0,0,4443,4443,60,19,3,154145.84,40,20,20,67690.76,0.5,0.5
2022-05-16,Sunny,27,12,39,0,0,1,60,4351,4351,64,39,18,719186.43,236,92,144,270685.06,0.3898305084745763,0.6101694915254238
2022-05-17,Sunny,36,12,48,2,124,1,61,4349,4349,64,48,24,962620.17,311,126,185,393180.19,0.40514469453376206,0.594855305466238
2022-05-18,Sunny,29,13,42,3,187,2,120,4430,4430,64,42,21,806007.91,239,106,133,372217.13,0.4435146443514644,0.5564853556485355
2022-05-19,Sunny,30,15,45,4,251,3,182,4572,4572,63,45,24,829171.6799999999,265,109,156,338162.28,0.41132075471698115,0.5886792452830188
2022-05-20,Sunny,23,16,39,1,61,2,122,4552,4552,62,39,18,689530.38,207,81,126,287354.88,0.391304347826087,0.6086956521739131
2022-05-21,Sunny,8,20,28,0,0,0,0,4507,4507,63,28,9,356037.7,109,45,64,134569.76,0.41284403669724773,0.5871559633027523
2022-05-22,Sunny,2,19,21,3,192,0,0,4682,4682,60,21,3,163887.66,42,17,25,71523.82,0.40476190476190477,0.5952380952380952
2022-05-23,Sunny,26,11,37,0,0,2,129,4577,4577,62,37,19,742755.1,228,105,123,339659.92,0.4605263157894737,0.5394736842105263
2022-05-24,Sunny,32,12,44,2,120,2,122,4536,4536,64,44,21,902863.05,298,161,137,487410.16,0.540268456375839,0.4597315436241611
2022-05-25,Sunny,29,14,43,1,63,4,254,4474,4474,64,43,21,757405.66,229,125,104,420702.84,0.5458515283842795,0.45414847161572053
2022-05-26,Sunny,23,15,38,3,192,1,61,4567,4567,63,38,17,709753.22,220,99,121,327277.1,0.45,0.55
2022-05-27,Sunny,22,16,38,1,61,0,0,4514,4514,63,38,15,682697.49,215,114,101,365130.0,0.5302325581395348,0.4697674418604651
2022-05-28,Sunny,7,24,31,0,0,0,0,4475,4475,64,31,8,291095.22,75,39,36,156730.11,0.52,0.48
2022-05-29,Sunny,2,18,20,3,187,0,0,4649,4649,62,20,3,113814.33,27,13,14,53577.28,0.48148148148148145,0.5185185185185185
2022-05-30,Sunny,25,12,37,4,246,3,182,4767,4767,62,37,17,712137.98,222,128,94,411529.51,0.5765765765765766,0.42342342342342343
2022-05-31,Sunny,32,12,44,0,0,2,127,4620,4620,63,44,21,981194.15,314,147,167,450873.25,0.4681528662420382,0.5318471337579618
2022-06-01,Sunny,27,14,41,2,124,3,185,4634,4634,63,41,17,841662.0,269,110,159,343541.65,0.40892193308550184,0.5910780669144982
2022-06-02,Sunny,26,16,42,5,308,3,183,4803,4803,60,42,21,812721.12,257,139,118,436308.43,0.5408560311284046,0.4591439688715953
2022-06-03,Sunny,18,14,32,2,122,0,0,4839,4839,61,32,12,514132.75,166,86,80,260700.91,0.5180722891566265,0.4819277108433735
2022-06-04,Sunny,7,18,25,0,0,1,60,4794,4794,61,25,8,260796.4,74,45,29,160829.69,0.6081081081081081,0.3918918918918919
2022-06-05,Sunny,3,18,21,5,304,1,60,5076,5076,57,21,4,144701.78,37,22,15,86709.16,0.5945945945945946,0.40540540540540543
2022-06-06,Sunny,25,11,36,6,369,0,0,5298,5298,56,36,18,764950.84,245,147,98,452169.14,0.6,0.4
2022-06-07,Sunny,30,12,42,1,61,1,61,5179,5179,56,42,24,883797.19,287,180,107,543823.29,0.627177700348432,0.37282229965156793
2022-06-08,Sunny,27,15,42,3,184,1,62,5223,5223,55,42,20,776260.39,255,140,115,415803.18,0.5490196078431373,0.45098039215686275
2022-06-09,Sunny,25,13,38,4,249,1,62,5339,5339,53,38,17,670335.38,206,133,73,442260.65,0.6456310679611651,0.35436893203883496
2022-06-10,Sunny,21,16,37,1,61,3,185,5283,5283,53,37,18,601025.84,198,117,81,368698.67,0.5909090909090909,0.4090909090909091
2022-06-11,Sunny,7,21,28,3,184,0,0,5401,5401,51,28,5,324553.9,89,66,23,234299.73,0.7415730337078652,0.25842696629213485
2022-06-12,Sunny,2,17,19,2,120,0,0,5502,5502,50,19,3,108200.62,28,19,9,74880.78,0.6785714285714286,0.32142857142857145
2022-06-13,Sunny,29,13,42,4,249,5,304,5555,5555,49,42,22,806457.54,268,196,72,593271.27,0.7313432835820896,0.26865671641791045
2022-06-14,Sunny,30,12,42,1,63,5,318,5409,5409,50,42,21,1008230.39,309,209,100,694487.13,0.6763754045307443,0.32362459546925565
2022-06-15,Sunny,33,12,45,3,183,1,61,5373,5373,51,45,22,1014173.1,325,219,106,666872.98,0.6738461538461539,0.3261538461538461
2022-06-16,Sunny,27,13,40,3,181,1,64,5375,5375,54,40,20,831491.82,266,179,87,559279.51,0.6729323308270677,0.32706766917293234
2022-06-17,Sunny,21,19,40,2,120,3,182,5398,5398,52,40,18,563630.15,175,97,78,315523.1,0.5542857142857143,0.44571428571428573
2022-06-18,Sunny,6,21,27,0,0,2,120,5344,5344,53,27,6,300622.82,83,54,29,192415.84,0.6506024096385542,0.3493975903614458
2022-06-19,Sunny,2,18,20,2,120,1,60,5438,5438,51,20,3,144258.84,38,26,12,102741.8,0.6842105263157895,0.3157894736842105
2022-06-20,Sunny,26,12,38,3,182,2,122,5483,5483,50,38,19,733486.73,242,137,105,407182.39,0.5661157024793388,0.43388429752066116
2022-06-21,Sunny,26,12,38,0,0,3,185,5348,5348,53,38,19,729980.72,233,135,98,433848.07,0.5793991416309013,0.4206008583690987
2022-06-22,Sunny,27,13,40,5,301,1,63,5514,5514,52,40,21,794831.55,251,135,116,447263.38,0.5378486055776892,0.46215139442231074
2022-06-23,Sunny,24,13,37,2,123,1,67,5493,5493,52,37,17,680238.6900000001,228,144,84,424975.59,0.631578947368421,0.3684210526315789
2022-06-24,Sunny,22,14,36,2,120,2,123,5496,5496,52,36,16,607851.6799999999,206,117,89,334410.82,0.5679611650485437,0.4320388349514563
2022-06-25,Sunny,7,19,26,0,0,0,0,5447,5447,52,26,8,303427.87,89,49,40,177257.32,0.550561797752809,0.449438202247191
2022-06-26,Sunny,2,16,18,2,121,1,62,5546,5546,51,18,2,127423.3,35,22,13,74354.62,0.6285714285714286,0.37142857142857144
2022-06-27,Sunny,29,11,40,5,308,3,190,5675,5675,50,40,21,809601.68,262,179,83,535286.26,0.683206106870229,0.31679389312977096
2022-06-28,Sunny,27,12,39,4,249,3,183,5767,5767,49,39,20,839299.3200000001,267,157,110,498151.8,0.5880149812734082,0.41198501872659177
2022-06-29,Sunny,29,13,42,3,187,3,197,5783,5783,51,42,23,895352.99,278,171,107,577791.06,0.6151079136690647,0.38489208633093525
2022-06-30,Sunny,24,13,37,1,60,3,182,5703,5703,51,37,21,720017.64,238,140,98,409412.51,0.5882352941176471,0.4117647058823529
2022-07-01,Sunny,22,14,36,1,60,0,0,5658,5658,50,36,18,630822.66,196,105,91,339164.57,0.5357142857142857,0.4642857142857143
2022-07-02,Sunny,7,18,25,1,60,0,0,5693,5693,49,25,6,246165.71,70,25,45,81562.67,0.35714285714285715,0.6428571428571429
2022-07-03,Sunny,2,16,18,5,300,0,0,5982,5982,46,18,3,106909.38,27,11,16,45173.84,0.4074074074074074,0.5925925925925926
2022-07-04,Sunny,24,11,35,3,184,3,180,6036,6036,48,35,17,688228.82,220,130,90,417270.57,0.5909090909090909,0.4090909090909091
2022-07-05,Sunny,25,11,36,3,180,2,122,6063,6063,48,36,19,803088.4099999999,259,153,106,479109.65,0.5907335907335908,0.4092664092664093
2022-07-06,Sunny,26,12,38,1,60,3,182,5999,5999,50,38,22,714983.72,221,124,97,392794.39,0.5610859728506787,0.43891402714932126
2022-07-07,Sunny,23,13,36,2,127,2,121,6004,6004,50,36,16,688348.18,216,122,94,380275.96,0.5648148148148148,0.4351851851851852
2022-07-08,Sunny,19,14,33,0,0,1,61,5915,5915,50,33,17,513097.57,156,89,67,288270.65,0.5705128205128205,0.42948717948717946
2022-07-09,Sunny,6,16,22,0,0,0,0,5892,5892,50,22,7,242707.24,66,23,43,85114.62,0.3484848484848485,0.6515151515151515
2022-07-10,Sunny,2,16,18,1,60,1,61,5937,5937,49,18,3,105809.72,29,15,14,51385.32,0.5172413793103449,0.4827586206896552
2022-07-11,Sunny,21,11,32,1,61,0,0,5901,5901,51,32,17,567037.7,174,97,77,325488.39,0.5574712643678161,0.4425287356321839
2022-07-12,Sunny,27,10,37,2,120,2,123,5888,5888,51,37,21,806447.79,258,133,125,408505.48,0.5155038759689923,0.4844961240310077
2022-07-13,Sunny,23,10,33,2,122,0,0,5877,5877,52,33,18,760537.13,242,133,109,405994.61,0.5495867768595041,0.45041322314049587
2022-07-14,Sunny,21,12,33,3,183,2,120,5949,5949,52,33,15,664854.96,208,111,97,342665.96,0.5336538461538461,0.46634615384615385
2022-07-15,Sunny,18,14,32,0,0,3,184,5842,5842,52,32,14,548141.36,172,107,65,340665.25,0.622093023255814,0.37790697674418605
2022-07-16,Sunny,8,17,25,0,0,1,60,5788,5788,52,25,8,271064.8,79,54,25,177923.36000000002,0.6835443037974683,0.31645569620253167
2022-07-17,Sunny,2,15,17,2,129,1,60,5904,5904,50,17,3,124840.14,31,13,18,53896.98,0.41935483870967744,0.5806451612903226
2022-07-18,Sunny,25,11,36,2,122,2,120,5889,5889,54,36,17,750312.98,237,137,100,430125.99,0.5780590717299579,0.4219409282700422
2022-07-19,Sunny,23,10,33,4,254,2,121,6043,6043,50,33,17,701064.43,226,100,126,299571.42,0.4424778761061947,0.5575221238938053
2022-07-20,Sunny,24,12,36,2,121,2,122,6074,6074,49,36,19,603114.8099999999,192,90,102,274410.56,0.46875,0.53125
2022-07-21,Sunny,26,11,37,0,0,3,183,5953,5953,51,37,16,738465.3,241,121,120,367807.9,0.5020746887966805,0.4979253112033195
2022-07-22,Sunny,19,12,31,1,61,1,62,5930,5930,54,31,14,542057.4299999999,178,84,94,240646.0,0.47191011235955055,0.5280898876404494
2022-07-23,Sunny,7,17,24,0,0,0,0,5873,5873,54,24,8,262723.47,78,57,21,189490.25,0.7307692307692307,0.2692307692307692
2022-07-24,Sunny,2,18,20,2,121,0,0,5981,5981,53,20,3,164927.27,40,13,27,58495.22,0.325,0.675
2022-07-25,Sunny,25,11,36,2,127,3,187,5956,5956,53,36,18,784687.01,274,152,122,419589.34,0.5547445255474452,0.44525547445255476
2022-07-26,Sunny,25,10,35,3,185,1,64,6008,6008,52,35,21,672334.0,228,133,95,374355.28,0.5833333333333334,0.4166666666666667
2022-07-27,Sunny,24,11,35,3,183,2,121,6052,6052,51,35,20,820642.1599999999,257,139,118,427846.15,0.5408560311284046,0.4591439688715953
2022-07-28,Sunny,23,13,36,1,60,4,245,6004,6004,52,36,17,721092.1799999999,226,108,118,340411.07,0.4778761061946903,0.5221238938053098
2022-07-29,Sunny,17,14,31,1,60,4,245,5944,5944,54,31,13,522229.39,177,120,57,357673.03,0.6779661016949152,0.3220338983050847
2022-07-30,Sunny,6,17,23,1,61,1,60,5962,5962,54,23,7,268605.9,84,43,41,140957.44,0.5119047619047619,0.4880952380952381
2022-07-31,Sunny,2,14,16,0,0,0,0,5941,5941,54,16,3,177196.9,45,21,24,80954.68,0.4666666666666667,0.5333333333333333
2022-08-01,Sunny,21,8,29,0,0,1,62,5832,5832,55,29,15,677424.7999999999,224,109,115,324586.52,0.48660714285714285,0.5133928571428571
2022-08-02,Sunny,22,10,32,1,62,2,122,5770,5770,54,32,17,728188.28,233,124,109,386305.93,0.5321888412017167,0.4678111587982833
2022-08-03,Sunny,23,9,32,1,62,3,184,5730,5730,55,32,18,646081.83,203,102,101,330872.67,0.5024630541871922,0.4975369458128079
2022-08-04,Sunny,20,11,31,3,185,1,61,5794,5794,52,31,16,555965.04,183,121,62,370974.78,0.6612021857923497,0.33879781420765026
2022-08-05,Sunny,20,11,31,0,0,2,122,5693,5693,52,31,14,592436.3,190,101,89,305647.93,0.531578947368421,0.46842105263157896
2022-08-06,Sunny,5,15,20,0,0,0,0,5664,5664,52,20,6,201317.84,56,29,27,110724.79000000001,0.5178571428571429,0.48214285714285715
2022-08-07,Sunny,2,14,16,4,244,0,0,5884,5884,48,16,3,126921.4,35,24,11,89249.88,0.6857142857142857,0.3142857142857143
2022-08-08,Sunny,21,8,29,6,380,2,124,6152,6152,45,29,16,546724.34,173,112,61,360085.89,0.6473988439306358,0.35260115606936415
2022-08-09,Sunny,23,9,32,0,0,2,126,6003,6003,48,32,16,678070.65,222,149,73,461112.48,0.6711711711711712,0.32882882882882886
2022-08-10,Sunny,23,9,32,1,64,1,64,5939,5939,49,32,17,611016.42,197,128,69,396581.45,0.649746192893401,0.350253807106599
2022-08-11,Sunny,21,9,30,3,182,0,0,5997,5997,46,30,17,678040.1,215,124,91,406488.98,0.5767441860465117,0.4232558139534884
2022-08-12,Sunny,17,12,29,2,120,1,61,6008,6008,45,29,13,516904.81,156,109,47,362300.85,0.6987179487179487,0.30128205128205127
2022-08-13,Sunny,6,16,22,1,60,2,120,6027,6027,44,22,7,262322.13,73,41,32,149214.53,0.5616438356164384,0.4383561643835616
2022-08-14,Sunny,2,15,17,3,184,0,0,6196,6196,43,17,3,100845.47,27,15,12,50919.22,0.5555555555555556,0.4444444444444444
2022-08-15,Sunny,22,9,31,3,185,3,189,6237,6237,41,31,16,655781.54,214,144,70,438233.84,0.6728971962616822,0.32710280373831774
2022-08-16,Sunny,20,9,29,1,63,1,65,6157,6157,42,29,14,642751.02,206,143,63,449505.92,0.6941747572815534,0.3058252427184466
2022-08-17,Sunny,22,11,33,1,67,3,181,6081,6081,43,33,16,645258.01,195,143,52,478794.09,0.7333333333333333,0.26666666666666666
2022-08-18,Sunny,20,11,31,1,61,1,63,6024,6024,45,31,14,603783.11,183,118,65,384910.37,0.644808743169399,0.3551912568306011
2022-08-19,Sunny,17,12,29,0,0,0,0,5900,5900,46,29,15,589626.95,192,124,68,376621.14,0.6458333333333334,0.3541666666666667
2022-08-20,Sunny,5,16,21,1,62,2,125,5915,5915,46,21,5,247313.26,64,47,17,181947.84,0.734375,0.265625
2022-08-21,Sunny,2,14,16,3,190,0,0,6087,6087,44,16,3,126168.26999999999,35,18,17,61284.35,0.5142857142857142,0.4857142857142857
2022-08-22,Sunny,20,9,29,3,183,1,62,6161,6161,42,29,15,534902.76,166,109,57,361618.77,0.6566265060240963,0.3433734939759036
2022-08-23,Sunny,25,10,35,3,197,6,366,6210,6210,41,35,19,654567.57,209,148,61,440600.75,0.7081339712918661,0.291866028708134
2022-08-24,Sunny,23,9,32,2,120,2,122,6146,6146,41,32,17,736559.42,247,184,63,553044.04,0.7449392712550608,0.2550607287449393
2022-08-25,Sunny,18,9,27,0,0,0,0,6046,6046,45,27,13,478561.89,150,100,50,317356.9,0.6666666666666666,0.3333333333333333
2022-08-26,Sunny,20,11,31,0,0,3,183,5939,5939,46,31,15,534886.65,168,107,61,347157.17,0.6369047619047619,0.3630952380952381
2022-08-27,Sunny,6,16,22,0,0,2,122,5890,5890,46,22,6,270504.44,75,49,26,165941.18,0.6533333333333333,0.3466666666666667
2022-08-28,Sunny,2,15,17,3,180,0,0,6054,6054,44,17,3,105390.92,25,16,9,68482.74,0.64,0.36
2022-08-29,Sunny,17,10,27,2,122,3,187,6081,6081,44,27,14,444536.49,139,95,44,317336.15,0.6834532374100719,0.31654676258992803
2022-08-30,Sunny,23,9,32,3,182,1,60,6116,6116,48,32,19,758230.11,246,147,99,462917.52999999997,0.5975609756097561,0.4024390243902439
2022-08-31,Sunny,21,10,31,2,121,1,62,6097,6097,48,31,14,683116.7,216,140,76,444794.25,0.6481481481481481,0.35185185185185186
2022-09-01,Sunny,17,9,26,1,61,1,62,6029,6029,49,26,13,525766.45,172,129,43,396598.21,0.75,0.25
2022-09-02,Sunny,16,10,26,0,0,1,60,5919,5919,49,26,15,534716.0,169,110,59,356664.15,0.650887573964497,0.34911242603550297
2022-09-03,Sunny,6,13,19,1,61,1,60,5948,5948,48,19,6,199868.74,56,32,24,113907.74,0.5714285714285714,0.42857142857142855
2022-09-04,Sunny,2,13,15,0,0,1,60,5930,5930,48,15,3,113210.32,27,18,9,74865.8,0.6666666666666666,0.3333333333333333
2022-09-05,Sunny,18,9,27,2,123,1,61,5962,5962,46,27,14,517330.27,165,91,74,287720.64,0.5515151515151515,0.4484848484848485
2022-09-06,Sunny,20,8,28,0,0,1,60,5838,5838,48,28,16,528164.98,181,124,57,371247.01,0.6850828729281768,0.3149171270718232
2022-09-07,Sunny,20,9,29,2,120,1,63,5857,5857,49,29,15,489592.69,164,101,63,304937.27,0.6158536585365854,0.38414634146341464
2022-09-08,Sunny,19,9,28,5,309,2,121,6072,6072,47,28,18,556507.63,171,94,77,314032.62,0.5497076023391813,0.4502923976608187
2022-09-09,Sunny,16,11,27,1,60,1,61,6023,6023,47,27,14,466103.97,148,109,39,348974.2,0.7364864864864865,0.2635135135135135
2022-09-10,Sunny,5,11,16,2,121,0,0,6116,6116,46,16,6,189112.35,49,28,21,121046.73999999999,0.5714285714285714,0.42857142857142855
2022-09-11,Sunny,2,13,15,2,120,0,0,6217,6217,46,15,3,124004.45999999999,32,19,13,77028.04,0.59375,0.40625
2022-09-12,Sunny,19,7,26,2,121,2,120,6232,6232,46,26,16,541544.71,170,106,64,341886.99,0.6235294117647059,0.3764705882352941
2022-09-13,Sunny,21,9,30,2,122,1,61,6225,6225,46,30,18,609921.4400000001,196,129,67,401836.56,0.6581632653061225,0.34183673469387754
2022-09-14,Sunny,21,9,30,3,183,2,122,6300,6300,43,30,14,595009.19,185,108,77,352006.89,0.5837837837837838,0.41621621621621624
2022-09-15,Sunny,18,9,27,1,62,1,61,6246,6246,42,27,16,517911.14,172,116,56,355268.66,0.6744186046511628,0.32558139534883723
2022-09-16,Sunny,15,11,26,0,0,3,185,6154,6154,43,26,13,486760.58999999997,146,92,54,326995.94,0.6301369863013698,0.3698630136986301
2022-09-17,Sunny,5,13,18,0,0,0,0,6111,6111,43,18,6,198856.52,59,43,16,140856.78,0.7288135593220338,0.2711864406779661
2022-09-18,Sunny,2,13,15,1,62,0,0,6142,6142,42,15,3,156743.78,44,31,13,107246.12,0.7045454545454546,0.29545454545454547
2022-09-19,Sunny,18,8,26,1,64,1,62,6121,6121,42,26,13,503034.8,162,85,77,269925.85,0.5246913580246914,0.47530864197530864
2022-09-20,Sunny,21,9,30,1,60,1,60,6057,6057,41,30,14,623548.71,192,124,68,412587.44,0.6458333333333334,0.3541666666666667
2022-09-21,Sunny,19,9,28,4,245,6,373,6151,6151,39,28,13,578503.24,205,151,54,425116.27,0.7365853658536585,0.2634146341463415
2022-09-22,Sunny,16,9,25,4,245,2,121,6301,6301,37,25,11,468986.92,160,95,65,280623.4,0.59375,0.40625
2022-09-23,Sunny,16,9,25,1,60,1,61,6267,6267,36,25,14,483434.11,159,94,65,278064.72000000003,0.5911949685534591,0.4088050314465409
2022-09-24,Sunny,5,13,18,0,0,0,0,6225,6225,38,18,6,220886.72,60,42,18,157655.02,0.7,0.3
2022-09-25,Sunny,2,13,15,1,62,0,0,6259,6259,37,15,3,120938.36,35,28,7,92194.31,0.8,0.2
2022-09-26,Sunny,18,8,26,2,122,2,121,6296,6296,37,26,13,516651.07,174,85,89,248133.83000000002,0.4885057471264368,0.5114942528735632
2022-09-27,Sunny,18,8,26,3,184,0,0,6362,6362,39,26,15,607753.58,187,118,69,401457.97000000003,0.6310160427807486,0.3689839572192513
2022-09-28,Sunny,21,10,31,1,61,4,241,6295,6295,39,31,15,706700.34,233,128,105,382046.69,0.5493562231759657,0.45064377682403434
2022-09-29,Sunny,21,10,31,2,122,5,304,6306,6306,39,31,15,623570.12,200,111,89,350260.69,0.555,0.445
2022-09-30,Sunny,17,11,28,0,0,3,180,6194,6194,40,28,13,556850.13,173,112,61,358919.2,0.6473988439306358,0.35260115606936415
2022-10-01,Sunny,4,10,14,0,0,1,60,6168,6168,40,14,5,131818.24,38,26,12,96070.4,0.6842105263157895,0.3157894736842105
2022-10-02,Sunny,1,11,12,2,124,0,0,6280,6280,38,12,2,94561.18,23,12,11,55089.520000000004,0.5217391304347826,0.4782608695652174
2022-10-03,Sunny,15,8,23,2,126,3,183,6330,6330,38,23,14,430200.72000000003,130,76,54,260688.59,0.5846153846153846,0.4153846153846154
2022-10-04,Sunny,16,7,23,1,64,1,61,6319,6319,39,23,14,487757.36,156,75,81,246615.38,0.4807692307692308,0.5192307692307693
2022-10-05,Sunny,15,8,23,0,0,0,0,6249,6249,42,23,12,412033.64,130,70,60,225131.94,0.5384615384615384,0.46153846153846156
2022-10-06,Sunny,13,8,21,1,61,1,61,6219,6219,41,21,11,441429.44,130,91,39,318825.72,0.7,0.3
2022-10-07,Sunny,11,9,20,2,120,0,0,6292,6292,41,20,11,324625.33,108,47,61,134617.41,0.4351851851851852,0.5648148148148148
2022-10-08,Sunny,4,12,16,0,0,0,0,6253,6253,41,16,5,193699.1,58,39,19,129038.4,0.6724137931034483,0.3275862068965517
2022-10-09,Sunny,1,10,11,3,189,0,0,6432,6432,38,11,2,63593.68,14,10,4,43397.68,0.7142857142857143,0.2857142857142857
2022-10-10,Sunny,16,6,22,1,65,2,122,6402,6402,37,22,14,494206.55,156,95,61,297144.17,0.6089743589743589,0.391025641025641
2022-10-11,Sunny,18,8,26,3,181,0,0,6484,6484,37,26,15,453069.27,147,99,48,289658.83,0.673469387755102,0.32653061224489793
2022-10-12,Sunny,15,8,23,1,63,1,62,6467,6467,37,23,15,425168.99,134,80,54,255568.56,0.5970149253731343,0.40298507462686567
2022-10-13,Sunny,17,8,25,0,0,2,123,6386,6386,37,25,16,413042.41,132,81,51,255478.21,0.6136363636363636,0.38636363636363635
2022-10-14,Sunny,15,9,24,2,125,1,62,6411,6411,38,24,14,413860.7,128,100,28,317838.95,0.78125,0.21875
2022-10-15,Sunny,4,10,14,0,0,1,61,6386,6386,38,14,4,163861.4,46,25,21,92833.74,0.5434782608695652,0.45652173913043476
2022-10-16,Sunny,1,9,10,2,124,0,0,6496,6496,38,10,2,91625.56,23,14,9,56028.66,0.6086956521739131,0.391304347826087
2022-10-17,Sunny,17,6,23,6,366,1,60,6771,6771,32,23,14,438120.66000000003,144,91,53,277920.84,0.6319444444444444,0.3680555555555556
2022-10-18,Sunny,16,7,23,2,122,4,246,6779,6779,31,23,14,468150.99,147,114,33,363135.48,0.7755102040816326,0.22448979591836735
2022-10-19,Sunny,17,7,24,0,0,1,60,6654,6654,32,24,15,536608.75,176,125,51,376843.34,0.7102272727272727,0.2897727272727273
2022-10-20,Sunny,15,7,22,3,183,0,0,6710,6710,31,22,16,526019.13,166,127,39,389142.07,0.7650602409638554,0.23493975903614459
2022-10-21,Sunny,11,9,20,2,122,2,121,6756,6756,30,20,9,414690.0,125,76,49,246115.52000000002,0.608,0.392
2022-10-22,Sunny,4,12,16,0,0,0,0,6727,6727,30,16,5,162614.4,45,29,16,105725.08,0.6444444444444445,0.35555555555555557
2022-10-23,Sunny,2,10,12,4,247,1,62,6952,6952,28,12,3,151758.71,39,22,17,93829.41,0.5641025641025641,0.4358974358974359
2022-10-24,Sunny,15,7,22,1,60,0,0,6888,6888,27,22,15,491704.7,158,124,34,376876.81,0.7848101265822784,0.21518987341772153
2022-10-25,Sunny,17,7,24,1,62,3,182,6831,6831,26,24,15,513066.64,162,119,43,377087.87,0.7345679012345679,0.2654320987654321
2022-10-26,Sunny,15,6,21,0,0,1,60,6740,6740,27,21,14,446944.01,135,91,44,296882.23,0.674074074074074,0.32592592592592595
2022-10-27,Sunny,12,9,21,1,60,0,0,6712,6712,26,21,12,373632.21,117,88,29,270469.02,0.7521367521367521,0.24786324786324787
2022-10-28,Sunny,14,10,24,1,60,3,181,6675,6675,26,24,12,401242.33999999997,132,97,35,287918.36,0.7348484848484849,0.26515151515151514
2022-10-29,Sunny,5,10,15,1,60,1,60,6709,6709,25,15,6,163081.78,43,26,17,98261.84,0.6046511627906976,0.3953488372093023
2022-10-30,Sunny,1,10,11,2,122,1,60,6816,6816,24,11,2,76785.1,17,15,2,65987.1,0.8823529411764706,0.11764705882352941
2022-10-31,Sunny,17,7,24,2,120,3,186,6817,6817,23,24,14,521401.04,164,119,45,369008.29,0.725609756097561,0.27439024390243905
2022-11-01,Sunny,17,8,25,1,63,2,120,6735,6735,24,25,16,594876.3,183,145,38,473764.63,0.7923497267759563,0.20765027322404372
2022-11-02,Sunny,16,8,24,1,61,2,122,6666,6666,24,24,15,488181.97,154,130,24,408235.28,0.8441558441558441,0.15584415584415584
2022-11-03,Sunny,15,9,24,1,61,1,62,6640,6640,23,24,13,395152.29,130,87,43,272956.0,0.6692307692307692,0.33076923076923076
2022-11-04,Sunny,13,11,24,0,0,1,63,6536,6536,25,24,10,435892.32,126,104,22,357559.25,0.8253968253968254,0.1746031746031746
2022-11-05,Sunny,4,10,14,0,0,0,0,6497,6497,25,14,5,173996.16,46,39,7,145765.64,0.8478260869565217,0.15217391304347827
2022-11-06,Sunny,2,11,13,2,120,0,0,6598,6598,24,13,3,109999.7,28,19,9,72786.8,0.6785714285714286,0.32142857142857145
2022-11-07,Sunny,17,7,24,1,61,2,121,6554,6554,26,24,16,481981.69,161,105,56,323048.91,0.6521739130434783,0.34782608695652173
2022-11-08,Sunny,18,8,26,2,122,3,180,6548,6548,26,26,14,522580.66,167,128,39,386002.22000000003,0.7664670658682635,0.23353293413173654
2022-11-09,Sunny,18,8,26,0,0,3,183,6429,6429,27,26,13,500897.04,155,119,36,380572.21,0.7677419354838709,0.23225806451612904
2022-11-10,Sunny,16,9,25,2,125,2,122,6422,6422,26,25,15,525451.8,169,132,37,407494.87,0.7810650887573964,0.21893491124260356
2022-11-11,Sunny,17,9,26,0,0,2,124,6295,6295,26,26,14,542491.57,174,127,47,379804.24,0.7298850574712644,0.27011494252873564
2022-11-12,Sunny,4,13,17,1,60,0,0,6320,6320,26,17,5,165814.87,45,35,10,126265.45,0.7777777777777778,0.2222222222222222
2022-11-13,Sunny,1,11,12,2,125,1,60,6424,6424,26,12,2,93624.3,26,21,5,75653.62,0.8076923076923077,0.19230769230769232
2022-11-14,Sunny,16,8,24,1,60,3,183,6391,6391,28,24,12,390945.99,130,93,37,279352.95,0.7153846153846154,0.2846153846153846
2022-11-15,Sunny,15,6,21,6,373,4,244,6652,6652,25,21,14,430463.99,141,112,29,344311.63,0.7943262411347518,0.20567375886524822
2022-11-16,Sunny,16,7,23,2,121,1,65,6652,6652,24,23,13,420386.29,140,121,19,354868.3,0.8642857142857143,0.1357142857142857
2022-11-17,Sunny,16,8,24,2,121,1,63,6674,6674,25,24,14,424541.17,134,99,35,316211.46,0.7388059701492538,0.26119402985074625
2022-11-18,Sunny,13,8,21,0,0,1,61,6596,6596,27,21,9,325882.27999999997,100,78,22,247719.21,0.78,0.22
2022-11-19,Sunny,5,12,17,0,0,0,0,6555,6555,28,17,6,188629.05,52,41,11,139443.91999999998,0.7884615384615384,0.21153846153846154
2022-11-20,Sunny,1,11,12,2,121,1,60,6660,6660,26,12,2,72708.68,17,16,1,67509.68,0.9411764705882353,0.058823529411764705
2022-11-21,Sunny,18,7,25,0,0,3,182,6551,6551,29,25,15,524272.74,168,109,59,332463.11,0.6488095238095238,0.35119047619047616
2022-11-22,Sunny,18,8,26,3,181,2,121,6610,6610,29,26,16,523060.79000000004,164,122,42,376020.82,0.7439024390243902,0.25609756097560976
2022-11-23,Sunny,15,7,22,4,241,2,120,6759,6759,26,22,14,441801.11,145,92,53,273552.42,0.6344827586206897,0.36551724137931035
2022-11-24,Sunny,16,8,24,3,180,1,62,6840,6840,26,24,14,447987.61,146,99,47,306599.08,0.678082191780822,0.3219178082191781
2022-11-25,Sunny,15,10,25,1,60,0,0,6791,6791,29,25,13,459573.94,148,109,39,334608.98,0.7364864864864865,0.2635135135135135
2022-11-26,Sunny,4,12,16,0,0,0,0,6755,6755,29,16,5,155342.91999999998,46,36,10,119194.64,0.782608695652174,0.21739130434782608
2022-11-27,Sunny,1,10,11,2,123,0,0,6856,6856,30,11,2,110513.32,28,22,6,81319.32,0.7857142857142857,0.21428571428571427
2022-11-28,Sunny,18,7,25,1,61,6,365,6804,6804,33,25,16,534195.98,162,113,49,377827.15,0.6975308641975309,0.30246913580246915
2022-11-29,Sunny,18,8,26,0,0,3,187,6693,6693,36,26,18,517425.33999999997,164,111,53,344094.47,0.676829268292683,0.3231707317073171
2022-11-30,Sunny,15,8,23,1,61,1,60,6657,6657,36,23,10,392132.82,118,97,21,323163.34,0.8220338983050848,0.17796610169491525
2022-12-01,Sunny,12,7,19,1,60,1,62,6649,6649,38,19,11,373897.31,112,68,44,231687.66,0.6071428571428571,0.39285714285714285
2022-12-02,Sunny,10,7,17,0,0,0,0,6581,6581,40,17,9,384805.1,119,68,51,221534.28,0.5714285714285714,0.42857142857142855
2022-12-03,Sunny,3,8,11,0,0,0,0,6563,6563,40,11,4,155741.91999999998,43,18,25,76158.18,0.4186046511627907,0.5813953488372093
2022-12-04,Sunny,1,8,9,2,122,0,0,6674,6674,39,9,2,72669.56,21,11,10,40777.28,0.5238095238095238,0.47619047619047616
2022-12-05,Sunny,14,5,19,0,0,1,60,6587,6587,39,19,9,414599.94,128,87,41,288187.91000000003,0.6796875,0.3203125
2022-12-06,Sunny,12,6,18,1,62,0,0,6583,6583,39,18,9,343973.58,109,66,43,206231.0,0.6055045871559633,0.3944954128440367
2022-12-07,Sunny,12,6,18,2,123,1,63,6627,6627,38,18,12,376750.96,120,79,41,256553.3,0.6583333333333333,0.3416666666666667
2022-12-08,Sunny,12,7,19,1,62,1,60,6629,6629,37,19,11,308271.95,102,60,42,177968.96,0.5882352941176471,0.4117647058823529
2022-12-09,Sunny,12,8,20,1,61,2,122,6607,6607,38,20,10,442483.73,132,83,49,280256.09,0.6287878787878788,0.3712121212121212
2022-12-10,Sunny,3,9,12,0,0,0,0,6563,6563,38,12,4,144556.86000000002,46,44,2,135358.86,0.9565217391304348,0.043478260869565216
2022-12-11,Sunny,1,8,9,0,0,0,0,6555,6555,39,9,2,64119.04,16,8,8,32525.9,0.5,0.5
2022-12-12,Sunny,14,5,19,4,246,1,60,6708,6708,37,19,11,400891.55,130,93,37,293397.71,0.7153846153846154,0.2846153846153846
2022-12-13,Sunny,14,6,20,1,60,0,0,6695,6695,40,20,13,384044.76,128,73,55,217581.1,0.5703125,0.4296875
2022-12-14,Sunny,14,6,20,0,0,1,60,6597,6597,41,20,13,444559.71,143,98,45,299303.63,0.6853146853146853,0.3146853146853147
2022-12-15,Sunny,12,5,17,2,121,2,121,6648,6648,40,17,11,333948.56,114,70,44,207986.16,0.6140350877192983,0.38596491228070173
2022-12-16,Sunny,11,7,18,0,0,0,0,6593,6593,40,18,10,307891.16,99,55,44,176473.36,0.5555555555555556,0.4444444444444444
2022-12-17,Sunny,4,9,13,1,62,0,0,6640,6640,40,13,5,107075.68,30,15,15,53318.34,0.5,0.5
2022-12-18,Sunny,1,8,9,0,0,0,0,6626,6626,40,9,2,82379.5,19,14,5,58884.5,0.7368421052631579,0.2631578947368421
2022-12-19,Sunny,13,5,18,3,182,0,0,6767,6767,38,18,10,418886.89,130,41,89,135138.33,0.3153846153846154,0.6846153846153846
2022-12-20,Sunny,14,6,20,1,60,1,62,6756,6756,38,20,13,378023.23,119,71,48,228913.64,0.5966386554621849,0.40336134453781514
2022-12-21,Sunny,13,7,20,0,0,2,122,6672,6672,39,20,13,440529.64999999997,139,84,55,273578.11,0.60431654676259,0.39568345323741005
2022-12-22,Sunny,11,7,18,3,181,2,120,6780,6780,39,18,11,373453.37,116,73,43,239927.91999999998,0.6293103448275862,0.3706896551724138
2022-12-23,Sunny,11,8,19,1,60,0,0,6770,6770,39,19,12,298809.77,96,70,26,220741.38,0.7291666666666666,0.2708333333333333
2022-12-24,Sunny,3,8,11,1,60,1,60,6815,6815,38,11,4,136627.4,38,15,23,60190.42,0.39473684210526316,0.6052631578947368
2022-12-25,Sunny,1,9,10,3,186,0,0,6992,6992,35,10,2,58888.14,13,9,4,42643.38,0.6923076923076923,0.3076923076923077
2022-12-26,Sunny,14,5,19,2,120,0,0,7044,7044,38,19,11,382541.37,121,68,53,227640.43,0.5619834710743802,0.4380165289256198
2022-12-27,Sunny,15,5,20,2,122,2,124,7092,7092,36,20,14,391474.82,120,74,46,243448.08,0.6166666666666667,0.38333333333333336
2022-12-28,Sunny,13,5,18,1,62,3,183,7074,7074,37,18,12,356897.12,114,80,34,260674.23,0.7017543859649122,0.2982456140350877
2022-12-29,Sunny,11,6,17,1,63,4,243,7061,7061,37,17,12,370406.76,116,76,40,246813.06,0.6551724137931034,0.3448275862068966
2022-12-30,Sunny,10,8,18,0,0,2,123,7008,7008,37,18,10,301369.0,98,53,45,170965.37,0.5408163265306123,0.45918367346938777
2022-12-31,Sunny,3,11,14,0,0,0,0,6985,6985,37,14,4,127430.6,33,23,10,91225.88,0.696969696969697,0.30303030303030304
2023-01-01,Sunny,1,7,8,2,121,0,0,7096,7096,35,8,2,79072.32,21,10,11,43576.28,0.47619047619047616,0.5238095238095238
2023-01-02,Sunny,9,5,14,3,180,1,60,7212,7212,32,14,9,308706.04,91,64,27,221235.64,0.7032967032967034,0.2967032967032967
2023-01-03,Sunny,12,6,18,3,183,2,121,7317,7317,30,18,11,344029.32,106,78,28,264673.13,0.7358490566037735,0.2641509433962264
2023-01-04,Sunny,14,5,19,2,122,2,122,7338,7338,28,19,12,402599.45,125,101,24,329809.12,0.808,0.192
2023-01-05,Sunny,12,5,17,2,124,1,61,7374,7374,28,17,13,347349.89,108,88,20,286699.09,0.8148148148148148,0.18518518518518517
2023-01-06,Sunny,9,6,15,0,0,0,0,7305,7305,28,15,10,257333.12,80,69,11,224319.89,0.8625,0.1375
2023-01-07,Sunny,3,8,11,1,60,0,0,7340,7340,27,11,4,101419.63,30,25,5,85707.45,0.8333333333333334,0.16666666666666666
2023-01-08,Sunny,1,8,9,3,183,0,0,7512,7512,25,9,2,77263.85,20,11,9,43940.75,0.55,0.45
2023-01-09,Sunny,12,5,17,4,244,2,120,7668,7668,21,17,11,341609.21,113,88,25,265510.84,0.7787610619469026,0.22123893805309736
2023-01-10,Sunny,12,5,17,1,65,1,60,7650,7650,21,17,12,339907.6,117,83,34,233463.49,0.7094017094017094,0.2905982905982906
2023-01-11,Sunny,12,6,18,1,63,1,60,7634,7634,21,18,11,305911.51,90,79,11,264099.36,0.8777777777777778,0.12222222222222222
2023-01-12,Sunny,11,5,16,2,122,0,0,7676,7676,21,16,7,289737.98,87,80,7,268126.28,0.9195402298850575,0.08045977011494253
2023-01-13,Sunny,10,7,17,0,0,0,0,7602,7602,21,17,8,306299.97,88,74,14,261032.82,0.8409090909090909,0.1590909090909091
2023-01-14,Sunny,3,9,12,1,60,0,0,7629,7629,20,12,4,121087.26000000001,37,33,4,108946.12,0.8918918918918919,0.10810810810810811
2023-01-15,Sunny,1,7,8,3,182,0,0,7798,7798,18,8,2,52914.66,14,13,1,47715.66,0.9285714285714286,0.07142857142857142
2023-01-16,Sunny,13,5,18,2,121,1,60,7825,7825,20,18,12,378272.92,124,94,30,279438.14,0.7580645161290323,0.24193548387096775
2023-01-17,Sunny,15,6,21,2,120,4,241,7839,7839,19,21,12,410965.52,130,106,24,329087.86,0.8153846153846154,0.18461538461538463
2023-01-18,Sunny,13,5,18,1,62,2,123,7821,7821,21,18,8,318482.04,102,80,22,248103.64,0.7843137254901961,0.21568627450980393
2023-01-19,Sunny,10,6,16,0,0,0,0,7744,7744,22,16,10,297610.96,97,77,20,233127.65,0.7938144329896907,0.20618556701030927
2023-01-20,Sunny,8,7,15,0,0,1,60,7678,7678,22,15,9,238658.68,77,66,11,204542.26,0.8571428571428571,0.14285714285714285
2023-01-21,Sunny,3,9,12,0,0,0,0,7650,7650,23,12,4,97580.81,33,28,5,81646.35,0.8484848484848485,0.15151515151515152
2023-01-22,Sunny,1,7,8,5,304,0,0,7937,7937,18,8,2,75329.8,18,17,1,70130.8,0.9444444444444444,0.05555555555555555
2023-01-23,Sunny,11,5,16,3,187,0,0,8019,8019,15,16,9,325464.67,118,105,13,287069.49,0.8898305084745762,0.11016949152542373
2023-01-24,Sunny,13,5,18,1,60,2,120,7994,7994,14,18,13,285130.31,100,85,15,236974.82,0.85,0.15
2023-01-25,Sunny,12,6,18,1,62,0,0,7949,7949,14,18,11,347001.2,112,107,5,331474.6,0.9553571428571429,0.044642857142857144
2023-01-26,Sunny,10,5,15,0,0,1,60,7865,7865,15,15,9,303656.48,96,84,12,262008.3,0.875,0.125
2023-01-27,Sunny,10,7,17,0,0,0,0,7790,7790,16,17,11,284505.55,90,75,15,230271.99,0.8333333333333334,0.16666666666666666
2023-01-28,Sunny,3,8,11,0,0,0,0,7759,7759,17,11,4,107066.7,35,31,4,91305.86,0.8857142857142857,0.11428571428571428
2023-01-29,Sunny,1,7,8,1,60,0,0,7807,7807,16,8,2,58908.520000000004,14,12,2,46810.520000000004,0.8571428571428571,0.14285714285714285
2023-01-30,Sunny,13,5,18,0,0,1,60,7711,7711,17,18,11,317655.75,108,96,12,280847.71,0.8888888888888888,0.1111111111111111
2023-01-31,Sunny,12,5,17,1,63,1,62,7693,7693,16,17,11,266504.26,88,81,7,242700.6,0.9204545454545454,0.07954545454545454
2023-02-01,Sunny,13,6,19,1,60,2,123,7631,7631,16,19,11,451244.02999999997,152,122,30,358939.82,0.8026315789473685,0.19736842105263158
2023-02-02,Sunny,13,7,20,2,122,0,0,7645,7645,16,20,11,390123.97,123,108,15,340333.95,0.8780487804878049,0.12195121951219512
2023-02-03,Sunny,11,8,19,0,0,3,185,7530,7530,18,19,10,396925.36,129,115,14,355448.38,0.8914728682170543,0.10852713178294573
2023-02-04,Sunny,3,9,12,0,0,0,0,7500,7500,18,12,4,124956.18,39,30,9,96946.14,0.7692307692307693,0.23076923076923078
2023-02-05,Sunny,1,10,11,1,60,0,0,7541,7541,20,11,2,103433.04000000001,24,19,5,84632.78,0.7916666666666666,0.20833333333333334
2023-02-06,Sunny,15,7,22,0,0,2,125,7424,7424,20,22,13,448340.26,141,117,24,371326.21,0.8297872340425532,0.1702127659574468
2023-02-07,Sunny,15,7,22,1,60,4,245,7354,7354,20,22,13,498020.18,158,130,28,409183.9,0.8227848101265823,0.17721518987341772
2023-02-08,Sunny,11,6,17,2,121,1,60,7401,7401,19,17,10,285817.31,87,74,13,242843.69,0.8505747126436781,0.14942528735632185
2023-02-09,Sunny,13,6,19,0,0,0,0,7316,7316,19,19,11,400008.69,129,85,44,261373.19,0.6589147286821705,0.34108527131782945
2023-02-10,Sunny,11,8,19,0,0,3,183,7212,7212,19,19,10,416315.47000000003,125,104,21,355458.07,0.832,0.168
2023-02-11,Sunny,3,10,13,1,60,0,0,7248,7248,19,13,4,117438.29999999999,33,24,9,90610.02,0.7272727272727273,0.2727272727272727
2023-02-12,Sunny,1,7,8,0,0,0,0,7237,7237,19,8,2,48885.520000000004,12,11,1,45662.14,0.9166666666666666,0.08333333333333333
2023-02-13,Sunny,15,6,21,1,62,1,60,7149,7149,18,21,14,579917.92,183,150,33,476620.69,0.819672131147541,0.18032786885245902
2023-02-14,Sunny,14,7,21,2,122,3,187,7165,7165,17,21,14,366118.88,118,106,12,333398.95,0.8983050847457628,0.1016949152542373
2023-02-15,Sunny,15,7,22,2,120,3,185,7170,7170,19,22,15,456611.18,140,115,25,369779.89,0.8214285714285714,0.17857142857142858
2023-02-16,Sunny,13,6,19,0,0,1,60,7077,7077,20,19,13,392754.3,116,93,23,311331.22,0.8017241379310345,0.19827586206896552
2023-02-17,Sunny,10,8,18,1,60,1,64,7057,7057,19,18,8,317893.79,99,80,19,257022.61000000002,0.8080808080808081,0.1919191919191919
2023-02-18,Sunny,4,9,13,0,0,0,0,7025,7025,19,13,5,109291.3,32,32,0,109291.3,1.0,0.0
2023-02-19,Sunny,1,8,9,0,0,1,60,7011,7011,19,9,2,64217.04,18,14,4,46774.66,0.7777777777777778,0.2222222222222222
2023-02-20,Sunny,14,6,20,2,124,2,122,7052,7052,19,20,10,332129.81,104,83,21,261287.21,0.7980769230769231,0.20192307692307693
2023-02-21,Sunny,14,6,20,2,123,3,184,7080,7080,19,20,11,385609.32,121,95,26,304212.83,0.7851239669421488,0.21487603305785125
2023-02-22,Sunny,12,6,18,4,243,2,122,7245,7245,16,18,12,298125.8,100,78,22,228462.85,0.78,0.22
2023-02-23,Sunny,12,6,18,2,123,0,0,7282,7282,14,18,10,317936.22,97,86,11,287005.04,0.8865979381443299,0.1134020618556701
2023-02-24,Sunny,12,7,19,0,0,2,122,7208,7208,14,19,13,304841.86,96,74,22,237325.93,0.7708333333333334,0.22916666666666666
2023-02-25,Sunny,4,11,15,0,0,0,0,7175,7175,15,15,5,133559.79,39,33,6,112848.19,0.8461538461538461,0.15384615384615385
2023-02-26,Sunny,1,10,11,1,60,0,0,7218,7218,15,11,2,73417.04000000001,18,17,1,67218.04000000001,0.9444444444444444,0.05555555555555555
2023-02-27,Sunny,12,6,18,2,121,3,185,7228,7228,15,18,12,462325.27,138,111,27,375638.01,0.8043478260869565,0.1956521739130435
2023-02-28,Sunny,15,6,21,2,122,2,123,7224,7224,18,21,15,506972.37,161,126,35,397828.31,0.782608695652174,0.21739130434782608
2023-03-01,Sunny,20,10,30,1,61,3,190,7124,7124,21,30,16,617829.15,197,161,36,502872.99,0.817258883248731,0.18274111675126903
2023-03-02,Sunny,19,9,28,0,0,0,0,6981,6981,23,28,15,609929.49,187,143,44,455607.26,0.7647058823529411,0.23529411764705882
2023-03-03,Sunny,19,11,30,0,0,0,0,6856,6856,25,30,16,566172.25,178,125,53,390577.12,0.702247191011236,0.29775280898876405
2023-03-04,Sunny,5,14,19,0,0,0,0,6809,6809,26,19,6,238443.84,63,47,16,183453.61,0.746031746031746,0.25396825396825395
2023-03-05,Sunny,2,12,14,2,120,0,0,6908,6908,25,14,3,107367.3,29,21,8,73742.46,0.7241379310344828,0.27586206896551724
2023-03-06,Sunny,19,7,26,1,60,5,316,6841,6841,29,26,14,597901.72,191,127,64,408110.39999999997,0.6649214659685864,0.33507853403141363
2023-03-07,Sunny,22,9,31,1,60,3,184,6772,6772,30,31,18,500431.22000000003,169,129,40,374117.75,0.7633136094674556,0.23668639053254437
2023-03-08,Sunny,23,9,32,0,0,1,60,6625,6625,32,32,18,658170.43,212,147,65,456601.45,0.6933962264150944,0.30660377358490565
2023-03-09,Sunny,17,10,27,0,0,4,245,6506,6506,33,27,13,517199.17,159,119,40,389678.38,0.7484276729559748,0.25157232704402516
2023-03-10,Sunny,16,10,26,0,0,1,63,6409,6409,34,26,15,438854.64,137,97,40,311530.39,0.708029197080292,0.291970802919708
2023-03-11,Sunny,5,13,18,0,0,2,121,6372,6372,34,18,6,149139.0,46,37,9,112342.74,0.8043478260869565,0.1956521739130435
2023-03-12,Sunny,2,11,13,1,60,0,0,6415,6415,33,13,3,96614.29000000001,24,17,7,68755.83,0.7083333333333334,0.2916666666666667
2023-03-13,Sunny,20,8,28,4,241,4,250,6547,6547,31,28,15,505314.31,160,109,51,353694.65,0.68125,0.31875
2023-03-14,Sunny,21,8,29,2,123,2,120,6544,6544,32,29,18,548320.15,173,126,47,386668.58,0.7283236994219653,0.27167630057803466
2023-03-15,Sunny,18,9,27,0,0,4,248,6430,6430,33,27,14,522545.84,164,114,50,360323.3,0.6951219512195121,0.3048780487804878
2023-03-16,Sunny,17,10,27,1,60,1,64,6366,6366,32,27,14,568762.61,179,124,55,396895.24,0.6927374301675978,0.30726256983240224
2023-03-17,Sunny,16,10,26,0,0,2,123,6259,6259,32,26,14,467244.97,157,107,50,316387.12,0.6815286624203821,0.3184713375796178
2023-03-18,Sunny,5,12,17,1,60,1,61,6296,6296,32,17,6,151008.76,47,23,24,72508.78,0.48936170212765956,0.5106382978723404
2023-03-19,Sunny,2,13,15,0,0,0,0,6267,6267,33,15,3,141657.36000000002,37,29,8,107764.22,0.7837837837837838,0.21621621621621623
2023-03-20,Sunny,19,8,27,2,120,2,123,6269,6269,33,27,15,595118.42,198,118,80,353457.08,0.5959595959595959,0.40404040404040403
2023-03-21,Sunny,24,8,32,0,0,0,0,6142,6142,34,32,18,659371.18,207,127,80,401157.67,0.6135265700483091,0.3864734299516908
2023-03-22,Sunny,18,9,27,1,60,2,130,6106,6106,34,27,15,501538.67,152,96,56,313081.98,0.631578947368421,0.3684210526315789
2023-03-23,Sunny,18,9,27,0,0,1,61,6003,6003,34,27,15,487521.68,154,103,51,326157.64,0.6688311688311688,0.33116883116883117
2023-03-24,Sunny,15,11,26,0,0,1,61,5889,5889,37,26,14,564888.93,178,114,64,376266.24,0.6404494382022472,0.3595505617977528
2023-03-25,Sunny,4,14,18,0,0,0,0,5848,5848,39,18,5,219488.78,61,41,20,144383.84,0.6721311475409836,0.32786885245901637
2023-03-26,Sunny,2,12,14,1,60,0,0,5899,5899,38,14,3,84264.23999999999,21,9,12,35206.08,0.42857142857142855,0.5714285714285714
2023-03-27,Sunny,21,8,29,1,62,5,304,5840,5840,43,29,16,646809.62,207,121,86,396056.0,0.5845410628019324,0.41545893719806765
2023-03-28,Sunny,21,7,28,1,63,1,60,5805,5805,44,28,14,569333.4,183,98,85,294784.04,0.5355191256830601,0.4644808743169399
2023-03-29,Sunny,21,8,29,0,0,4,247,5664,5664,46,29,17,730202.06,228,141,87,451966.77999999997,0.618421052631579,0.3815789473684211
2023-03-30,Sunny,18,8,26,3,185,4,247,5741,5741,47,26,16,534194.4,173,108,65,338804.85,0.6242774566473989,0.37572254335260113
2023-03-31,Sunny,15,10,25,0,0,1,62,5660,5660,47,25,13,469316.89,140,81,59,289689.44,0.5785714285714286,0.42142857142857143
2023-04-01,Sunny,8,16,24,0,0,0,0,5612,5612,48,24,9,329869.01,93,48,45,172937.05000000002,0.5161290322580645,0.4838709677419355
2023-04-02,Sunny,2,17,19,2,125,2,120,5717,5717,46,19,3,112352.96,27,20,7,79959.96,0.7407407407407407,0.25925925925925924
2023-04-03,Sunny,27,12,39,4,245,6,379,5788,5788,46,39,20,814565.84,262,174,88,536176.45,0.6641221374045801,0.33587786259541985
2023-04-04,Sunny,28,11,39,1,60,5,309,5717,5717,47,39,18,885258.89,278,131,147,419220.63,0.4712230215827338,0.5287769784172662
2023-04-05,Sunny,26,14,40,0,0,2,120,5590,5590,47,40,15,696249.85,225,127,98,380140.72000000003,0.5644444444444444,0.43555555555555553
2023-04-06,Sunny,25,12,37,3,183,4,246,5635,5635,46,37,18,720827.7,232,138,94,431159.51,0.5948275862068966,0.4051724137931034
2023-04-07,Sunny,24,15,39,0,0,1,66,5517,5517,49,39,19,748838.76,227,118,109,405391.29,0.5198237885462555,0.4801762114537445
2023-04-08,Sunny,6,17,23,0,0,0,0,5466,5466,50,23,6,221167.88,68,51,17,162450.42,0.75,0.25
2023-04-09,Sunny,2,17,19,1,60,0,0,5513,5513,49,19,3,116199.51,27,13,14,56590.08,0.48148148148148145,0.5185185185185185
2023-04-10,Sunny,25,11,36,3,187,1,61,5549,5549,47,36,22,750057.27,246,151,95,457998.54,0.6138211382113821,0.3861788617886179
2023-04-11,Sunny,27,11,38,3,185,1,60,5578,5578,49,38,22,769828.2,252,156,96,485561.7,0.6190476190476191,0.38095238095238093
2023-04-12,Sunny,28,12,40,1,60,2,121,5485,5485,52,40,19,813427.61,250,153,97,491061.57,0.612,0.388
2023-04-13,Sunny,24,13,37,1,64,0,0,5429,5429,54,37,19,758048.17,242,120,122,393986.63,0.49586776859504134,0.5041322314049587
2023-04-14,Sunny,20,14,34,0,0,1,61,5347,5347,55,34,13,588007.13,176,82,94,282159.06,0.4659090909090909,0.5340909090909091
2023-04-15,Sunny,6,19,25,1,60,2,120,5379,5379,54,25,6,262094.07,74,28,46,116163.64,0.3783783783783784,0.6216216216216216
2023-04-16,Sunny,2,19,21,2,122,0,0,5479,5479,53,21,3,175273.47999999998,41,22,19,101578.86,0.5365853658536586,0.4634146341463415
2023-04-17,Sunny,26,13,39,3,184,0,0,5545,5545,52,39,19,743986.07,228,118,110,399274.04000000004,0.5175438596491229,0.4824561403508772
2023-04-18,Sunny,28,11,39,2,122,1,61,5552,5552,53,39,24,684218.7,222,115,107,352934.88,0.5180180180180181,0.481981981981982
2023-04-19,Sunny,28,11,39,0,0,4,241,5426,5426,55,39,22,877130.27,277,126,151,401575.41,0.4548736462093863,0.5451263537906137
2023-04-20,Sunny,23,12,35,2,122,2,122,5396,5396,57,35,14,736215.4500000001,222,152,70,525396.37,0.6846846846846847,0.3153153153153153
2023-04-21,Sunny,21,15,36,0,0,3,189,5292,5292,57,36,19,587594.13,180,104,76,337330.9,0.5777777777777777,0.4222222222222222
2023-04-22,Sunny,6,19,25,0,0,0,0,5255,5255,58,25,7,266765.63,79,37,42,129717.31999999999,0.46835443037974683,0.5316455696202531
2023-04-23,Sunny,2,15,17,3,185,0,0,5426,5426,55,17,3,120133.7,32,14,18,49644.66,0.4375,0.5625
2023-04-24,Sunny,27,10,37,2,123,1,63,5423,5423,54,37,19,682817.48,220,126,94,399385.14,0.5727272727272728,0.42727272727272725
2023-04-25,Sunny,25,12,37,3,190,0,0,5508,5508,53,37,20,603573.29,188,105,83,330399.69,0.5585106382978723,0.44148936170212766
2023-04-26,Sunny,28,12,40,0,0,7,426,5371,5371,54,40,18,809564.3,256,137,119,448999.33,0.53515625,0.46484375
2023-04-27,Sunny,25,12,37,0,0,3,190,5240,5240,57,37,22,801062.88,244,131,113,438324.58,0.5368852459016393,0.46311475409836067
2023-04-28,Sunny,24,14,38,0,0,3,184,5095,5095,58,38,18,654147.52,215,145,70,435619.95,0.6744186046511628,0.32558139534883723
2023-04-29,Sunny,7,19,26,0,0,0,0,5047,5047,58,26,7,341343.96,99,48,51,164316.7,0.48484848484848486,0.5151515151515151
2023-04-30,Sunny,2,15,17,5,316,0,0,5346,5346,53,17,3,137148.09,35,17,18,65712.24,0.4857142857142857,0.5142857142857142
2023-05-01,Sunny,27,12,39,3,184,2,129,5361,5361,53,39,18,706559.02,238,169,69,491671.71,0.7100840336134454,0.28991596638655465
2023-05-02,Sunny,31,11,42,1,60,2,123,5269,5269,55,42,22,909778.46,287,152,135,477343.46,0.5296167247386759,0.47038327526132406
2023-05-03,Sunny,24,15,39,4,245,5,306,5371,5371,53,39,17,757625.37,248,143,105,430380.07,0.5766129032258065,0.42338709677419356
2023-05-04,Sunny,29,15,44,1,63,2,121,5265,5265,55,44,21,893971.97,282,169,113,537918.46,0.599290780141844,0.40070921985815605
2023-05-05,Sunny,22,17,39,2,121,3,182,5229,5229,57,39,18,703686.89,225,157,68,490523.39,0.6977777777777778,0.3022222222222222
2023-05-06,Sunny,8,19,27,0,0,1,62,5200,5200,57,27,8,317810.91,92,29,63,114257.14,0.31521739130434784,0.6847826086956522
2023-05-07,Sunny,2,17,19,4,250,0,0,5435,5435,53,19,3,137310.88,33,15,18,60603.49,0.45454545454545453,0.5454545454545454
2023-05-08,Sunny,29,13,42,3,181,2,122,5459,5459,55,42,23,935617.11,300,157,143,474444.97000000003,0.5233333333333333,0.4766666666666667
2023-05-09,Sunny,29,11,40,4,248,3,181,5550,5550,57,40,19,763792.39,262,157,105,464549.79,0.5992366412213741,0.40076335877862596
2023-05-10,Sunny,30,11,41,1,64,0,0,5469,5469,57,41,20,916056.21,297,145,152,467104.14,0.4882154882154882,0.5117845117845118
2023-05-11,Sunny,26,14,40,3,183,3,190,5508,5508,57,40,20,889330.61,284,144,140,450594.16,0.5070422535211268,0.49295774647887325
2023-05-12,Sunny,26,17,43,2,121,2,124,5483,5483,58,43,20,817967.55,270,146,124,447754.41000000003,0.5407407407407407,0.45925925925925926
2023-05-13,Sunny,8,20,28,0,0,1,60,5411,5411,59,28,8,378785.14,119,72,47,220619.03,0.6050420168067226,0.3949579831932773
2023-05-14,Sunny,3,18,21,2,123,0,0,5514,5514,58,21,4,200359.06,57,20,37,67055.32,0.3508771929824561,0.6491228070175439
2023-05-15,Sunny,29,15,44,1,62,5,307,5441,5441,58,44,20,844465.35,274,135,139,424202.14,0.4927007299270073,0.5072992700729927
2023-05-16,Sunny,27,12,39,2,130,1,60,5431,5431,58,39,19,856133.66,258,140,118,474291.33,0.5426356589147286,0.4573643410852713
2023-05-17,Sunny,25,13,38,1,61,1,60,5366,5366,58,38,19,795917.2,250,126,124,406868.99,0.504,0.496
2023-05-18,Sunny,27,15,42,0,0,1,61,5231,5231,58,42,18,895818.3,280,135,145,432470.27,0.48214285714285715,0.5178571428571429
2023-05-19,Sunny,21,17,38,0,0,2,128,5126,5126,59,38,17,576358.59,190,105,85,308922.76,0.5526315789473685,0.4473684210526316
2023-05-20,Sunny,8,20,28,0,0,1,60,5075,5075,60,28,7,323365.03,93,51,42,166209.53,0.5483870967741935,0.45161290322580644
2023-05-21,Sunny,3,21,24,5,304,1,60,5349,5349,59,24,4,193876.94,46,30,16,123634.92,0.6521739130434783,0.34782608695652173
2023-05-22,Sunny,29,12,41,0,0,0,0,5220,5220,61,41,19,842437.53,275,129,146,387893.04,0.4690909090909091,0.5309090909090909
2023-05-23,Sunny,27,12,39,4,247,1,62,5323,5323,61,39,21,883521.23,287,144,143,447827.79,0.5017421602787456,0.49825783972125437
2023-05-24,Sunny,26,14,40,4,247,8,492,5438,5438,59,40,20,753999.58,237,132,105,422092.45,0.5569620253164557,0.4430379746835443
2023-05-25,Sunny,29,13,42,0,0,3,188,5286,5286,62,42,21,943859.08,300,152,148,485664.78,0.5066666666666667,0.49333333333333335
2023-05-26,Sunny,25,16,41,0,0,4,253,5184,5184,62,41,16,656232.77,219,102,117,302088.43,0.4657534246575342,0.5342465753424658
2023-05-27,Sunny,8,24,32,2,120,0,0,5269,5269,60,32,8,308309.47,89,35,54,120117.89,0.39325842696629215,0.6067415730337079
2023-05-28,Sunny,2,18,20,6,379,0,0,5627,5627,54,20,3,171318.7,44,21,23,97091.1,0.4772727272727273,0.5227272727272727
2023-05-29,Sunny,31,13,44,5,309,2,125,5784,5784,49,44,23,866136.65,264,152,112,497930.17,0.5757575757575758,0.42424242424242425
2023-05-30,Sunny,31,14,45,2,120,4,243,5745,5745,49,45,18,989558.19,298,159,139,529429.0,0.5335570469798657,0.4664429530201342
2023-05-31,Sunny,30,13,43,3,186,1,62,5802,5802,48,43,22,857558.65,262,129,133,415905.84,0.49236641221374045,0.5076335877862596
2023-06-01,Sunny,25,13,38,1,66,2,120,5723,5723,49,38,16,651056.03,212,145,67,443923.97000000003,0.6839622641509434,0.3160377358490566
2023-06-02,Sunny,24,15,39,0,0,2,122,5596,5596,51,39,17,788642.4,247,127,120,408682.03,0.5141700404858299,0.48582995951417
2023-06-03,Sunny,8,18,26,0,0,0,0,5556,5556,51,26,9,251634.1,72,40,32,133073.58,0.5555555555555556,0.4444444444444444
2023-06-04,Sunny,2,17,19,2,121,0,0,5660,5660,49,19,3,101464.58,27,17,10,63181.82,0.6296296296296297,0.37037037037037035
2023-06-05,Sunny,27,15,42,1,60,6,366,5572,5572,51,42,17,764758.12,240,148,92,456435.47,0.6166666666666667,0.38333333333333336
2023-06-06,Sunny,25,12,37,2,121,0,0,5563,5563,52,37,19,740705.26,226,130,96,431973.21,0.5752212389380531,0.4247787610619469
2023-06-07,Sunny,28,12,40,0,0,3,182,5433,5433,56,40,18,868877.42,265,130,135,418273.0,0.49056603773584906,0.5094339622641509
2023-06-08,Sunny,28,14,42,1,61,1,60,5358,5358,58,42,21,889757.62,282,136,146,443597.13,0.48226950354609927,0.5177304964539007
2023-06-09,Sunny,22,16,38,2,120,1,63,5383,5383,58,38,15,646415.95,202,95,107,302822.62,0.47029702970297027,0.5297029702970297
2023-06-10,Sunny,7,19,26,0,0,0,0,5342,5342,58,26,7,312967.82,89,41,48,137767.57,0.4606741573033708,0.5393258426966292
2023-06-11,Sunny,3,16,19,0,0,0,0,5316,5316,58,19,4,216968.91999999998,58,26,32,89227.74,0.4482758620689655,0.5517241379310345
2023-06-12,Sunny,30,11,41,1,61,3,187,5233,5233,61,41,21,803533.01,265,144,121,419573.86,0.5433962264150943,0.45660377358490567
2023-06-13,Sunny,32,11,43,4,241,3,185,5279,5279,60,43,24,1035188.07,333,195,138,592408.6799999999,0.5855855855855856,0.4144144144144144
2023-06-14,Sunny,31,14,45,1,62,1,63,5185,5185,59,45,20,804346.34,265,156,109,466661.79,0.5886792452830188,0.41132075471698115
2023-06-15,Sunny,26,15,41,3,189,1,65,5252,5252,56,41,18,704873.61,222,122,100,375139.67,0.5495495495495496,0.45045045045045046
2023-06-16,Sunny,24,18,42,0,0,3,187,5133,5133,57,42,17,751348.73,228,119,109,399705.05,0.5219298245614035,0.4780701754385965
2023-06-17,Sunny,8,20,28,1,60,0,0,5137,5137,58,28,9,354513.19,101,56,45,199460.52000000002,0.5544554455445545,0.44554455445544555
2023-06-18,Sunny,3,17,20,1,63,0,0,5175,5175,59,20,4,173229.23,46,25,21,91214.44,0.5434782608695652,0.45652173913043476
2023-06-19,Sunny,29,13,42,0,0,5,311,5065,5065,60,42,19,838906.55,268,110,158,333968.81,0.41044776119402987,0.5895522388059702
2023-06-20,Sunny,24,13,37,7,426,2,125,5384,5384,57,37,19,608314.73,184,107,77,357653.25,0.5815217391304348,0.41847826086956524
2023-06-21,Sunny,26,13,39,3,190,3,183,5442,5442,56,39,23,771874.91,246,132,114,414866.7,0.5365853658536586,0.4634146341463415
2023-06-22,Sunny,28,13,41,3,184,5,312,5480,5480,54,41,21,722638.17,214,146,68,484570.58,0.6822429906542056,0.3177570093457944
2023-06-23,Sunny,25,14,39,1,60,0,0,5403,5403,56,39,17,693900.44,221,137,84,424451.33,0.6199095022624435,0.38009049773755654
2023-06-24,Sunny,8,17,25,0,0,1,60,5356,5356,56,25,8,281407.61,87,47,40,156197.41,0.5402298850574713,0.45977011494252873
2023-06-25,Sunny,3,17,20,2,129,0,0,5458,5458,55,20,4,182361.96,46,27,19,118295.56,0.5869565217391305,0.41304347826086957
2023-06-26,Sunny,29,15,44,2,123,4,247,5439,5439,56,44,20,768914.22,241,142,99,460595.86,0.5892116182572614,0.4107883817427386
2023-06-27,Sunny,30,14,44,4,246,1,60,5503,5503,54,44,20,874650.89,286,182,104,558625.72,0.6363636363636364,0.36363636363636365
2023-06-28,Sunny,24,11,35,2,121,3,188,5483,5483,54,35,19,821400.54,268,141,127,424815.84,0.5261194029850746,0.47388059701492535
2023-06-29,Sunny,25,12,37,3,182,1,65,5535,5535,53,37,17,751334.85,230,130,100,422356.33,0.5652173913043478,0.43478260869565216
2023-06-30,Sunny,25,16,41,1,62,0,0,5497,5497,56,41,19,672634.51,202,100,102,340758.22000000003,0.49504950495049505,0.504950495049505
2023-07-01,Sunny,5,18,23,0,0,1,60,5463,5463,56,23,6,196235.53,56,34,22,113092.27,0.6071428571428571,0.39285714285714285
2023-07-02,Sunny,2,15,17,2,122,0,0,5570,5570,54,17,3,136521.82,35,15,20,56299.86,0.42857142857142855,0.5714285714285714
2023-07-03,Sunny,23,9,32,2,121,3,187,5566,5566,53,32,18,696808.0,230,125,105,383765.35000000003,0.5434782608695652,0.45652173913043476
2023-07-04,Sunny,26,11,37,0,0,1,62,5430,5430,55,37,19,721801.89,234,136,98,442028.47000000003,0.5811965811965812,0.4188034188034188
2023-07-05,Sunny,26,13,39,4,250,4,248,5530,5530,56,39,19,761378.56,258,150,108,450798.08,0.5813953488372093,0.4186046511627907
2023-07-06,Sunny,25,12,37,2,124,3,182,5509,5509,55,37,19,774419.12,257,145,112,444401.21,0.5642023346303502,0.4357976653696498
2023-07-07,Sunny,21,14,35,1,60,2,122,5469,5469,54,35,19,589244.75,195,100,95,300394.25,0.5128205128205128,0.48717948717948717
2023-07-08,Sunny,6,15,21,0,0,1,61,5437,5437,54,21,6,275051.62,82,32,50,106988.08,0.3902439024390244,0.6097560975609756
2023-07-09,Sunny,2,14,16,5,307,0,0,5727,5727,49,16,3,129397.07,34,17,17,68062.22,0.5,0.5
2023-07-10,Sunny,26,11,37,1,60,4,241,5621,5621,50,37,17,823682.12,254,166,88,549689.65,0.6535433070866141,0.3464566929133858
2023-07-11,Sunny,25,11,36,1,60,3,190,5502,5502,50,36,16,858930.36,270,179,91,575756.68,0.662962962962963,0.337037037037037
2023-07-12,Sunny,23,11,34,1,61,0,0,5463,5463,52,34,19,581675.89,192,100,92,283815.55,0.5208333333333334,0.4791666666666667
2023-07-13,Sunny,23,11,34,2,128,3,185,5489,5489,51,34,18,636437.8,202,102,100,331713.62,0.504950495049505,0.49504950495049505
2023-07-14,Sunny,22,13,35,1,60,5,313,5445,5445,54,35,14,566527.37,184,104,80,309719.3,0.5652173913043478,0.43478260869565216
2023-07-15,Sunny,6,19,25,0,0,0,0,5408,5408,55,25,7,219229.0,57,37,20,141260.78,0.6491228070175439,0.3508771929824561
2023-07-16,Sunny,2,16,18,0,0,0,0,5385,5385,55,18,3,140515.4,42,23,19,63871.36,0.5476190476190477,0.4523809523809524
2023-07-17,Sunny,20,10,30,1,62,0,0,5349,5349,55,30,12,528584.93,167,98,69,322395.99,0.5868263473053892,0.41317365269461076
2023-07-18,Sunny,30,13,43,8,492,2,128,5703,5703,52,43,17,921712.72,289,138,151,454240.9,0.47750865051903113,0.5224913494809689
2023-07-19,Sunny,21,13,34,3,188,2,123,5763,5763,54,34,18,729159.46,233,128,105,402987.08,0.5493562231759657,0.45064377682403434
2023-07-20,Sunny,21,13,34,4,253,2,127,5897,5897,51,34,16,636609.93,203,119,84,362239.73,0.5862068965517241,0.41379310344827586
2023-07-21,Sunny,22,16,38,0,0,1,61,5786,5786,51,38,17,610333.47,206,111,95,325130.42,0.5388349514563107,0.46116504854368934
2023-07-22,Sunny,7,15,22,1,60,1,62,5783,5783,53,22,8,333794.75,93,63,30,224520.39,0.6774193548387096,0.3225806451612903
2023-07-23,Sunny,2,15,17,2,125,0,0,5892,5892,52,17,3,132991.46,37,16,21,56715.36,0.43243243243243246,0.5675675675675675
2023-07-24,Sunny,25,10,35,4,243,1,62,6016,6016,48,35,12,645848.52,201,119,82,391596.46,0.5920398009950248,0.4079601990049751
2023-07-25,Sunny,26,11,37,1,62,2,124,5936,5936,48,37,21,793103.96,255,142,113,441595.31,0.5568627450980392,0.44313725490196076
2023-07-26,Sunny,25,12,37,2,120,0,0,5923,5923,50,37,20,685110.49,208,133,75,439182.37,0.6394230769230769,0.3605769230769231
2023-07-27,Sunny,23,12,35,2,122,2,127,5932,5932,50,35,16,665502.72,208,113,95,368782.0,0.5432692307692307,0.4567307692307692
2023-07-28,Sunny,21,13,34,1,63,2,121,5890,5890,51,34,16,606770.3,191,105,86,322553.59,0.5497382198952879,0.450261780104712
2023-07-29,Sunny,7,16,23,0,0,0,0,5852,5852,51,23,7,278537.76,79,38,41,135580.57,0.4810126582278481,0.5189873417721519
2023-07-30,Sunny,2,14,16,6,366,0,0,6195,6195,47,16,3,122703.49,35,23,12,68078.65,0.6571428571428571,0.34285714285714286
2023-07-31,Sunny,23,11,34,0,0,3,184,6075,6075,49,34,18,712300.47,222,120,102,382213.95,0.5405405405405406,0.4594594594594595
2023-08-01,Sunny,21,10,31,2,122,3,183,6083,6083,48,31,16,658242.3,208,114,94,371256.8,0.5480769230769231,0.4519230769230769
2023-08-02,Sunny,24,11,35,1,60,1,60,6029,6029,47,35,20,640238.8,212,114,98,337632.39,0.5377358490566038,0.46226415094339623
2023-08-03,Sunny,17,10,27,1,63,1,60,5999,5999,47,27,14,443050.51,134,93,41,310945.09,0.6940298507462687,0.30597014925373134
2023-08-04,Sunny,17,13,30,0,0,1,63,5923,5923,49,30,16,495187.84,162,76,86,232012.94,0.4691358024691358,0.5308641975308642
2023-08-05,Sunny,6,16,22,0,0,1,61,5873,5873,50,22,6,288521.95,82,50,32,180369.53,0.6097560975609756,0.3902439024390244
2023-08-06,Sunny,2,13,15,3,187,0,0,6046,6046,51,15,3,126074.92,32,14,18,47728.97,0.4375,0.5625
2023-08-07,Sunny,21,8,29,2,122,1,67,6050,6050,53,29,18,607474.02,194,118,76,370517.63,0.6082474226804123,0.3917525773195876
2023-08-08,Sunny,22,9,31,1,63,1,62,6013,6013,55,31,18,619972.5700000001,204,100,104,300452.71,0.49019607843137253,0.5098039215686274
2023-08-09,Sunny,23,9,32,1,65,0,0,5950,5950,55,32,17,638071.08,218,128,90,373980.19,0.5871559633027523,0.41284403669724773
2023-08-10,Sunny,22,11,33,5,308,2,123,6135,6135,54,33,18,689975.71,216,123,93,391785.85,0.5694444444444444,0.4305555555555556
2023-08-11,Sunny,16,11,27,0,0,1,60,6035,6035,58,27,11,575643.02,172,100,72,345812.57,0.5813953488372093,0.4186046511627907
2023-08-12,Sunny,5,13,18,0,0,0,0,5990,5990,59,18,6,217800.36,67,45,22,143607.58,0.6716417910447762,0.3283582089552239
2023-08-13,Sunny,2,17,19,5,311,1,60,6285,6285,55,19,3,154178.84,36,16,20,69079.42,0.4444444444444444,0.5555555555555556
2023-08-14,Sunny,21,10,31,2,125,2,120,6320,6320,54,31,17,577207.16,176,90,86,299234.63,0.5113636363636364,0.48863636363636365
2023-08-15,Sunny,23,9,32,3,183,3,182,6393,6393,52,32,17,670477.73,226,110,116,321322.25,0.48672566371681414,0.5132743362831859
2023-08-16,Sunny,20,9,29,5,312,2,122,6578,6578,48,29,18,622023.37,196,127,69,410011.83,0.6479591836734694,0.3520408163265306
2023-08-17,Sunny,19,12,31,0,0,1,60,6491,6491,49,31,18,536147.53,173,87,86,278461.57,0.5028901734104047,0.49710982658959535
2023-08-18,Sunny,18,12,30,2,122,4,254,6503,6503,51,30,13,613779.95,190,110,80,360728.96,0.5789473684210527,0.42105263157894735
2023-08-19,Sunny,6,16,22,1,64,1,61,6515,6515,50,22,5,289742.34,83,52,31,186580.14,0.6265060240963856,0.37349397590361444
2023-08-20,Sunny,2,14,16,2,126,0,0,6612,6612,48,16,3,176941.76,47,29,18,116466.7,0.6170212765957447,0.3829787234042553
2023-08-21,Sunny,19,11,30,1,60,4,253,6535,6535,47,30,17,618074.6799999999,208,137,71,408274.63,0.6586538461538461,0.34134615384615385
2023-08-22,Sunny,21,9,30,3,188,1,63,6619,6619,45,30,13,634874.88,202,104,98,330552.24,0.5148514851485149,0.48514851485148514
2023-08-23,Sunny,21,10,31,1,65,0,0,6541,6541,45,31,17,705160.6,229,143,86,437714.33,0.6244541484716157,0.37554585152838427
2023-08-24,Sunny,20,12,32,0,0,2,121,6435,6435,46,32,16,501135.23,156,106,50,348614.65,0.6794871794871795,0.32051282051282054
2023-08-25,Sunny,19,11,30,1,60,1,61,6392,6392,47,30,15,585484.49,176,103,73,349358.96,0.5852272727272727,0.4147727272727273
2023-08-26,Sunny,6,17,23,0,0,1,61,6350,6350,48,23,7,248319.45,71,42,29,143380.25,0.5915492957746479,0.4084507042253521
2023-08-27,Sunny,2,11,13,3,187,0,0,6524,6524,46,13,3,76208.04000000001,19,13,6,50964.9,0.6842105263157895,0.3157894736842105
2023-08-28,Sunny,23,9,32,1,63,2,124,6485,6485,48,32,18,625115.11,188,102,86,335275.61,0.5425531914893617,0.4574468085106383
2023-08-29,Sunny,27,10,37,3,184,3,183,6502,6502,45,37,19,927348.67,277,167,110,560032.18,0.6028880866425993,0.3971119133574007
2023-08-30,Sunny,19,10,29,3,182,2,123,6574,6574,44,29,13,540924.39,178,110,68,312908.48,0.6179775280898876,0.38202247191011235
2023-08-31,Sunny,18,10,28,2,122,2,120,6572,6572,43,28,16,629980.81,191,124,67,391820.56,0.6492146596858639,0.3507853403141361
2023-09-01,Sunny,18,11,29,1,61,3,190,6522,6522,42,29,15,467849.93,149,111,38,335968.22000000003,0.7449664429530202,0.2550335570469799
2023-09-02,Sunny,5,13,18,0,0,0,0,6493,6493,43,18,6,210636.88,61,29,32,92631.69,0.47540983606557374,0.5245901639344263
2023-09-03,Sunny,2,13,15,5,305,2,120,6772,6772,39,15,3,165685.56,41,26,15,119097.38,0.6341463414634146,0.36585365853658536
2023-09-04,Sunny,19,9,28,3,190,4,245,6801,6801,36,28,16,642938.86,200,161,39,517988.69,0.805,0.195
2023-09-05,Sunny,19,9,28,0,0,1,60,6687,6687,37,28,17,636338.85,196,114,82,371999.79,0.5816326530612245,0.41836734693877553
2023-09-06,Sunny,18,8,26,3,185,2,126,6749,6749,36,26,13,562857.0700000001,185,123,62,371505.91000000003,0.6648648648648648,0.33513513513513515
2023-09-07,Sunny,20,8,28,4,250,1,62,6881,6881,33,28,16,464722.61,157,118,39,345976.27,0.7515923566878981,0.2484076433121019
2023-09-08,Sunny,15,10,25,1,60,3,182,6842,6842,34,25,13,494899.42,147,99,48,336857.83,0.673469387755102,0.32653061224489793
2023-09-09,Sunny,5,13,18,0,0,1,60,6815,6815,35,18,6,146359.04,43,27,16,93853.04,0.627906976744186,0.37209302325581395
2023-09-10,Sunny,1,12,13,0,0,0,0,6800,6800,35,13,2,104192.8,23,15,8,65867.66,0.6521739130434783,0.34782608695652173
2023-09-11,Sunny,19,9,28,3,189,0,0,6880,6880,35,28,15,635357.48,197,109,88,342588.38,0.5532994923857868,0.4467005076142132
2023-09-12,Sunny,22,8,30,2,123,1,63,6869,6869,34,30,18,621704.14,212,134,78,400690.45,0.6320754716981132,0.36792452830188677
2023-09-13,Sunny,19,8,27,1,63,2,120,6811,6811,35,27,17,553097.98,174,121,53,396202.67,0.6954022988505747,0.3045977011494253
2023-09-14,Sunny,20,9,29,2,121,3,184,6810,6810,35,29,16,505003.15,166,122,44,355173.18,0.7349397590361446,0.26506024096385544
2023-09-15,Sunny,17,11,28,1,62,1,60,6765,6765,37,28,13,486499.74,164,107,57,318778.94,0.6524390243902439,0.3475609756097561
2023-09-16,Sunny,5,13,18,1,60,0,0,6780,6780,38,18,6,246127.04,67,45,22,170545.5,0.6716417910447762,0.3283582089552239
2023-09-17,Sunny,2,11,13,1,62,0,0,6820,6820,38,13,3,101530.47,26,22,4,87329.70999999999,0.8461538461538461,0.15384615384615385
2023-09-18,Sunny,18,10,28,1,64,1,62,6771,6771,37,28,12,528728.72,167,113,54,356840.48,0.6766467065868264,0.32335329341317365
2023-09-19,Sunny,20,7,27,0,0,0,0,6674,6674,37,27,18,549100.5,174,97,77,307817.23,0.5574712643678161,0.4425287356321839
2023-09-20,Sunny,18,8,26,2,127,2,123,6697,6697,36,26,14,482867.6,154,104,50,325877.46,0.6753246753246753,0.3246753246753247
2023-09-21,Sunny,16,8,24,1,60,1,61,6652,6652,36,24,13,417903.36,135,105,30,326544.78,0.7777777777777778,0.2222222222222222
2023-09-22,Sunny,17,10,27,0,0,2,125,6540,6540,36,27,13,520828.95,163,112,51,371602.35,0.6871165644171779,0.3128834355828221
2023-09-23,Sunny,5,12,17,0,0,0,0,6486,6486,36,17,6,268659.19,77,54,23,199274.38,0.7012987012987013,0.2987012987012987
2023-09-24,Sunny,1,12,13,3,185,0,0,6653,6653,35,13,2,104047.08,31,18,13,62806.66,0.5806451612903226,0.41935483870967744
2023-09-25,Sunny,16,8,24,3,183,0,0,6716,6716,33,24,15,517476.61,164,120,44,376683.58,0.7317073170731707,0.2682926829268293
2023-09-26,Sunny,19,8,27,0,0,2,120,6582,6582,36,27,14,549253.51,180,134,46,419970.04,0.7444444444444445,0.25555555555555554
2023-09-27,Sunny,20,7,27,1,60,4,244,6500,6500,36,27,18,598582.23,200,142,58,418084.03,0.71,0.29
2023-09-28,Sunny,16,8,24,1,63,4,246,6469,6469,35,24,13,446168.8,139,94,45,295977.52,0.6762589928057554,0.3237410071942446
2023-09-29,Sunny,16,11,27,1,61,2,122,6449,6449,35,27,14,392226.87,120,81,39,266507.04,0.675,0.325
2023-09-30,Sunny,5,14,19,0,0,0,0,6406,6406,35,19,6,222263.84,58,43,15,162467.3,0.7413793103448276,0.25862068965517243
2023-10-01,Sunny,1,11,12,1,67,0,0,6453,6453,34,12,2,103990.3,31,20,11,65774.55,0.6451612903225806,0.3548387096774194
2023-10-02,Sunny,16,8,24,1,62,3,192,6398,6398,35,24,15,496044.21,163,117,46,366705.98,0.7177914110429447,0.2822085889570552
2023-10-03,Sunny,16,7,23,0,0,1,61,6308,6308,37,23,15,475869.74,149,90,59,294433.53,0.6040268456375839,0.3959731543624161
2023-10-04,Sunny,15,8,23,1,62,1,60,6271,6271,36,23,12,440260.26,148,99,49,297021.79000000004,0.668918918918919,0.3310810810810811
2023-10-05,Sunny,16,8,24,1,60,1,63,6237,6237,39,24,11,486644.47,158,94,64,290623.97,0.5949367088607594,0.4050632911392405
2023-10-06,Sunny,12,9,21,0,0,1,62,6148,6148,40,21,10,395496.16,121,89,32,296692.0,0.7355371900826446,0.2644628099173554
2023-10-07,Sunny,4,11,15,1,60,0,0,6180,6180,39,15,4,146571.94,44,28,16,104066.2,0.6363636363636364,0.36363636363636365
2023-10-08,Sunny,1,10,11,2,120,0,0,6288,6288,40,11,2,68924.1,18,12,6,46524.84,0.6666666666666666,0.3333333333333333
2023-10-09,Sunny,15,8,23,3,182,1,61,6380,6380,41,23,13,470850.39999999997,148,90,58,299020.64,0.6081081081081081,0.3918918918918919
2023-10-10,Sunny,16,8,24,3,183,1,65,6475,6475,40,24,17,523340.29,154,88,66,300672.87,0.5714285714285714,0.42857142857142855
2023-10-11,Sunny,14,8,22,1,60,0,0,6458,6458,39,22,13,367615.98,119,77,42,243417.71,0.6470588235294118,0.35294117647058826
2023-10-12,Sunny,13,8,21,5,317,1,60,6682,6682,36,21,12,443928.61,134,93,41,304499.34,0.6940298507462687,0.30597014925373134
2023-10-13,Sunny,15,10,25,1,61,2,122,6642,6642,36,25,12,461157.67,149,101,48,313022.65,0.6778523489932886,0.3221476510067114
2023-10-14,Sunny,5,12,17,0,0,0,0,6620,6620,37,17,6,158545.75,43,22,21,92819.07,0.5116279069767442,0.4883720930232558
2023-10-15,Sunny,1,9,10,4,253,0,0,6862,6862,33,10,2,65111.520000000004,14,11,3,48114.520000000004,0.7857142857142857,0.21428571428571427
2023-10-16,Sunny,15,7,22,1,63,1,63,6825,6825,33,22,14,447260.69,145,100,45,317634.44,0.6896551724137931,0.3103448275862069
2023-10-17,Sunny,18,6,24,0,0,3,183,6721,6721,34,24,15,491956.83999999997,156,104,52,331379.56,0.6666666666666666,0.3333333333333333
2023-10-18,Sunny,18,9,27,2,121,5,303,6725,6725,34,27,13,522714.28,161,117,44,384021.99,0.7267080745341615,0.2732919254658385
2023-10-19,Sunny,16,9,25,2,121,1,61,6746,6746,35,25,14,467102.75,142,100,42,330179.09,0.704225352112676,0.29577464788732394
2023-10-20,Sunny,12,9,21,0,0,1,60,6681,6681,37,21,10,354177.88,104,65,39,235747.81,0.625,0.375
2023-10-21,Sunny,4,12,16,0,0,0,0,6658,6658,37,16,4,132590.0,37,23,14,79717.14,0.6216216216216216,0.3783783783783784
2023-10-22,Sunny,1,10,11,1,61,1,62,6700,6700,36,11,2,88932.94,24,19,5,67085.56,0.7916666666666666,0.20833333333333334
2023-10-23,Sunny,16,7,23,3,183,2,123,6760,6760,35,23,15,492196.26,167,123,44,362759.9,0.7365269461077845,0.2634730538922156
2023-10-24,Sunny,17,6,23,2,123,0,0,6768,6768,36,23,14,540635.27,175,115,60,354406.92,0.6571428571428571,0.34285714285714286
2023-10-25,Sunny,16,8,24,2,120,1,61,6803,6803,36,24,14,402179.25,133,85,48,251848.07,0.6390977443609023,0.3609022556390977
2023-10-26,Sunny,16,8,24,3,190,0,0,6885,6885,35,24,14,482806.49,156,108,48,325263.46,0.6923076923076923,0.3076923076923077
2023-10-27,Sunny,13,9,22,0,0,2,120,6787,6787,37,22,12,438916.72,143,98,45,285736.27,0.6853146853146853,0.3146853146853147
2023-10-28,Sunny,4,10,14,2,120,0,0,6887,6887,36,14,4,102470.74,28,20,8,71952.64,0.7142857142857143,0.2857142857142857
2023-10-29,Sunny,1,9,10,5,306,0,0,7181,7181,33,10,2,76273.45,19,12,7,46489.4,0.631578947368421,0.3684210526315789
2023-10-30,Sunny,18,7,25,1,60,3,183,7145,7145,32,25,15,447353.61,142,96,46,300934.86,0.676056338028169,0.323943661971831
2023-10-31,Sunny,17,6,23,2,126,0,0,7175,7175,30,23,10,479501.14,148,96,52,312999.65,0.6486486486486487,0.35135135135135137
2023-11-01,Sunny,16,8,24,1,62,4,242,7142,7142,31,24,14,387499.97,129,95,34,282498.93,0.7364341085271318,0.26356589147286824
2023-11-02,Sunny,17,8,25,3,182,2,124,7207,7207,30,25,14,453992.87,152,117,35,338526.24,0.7697368421052632,0.23026315789473684
2023-11-03,Sunny,15,10,25,1,60,2,126,7164,7164,29,25,15,456993.74,138,103,35,344591.56,0.7463768115942029,0.2536231884057971
2023-11-04,Sunny,5,10,15,0,0,0,0,7111,7111,29,15,6,254386.8,73,53,20,186704.02000000002,0.726027397260274,0.273972602739726
2023-11-05,Sunny,2,11,13,0,0,0,0,7092,7092,29,13,3,78215.2,20,19,1,73016.2,0.95,0.05
2023-11-06,Sunny,16,8,24,1,63,2,123,7061,7061,30,24,13,428473.28,136,94,42,304873.13,0.6911764705882353,0.3088235294117647
2023-11-07,Sunny,21,8,29,2,120,2,123,7051,7051,28,29,16,578731.44,189,130,59,382512.0,0.6878306878306878,0.31216931216931215
2023-11-08,Sunny,16,9,25,1,63,1,66,7010,7010,27,25,16,532997.68,163,104,59,345667.26,0.6380368098159509,0.3619631901840491
2023-11-09,Sunny,15,8,23,1,60,0,0,6968,6968,27,23,14,414424.81,137,102,35,301529.93,0.7445255474452555,0.25547445255474455
2023-11-10,Sunny,14,9,23,0,0,4,245,6849,6849,29,23,11,466304.60000000003,147,119,28,378979.71,0.8095238095238095,0.19047619047619047
2023-11-11,Sunny,4,12,16,1,60,0,0,6878,6878,29,16,4,170968.88,45,31,14,112249.38,0.6888888888888889,0.3111111111111111
2023-11-12,Sunny,2,9,11,1,62,0,0,6907,6907,28,11,3,139770.74,36,33,3,126121.36,0.9166666666666666,0.08333333333333333
2023-11-13,Sunny,19,9,28,0,0,2,121,6779,6779,30,28,14,545447.86,167,128,39,419994.42,0.7664670658682635,0.23353293413173654
2023-11-14,Sunny,17,8,25,2,123,2,124,6789,6789,31,25,14,508292.27,162,113,49,352681.64,0.6975308641975309,0.30246913580246915
2023-11-15,Sunny,18,7,25,1,61,7,427,6727,6727,31,25,11,595128.68,191,123,68,376723.18,0.643979057591623,0.35602094240837695
2023-11-16,Sunny,15,8,23,2,125,1,63,6742,6742,31,23,14,472604.8,158,110,48,325671.46,0.6962025316455697,0.3037974683544304
2023-11-17,Sunny,15,9,24,0,0,0,0,6660,6660,32,24,14,402876.58,127,82,45,260223.52,0.6456692913385826,0.3543307086614173
2023-11-18,Sunny,5,12,17,0,0,0,0,6625,6625,32,17,6,219338.92,57,35,22,134642.7,0.6140350877192983,0.38596491228070173
2023-11-19,Sunny,2,11,13,0,0,1,60,6600,6600,32,13,3,126295.45999999999,29,25,4,107475.08,0.8620689655172413,0.13793103448275862
2023-11-20,Sunny,18,7,25,2,120,0,0,6623,6623,34,25,13,477621.94,147,97,50,316343.22,0.6598639455782312,0.3401360544217687
2023-11-21,Sunny,18,8,26,3,184,1,61,6700,6700,31,26,17,534621.44,174,107,67,319975.19,0.6149425287356322,0.3850574712643678
2023-11-22,Sunny,17,9,26,4,246,0,0,6842,6842,30,26,16,515003.05,159,104,55,337470.78,0.6540880503144654,0.34591194968553457
2023-11-23,Sunny,15,10,25,2,122,4,243,6844,6844,33,25,15,508660.33,163,120,43,362056.48,0.7361963190184049,0.26380368098159507
2023-11-24,Sunny,14,10,24,0,0,0,0,6744,6744,33,24,12,480310.0,148,100,48,324339.73,0.6756756756756757,0.32432432432432434
2023-11-25,Sunny,5,10,15,0,0,2,122,6714,6714,34,15,6,159094.2,51,30,21,96495.2,0.5882352941176471,0.4117647058823529
2023-11-26,Sunny,1,11,12,3,192,0,0,6892,6892,31,12,2,83022.8,20,14,6,60387.75,0.7,0.3
2023-11-27,Sunny,15,8,23,2,122,0,0,6935,6935,30,23,15,430186.27,128,79,49,255735.11,0.6171875,0.3828125
2023-11-28,Sunny,19,8,27,1,60,2,122,6897,6897,30,27,15,492325.6,165,98,67,295669.89,0.593939393939394,0.40606060606060607
2023-11-29,Sunny,17,10,27,1,63,4,245,6837,6837,30,27,14,560914.82,166,123,43,404424.05,0.7409638554216867,0.25903614457831325
2023-11-30,Sunny,15,8,23,1,62,1,62,6785,6785,31,23,15,512435.5,169,114,55,335814.93,0.6745562130177515,0.3254437869822485
2023-12-01,Sunny,13,7,20,0,0,0,0,6724,6724,32,20,12,354499.73,113,61,52,194285.59,0.5398230088495575,0.46017699115044247
2023-12-02,Sunny,3,8,11,0,0,0,0,6699,6699,32,11,4,128421.69,36,25,11,87627.82,0.6944444444444444,0.3055555555555556
2023-12-03,Sunny,1,9,10,1,61,0,0,6748,6748,31,10,2,85868.62,20,12,8,51627.36,0.6,0.4
2023-12-04,Sunny,14,5,19,1,65,2,122,6739,6739,30,19,13,384058.49,129,74,55,210109.37,0.5736434108527132,0.4263565891472868
2023-12-05,Sunny,15,6,21,0,0,2,123,6648,6648,32,21,14,426121.03,141,91,50,273766.88,0.6453900709219859,0.3546099290780142
2023-12-06,Sunny,12,6,18,1,60,4,241,6623,6623,32,18,11,361936.37,110,85,25,270325.23,0.7727272727272727,0.22727272727272727
2023-12-07,Sunny,13,6,19,1,61,0,0,6615,6615,32,19,10,317278.99,95,69,26,239199.16,0.7263157894736842,0.2736842105263158
2023-12-08,Sunny,10,8,18,0,0,1,61,6552,6552,35,18,11,304037.17,91,63,28,215570.19,0.6923076923076923,0.3076923076923077
2023-12-09,Sunny,4,9,13,0,0,1,60,6519,6519,35,13,5,158734.16,44,33,11,118665.74,0.75,0.25
2023-12-10,Sunny,1,9,10,1,63,0,0,6572,6572,34,10,2,74771.1,16,10,6,47576.75,0.625,0.375
2023-12-11,Sunny,12,6,18,3,183,2,122,6685,6685,32,18,12,329056.86,108,70,38,214158.08000000002,0.6481481481481481,0.35185185185185186
2023-12-12,Sunny,14,6,20,5,303,0,0,6898,6898,31,20,13,435925.57,141,90,51,275657.6,0.6382978723404256,0.3617021276595745
2023-12-13,Sunny,13,7,20,1,61,2,120,6858,6858,30,20,13,437475.55,132,101,31,343338.66,0.7651515151515151,0.23484848484848486
2023-12-14,Sunny,11,6,17,1,60,1,60,6850,6850,29,17,11,290942.42,92,68,24,215704.89,0.7391304347826086,0.2608695652173913
2023-12-15,Sunny,13,7,20,0,0,3,186,6769,6769,29,20,12,396297.06,119,81,38,283204.94,0.680672268907563,0.31932773109243695
2023-12-16,Sunny,3,7,10,2,123,1,60,6861,6861,28,10,4,131885.74,42,31,11,95192.82,0.7380952380952381,0.2619047619047619
2023-12-17,Sunny,1,9,10,2,123,0,0,6971,6971,26,10,2,76924.8,18,13,5,54388.75,0.7222222222222222,0.2777777777777778
2023-12-18,Sunny,14,5,19,0,0,1,64,6878,6878,27,19,12,426472.45,132,93,39,295825.71,0.7045454545454546,0.29545454545454547
2023-12-19,Sunny,13,6,19,1,61,0,0,6849,6849,27,19,12,438187.62,125,90,35,320703.15,0.72,0.28
2023-12-20,Sunny,14,6,20,0,0,1,61,6755,6755,27,20,13,501230.68,155,94,61,301324.72000000003,0.6064516129032258,0.3935483870967742
2023-12-21,Sunny,11,7,18,2,120,0,0,6781,6781,28,18,10,350353.89,109,94,15,304391.46,0.8623853211009175,0.13761467889908258
2023-12-22,Sunny,11,7,18,0,0,1,62,6722,6722,29,18,10,306795.0,97,59,38,180740.54,0.6082474226804123,0.3917525773195876
2023-12-23,Sunny,4,8,12,0,0,1,60,6682,6682,30,12,5,167250.47,51,40,11,131679.57,0.7843137254901961,0.21568627450980393
2023-12-24,Sunny,1,7,8,3,183,0,0,6853,6853,28,8,2,89658.08,24,12,12,45451.04,0.5,0.5
2023-12-25,Sunny,12,6,18,0,0,0,0,6750,6750,29,18,13,454186.58999999997,144,103,41,328959.61,0.7152777777777778,0.2847222222222222
2023-12-26,Sunny,14,6,20,3,181,3,183,6855,6855,29,20,12,355626.2,116,76,40,233505.46,0.6551724137931034,0.3448275862068966
2023-12-27,Sunny,13,5,18,2,124,2,125,6899,6899,28,18,12,416687.35,134,80,54,248385.57,0.5970149253731343,0.40298507462686567
2023-12-28,Sunny,12,7,19,2,126,1,60,6933,6933,26,19,12,425797.18,136,92,44,288980.5,0.6764705882352942,0.3235294117647059
2023-12-29,Sunny,11,7,18,0,0,2,125,6835,6835,27,18,10,385711.6,116,98,18,334242.72000000003,0.8448275862068966,0.15517241379310345
2023-12-30,Sunny,4,9,13,0,0,2,120,6808,6808,27,13,5,117001.74,33,27,6,99149.46,0.8181818181818182,0.18181818181818182
2023-12-31,Sunny,1,9,10,2,123,0,0,6919,6919,25,10,2,48628.520000000004,13,12,1,44029.520000000004,0.9230769230769231,0.07692307692307693
2024-01-01,Sunny,12,6,18,2,123,2,125,6939,6939,24,18,12,423688.94,137,103,34,316044.23,0.7518248175182481,0.24817518248175183
2024-01-02,Sunny,13,6,19,1,66,2,124,6914,6914,25,19,12,343416.29,118,91,27,265897.6,0.7711864406779662,0.2288135593220339
2024-01-03,Sunny,12,5,17,0,0,3,185,6845,6845,26,17,11,313597.48,92,69,23,235831.88,0.75,0.25
2024-01-04,Sunny,12,6,18,4,245,1,63,6990,6990,23,18,13,403254.77999999997,126,100,26,319635.04,0.7936507936507936,0.20634920634920634
2024-01-05,Sunny,9,6,15,0,0,3,184,6911,6911,25,15,7,303971.06,97,79,18,246634.2,0.8144329896907216,0.18556701030927836
2024-01-06,Sunny,3,9,12,0,0,1,62,6884,6884,25,12,4,142433.19,40,27,13,102369.69,0.675,0.325
2024-01-07,Sunny,1,7,8,2,121,1,60,6987,6987,23,8,2,80090.62,18,18,0,80090.62,1.0,0.0
2024-01-08,Sunny,9,5,14,2,124,0,0,7045,7045,22,14,10,252644.21,81,66,15,204651.66,0.8148148148148148,0.18518518518518517
2024-01-09,Sunny,13,5,18,7,427,1,61,7366,7366,19,18,11,406672.24,133,106,27,320526.86,0.7969924812030075,0.20300751879699247
2024-01-10,Sunny,13,6,19,1,63,1,61,7323,7323,20,19,12,389483.48000000004,118,106,12,347764.42,0.8983050847457628,0.1016949152542373
2024-01-11,Sunny,8,5,13,0,0,2,123,7259,7259,20,13,7,217957.05,74,64,10,188735.97,0.8648648648648649,0.13513513513513514
2024-01-12,Sunny,9,6,15,0,0,2,123,7182,7182,23,15,9,366002.93,112,77,35,256838.1,0.6875,0.3125
2024-01-13,Sunny,3,10,13,1,60,0,0,7215,7215,23,13,3,132666.22,37,27,10,92854.82,0.7297297297297297,0.2702702702702703
2024-01-14,Sunny,1,7,8,0,0,0,0,7197,7197,23,8,2,66145.5,18,18,0,66145.5,1.0,0.0
2024-01-15,Sunny,11,5,16,1,61,2,123,7175,7175,23,16,11,377984.43,114,83,31,287403.07,0.7280701754385965,0.2719298245614035
2024-01-16,Sunny,12,5,17,0,0,1,60,7082,7082,25,17,11,384713.77999999997,117,93,24,312008.84,0.7948717948717948,0.20512820512820512
2024-01-17,Sunny,14,5,19,4,243,0,0,7214,7214,23,19,14,417024.52,133,111,22,349412.06,0.8345864661654135,0.16541353383458646
2024-01-18,Sunny,12,6,18,0,0,2,122,7149,7149,24,18,9,306001.24,93,65,28,223112.66,0.6989247311827957,0.3010752688172043
2024-01-19,Sunny,10,7,17,2,122,2,123,7187,7187,22,17,9,320570.5,94,84,10,288544.86,0.8936170212765957,0.10638297872340426
2024-01-20,Sunny,3,8,11,1,60,0,0,7225,7225,22,11,4,109294.81999999999,33,22,11,78548.28,0.6666666666666666,0.3333333333333333
2024-01-21,Sunny,1,7,8,0,0,0,0,7214,7214,22,8,2,52309.1,13,11,2,44694.68,0.8461538461538461,0.15384615384615385
2024-01-22,Sunny,11,5,16,2,122,0,0,7243,7243,23,16,11,340588.24,114,93,21,282840.5,0.8157894736842105,0.18421052631578946
2024-01-23,Sunny,13,5,18,4,245,0,0,7397,7397,21,18,12,364741.34,116,91,25,294223.66000000003,0.7844827586206896,0.21551724137931033
2024-01-24,Sunny,12,5,17,1,62,1,60,7370,7370,21,17,11,344811.75,110,89,21,277579.23,0.8090909090909091,0.19090909090909092
2024-01-25,Sunny,12,6,18,0,0,1,61,7295,7295,23,18,12,341002.08,111,75,36,234803.58,0.6756756756756757,0.32432432432432434
2024-01-26,Sunny,9,6,15,0,0,2,121,7238,7238,25,15,8,240402.05,73,57,16,187018.41,0.7808219178082192,0.2191780821917808
2024-01-27,Sunny,3,9,12,0,0,1,61,7210,7210,25,12,4,129921.7,31,28,3,123488.65,0.9032258064516129,0.0967741935483871
2024-01-28,Sunny,1,7,8,2,122,0,0,7318,7318,23,8,2,63117.15,16,14,2,55138.8,0.875,0.125
2024-01-29,Sunny,12,5,17,2,123,1,62,7363,7363,24,17,11,351264.56,110,78,32,250292.96,0.7090909090909091,0.2909090909090909
2024-01-30,Sunny,13,5,18,3,181,1,60,7460,7460,23,18,12,360106.38,117,84,33,258436.91,0.717948717948718,0.28205128205128205
2024-01-31,Sunny,12,5,17,0,0,2,123,7377,7377,25,17,11,320492.61,102,83,19,258849.58,0.8137254901960784,0.18627450980392157
2024-02-01,Sunny,13,7,20,1,61,2,122,7330,7330,24,20,14,470408.51,146,108,38,353326.01,0.7397260273972602,0.2602739726027397
2024-02-02,Sunny,12,8,20,1,60,1,61,7298,7298,25,20,11,409300.4,127,92,35,288568.84,0.7244094488188977,0.2755905511811024
2024-02-03,Sunny,4,9,13,0,0,0,0,7266,7266,26,13,5,174950.68,55,32,23,104406.34,0.5818181818181818,0.41818181818181815
2024-02-04,Sunny,1,10,11,2,122,1,61,7369,7369,25,11,2,78492.62,22,19,3,70066.78,0.8636363636363636,0.13636363636363635
2024-02-05,Sunny,12,6,18,0,0,2,123,7273,7273,25,18,11,406537.85000000003,128,96,32,308405.17,0.75,0.25
2024-02-06,Sunny,17,7,24,2,120,2,123,7246,7246,26,24,16,518168.31,166,147,19,445119.86,0.8855421686746988,0.1144578313253012
2024-02-07,Sunny,14,7,21,1,60,3,182,7194,7194,25,21,11,498535.02999999997,154,112,42,369598.71,0.7272727272727273,0.2727272727272727
2024-02-08,Sunny,12,7,19,3,186,1,64,7314,7314,27,19,13,322181.18,103,66,37,202222.86,0.6407766990291263,0.3592233009708738
2024-02-09,Sunny,11,8,19,1,60,1,60,7300,7300,26,19,11,331806.62,101,74,27,238256.05,0.7326732673267327,0.26732673267326734
2024-02-10,Sunny,3,10,13,0,0,1,62,7274,7274,26,13,4,138048.12,37,26,11,93860.46,0.7027027027027027,0.2972972972972973
2024-02-11,Sunny,1,9,10,1,64,0,0,7324,7324,25,10,2,70944.8,18,14,4,54168.1,0.7777777777777778,0.2222222222222222
2024-02-12,Sunny,13,6,19,0,0,2,121,7255,7255,27,19,9,293857.98,93,69,24,217813.18,0.7419354838709677,0.25806451612903225
2024-02-13,Sunny,16,6,22,1,61,2,122,7235,7235,28,22,10,400978.52999999997,125,81,44,273571.04,0.648,0.352
2024-02-14,Sunny,12,6,18,0,0,0,0,7156,7156,29,18,12,397967.96,126,79,47,250041.31,0.626984126984127,0.373015873015873
2024-02-15,Sunny,13,7,20,1,62,1,61,7131,7131,29,20,12,371989.82,127,87,40,252700.68,0.6850393700787402,0.31496062992125984
2024-02-16,Sunny,10,8,18,2,121,1,64,7189,7189,28,18,9,313774.86,88,63,25,229751.08,0.7159090909090909,0.2840909090909091
2024-02-17,Sunny,4,9,13,1,61,1,60,7213,7213,28,13,5,166030.56,46,37,9,132369.88,0.8043478260869565,0.1956521739130435
2024-02-18,Sunny,1,8,9,0,0,0,0,7203,7203,28,9,2,49552.9,13,10,3,39882.76,0.7692307692307693,0.23076923076923078
2024-02-19,Sunny,13,6,19,3,183,1,60,7336,7336,26,19,12,263232.47,86,50,36,157405.17,0.5813953488372093,0.4186046511627907
2024-02-20,Sunny,16,5,21,2,125,2,122,7348,7348,25,21,13,477881.3,149,113,36,358360.49,0.7583892617449665,0.24161073825503357
2024-02-21,Sunny,15,7,22,1,60,1,60,7302,7302,25,22,13,483923.96,144,106,38,358346.47000000003,0.7361111111111112,0.2638888888888889
2024-02-22,Sunny,13,7,20,2,125,0,0,7324,7324,25,20,12,404683.21,123,103,20,339384.5,0.8373983739837398,0.16260162601626016
2024-02-23,Sunny,13,8,21,2,120,0,0,7363,7363,26,21,11,352093.1,111,81,30,252788.72,0.7297297297297297,0.2702702702702703
2024-02-24,Sunny,3,10,13,0,0,1,60,7341,7341,26,13,4,107601.45999999999,29,22,7,77103.7,0.7586206896551724,0.2413793103448276
2024-02-25,Sunny,1,9,10,2,125,1,60,7455,7455,25,10,2,55187.520000000004,14,11,3,39190.520000000004,0.7857142857142857,0.21428571428571427
2024-02-26,Sunny,14,7,21,1,63,2,123,7419,7419,26,21,12,426871.04,134,99,35,317456.63,0.7388059701492538,0.26119402985074625
2024-02-27,Sunny,13,6,19,2,124,2,123,7446,7446,26,19,11,471520.82,146,97,49,311166.47000000003,0.6643835616438356,0.3356164383561644
2024-02-28,Sunny,15,7,22,1,63,0,0,7400,7400,25,22,12,431710.14999999997,139,109,30,327166.97,0.7841726618705036,0.2158273381294964
2024-02-29,Sunny,13,7,20,3,184,0,0,7503,7503,22,20,8,375271.55,115,81,34,263757.06,0.7043478260869566,0.2956521739130435
2024-03-01,Sunny,16,11,27,1,62,0,0,7455,7455,21,27,15,465574.08,140,110,30,359489.86,0.7857142857142857,0.21428571428571427
2024-03-02,Sunny,4,12,16,1,60,0,0,7477,7477,21,16,5,168077.37,48,38,10,137141.61000000002,0.7916666666666666,0.20833333333333334
2024-03-03,Sunny,2,12,14,0,0,0,0,7455,7455,22,14,3,90787.68,25,22,3,76390.68,0.88,0.12
2024-03-04,Sunny,17,8,25,1,61,2,120,7416,7416,24,25,15,434324.17,143,100,43,291954.07,0.6993006993006993,0.3006993006993007
2024-03-05,Sunny,21,8,29,1,61,3,185,7305,7305,23,29,19,619533.29,198,172,26,537971.94,0.8686868686868687,0.13131313131313133
2024-03-06,Sunny,21,8,29,2,123,2,123,7279,7279,25,29,16,629520.03,199,149,50,471827.08999999997,0.7487437185929648,0.25125628140703515
2024-03-07,Sunny,17,11,28,2,123,2,122,7262,7262,24,28,14,524617.0,170,140,30,433934.33,0.8235294117647058,0.17647058823529413
2024-03-08,Sunny,17,11,28,0,0,4,244,7124,7124,24,28,14,550364.88,177,138,39,428871.24,0.7796610169491526,0.22033898305084745
2024-03-09,Sunny,4,15,19,0,0,0,0,7081,7081,24,19,4,196407.06,55,43,12,149508.02,0.7818181818181819,0.21818181818181817
2024-03-10,Sunny,2,12,14,2,123,0,0,7172,7172,24,14,3,143624.8,43,32,11,102464.64,0.7441860465116279,0.2558139534883721
2024-03-11,Sunny,19,9,28,1,60,3,185,7096,7096,24,28,15,587331.65,185,136,49,429328.34,0.7351351351351352,0.2648648648648649
2024-03-12,Sunny,22,9,31,0,0,1,62,6936,6936,25,31,17,603240.15,201,160,41,476736.31,0.7960199004975125,0.20398009950248755
2024-03-13,Sunny,20,10,30,2,122,3,187,6927,6927,25,30,16,563138.27,183,131,52,390271.8,0.7158469945355191,0.28415300546448086
2024-03-14,Sunny,18,9,27,2,123,2,122,6924,6924,25,27,15,540564.95,172,126,46,392495.84,0.7325581395348837,0.26744186046511625
2024-03-15,Sunny,18,11,29,0,0,2,125,6806,6806,26,29,18,579102.6,175,118,57,390863.02,0.6742857142857143,0.32571428571428573
2024-03-16,Sunny,4,14,18,0,0,1,60,6772,6772,26,18,5,148029.38,41,34,7,123662.08,0.8292682926829268,0.17073170731707318
2024-03-17,Sunny,2,12,14,0,0,1,60,6750,6750,26,14,3,90779.45999999999,26,22,4,72115.04000000001,0.8461538461538461,0.15384615384615385
2024-03-18,Sunny,18,9,27,0,0,1,60,6621,6621,28,27,16,533528.84,177,129,48,388405.56,0.7288135593220338,0.2711864406779661
2024-03-19,Sunny,22,9,31,1,60,5,307,6516,6516,28,31,17,805359.9299999999,254,165,89,517143.0,0.6496062992125984,0.35039370078740156
2024-03-20,Sunny,19,9,28,1,61,0,0,6457,6457,29,28,18,566961.27,180,120,60,375762.82,0.6666666666666666,0.3333333333333333
2024-03-21,Sunny,18,9,27,2,121,2,124,6461,6461,29,27,14,529425.14,165,117,48,371620.15,0.7090909090909091,0.2909090909090909
2024-03-22,Sunny,18,11,29,1,61,4,247,6395,6395,28,29,14,537149.47,172,127,45,389136.95,0.7383720930232558,0.2616279069767442
2024-03-23,Sunny,6,11,17,0,0,2,122,6344,6344,32,17,6,223729.55,69,51,18,162900.03,0.7391304347826086,0.2608695652173913
2024-03-24,Sunny,2,13,15,1,62,0,0,6379,6379,33,15,3,124269.22,34,27,7,95071.46,0.7941176470588235,0.20588235294117646
2024-03-25,Sunny,18,9,27,1,60,2,123,6305,6305,35,27,14,640834.59,197,134,63,442194.59,0.6802030456852792,0.3197969543147208
2024-03-26,Sunny,25,8,33,2,123,2,125,6297,6297,35,33,20,680396.92,208,131,77,428797.63,0.6298076923076923,0.3701923076923077
2024-03-27,Sunny,21,9,30,2,122,3,184,6291,6291,35,30,17,718092.74,230,128,102,408091.56,0.5565217391304348,0.4434782608695652
2024-03-28,Sunny,16,10,26,1,61,3,181,6233,6233,35,26,16,500534.86,162,119,43,376602.66000000003,0.7345679012345679,0.2654320987654321
2024-03-29,Sunny,13,10,23,0,0,1,63,6160,6160,35,23,11,383527.33,119,73,46,232205.91,0.6134453781512605,0.3865546218487395
2024-03-30,Sunny,6,11,17,1,61,1,60,6179,6179,35,17,7,260843.08000000002,74,42,32,161503.97,0.5675675675675675,0.43243243243243246
2024-03-31,Sunny,2,12,14,2,123,1,63,6268,6268,34,14,3,173716.39,45,34,11,124403.87,0.7555555555555555,0.24444444444444444
2024-04-01,Sunny,26,12,38,2,123,3,191,6208,6208,34,38,16,818597.08,268,183,85,536404.37,0.6828358208955224,0.31716417910447764
2024-04-02,Sunny,22,11,33,3,182,2,121,6264,6264,35,33,18,575156.32,182,126,56,405273.68,0.6923076923076923,0.3076923076923077
2024-04-03,Sunny,26,14,40,1,64,4,248,6161,6161,35,40,18,858922.52,266,167,99,527096.83,0.6278195488721805,0.37218045112781956
2024-04-04,Sunny,23,12,35,1,60,1,62,6090,6090,40,35,14,702170.04,215,131,84,425511.23,0.6093023255813953,0.39069767441860465
2024-04-05,Sunny,20,13,33,1,62,3,188,6019,6019,40,33,12,657127.26,210,133,77,422655.58,0.6333333333333333,0.36666666666666664
2024-04-06,Sunny,7,17,24,0,0,1,61,5986,5986,40,24,7,227701.07,65,33,32,113248.2,0.5076923076923077,0.49230769230769234
2024-04-07,Sunny,2,17,19,2,121,0,0,6084,6084,38,19,3,149049.35,38,23,15,97200.5,0.6052631578947368,0.39473684210526316
2024-04-08,Sunny,24,11,35,2,122,7,429,6042,6042,40,35,16,804464.52,246,164,82,542823.9,0.6666666666666666,0.3333333333333333
2024-04-09,Sunny,23,11,34,0,0,2,126,5886,5886,42,34,17,770518.18,237,156,81,528131.01,0.6582278481012658,0.34177215189873417
2024-04-10,Sunny,28,11,39,1,61,4,248,5817,5817,42,39,16,657062.72,212,130,82,393622.02,0.6132075471698113,0.3867924528301887
2024-04-11,Sunny,25,14,39,1,64,3,188,5749,5749,42,39,20,728376.69,237,132,105,398650.55,0.5569620253164557,0.4430379746835443
2024-04-12,Sunny,22,14,36,1,60,4,248,5667,5667,44,36,18,628847.46,201,142,59,435157.26,0.7064676616915423,0.2935323383084577
2024-04-13,Sunny,8,17,25,0,0,3,186,5607,5607,47,25,8,311946.38,97,60,37,203513.2,0.6185567010309279,0.38144329896907214
2024-04-14,Sunny,2,19,21,1,60,0,0,5644,5644,46,21,3,155923.53999999998,39,23,16,84530.02,0.5897435897435898,0.41025641025641024
2024-04-15,Sunny,28,9,37,2,122,1,61,5609,5609,49,37,20,941919.86,288,157,131,534043.06,0.5451388888888888,0.4548611111111111
2024-04-16,Sunny,30,11,41,1,60,3,183,5521,5521,50,41,23,793820.08,260,148,112,453594.63,0.5692307692307692,0.4307692307692308
2024-04-17,Sunny,26,13,39,0,0,0,0,5393,5393,52,39,18,713738.15,222,128,94,423683.09,0.5765765765765766,0.42342342342342343
2024-04-18,Sunny,26,12,38,0,0,0,0,5267,5267,55,38,20,705367.59,222,126,96,414524.46,0.5675675675675675,0.43243243243243246
2024-04-19,Sunny,24,16,40,1,60,4,247,5209,5209,55,40,19,707499.87,217,118,99,393134.64,0.543778801843318,0.45622119815668205
2024-04-20,Sunny,6,17,23,1,60,1,60,5228,5228,56,23,7,240732.62,69,41,28,136065.51,0.5942028985507246,0.4057971014492754
2024-04-21,Sunny,2,16,18,2,123,0,0,5334,5334,54,18,3,118437.73,30,17,13,68267.86,0.5666666666666667,0.43333333333333335
2024-04-22,Sunny,26,12,38,2,123,4,251,5321,5321,55,38,20,837119.57,270,136,134,420633.65,0.5037037037037037,0.4962962962962963
2024-04-23,Sunny,27,13,40,0,0,1,61,5193,5193,57,40,17,828095.9,257,128,129,436939.09,0.4980544747081712,0.5019455252918288
2024-04-24,Sunny,27,14,41,0,0,1,61,5090,5090,60,41,19,797410.66,253,103,150,327615.7,0.40711462450592883,0.5928853754940712
2024-04-25,Sunny,24,13,37,1,62,3,185,5022,5022,60,37,18,706854.22,229,130,99,391096.2,0.5676855895196506,0.43231441048034935
2024-04-26,Sunny,21,15,36,0,0,3,192,4939,4939,61,36,20,567201.8,181,83,98,270015.38,0.4585635359116022,0.5414364640883977
2024-04-27,Sunny,7,18,25,0,0,2,121,4887,4887,64,25,7,319646.32,90,52,38,202744.32,0.5777777777777777,0.4222222222222222
2024-04-28,Sunny,3,14,17,2,120,0,0,4992,4992,62,17,4,144490.14,36,15,21,64894.5,0.4166666666666667,0.5833333333333334
2024-04-29,Sunny,26,11,37,3,185,1,60,5057,5057,60,37,15,813243.54,256,120,136,394444.6,0.46875,0.53125
2024-04-30,Sunny,31,12,43,2,123,0,0,5047,5047,61,43,20,812427.18,250,133,117,441720.82,0.532,0.468
2024-05-01,Sunny,29,12,41,2,122,6,384,5004,5004,62,41,18,993866.52,300,165,135,557229.97,0.55,0.45
2024-05-02,Sunny,22,15,37,4,244,1,62,5156,5156,61,37,16,624112.58,212,92,120,265336.81,0.4339622641509434,0.5660377358490566
2024-05-03,Sunny,24,16,40,1,60,0,0,5108,5108,63,40,18,831121.23,256,108,148,368896.95,0.421875,0.578125
2024-05-04,Sunny,8,22,30,0,0,1,64,5062,5062,63,30,8,339210.02,101,46,55,141640.15,0.45544554455445546,0.5445544554455446
2024-05-05,Sunny,3,16,19,3,184,0,0,5220,5220,62,19,4,148363.78,45,26,19,68855.84,0.5777777777777777,0.4222222222222222
2024-05-06,Sunny,25,13,38,2,124,1,60,5256,5256,61,38,21,710670.26,224,88,136,282276.34,0.39285714285714285,0.6071428571428571
2024-05-07,Sunny,25,12,37,3,187,2,123,5322,5322,60,37,20,854235.25,271,121,150,378165.72000000003,0.44649446494464945,0.5535055350553506
2024-05-08,Sunny,29,14,43,2,122,0,0,5351,5351,59,43,24,738288.74,243,93,150,271430.41,0.38271604938271603,0.6172839506172839
2024-05-09,Sunny,27,15,42,2,125,0,0,5371,5371,60,42,21,837006.21,253,105,148,361737.21,0.4150197628458498,0.5849802371541502
2024-05-10,Sunny,25,16,41,1,60,5,304,5297,5297,59,41,18,728334.2,231,134,97,413857.41,0.5800865800865801,0.4199134199134199
2024-05-11,Sunny,8,20,28,1,60,0,0,5331,5331,59,28,7,233220.28,68,26,42,82065.5,0.38235294117647056,0.6176470588235294
2024-05-12,Sunny,2,18,20,2,120,0,0,5442,5442,59,20,2,127783.18,29,9,20,45391.0,0.3103448275862069,0.6896551724137931
2024-05-13,Sunny,27,12,39,4,247,2,121,5521,5521,57,39,20,902006.19,290,168,122,527558.97,0.5793103448275863,0.4206896551724138
2024-05-14,Sunny,27,13,40,0,0,2,122,5404,5404,59,40,16,733784.48,227,117,110,387084.93,0.5154185022026432,0.4845814977973568
2024-05-15,Sunny,26,12,38,1,63,5,304,5325,5325,58,38,19,752863.75,240,142,98,445920.48,0.5916666666666667,0.4083333333333333
2024-05-16,Sunny,25,13,38,3,185,1,60,5379,5379,59,38,18,762724.83,235,131,104,413877.54,0.5574468085106383,0.4425531914893617
2024-05-17,Sunny,23,11,34,2,122,4,244,5379,5379,58,34,19,632128.85,214,122,92,361309.02,0.5700934579439252,0.42990654205607476
2024-05-18,Sunny,7,18,25,0,0,0,0,5341,5341,59,25,8,309677.53,89,38,51,136497.06,0.42696629213483145,0.5730337078651685
2024-05-19,Sunny,2,19,21,2,123,0,0,5441,5441,57,21,2,168351.6,44,23,21,93548.8,0.5227272727272727,0.4772727272727273
2024-05-20,Sunny,29,14,43,2,125,4,251,5393,5393,58,43,23,901172.7,285,173,112,551771.57,0.6070175438596491,0.3929824561403509
2024-05-21,Sunny,29,13,42,3,184,0,0,5450,5450,59,42,18,864648.71,273,127,146,404822.41,0.4652014652014652,0.5347985347985348
2024-05-22,Sunny,27,12,39,2,121,3,191,5421,5421,57,39,17,822317.9400000001,273,150,123,427607.72000000003,0.5494505494505495,0.45054945054945056
2024-05-23,Sunny,23,14,37,1,63,3,182,5351,5351,57,37,18,764544.45,238,133,105,430010.08,0.5588235294117647,0.4411764705882353
2024-05-24,Sunny,23,15,38,1,60,4,254,5280,5280,56,38,17,723246.1,242,131,111,389882.99,0.5413223140495868,0.45867768595041325
2024-05-25,Sunny,8,21,29,1,63,2,122,5281,5281,56,29,8,307204.34,95,62,33,190855.54,0.6526315789473685,0.3473684210526316
2024-05-26,Sunny,3,20,23,3,191,1,60,5444,5444,54,23,4,179163.05,43,28,15,110919.11,0.6511627906976745,0.3488372093023256
2024-05-27,Sunny,29,12,41,2,121,1,61,5447,5447,56,41,20,781513.49,245,118,127,368539.16,0.4816326530612245,0.5183673469387755
2024-05-28,Sunny,32,11,43,5,308,2,121,5583,5583,54,43,21,907351.37,284,172,112,544948.48,0.6056338028169014,0.39436619718309857
2024-05-29,Sunny,27,12,39,1,62,1,60,5539,5539,53,39,19,714718.36,225,106,119,317725.04,0.4711111111111111,0.5288888888888889
2024-05-30,Sunny,25,16,41,3,188,2,121,5599,5599,51,41,17,750635.2,219,128,91,437421.08,0.5844748858447488,0.4155251141552511
2024-05-31,Sunny,25,18,43,1,61,2,127,5501,5501,50,43,21,886455.0,288,159,129,468691.77,0.5520833333333334,0.4479166666666667
2024-06-01,Sunny,7,20,27,0,0,0,0,5460,5460,50,27,7,263986.07,73,41,32,149789.28,0.5616438356164384,0.4383561643835616
2024-06-02,Sunny,2,20,22,7,429,0,0,5853,5853,44,22,3,196708.76,54,36,18,131562.72,0.6666666666666666,0.3333333333333333
2024-06-03,Sunny,27,11,38,2,126,2,121,5843,5843,47,38,17,711750.82,228,136,92,407700.85,0.5964912280701754,0.40350877192982454
2024-06-04,Sunny,28,13,41,4,248,1,61,5904,5904,45,41,20,774280.91,267,187,80,524638.58,0.700374531835206,0.299625468164794
2024-06-05,Sunny,26,14,40,3,188,1,66,5947,5947,45,40,20,683030.47,218,145,73,456819.27,0.6651376146788991,0.3348623853211009
2024-06-06,Sunny,26,16,42,4,248,2,122,6017,6017,47,42,19,894654.79,278,178,100,567991.28,0.6402877697841727,0.3597122302158273
2024-06-07,Sunny,24,14,38,2,126,3,187,6004,6004,48,38,16,673124.11,210,139,71,443772.7,0.6619047619047619,0.3380952380952381
2024-06-08,Sunny,7,21,28,0,0,2,123,5937,5937,50,28,6,328220.32,91,67,24,238939.65,0.7362637362637363,0.26373626373626374
2024-06-09,Sunny,3,17,20,1,61,0,0,5973,5973,50,20,4,174751.4,50,25,25,91155.94,0.5,0.5
2024-06-10,Sunny,24,13,37,3,183,3,183,6026,6026,48,37,16,827833.3200000001,264,130,134,390689.87,0.49242424242424243,0.5075757575757576
2024-06-11,Sunny,32,13,45,0,0,3,181,5899,5899,51,45,22,901396.18,279,127,152,417435.47000000003,0.4551971326164875,0.5448028673835126
2024-06-12,Sunny,27,14,41,0,0,3,188,5753,5753,53,41,19,770761.17,251,146,105,437053.77,0.5816733067729084,0.41832669322709165
2024-06-13,Sunny,25,14,39,4,247,2,120,5878,5878,53,39,15,736728.59,226,122,104,404610.62,0.5398230088495575,0.46017699115044247
2024-06-14,Sunny,24,13,37,1,60,0,0,5787,5787,54,37,17,766980.66,249,151,98,461736.2,0.606425702811245,0.39357429718875503
2024-06-15,Sunny,7,20,27,0,0,1,63,5729,5729,54,27,8,367412.98,104,58,46,202400.02,0.5576923076923077,0.4423076923076923
2024-06-16,Sunny,2,17,19,4,251,0,0,5943,5943,50,19,3,193633.76,53,37,16,127561.36,0.6981132075471698,0.3018867924528302
2024-06-17,Sunny,25,14,39,1,61,3,191,5864,5864,50,39,16,736145.7999999999,226,140,86,460016.07,0.6194690265486725,0.3805309734513274
2024-06-18,Sunny,30,14,44,1,61,3,186,5724,5724,49,44,20,996924.51,323,201,122,609331.93,0.6222910216718266,0.37770897832817335
2024-06-19,Sunny,29,15,44,3,185,0,0,5742,5742,48,44,22,886931.21,278,167,111,535335.35,0.6007194244604317,0.39928057553956836
2024-06-20,Sunny,29,14,43,3,192,6,368,5755,5755,50,43,19,865404.27,283,179,104,537540.97,0.6325088339222615,0.3674911660777385
2024-06-21,Sunny,21,15,36,2,121,3,184,5757,5757,51,36,16,705130.71,205,119,86,422602.17,0.5804878048780487,0.4195121951219512
2024-06-22,Sunny,6,20,26,0,0,1,61,5700,5700,51,26,7,283081.12,77,57,20,214838.71,0.7402597402597403,0.2597402597402597
2024-06-23,Sunny,2,21,23,1,60,0,0,5744,5744,50,23,3,141734.8,33,16,17,74797.14,0.48484848484848486,0.5151515151515151
2024-06-24,Sunny,27,12,39,0,0,0,0,5616,5616,54,39,21,751984.83,238,128,110,404842.51,0.5378151260504201,0.46218487394957986
2024-06-25,Sunny,28,12,40,6,384,5,303,5822,5822,48,40,19,874812.23,277,178,99,570082.0,0.6425992779783394,0.3574007220216607
2024-06-26,Sunny,30,12,42,1,62,3,182,5727,5727,52,42,20,805644.77,267,157,110,468125.11,0.5880149812734082,0.41198501872659177
2024-06-27,Sunny,25,15,40,0,0,2,125,5574,5574,52,40,17,739141.63,234,153,81,490593.42,0.6538461538461539,0.34615384615384615
2024-06-28,Sunny,25,15,40,1,64,2,126,5498,5498,54,40,19,728911.74,236,140,96,440022.28,0.5932203389830508,0.4067796610169492
2024-06-29,Sunny,7,20,27,2,120,0,0,5566,5566,54,27,7,306301.2,90,52,38,170007.7,0.5777777777777777,0.4222222222222222
2024-06-30,Sunny,3,18,21,1,60,1,60,5595,5595,54,21,4,198388.25,55,31,24,115769.47,0.5636363636363636,0.43636363636363634
2024-07-01,Sunny,22,12,34,2,123,2,120,5607,5607,56,34,17,697204.95,219,111,108,355725.12,0.5068493150684932,0.4931506849315068
2024-07-02,Sunny,24,11,35,0,0,0,0,5485,5485,59,35,19,687632.3,231,122,109,355635.95,0.5281385281385281,0.47186147186147187
2024-07-03,Sunny,23,11,34,0,0,0,0,5400,5400,61,34,18,628454.29,203,85,118,268241.5,0.4187192118226601,0.5812807881773399
2024-07-04,Sunny,21,12,33,5,304,2,120,5605,5605,57,33,13,651173.02,197,99,98,332200.32,0.5025380710659898,0.49746192893401014
2024-07-05,Sunny,21,14,35,0,0,4,244,5507,5507,60,35,15,647470.27,198,98,100,325373.53,0.494949494949495,0.5050505050505051
2024-07-06,Sunny,7,17,24,0,0,0,0,5472,5472,61,24,7,228917.16999999998,67,35,32,119252.8,0.5223880597014925,0.47761194029850745
2024-07-07,Sunny,2,17,19,2,121,1,60,5580,5580,61,19,3,115713.85,30,13,17,56747.7,0.43333333333333335,0.5666666666666667
2024-07-08,Sunny,23,11,34,2,122,2,126,5614,5614,61,34,18,603702.2,192,88,104,289468.82,0.4583333333333333,0.5416666666666666
2024-07-09,Sunny,27,11,38,3,184,5,306,5679,5679,59,38,19,882073.73,280,119,161,381337.15,0.425,0.575
2024-07-10,Sunny,25,13,38,1,60,0,0,5626,5626,58,38,19,700179.6,221,113,108,364208.94,0.5113122171945701,0.48868778280542985
2024-07-11,Sunny,22,13,35,4,244,4,248,5754,5754,55,35,14,612877.26,200,116,84,354791.5,0.58,0.42
2024-07-12,Sunny,22,15,37,0,0,2,124,5635,5635,57,37,17,826855.6,245,119,126,423659.16,0.4857142857142857,0.5142857142857142
2024-07-13,Sunny,7,18,25,0,0,0,0,5574,5574,58,25,8,328610.01,99,61,38,193825.56,0.6161616161616161,0.3838383838383838
2024-07-14,Sunny,2,15,17,4,251,0,0,5803,5803,55,17,3,198826.92,52,22,30,90744.56,0.4230769230769231,0.5769230769230769
2024-07-15,Sunny,23,11,34,0,0,0,0,5701,5701,57,34,20,693798.42,210,102,108,338677.25,0.4857142857142857,0.5142857142857142
2024-07-16,Sunny,28,12,40,3,191,0,0,5759,5759,58,40,17,827585.11,269,133,136,408607.55,0.4944237918215613,0.5055762081784386
2024-07-17,Sunny,25,11,36,3,182,3,188,5840,5840,57,36,17,650485.8,204,101,103,322837.51,0.4950980392156863,0.5049019607843137
2024-07-18,Sunny,22,12,34,4,254,1,62,5988,5988,55,34,17,609557.39,199,106,93,325527.12,0.5326633165829145,0.46733668341708545
2024-07-19,Sunny,22,14,36,2,122,1,60,6020,6020,57,36,17,611644.06,196,90,106,280861.37,0.45918367346938777,0.5408163265306123
2024-07-20,Sunny,7,16,23,1,60,1,60,6038,6038,56,23,8,285587.9,79,42,37,153475.63999999998,0.5316455696202531,0.46835443037974683
2024-07-21,Sunny,2,16,18,2,123,0,0,6145,6145,55,18,3,128134.92,29,16,13,69502.02,0.5517241379310345,0.4482758620689655
2024-07-22,Sunny,24,9,33,2,121,0,0,6150,6150,55,33,17,750403.47,237,116,121,374919.71,0.48945147679324896,0.510548523206751
2024-07-23,Sunny,27,12,39,1,60,1,61,6083,6083,55,39,21,766885.76,253,127,126,392308.82,0.5019762845849802,0.4980237154150198
2024-07-24,Sunny,26,11,37,2,121,3,181,6046,6046,54,37,19,797719.13,254,158,96,504482.09,0.6220472440944882,0.3779527559055118
2024-07-25,Sunny,21,12,33,2,127,1,63,6065,6065,53,33,17,664017.49,205,108,97,368973.58,0.526829268292683,0.47317073170731705
2024-07-26,Sunny,22,14,36,1,60,0,0,6005,6005,54,36,17,761297.14,242,120,122,394020.67,0.49586776859504134,0.5041322314049587
2024-07-27,Sunny,6,18,24,0,0,0,0,5978,5978,54,24,6,255848.0,72,27,45,111997.15,0.375,0.625
2024-07-28,Sunny,2,17,19,2,121,1,60,6077,6077,52,19,3,150336.46,40,22,18,91218.38,0.55,0.45
2024-07-29,Sunny,25,11,36,1,61,1,60,6026,6026,51,36,19,721831.09,224,112,112,371567.81,0.5,0.5
2024-07-30,Sunny,24,11,35,1,66,2,123,5938,5938,51,35,16,661710.41,223,154,69,450793.61,0.6905829596412556,0.3094170403587444
2024-07-31,Sunny,24,12,36,1,60,2,130,5869,5869,52,36,19,762005.85,244,129,115,417905.98,0.5286885245901639,0.4713114754098361
2024-08-01,Sunny,21,9,30,3,187,1,61,5946,5946,50,30,16,639875.15,207,110,97,335719.89,0.5314009661835749,0.46859903381642515
2024-08-02,Sunny,17,10,27,2,123,0,0,5965,5965,49,27,16,582361.08,177,104,73,355370.87,0.5875706214689266,0.4124293785310734
2024-08-03,Sunny,6,16,22,0,0,0,0,5926,5926,50,22,7,260901.12,73,39,34,143892.66,0.5342465753424658,0.4657534246575342
2024-08-04,Sunny,2,12,14,4,243,0,0,6134,6134,47,14,3,139996.1,39,35,4,124285.68000000001,0.8974358974358975,0.10256410256410256
2024-08-05,Sunny,20,10,30,3,181,3,186,6173,6173,47,30,18,631567.32,210,142,68,404349.49,0.6761904761904762,0.3238095238095238
2024-08-06,Sunny,22,10,32,3,188,1,60,6253,6253,46,32,19,570343.52,190,108,82,315861.49,0.5684210526315789,0.43157894736842106
2024-08-07,Sunny,22,9,31,2,120,2,125,6268,6268,45,31,17,686472.8,210,105,105,358928.51,0.5,0.5
2024-08-08,Sunny,18,11,29,0,0,2,124,6154,6154,45,29,16,570805.71,178,114,64,363851.51,0.6404494382022472,0.3595505617977528
2024-08-09,Sunny,17,14,31,1,63,2,123,6104,6104,45,31,13,608075.52,185,113,72,364511.62,0.6108108108108108,0.3891891891891892
2024-08-10,Sunny,6,16,22,0,0,1,60,6060,6060,48,22,7,200179.43,57,44,13,156488.67,0.7719298245614035,0.22807017543859648
2024-08-11,Sunny,2,12,14,3,191,0,0,6234,6234,46,14,3,106327.49,28,17,11,70823.25,0.6071428571428571,0.39285714285714285
2024-08-12,Sunny,22,9,31,3,186,2,121,6298,6298,43,31,16,724294.1,222,122,100,402454.46,0.5495495495495496,0.45045045045045046
2024-08-13,Sunny,20,9,29,0,0,2,124,6165,6165,43,29,16,604088.27,192,133,59,440485.04,0.6927083333333334,0.3072916666666667
2024-08-14,Sunny,22,7,29,5,308,3,186,6313,6313,41,29,17,705509.96,226,160,66,501795.89,0.7079646017699115,0.2920353982300885
2024-08-15,Sunny,19,10,29,2,124,0,0,6330,6330,41,29,17,580294.11,172,107,65,368337.04,0.622093023255814,0.37790697674418605
2024-08-16,Sunny,19,13,32,1,61,1,60,6266,6266,42,32,15,720004.02,231,125,106,394152.39,0.5411255411255411,0.4588744588744589
2024-08-17,Sunny,5,16,21,0,0,1,60,6198,6198,43,21,6,282630.37,84,68,16,225416.15,0.8095238095238095,0.19047619047619047
2024-08-18,Sunny,2,13,15,0,0,0,0,6183,6183,45,15,3,129221.24,35,15,20,56460.36,0.42857142857142855,0.5714285714285714
2024-08-19,Sunny,24,10,34,7,424,6,366,6472,6472,41,34,17,626010.82,208,135,73,388680.9,0.6490384615384616,0.35096153846153844
2024-08-20,Sunny,23,10,33,3,182,2,123,6519,6519,40,33,14,625372.27,198,135,63,423530.38,0.6818181818181818,0.3181818181818182
2024-08-21,Sunny,22,10,32,2,125,1,62,6492,6492,40,32,16,690871.24,217,152,65,491106.87,0.7004608294930875,0.2995391705069124
2024-08-22,Sunny,21,11,32,2,126,2,126,6526,6526,39,32,16,612347.05,184,92,92,308890.62,0.5,0.5
2024-08-23,Sunny,19,13,32,0,0,2,122,6418,6418,41,32,16,554991.04,184,108,76,307436.56,0.5869565217391305,0.41304347826086957
2024-08-24,Sunny,5,16,21,1,60,1,60,6436,6436,42,21,6,257434.92,72,42,30,155273.14,0.5833333333333334,0.4166666666666667
2024-08-25,Sunny,2,13,15,2,120,1,60,6525,6525,40,15,3,160217.3,45,31,14,108923.62,0.6888888888888889,0.3111111111111111
2024-08-26,Sunny,19,10,29,0,0,3,187,6399,6399,41,29,14,546251.65,184,126,58,357363.16,0.6847826086956522,0.31521739130434784
2024-08-27,Sunny,21,9,30,0,0,2,128,6263,6263,42,30,17,605494.91,204,136,68,402945.76,0.6666666666666666,0.3333333333333333
2024-08-28,Sunny,22,10,32,2,120,3,183,6245,6245,40,32,20,779230.44,247,138,109,454194.56,0.5587044534412956,0.44129554655870445
2024-08-29,Sunny,19,12,31,2,123,2,120,6263,6263,39,31,16,509685.08,156,105,51,349654.25,0.6730769230769231,0.3269230769230769
2024-08-30,Sunny,18,13,31,0,0,3,182,6169,6169,41,31,14,557666.99,168,94,74,313949.16,0.5595238095238095,0.44047619047619047
2024-08-31,Sunny,5,17,22,1,60,1,60,6175,6175,41,22,6,254261.94,67,54,13,206298.95,0.8059701492537313,0.19402985074626866
2024-09-01,Sunny,2,13,15,2,126,2,124,6271,6271,39,15,3,136022.06,38,30,8,108227.66,0.7894736842105263,0.21052631578947367
2024-09-02,Sunny,17,8,25,5,306,3,184,6461,6461,36,25,13,484177.79,161,116,45,341504.95,0.7204968944099379,0.2795031055900621
2024-09-03,Sunny,19,9,28,0,0,0,0,6336,6336,40,28,14,644399.62,197,125,72,409715.39,0.6345177664974619,0.36548223350253806
2024-09-04,Sunny,21,10,31,4,248,1,66,6463,6463,38,31,16,602589.12,192,121,71,380950.11,0.6302083333333334,0.3697916666666667
2024-09-05,Sunny,19,10,29,2,124,3,185,6436,6436,40,29,14,612579.4400000001,196,151,45,473105.68,0.7704081632653061,0.22959183673469388
2024-09-06,Sunny,16,12,28,0,0,2,124,6339,6339,41,28,13,558795.26,168,97,71,331851.22000000003,0.5773809523809523,0.4226190476190476
2024-09-07,Sunny,5,15,20,0,0,0,0,6300,6300,41,20,6,226456.8,63,39,24,139238.34,0.6190476190476191,0.38095238095238093
2024-09-08,Sunny,2,12,14,0,0,0,0,6285,6285,41,14,3,105047.88,29,15,14,52656.29,0.5172413793103449,0.4827586206896552
2024-09-09,Sunny,19,7,26,0,0,1,61,6184,6184,43,26,17,534191.05,173,101,72,302961.25,0.5838150289017341,0.4161849710982659
2024-09-10,Sunny,23,9,32,3,188,2,130,6211,6211,42,32,15,721533.15,234,161,73,479278.2,0.688034188034188,0.31196581196581197
2024-09-11,Sunny,20,9,29,1,62,2,122,6173,6173,42,29,15,486531.75,157,100,57,314091.46,0.6369426751592356,0.3630573248407643
2024-09-12,Sunny,17,9,26,1,60,4,247,6135,6135,41,26,15,477091.14999999997,155,98,57,297397.51,0.632258064516129,0.36774193548387096
2024-09-13,Sunny,17,11,28,1,60,0,0,6107,6107,41,28,14,493286.87,156,88,68,282007.05,0.5641025641025641,0.4358974358974359
2024-09-14,Sunny,5,13,18,0,0,0,0,6065,6065,42,18,6,226858.51,64,42,22,146362.29,0.65625,0.34375
2024-09-15,Sunny,2,11,13,0,0,0,0,6043,6043,42,13,3,148712.31,39,22,17,87862.7,0.5641025641025641,0.4358974358974359
2024-09-16,Sunny,19,9,28,1,61,1,60,5979,5979,42,28,14,553485.65,182,125,57,383123.43,0.6868131868131868,0.3131868131868132
2024-09-17,Sunny,22,8,30,3,181,3,185,6045,6045,39,30,17,592958.74,190,115,75,348627.92,0.6052631578947368,0.39473684210526316
2024-09-18,Sunny,20,10,30,1,63,3,182,5992,5992,40,30,17,584857.12,187,116,71,357720.96,0.6203208556149733,0.37967914438502676
2024-09-19,Sunny,20,10,30,0,0,2,122,5892,5892,41,30,18,487076.97,158,100,58,306343.25,0.6329113924050633,0.3670886075949367
2024-09-20,Sunny,18,10,28,0,0,1,61,5805,5805,41,28,15,438328.93,142,87,55,268809.93,0.6126760563380281,0.3873239436619718
2024-09-21,Sunny,5,13,18,1,60,0,0,5827,5827,40,18,6,193868.32,57,38,19,129360.58,0.6666666666666666,0.3333333333333333
2024-09-22,Sunny,2,12,14,1,60,0,0,5871,5871,40,14,3,143455.72,37,16,21,69516.66,0.43243243243243246,0.5675675675675675
2024-09-23,Sunny,19,9,28,2,123,2,123,5882,5882,40,28,15,530663.17,178,112,66,322348.61,0.6292134831460674,0.3707865168539326
2024-09-24,Sunny,18,11,29,2,130,2,124,5903,5903,38,29,14,484820.13,156,109,47,338303.97,0.6987179487179487,0.30128205128205127
2024-09-25,Sunny,21,9,30,1,61,3,185,5828,5828,38,30,16,608474.96,198,136,62,424687.53,0.6868686868686869,0.31313131313131315
2024-09-26,Sunny,20,10,30,0,0,2,124,5680,5680,40,30,17,676222.54,209,148,61,479822.12,0.7081339712918661,0.291866028708134
2024-09-27,Sunny,15,12,27,0,0,1,60,5593,5593,41,27,13,476628.77,147,87,60,271428.67,0.5918367346938775,0.40816326530612246
2024-09-28,Sunny,5,14,19,0,0,0,0,5557,5557,41,19,6,218044.07,63,36,27,122785.16,0.5714285714285714,0.42857142857142855
2024-09-29,Sunny,2,12,14,3,186,0,0,5722,5722,38,14,3,137049.94,33,21,12,91627.46,0.6363636363636364,0.36363636363636365
2024-09-30,Sunny,19,8,27,1,60,3,180,5685,5685,38,27,15,557932.8099999999,172,97,75,316029.76,0.563953488372093,0.436046511627907
2024-10-01,Sunny,18,7,25,2,125,2,123,5696,5696,40,25,15,453924.25,147,114,33,353319.71,0.7755102040816326,0.22448979591836735
2024-10-02,Sunny,17,8,25,2,124,2,123,5707,5707,40,25,13,540188.28,180,113,67,344158.82,0.6277777777777778,0.37222222222222223
2024-10-03,Sunny,14,7,21,4,246,1,61,5867,5867,39,21,12,411781.38,135,86,49,268599.1,0.6370370370370371,0.362962962962963
2024-10-04,Sunny,14,9,23,2,123,1,61,5893,5893,38,23,13,429891.48,137,97,40,309018.94,0.708029197080292,0.291970802919708
2024-10-05,Sunny,4,12,16,0,0,1,60,5876,5876,38,16,5,116443.02,37,17,20,46383.8,0.4594594594594595,0.5405405405405406
2024-10-06,Sunny,2,10,12,2,121,0,0,5985,5985,37,12,3,89292.97,23,12,11,51914.75,0.5217391304347826,0.4782608695652174
2024-10-07,Sunny,14,7,21,2,124,0,0,6033,6033,37,21,13,363937.28,114,76,38,246706.91,0.6666666666666666,0.3333333333333333
2024-10-08,Sunny,20,7,27,4,246,4,255,6163,6163,37,27,14,524245.02,163,116,47,377174.9,0.7116564417177914,0.2883435582822086
2024-10-09,Sunny,15,7,22,0,0,3,182,6082,6082,37,22,12,435745.79,142,81,61,246698.31,0.5704225352112676,0.4295774647887324
2024-10-10,Sunny,15,8,23,1,60,2,120,6024,6024,37,23,14,422257.54,141,118,23,344709.1,0.8368794326241135,0.16312056737588654
2024-10-11,Sunny,12,8,20,1,60,2,121,6009,6009,39,20,11,405202.9,121,75,46,257988.09,0.6198347107438017,0.38016528925619836
2024-10-12,Sunny,4,11,15,0,0,1,60,5971,5971,39,15,5,169285.79,50,38,12,129958.75,0.76,0.24
2024-10-13,Sunny,1,11,12,4,243,0,0,6200,6200,35,12,2,65742.66,18,14,4,53100.28,0.7777777777777778,0.2222222222222222
2024-10-14,Sunny,16,7,23,1,60,1,63,6171,6171,36,23,13,375989.36,121,89,32,283971.7,0.7355371900826446,0.2644628099173554
2024-10-15,Sunny,17,7,24,1,62,1,63,6137,6137,35,24,12,524799.78,163,96,67,316021.9,0.588957055214724,0.4110429447852761
2024-10-16,Sunny,14,7,21,2,126,5,302,6159,6159,34,21,14,410378.58999999997,136,104,32,320433.79,0.7647058823529411,0.23529411764705882
2024-10-17,Sunny,15,9,24,2,122,1,62,6160,6160,33,24,11,543633.14,170,121,49,393692.13,0.711764705882353,0.28823529411764703
2024-10-18,Sunny,12,9,21,0,0,1,64,6095,6095,33,21,12,326507.24,99,65,34,216090.99,0.6565656565656566,0.3434343434343434
2024-10-19,Sunny,4,10,14,1,60,1,61,6128,6128,32,14,4,111811.12000000001,34,27,7,89193.84,0.7941176470588235,0.20588235294117646
2024-10-20,Sunny,1,10,11,4,248,0,0,6362,6362,31,11,2,100736.32,25,14,11,53761.04,0.56,0.44
2024-10-21,Sunny,16,7,23,2,128,1,60,6336,6336,30,23,13,566070.63,187,154,33,462936.13,0.8235294117647058,0.17647058823529413
2024-10-22,Sunny,17,7,24,3,183,0,0,6416,6416,29,24,14,456290.16,143,103,40,326902.0,0.7202797202797203,0.27972027972027974
2024-10-23,Sunny,17,8,25,2,120,3,181,6411,6411,28,25,14,495073.14,155,125,30,401275.9,0.8064516129032258,0.1935483870967742
2024-10-24,Sunny,15,8,23,3,182,1,61,6460,6460,27,23,13,552657.59,171,133,38,439211.67,0.7777777777777778,0.2222222222222222
2024-10-25,Sunny,13,9,22,1,60,2,125,6447,6447,26,22,10,332939.81,107,73,34,232908.01,0.6822429906542056,0.3177570093457944
2024-10-26,Sunny,4,10,14,2,124,0,0,6541,6541,26,14,5,130217.08,40,30,10,94936.04,0.75,0.25
2024-10-27,Sunny,1,11,12,3,184,1,60,6707,6707,24,12,2,92880.66,22,18,4,74184.66,0.8181818181818182,0.18181818181818182
2024-10-28,Sunny,16,7,23,0,0,3,188,6591,6591,25,23,14,454736.15,149,116,33,357401.1,0.7785234899328859,0.2214765100671141
2024-10-29,Sunny,19,8,27,1,66,1,64,6513,6513,28,27,16,584533.97,190,144,46,444178.37,0.7578947368421053,0.24210526315789474
2024-10-30,Sunny,16,8,24,2,124,1,61,6522,6522,27,24,15,478917.56,154,115,39,358229.63,0.7467532467532467,0.2532467532467532
2024-10-31,Sunny,14,8,22,2,124,4,245,6521,6521,29,22,13,475339.59,147,125,22,404139.92,0.8503401360544217,0.14965986394557823
2024-11-01,Sunny,13,10,23,0,0,2,120,6441,6441,30,23,11,466676.29,139,80,59,282496.09,0.5755395683453237,0.4244604316546763
2024-11-02,Sunny,4,13,17,0,0,1,60,6399,6399,32,17,5,160101.57,46,42,4,145832.43,0.9130434782608695,0.08695652173913043
2024-11-03,Sunny,2,11,13,1,61,1,60,6426,6426,32,13,3,139431.76,37,34,3,128201.92,0.918918918918919,0.08108108108108109
2024-11-04,Sunny,14,8,22,2,130,0,0,6465,6465,32,22,14,382048.23,116,91,25,299925.02,0.7844827586206896,0.21551724137931033
2024-11-05,Sunny,17,8,25,2,122,4,249,6465,6465,32,25,12,556969.59,179,122,57,378075.52,0.6815642458100558,0.31843575418994413
2024-11-06,Sunny,16,8,24,4,247,1,63,6614,6614,30,24,13,407363.49,133,98,35,294203.62,0.7368421052631579,0.2631578947368421
2024-11-07,Sunny,17,9,26,0,0,0,0,6516,6516,30,26,17,401487.97,138,98,40,277417.18,0.7101449275362319,0.2898550724637681
2024-11-08,Sunny,15,10,25,0,0,1,60,6407,6407,30,25,13,429059.11,138,109,29,341394.63,0.7898550724637681,0.21014492753623187
2024-11-09,Sunny,5,11,16,0,0,0,0,6370,6370,32,16,6,174189.03999999998,51,37,14,132810.28,0.7254901960784313,0.27450980392156865
2024-11-10,Sunny,1,10,11,1,60,0,0,6413,6413,31,11,2,82073.04000000001,20,17,3,71782.9,0.85,0.15
2024-11-11,Sunny,18,6,24,3,185,1,65,6483,6483,30,24,17,558981.5,180,115,65,359496.48,0.6388888888888888,0.3611111111111111
2024-11-12,Sunny,18,8,26,3,182,2,120,6552,6552,32,26,13,554789.44,173,113,60,355679.78,0.653179190751445,0.3468208092485549
2024-11-13,Sunny,17,8,25,2,122,2,131,6562,6562,33,25,17,444125.33,146,112,34,339217.41,0.7671232876712328,0.2328767123287671
2024-11-14,Sunny,16,8,24,1,61,2,122,6492,6492,36,24,15,566820.72,184,131,53,393985.28,0.7119565217391305,0.28804347826086957
2024-11-15,Sunny,12,10,22,0,0,1,60,6393,6393,36,22,11,462030.32,131,99,32,361253.17,0.7557251908396947,0.24427480916030533
2024-11-16,Sunny,5,12,17,0,0,1,60,6359,6359,39,17,5,213865.53,57,34,23,127166.11,0.5964912280701754,0.40350877192982454
2024-11-17,Sunny,2,12,14,2,123,1,61,6468,6468,38,14,3,117716.72,30,14,16,57716.38,0.4666666666666667,0.5333333333333333
2024-11-18,Sunny,17,8,25,2,124,2,123,6489,6489,37,25,14,510663.43,154,103,51,351401.79,0.6688311688311688,0.33116883116883117
2024-11-19,Sunny,19,7,26,3,185,3,183,6528,6528,36,26,16,557061.71,186,146,40,426311.51,0.7849462365591398,0.21505376344086022
2024-11-20,Sunny,16,8,24,2,124,0,0,6550,6550,36,24,12,417400.0,125,102,23,335137.44,0.816,0.184
2024-11-21,Sunny,17,9,26,1,60,2,123,6505,6505,37,26,14,547422.46,163,105,58,360738.73,0.6441717791411042,0.3558282208588957
2024-11-22,Sunny,14,9,23,0,0,0,0,6437,6437,40,23,13,391596.44,125,68,57,205768.53,0.544,0.456
2024-11-23,Sunny,4,11,15,0,0,0,0,6402,6402,41,15,5,147452.87,47,35,12,92697.09,0.7446808510638298,0.2553191489361702
2024-11-24,Sunny,2,10,12,4,240,0,0,6619,6619,40,12,3,118108.7,34,23,11,74067.25,0.6764705882352942,0.3235294117647059
2024-11-25,Sunny,18,7,25,2,123,2,124,6612,6612,38,25,14,582576.5,189,130,59,408225.64,0.6878306878306878,0.31216931216931215
2024-11-26,Sunny,19,8,27,2,123,1,61,6608,6608,39,27,15,600166.04,185,127,58,420629.65,0.6864864864864865,0.31351351351351353
2024-11-27,Sunny,18,7,25,1,61,3,187,6568,6568,41,25,14,534794.78,169,101,68,342129.47,0.5976331360946746,0.40236686390532544
2024-11-28,Sunny,17,6,23,1,61,3,183,6541,6541,41,23,14,413369.9,143,88,55,252014.84,0.6153846153846154,0.38461538461538464
2024-11-29,Sunny,13,9,22,1,60,3,184,6496,6496,41,22,12,477439.68,146,105,41,348532.79,0.7191780821917808,0.2808219178082192
2024-11-30,Sunny,5,11,16,1,61,0,0,6520,6520,41,16,4,210076.58,57,37,20,131899.74,0.6491228070175439,0.3508771929824561
2024-12-01,Sunny,1,9,10,0,0,0,0,6506,6506,41,10,2,81149.15,19,14,5,57563.8,0.7368421052631579,0.2631578947368421
2024-12-02,Sunny,13,6,19,4,255,0,0,6676,6676,37,19,13,374187.3,120,85,35,264255.9,0.7083333333333334,0.2916666666666667
2024-12-03,Sunny,15,4,19,3,182,0,0,6761,6761,36,19,13,429635.38,138,97,41,302765.38,0.7028985507246377,0.2971014492753623
2024-12-04,Sunny,13,6,19,1,60,1,61,6742,6742,35,19,13,412889.7,134,79,55,243599.88,0.5895522388059702,0.41044776119402987
2024-12-05,Sunny,12,7,19,2,121,4,241,6799,6799,33,19,12,340932.08,103,64,39,202841.05,0.6213592233009708,0.3786407766990291
2024-12-06,Sunny,10,6,16,1,60,0,0,6804,6804,34,16,9,274997.27,90,55,35,167443.36,0.6111111111111112,0.3888888888888889
2024-12-07,Sunny,4,9,13,1,60,0,0,6840,6840,34,13,5,138922.02,39,24,15,85504.66,0.6153846153846154,0.38461538461538464
2024-12-08,Sunny,1,8,9,1,63,0,0,6892,6892,33,9,2,78099.45999999999,22,11,11,41585.1,0.5,0.5
2024-12-09,Sunny,14,7,21,2,124,0,0,6926,6926,34,21,13,504994.4,155,90,65,283819.9,0.5806451612903226,0.41935483870967744
2024-12-10,Sunny,14,6,20,4,241,0,0,7064,7064,32,20,12,380178.74,133,103,30,293151.11,0.7744360902255639,0.22556390977443608
2024-12-11,Sunny,14,6,20,1,62,2,123,7029,7029,32,20,13,420045.71,145,97,48,272764.66,0.6689655172413793,0.3310344827586207
2024-12-12,Sunny,12,6,18,1,64,2,120,7044,7044,31,18,11,272428.14,84,49,35,159715.62,0.5833333333333334,0.4166666666666667
2024-12-13,Sunny,10,8,18,1,61,1,61,7047,7047,30,18,9,246220.23,81,58,23,176544.56,0.7160493827160493,0.2839506172839506
2024-12-14,Sunny,3,9,12,0,0,1,62,7020,7020,31,12,4,130965.5,40,27,13,91424.12,0.675,0.325
2024-12-15,Sunny,1,7,8,3,181,1,62,7186,7186,30,8,2,74824.94,20,15,5,55956.8,0.75,0.25
2024-12-16,Sunny,13,5,18,0,0,0,0,7118,7118,32,18,11,401970.01,124,68,56,225006.74,0.5483870967741935,0.45161290322580644
2024-12-17,Sunny,13,5,18,2,121,3,183,7149,7149,31,18,12,424442.94,127,90,37,307700.22000000003,0.7086614173228346,0.29133858267716534
2024-12-18,Sunny,14,7,21,1,61,0,0,7116,7116,31,21,11,363367.89,116,94,22,294262.10000000003,0.8103448275862069,0.1896551724137931
2024-12-19,Sunny,13,7,20,1,64,1,62,7110,7110,30,20,10,336186.59,103,70,33,217688.19,0.6796116504854369,0.32038834951456313
2024-12-20,Sunny,11,7,18,0,0,3,182,7049,7049,31,18,10,313178.57,107,61,46,175407.46,0.5700934579439252,0.42990654205607476
2024-12-21,Sunny,3,8,11,1,60,0,0,7088,7088,30,11,4,109023.54,29,21,8,79509.14,0.7241379310344828,0.27586206896551724
2024-12-22,Sunny,1,8,9,3,188,0,0,7262,7262,28,9,2,64669.8,18,14,4,52369.04,0.7777777777777778,0.2222222222222222
2024-12-23,Sunny,11,6,17,2,124,0,0,7329,7329,29,17,11,262701.02,89,57,32,162879.81,0.6404494382022472,0.3595505617977528
2024-12-24,Sunny,12,6,18,1,61,0,0,7328,7328,29,18,12,283551.48,89,62,27,198290.6,0.6966292134831461,0.30337078651685395
2024-12-25,Sunny,13,6,19,2,124,2,123,7355,7355,30,19,10,406928.13,133,97,36,294940.14,0.7293233082706767,0.2706766917293233
2024-12-26,Sunny,12,7,19,2,120,3,181,7396,7396,29,19,10,385212.85,123,79,44,238013.57,0.6422764227642277,0.35772357723577236
2024-12-27,Sunny,12,8,20,1,60,3,183,7367,7367,28,20,11,338472.48,114,89,25,259482.72,0.7807017543859649,0.21929824561403508
2024-12-28,Sunny,4,9,13,1,60,0,0,7389,7389,27,13,5,174061.28,49,38,11,135952.45,0.7755102040816326,0.22448979591836735
2024-12-29,Sunny,1,9,10,0,0,0,0,7371,7371,27,10,2,97959.45999999999,27,18,9,70065.04000000001,0.6666666666666666,0.3333333333333333
2024-12-30,Sunny,13,6,19,4,249,3,181,7528,7528,23,19,12,337635.18,115,92,23,266249.59,0.8,0.2
2024-12-31,Sunny,14,6,20,1,63,0,0,7502,7502,23,20,14,399484.08,122,89,33,292842.94,0.7295081967213115,0.27049180327868855
2025-01-01,Sunny,12,6,18,0,0,0,0,7441,7441,23,18,12,257875.02,83,61,22,186248.8,0.7349397590361446,0.26506024096385544
2025-01-02,Sunny,10,6,16,0,0,1,61,7365,7365,25,16,9,294322.17,103,76,27,215177.94,0.7378640776699029,0.2621359223300971
2025-01-03,Sunny,10,6,16,0,0,0,0,7300,7300,25,16,11,303335.84,91,65,26,218102.89,0.7142857142857143,0.2857142857142857
2025-01-04,Sunny,3,7,10,0,0,1,60,7265,7265,25,10,4,145483.56,41,35,6,125751.72,0.8536585365853658,0.14634146341463414
2025-01-05,Sunny,1,8,9,1,65,0,0,7312,7312,24,9,2,101121.6,28,18,10,68324.56,0.6428571428571429,0.35714285714285715
2025-01-06,Sunny,12,5,17,2,120,2,123,7347,7347,22,17,11,372561.57,109,85,24,296952.87,0.7798165137614679,0.22018348623853212
2025-01-07,Sunny,10,5,15,2,131,1,61,7406,7406,21,15,10,277461.86,89,72,17,226436.7,0.8089887640449438,0.19101123595505617
2025-01-08,Sunny,10,5,15,2,122,0,0,7447,7447,20,15,10,303896.94,99,81,18,245494.29,0.8181818181818182,0.18181818181818182
2025-01-09,Sunny,12,5,17,1,60,0,0,7425,7425,19,17,10,356493.01,106,82,24,276279.38,0.7735849056603774,0.22641509433962265
2025-01-10,Sunny,11,7,18,1,60,3,181,7403,7403,19,18,11,306611.18,101,82,19,239967.72,0.8118811881188119,0.18811881188118812
2025-01-11,Sunny,3,7,10,2,124,0,0,7497,7497,18,10,4,126427.52,39,30,9,95817.78,0.7692307692307693,0.23076923076923078
2025-01-12,Sunny,1,8,9,2,123,0,0,7606,7606,17,9,2,62060.28,14,14,0,62060.28,1.0,0.0
2025-01-13,Sunny,11,5,16,3,183,1,60,7708,7708,16,16,9,356506.6,110,81,29,258449.21,0.7363636363636363,0.2636363636363636
2025-01-14,Sunny,12,5,17,0,0,0,0,7608,7608,18,17,11,371623.22,115,100,15,329379.18,0.8695652173913043,0.13043478260869565
2025-01-15,Sunny,12,5,17,2,123,0,0,7641,7641,16,17,10,313859.07,103,90,13,281740.87,0.8737864077669902,0.1262135922330097
2025-01-16,Sunny,10,6,16,0,0,2,125,7554,7554,17,16,8,331931.07,102,87,15,280756.46,0.8529411764705882,0.14705882352941177
2025-01-17,Sunny,8,7,15,0,0,1,60,7499,7499,17,15,8,225005.22,64,55,9,193514.8,0.859375,0.140625
2025-01-18,Sunny,3,8,11,0,0,0,0,7476,7476,17,11,4,119571.59,31,23,8,85155.4,0.7419354838709677,0.25806451612903225
2025-01-19,Sunny,1,8,9,2,124,0,0,7579,7579,17,9,2,71886.55,23,21,2,67597.85,0.9130434782608695,0.08695652173913043
2025-01-20,Sunny,10,5,15,1,61,0,0,7568,7568,18,15,10,287121.04,91,72,19,229232.83,0.7912087912087912,0.2087912087912088
2025-01-21,Sunny,12,5,17,2,124,0,0,7595,7595,17,17,11,321419.55,101,97,4,309473.87,0.9603960396039604,0.039603960396039604
2025-01-22,Sunny,12,6,18,3,183,0,0,7689,7689,15,18,10,306094.19,100,89,11,271643.23,0.89,0.11
2025-01-23,Sunny,11,6,17,3,184,1,60,7783,7783,12,17,11,291443.49,101,90,11,258038.87,0.8910891089108911,0.10891089108910891
2025-01-24,Sunny,9,7,16,0,0,0,0,7709,7709,13,16,9,265835.14,84,74,10,233273.26,0.8809523809523809,0.11904761904761904
2025-01-25,Sunny,3,8,11,0,0,0,0,7671,7671,13,11,4,129070.36,39,38,1,124471.36,0.9743589743589743,0.02564102564102564
2025-01-26,Sunny,1,8,9,0,0,1,60,7655,7655,13,9,2,69298.45999999999,21,16,5,51498.2,0.7619047619047619,0.23809523809523808
2025-01-27,Sunny,12,5,17,0,0,0,0,7549,7549,14,17,10,375036.97,125,106,19,323759.06,0.848,0.152
2025-01-28,Sunny,13,6,19,1,61,1,60,7491,7491,15,19,11,420593.2,136,119,17,375684.21,0.875,0.125
2025-01-29,Sunny,12,6,18,4,241,3,181,7643,7643,13,18,11,353008.24,119,89,30,275972.89,0.7478991596638656,0.25210084033613445
2025-01-30,Sunny,12,6,18,0,0,2,121,7535,7535,14,18,11,403335.46,125,108,17,354165.91,0.864,0.136
2025-01-31,Sunny,11,6,17,0,0,3,186,7444,7444,15,17,8,314253.23,103,91,12,281603.4,0.883495145631068,0.11650485436893204
2025-02-01,Sunny,4,9,13,0,0,0,0,7409,7409,15,13,4,133058.02,39,35,4,120908.5,0.8974358974358975,0.10256410256410256
2025-02-02,Sunny,1,9,10,0,0,0,0,7388,7388,15,10,2,91200.94,24,21,3,80451.56,0.875,0.125
2025-02-03,Sunny,12,5,17,0,0,0,0,7294,7294,15,17,9,341730.19,100,94,6,322077.0,0.94,0.06
2025-02-04,Sunny,14,6,20,2,123,2,121,7321,7321,15,20,13,345840.38,108,96,12,305459.19,0.8888888888888888,0.1111111111111111
2025-02-05,Sunny,12,6,18,2,120,2,124,7363,7363,14,18,10,276525.28,97,78,19,226848.94,0.8041237113402062,0.1958762886597938
2025-02-06,Sunny,13,7,20,1,61,4,241,7326,7326,16,20,12,346953.23,112,98,14,302890.98,0.875,0.125
2025-02-07,Sunny,12,7,19,1,62,2,122,7312,7312,17,19,12,317862.43,99,76,23,232032.51,0.7676767676767676,0.23232323232323232
2025-02-08,Sunny,4,9,13,2,123,0,0,7403,7403,18,13,5,136180.84,38,32,6,114725.44,0.8421052631578947,0.15789473684210525
2025-02-09,Sunny,1,8,9,0,0,1,61,7383,7383,18,9,2,77582.5,21,20,1,72983.5,0.9523809523809523,0.047619047619047616
2025-02-10,Sunny,13,6,19,3,183,1,60,7467,7467,16,19,13,377413.28,115,99,16,319080.45,0.8608695652173913,0.1391304347826087
2025-02-11,Sunny,15,6,21,0,0,2,124,7343,7343,17,21,15,472671.08,150,124,26,390813.96,0.8266666666666667,0.17333333333333334
2025-02-12,Sunny,14,7,21,1,62,0,0,7279,7279,19,21,12,473913.33,145,126,19,410967.27,0.8689655172413793,0.1310344827586207
2025-02-13,Sunny,15,7,22,3,182,4,246,7354,7354,18,22,15,373538.25,122,107,15,325579.39,0.8770491803278688,0.12295081967213115
2025-02-14,Sunny,13,8,21,0,0,2,123,7248,7248,19,21,13,400554.95,129,106,23,324462.57,0.8217054263565892,0.17829457364341086
2025-02-15,Sunny,3,9,12,0,0,2,121,7220,7220,19,12,4,136685.05,33,28,5,118618.3,0.8484848484848485,0.15151515151515152
2025-02-16,Sunny,1,9,10,0,0,1,60,7208,7208,19,10,2,67876.9,17,12,5,51736.76,0.7058823529411765,0.29411764705882354
2025-02-17,Sunny,13,6,19,0,0,4,242,7123,7123,19,19,13,350271.56,111,85,26,274962.92,0.7657657657657657,0.23423423423423423
2025-02-18,Sunny,14,6,20,1,62,2,120,7054,7054,20,20,13,517795.88,158,131,27,432931.0,0.8291139240506329,0.17088607594936708
2025-02-19,Sunny,15,7,22,3,181,2,120,7126,7126,19,22,13,478774.57,147,109,38,349597.99,0.7414965986394558,0.2585034013605442
2025-02-20,Sunny,13,7,20,3,183,1,61,7229,7229,16,20,14,323513.09,101,80,21,254559.08000000002,0.7920792079207921,0.2079207920792079
2025-02-21,Sunny,12,8,20,0,0,1,62,7116,7116,18,20,12,406501.65,129,113,16,357079.83,0.875968992248062,0.12403100775193798
2025-02-22,Sunny,4,10,14,0,0,0,0,7081,7081,18,14,5,149350.3,44,35,9,122695.88,0.7954545454545454,0.20454545454545456
2025-02-23,Sunny,1,8,9,3,181,0,0,7249,7249,18,9,2,63951.9,14,13,1,59352.9,0.9285714285714286,0.07142857142857142
2025-02-24,Sunny,13,7,20,0,0,1,60,7155,7155,20,20,13,333551.99,110,94,16,280735.9,0.8545454545454545,0.14545454545454545
2025-02-25,Sunny,15,6,21,0,0,0,0,7032,7032,22,21,12,477820.47,152,123,29,384956.25,0.8092105263157895,0.19078947368421054
2025-02-26,Sunny,12,6,18,1,61,0,0,7010,7010,23,18,11,324582.87,105,83,22,251353.03,0.7904761904761904,0.20952380952380953
2025-02-27,Sunny,12,7,19,0,0,0,0,6933,6933,25,19,10,338780.16000000003,107,77,30,239439.62,0.719626168224299,0.2803738317757009
2025-02-28,Sunny,12,7,19,1,60,1,62,6923,6923,25,19,11,316033.61,99,70,29,218914.74,0.7070707070707071,0.29292929292929293
2025-03-01,Sunny,5,14,19,0,0,2,122,6876,6876,25,19,6,249638.52000000002,65,47,18,194773.4,0.7230769230769231,0.27692307692307694
2025-03-02,Sunny,1,11,12,2,123,0,0,6981,6981,25,12,2,87977.56,23,18,5,67877.8,0.782608695652174,0.21739130434782608
2025-03-03,Sunny,17,9,26,1,61,2,126,6925,6925,24,26,15,463815.53,148,117,31,366811.77,0.7905405405405406,0.20945945945945946
2025-03-04,Sunny,20,8,28,0,0,3,183,6767,6767,26,28,16,666280.64,217,158,59,486381.98,0.728110599078341,0.271889400921659
2025-03-05,Sunny,17,10,27,0,0,4,246,6661,6661,27,27,16,460083.69,150,106,44,321826.74,0.7066666666666667,0.29333333333333333
2025-03-06,Sunny,17,9,26,3,181,3,183,6727,6727,26,26,13,450755.99,150,115,35,340199.04,0.7666666666666667,0.23333333333333334
2025-03-07,Sunny,15,10,25,0,0,3,185,6604,6604,28,25,14,500008.92,169,123,46,360741.03,0.727810650887574,0.27218934911242604
2025-03-08,Sunny,4,13,17,0,0,0,0,6572,6572,28,17,5,163244.64,44,32,12,119945.98,0.7272727272727273,0.2727272727272727
2025-03-09,Sunny,2,12,14,1,60,0,0,6618,6618,27,14,3,105043.44,29,14,15,51616.1,0.4827586206896552,0.5172413793103449
2025-03-10,Sunny,18,10,28,0,0,3,185,6497,6497,28,28,15,543563.85,173,121,52,381369.11,0.6994219653179191,0.30057803468208094
2025-03-11,Sunny,19,9,28,0,0,4,247,6381,6381,29,28,15,470656.37,157,116,41,357145.98,0.7388535031847133,0.2611464968152866
2025-03-12,Sunny,21,8,29,2,125,3,180,6377,6377,29,29,16,590727.72,196,129,67,395759.8,0.6581632653061225,0.34183673469387754
2025-03-13,Sunny,17,9,26,1,60,2,120,6333,6333,29,26,16,520241.93,156,104,52,343949.83,0.6666666666666666,0.3333333333333333
2025-03-14,Sunny,17,11,28,0,0,4,246,6206,6206,33,28,13,495268.4,146,127,19,431468.65,0.8698630136986302,0.13013698630136986
2025-03-15,Sunny,6,13,19,0,0,1,60,6142,6142,35,19,7,240272.0,73,64,9,207777.49,0.8767123287671232,0.1232876712328767
2025-03-16,Sunny,2,11,13,0,0,1,60,6112,6112,35,13,3,112348.8,33,30,3,97351.8,0.9090909090909091,0.09090909090909091
2025-03-17,Sunny,19,8,27,0,0,2,121,6008,6008,36,27,14,532789.16,173,104,69,319233.48,0.6011560693641619,0.3988439306358382
2025-03-18,Sunny,20,7,27,0,0,2,122,5862,5862,38,27,15,714793.84,220,146,74,486305.56,0.6636363636363637,0.33636363636363636
2025-03-19,Sunny,17,8,25,1,60,2,123,5845,5845,38,25,13,417273.79,130,77,53,246335.61,0.5923076923076923,0.4076923076923077
2025-03-20,Sunny,19,10,29,0,0,3,184,5734,5734,40,29,16,592375.19,180,111,69,377223.54,0.6166666666666667,0.38333333333333336
2025-03-21,Sunny,13,11,24,0,0,2,125,5665,5665,43,24,12,443280.39,134,69,65,225151.77,0.5149253731343284,0.48507462686567165
2025-03-22,Sunny,5,13,18,1,60,0,0,5684,5684,43,18,6,210417.4,64,41,23,131433.9,0.640625,0.359375
2025-03-23,Sunny,2,13,15,0,0,1,60,5674,5674,44,15,3,129805.54000000001,35,10,25,45906.84,0.2857142857142857,0.7142857142857143
2025-03-24,Sunny,18,7,25,1,60,3,183,5653,5653,45,25,17,527506.94,168,81,87,248469.32,0.48214285714285715,0.5178571428571429
2025-03-25,Sunny,20,8,28,3,181,4,243,5687,5687,43,28,14,680285.32,228,147,81,432844.14,0.6447368421052632,0.35526315789473684
2025-03-26,Sunny,18,8,26,2,121,0,0,5719,5719,43,26,16,523138.58,167,89,78,284907.86,0.5329341317365269,0.46706586826347307
2025-03-27,Sunny,17,9,26,3,186,1,60,5819,5819,42,26,13,472327.43,154,86,68,251748.04,0.5584415584415584,0.44155844155844154
2025-03-28,Sunny,19,9,28,0,0,1,63,5691,5691,44,28,18,638627.27,209,128,81,375697.75,0.6124401913875598,0.3875598086124402
2025-03-29,Sunny,5,14,19,0,0,0,0,5669,5669,44,19,6,163001.02,48,22,26,78521.44,0.4583333333333333,0.5416666666666666
2025-03-30,Sunny,2,14,16,0,0,0,0,5649,5649,44,16,3,108754.56,28,20,8,72913.8,0.7142857142857143,0.2857142857142857
2025-03-31,Sunny,17,9,26,2,121,2,124,5705,5705,43,26,16,422597.61,131,65,66,199287.71,0.4961832061068702,0.5038167938931297
2025-04-01,Sunny,28,12,40,2,124,2,123,5660,5660,44,40,18,846092.78,271,169,102,541901.86,0.6236162361623616,0.3763837638376384
2025-04-02,Sunny,27,13,40,4,241,2,123,5736,5736,40,40,19,866814.91,272,165,107,520487.62,0.6066176470588235,0.39338235294117646
2025-04-03,Sunny,26,11,37,2,122,3,185,5701,5701,41,37,18,744008.1,243,157,86,482746.86,0.6460905349794238,0.35390946502057613
2025-04-04,Sunny,19,13,32,0,0,3,190,5599,5599,42,32,15,576097.96,185,102,83,302973.41,0.5513513513513514,0.4486486486486487
2025-04-05,Sunny,7,17,24,1,61,0,0,5613,5613,42,24,8,276857.18,77,47,30,174635.72,0.6103896103896104,0.38961038961038963
2025-04-06,Sunny,2,15,17,1,60,1,60,5661,5661,41,17,3,132529.28,34,12,22,52210.020000000004,0.35294117647058826,0.6470588235294118
2025-04-07,Sunny,26,11,37,2,124,1,61,5631,5631,41,37,16,768670.28,257,154,103,450685.64,0.5992217898832685,0.40077821011673154
2025-04-08,Sunny,27,12,39,0,0,3,182,5497,5497,44,39,20,761486.86,245,134,111,420584.74,0.5469387755102041,0.4530612244897959
2025-04-09,Sunny,26,11,37,4,246,4,255,5586,5586,43,37,20,831923.26,273,157,116,471483.75,0.575091575091575,0.4249084249084249
2025-04-10,Sunny,24,12,36,3,183,1,64,5609,5609,43,36,16,710443.45,240,160,80,473909.26,0.6666666666666666,0.3333333333333333
2025-04-11,Sunny,20,13,33,2,121,2,122,5606,5606,44,33,15,598986.25,194,124,70,388862.3,0.6391752577319587,0.36082474226804123
2025-04-12,Sunny,7,18,25,1,60,0,0,5602,5602,45,25,8,318014.49,90,64,26,226586.34,0.7111111111111111,0.28888888888888886
2025-04-13,Sunny,2,18,20,4,242,0,0,5816,5816,44,20,3,170986.07,40,28,12,118672.55,0.7,0.3
2025-04-14,Sunny,26,10,36,2,120,4,244,5772,5772,45,36,18,829807.59,261,164,97,540387.39,0.6283524904214559,0.3716475095785441
2025-04-15,Sunny,27,12,39,2,120,0,0,5726,5726,45,39,20,789540.18,255,166,89,509569.23,0.6509803921568628,0.34901960784313724
2025-04-16,Sunny,28,12,40,1,61,4,249,5627,5627,46,40,18,800919.51,252,160,92,504325.48,0.6349206349206349,0.36507936507936506
2025-04-17,Sunny,26,12,38,1,62,2,122,5554,5554,45,38,18,736823.28,237,135,102,425326.73,0.569620253164557,0.43037974683544306
2025-04-18,Sunny,20,14,34,0,0,1,60,5441,5441,48,34,15,537091.91,175,113,62,339650.94,0.6457142857142857,0.35428571428571426
2025-04-19,Sunny,6,17,23,0,0,0,0,5396,5396,48,23,6,260857.9,76,45,31,158001.37,0.5921052631578947,0.40789473684210525
2025-04-20,Sunny,3,18,21,0,0,1,62,5365,5365,49,21,4,166183.15,47,31,16,111551.37,0.6595744680851063,0.3404255319148936
2025-04-21,Sunny,27,11,38,1,61,1,60,5282,5282,50,38,20,715330.09,237,144,93,440855.93,0.6075949367088608,0.3924050632911392
2025-04-22,Sunny,29,11,40,0,0,3,188,5132,5132,51,40,22,897414.02,278,150,128,515146.39,0.539568345323741,0.460431654676259
2025-04-23,Sunny,26,10,36,0,0,4,243,4987,4987,51,36,17,754545.51,240,145,95,448155.06,0.6041666666666666,0.3958333333333333
2025-04-24,Sunny,25,10,35,1,62,3,191,4907,4907,52,35,20,734984.41,236,142,94,429337.48,0.6016949152542372,0.3983050847457627
2025-04-25,Sunny,21,16,37,2,122,2,122,4898,4898,52,37,17,713543.33,221,131,90,429474.95,0.5927601809954751,0.4072398190045249
2025-04-26,Sunny,7,20,27,0,0,1,60,4846,4846,54,27,7,290326.32,85,52,33,176622.34,0.611764705882353,0.38823529411764707
2025-04-27,Sunny,2,18,20,2,126,0,0,4941,4941,53,20,3,216649.06,57,31,26,122347.57,0.543859649122807,0.45614035087719296
2025-04-28,Sunny,27,10,37,3,183,4,247,4985,4985,51,37,20,740842.25,241,139,102,448661.73,0.5767634854771784,0.42323651452282157
2025-04-29,Sunny,27,11,38,4,246,6,373,5081,5081,52,38,18,834214.04,269,150,119,466102.15,0.5576208178438662,0.4423791821561338
2025-04-30,Sunny,25,13,38,3,183,3,193,5146,5146,51,38,18,719008.57,236,118,118,371240.61,0.5,0.5
2025-05-01,Sunny,27,17,44,2,124,2,123,5114,5114,52,44,20,833051.15,246,156,90,525232.22,0.6341463414634146,0.36585365853658536
2025-05-02,Sunny,23,17,40,0,0,3,182,4986,4986,56,40,20,705475.74,229,128,101,403936.18,0.5589519650655022,0.4410480349344978
2025-05-03,Sunny,8,20,28,0,0,1,63,4935,4935,56,28,9,322639.09,95,51,44,169887.03,0.5368421052631579,0.4631578947368421
2025-05-04,Sunny,3,19,22,3,185,1,61,5082,5082,55,22,4,222946.95,57,38,19,146336.66,0.6666666666666666,0.3333333333333333
2025-05-05,Sunny,24,13,37,4,247,5,307,5210,5210,53,37,17,722700.74,239,119,120,372229.86,0.497907949790795,0.502092050209205
2025-05-06,Sunny,30,12,42,3,180,1,62,5267,5267,54,42,19,908221.7,281,123,158,411350.82,0.4377224199288256,0.5622775800711743
2025-05-07,Sunny,29,14,43,2,120,1,60,5232,5232,53,43,20,844575.16,276,155,121,468315.21,0.5615942028985508,0.4384057971014493
2025-05-08,Sunny,23,14,37,5,306,2,124,5438,5438,51,37,16,712909.97,234,100,134,292839.75,0.42735042735042733,0.5726495726495726
2025-05-09,Sunny,23,16,39,3,180,1,63,5505,5505,53,39,17,778279.92,223,113,110,404146.64,0.5067264573991032,0.49327354260089684
2025-05-10,Sunny,7,19,26,1,60,0,0,5513,5513,53,26,8,346103.77,102,52,50,169639.17,0.5098039215686274,0.49019607843137253
2025-05-11,Sunny,3,19,22,2,121,0,0,5607,5607,52,22,4,175485.13,48,27,21,100694.73,0.5625,0.4375
2025-05-12,Sunny,25,12,37,2,122,3,188,5610,5610,51,37,17,764826.28,237,119,118,384031.74,0.5021097046413502,0.4978902953586498
2025-05-13,Sunny,33,12,45,2,123,7,429,5577,5577,49,45,22,822414.83,265,156,109,473553.2,0.5886792452830188,0.41132075471698115
2025-05-14,Sunny,30,14,44,3,184,0,0,5614,5614,50,44,20,829469.5,267,147,120,459993.65,0.550561797752809,0.449438202247191
2025-05-15,Sunny,30,12,42,2,125,1,61,5607,5607,52,42,23,822197.55,267,132,135,401985.95,0.4943820224719101,0.5056179775280899
2025-05-16,Sunny,24,18,42,0,0,4,247,5490,5490,57,42,18,844518.39,242,117,125,420846.52999999997,0.4834710743801653,0.5165289256198347
2025-05-17,Sunny,7,21,28,1,60,2,122,5501,5501,56,28,8,338457.36,90,49,41,186539.01,0.5444444444444444,0.45555555555555555
2025-05-18,Sunny,2,15,17,2,123,0,0,5614,5614,54,17,3,135130.72,34,10,24,46701.9,0.29411764705882354,0.7058823529411765
2025-05-19,Sunny,28,12,40,2,123,0,0,5594,5594,52,40,21,735909.12,235,143,92,433935.87,0.6085106382978723,0.39148936170212767
2025-05-20,Sunny,27,14,41,0,0,4,246,5455,5455,55,41,19,799086.67,247,139,108,432066.03,0.562753036437247,0.43724696356275305
2025-05-21,Sunny,31,13,44,1,60,0,0,5346,5346,56,44,20,1046061.0599999999,326,169,157,539531.84,0.5184049079754601,0.4815950920245399
2025-05-22,Sunny,26,11,37,1,63,3,185,5268,5268,56,37,20,786339.96,252,141,111,426186.59,0.5595238095238095,0.44047619047619047
2025-05-23,Sunny,26,17,43,0,0,1,60,5144,5144,59,43,18,682014.22,219,124,95,380618.25,0.5662100456621004,0.4337899543378995
2025-05-24,Sunny,8,20,28,0,0,1,61,5098,5098,60,28,8,359258.95,108,46,62,164018.88,0.42592592592592593,0.5740740740740741
2025-05-25,Sunny,3,19,22,2,124,1,60,5211,5211,59,22,4,127840.8,29,11,18,50635.38,0.3793103448275862,0.6206896551724138
2025-05-26,Sunny,31,12,43,2,123,2,120,5213,5213,60,43,20,835541.28,257,121,136,365258.62,0.4708171206225681,0.5291828793774319
2025-05-27,Sunny,29,11,40,2,123,1,61,5192,5192,60,40,24,736724.73,243,144,99,425396.01,0.5925925925925926,0.4074074074074074
2025-05-28,Sunny,29,15,44,3,185,3,185,5250,5250,58,44,20,815507.2,261,127,134,380499.25,0.48659003831417624,0.5134099616858238
2025-05-29,Sunny,28,14,42,3,190,3,183,5296,5296,58,42,22,936378.98,295,144,151,435254.77,0.488135593220339,0.511864406779661
2025-05-30,Sunny,22,12,34,0,0,1,61,5193,5193,60,34,16,692908.82,216,103,113,331788.26,0.47685185185185186,0.5231481481481481
2025-05-31,Sunny,8,18,26,1,60,0,0,5194,5194,60,26,8,321368.22,104,59,45,171845.36,0.5673076923076923,0.4326923076923077
2025-06-01,Sunny,2,20,22,1,61,0,0,5237,5237,59,22,3,161993.98,40,18,22,68793.16,0.45,0.55
2025-06-02,Sunny,24,14,38,3,182,0,0,5317,5317,57,38,17,731778.84,224,102,122,337719.88,0.45535714285714285,0.5446428571428571
2025-06-03,Sunny,30,13,43,4,255,4,248,5407,5407,54,43,22,953278.59,305,165,140,512332.41000000003,0.5409836065573771,0.45901639344262296
2025-06-04,Sunny,27,14,41,1,64,3,180,5349,5349,55,41,19,761204.42,236,122,114,376577.78,0.5169491525423728,0.4830508474576271
2025-06-05,Sunny,22,16,38,2,122,0,0,5381,5381,56,38,18,621676.9299999999,191,90,101,305625.97000000003,0.4712041884816754,0.5287958115183246
2025-06-06,Sunny,24,17,41,0,0,1,60,5266,5266,58,41,20,702024.71,221,115,106,375486.66000000003,0.5203619909502263,0.4796380090497738
2025-06-07,Sunny,8,19,27,0,0,0,0,5231,5231,59,27,9,306125.85,91,35,56,125478.12,0.38461538461538464,0.6153846153846154
2025-06-08,Sunny,2,17,19,5,309,1,60,5517,5517,55,19,3,142104.25,36,23,13,83136.55,0.6388888888888888,0.3611111111111111
2025-06-09,Sunny,27,14,41,1,60,1,62,5458,5458,59,41,21,785465.02,244,119,125,384234.91000000003,0.48770491803278687,0.5122950819672131
2025-06-10,Sunny,32,11,43,4,249,3,189,5539,5539,56,43,20,827765.87,271,168,103,485658.38,0.6199261992619927,0.3800738007380074
2025-06-11,Sunny,32,13,45,2,122,3,186,5494,5494,56,45,18,833603.46,267,167,100,501042.36,0.6254681647940075,0.37453183520599254
2025-06-12,Sunny,26,14,40,1,60,3,180,5412,5412,56,40,20,745948.77,237,142,95,449650.75,0.5991561181434599,0.4008438818565401
2025-06-13,Sunny,19,16,35,1,61,3,192,5365,5365,58,35,15,567378.72,181,108,73,325040.55,0.5966850828729282,0.40331491712707185
2025-06-14,Sunny,9,20,29,1,62,0,0,5378,5378,57,29,10,372412.82,104,49,55,175845.54,0.47115384615384615,0.5288461538461539
2025-06-15,Sunny,2,18,20,1,60,0,0,5419,5419,56,20,3,131147.94,34,19,15,76475.66,0.5588235294117647,0.4411764705882353
2025-06-16,Sunny,24,12,36,3,188,1,67,5490,5490,55,36,17,723828.62,231,117,114,364578.76,0.5064935064935064,0.4935064935064935
2025-06-17,Sunny,31,12,43,4,243,3,188,5580,5580,53,43,22,851517.28,278,153,125,459389.98,0.5503597122302158,0.44964028776978415
2025-06-18,Sunny,28,12,40,2,126,0,0,5560,5560,55,40,18,835604.9,255,146,109,468644.94,0.5725490196078431,0.42745098039215684
2025-06-19,Sunny,30,13,43,1,62,2,123,5483,5483,55,43,19,817949.22,261,139,122,421918.38,0.5325670498084292,0.4674329501915709
2025-06-20,Sunny,24,14,38,1,60,0,0,5436,5436,56,38,19,752099.07,234,107,127,345414.73,0.45726495726495725,0.5427350427350427
2025-06-21,Sunny,7,19,26,0,0,0,0,5393,5393,57,26,6,329681.34,94,43,51,154132.61,0.4574468085106383,0.5425531914893617
2025-06-22,Sunny,2,17,19,4,247,1,62,5614,5614,55,19,3,181935.85,49,26,23,95026.76,0.5306122448979592,0.46938775510204084
2025-06-23,Sunny,28,12,40,6,375,1,60,5859,5859,51,40,20,664681.7,210,130,80,407809.47000000003,0.6190476190476191,0.38095238095238093
2025-06-24,Sunny,30,14,44,3,193,3,185,5890,5890,50,44,22,803013.75,257,162,95,499958.31,0.6303501945525292,0.36964980544747084
2025-06-25,Sunny,30,13,43,2,123,3,187,5814,5814,50,43,19,976652.9,314,199,115,601682.63,0.6337579617834395,0.3662420382165605
2025-06-26,Sunny,26,13,39,3,182,3,188,5874,5874,50,39,19,671724.6,223,122,101,360247.29,0.547085201793722,0.452914798206278
2025-06-27,Sunny,25,15,40,4,245,1,67,5990,5990,51,40,20,677965.03,206,129,77,421594.01,0.6262135922330098,0.3737864077669903
2025-06-28,Sunny,7,19,26,1,61,0,0,6000,6000,51,26,7,251981.78,76,51,25,174199.24,0.6710526315789473,0.32894736842105265
2025-06-29,Sunny,3,16,19,5,307,0,0,6274,6274,46,19,4,171443.9,46,33,13,122269.54000000001,0.717391304347826,0.2826086956521739
2025-06-30,Sunny,28,11,39,1,62,3,182,6191,6191,47,39,19,750212.0,242,145,97,456685.84,0.5991735537190083,0.40082644628099173
2025-07-01,Sunny,29,10,39,1,60,3,185,6047,6047,47,39,18,880864.85,290,204,86,615323.11,0.7034482758620689,0.296551724137931
2025-07-02,Sunny,25,9,34,2,124,4,250,6031,6031,45,34,18,662756.25,214,140,74,443791.05,0.6542056074766355,0.34579439252336447
2025-07-03,Sunny,21,12,33,0,0,2,125,5904,5904,48,33,19,662442.73,204,127,77,419406.01,0.6225490196078431,0.37745098039215685
2025-07-04,Sunny,24,14,38,0,0,1,63,5756,5756,51,38,17,713727.75,235,148,87,453529.39,0.6297872340425532,0.3702127659574468
2025-07-05,Sunny,6,16,22,0,0,1,60,5707,5707,52,22,6,276648.02,72,49,23,190662.23,0.6805555555555556,0.3194444444444444
2025-07-06,Sunny,2,16,18,3,188,1,63,5878,5878,49,18,3,141141.91999999998,37,17,20,65595.01,0.4594594594594595,0.5405405405405406
2025-07-07,Sunny,28,11,39,4,247,2,123,5989,5989,48,39,22,723850.6900000001,232,136,96,433613.77,0.5862068965517241,0.41379310344827586
2025-07-08,Sunny,28,11,39,0,0,3,189,5850,5850,48,39,20,766407.4,238,139,99,453829.16,0.5840336134453782,0.41596638655462187
2025-07-09,Sunny,28,11,39,1,61,4,253,5751,5751,51,39,19,781777.62,256,160,96,486390.1,0.625,0.375
2025-07-10,Sunny,22,12,34,4,247,1,60,5899,5899,49,34,14,595659.9,206,99,107,279571.69,0.48058252427184467,0.5194174757281553
2025-07-11,Sunny,21,16,37,2,122,0,0,5896,5896,49,37,15,616445.83,191,125,66,408609.18,0.6544502617801047,0.34554973821989526
2025-07-12,Sunny,6,18,24,0,0,1,63,5859,5859,49,24,7,243141.63,67,37,30,137840.03,0.5522388059701493,0.44776119402985076
2025-07-13,Sunny,2,19,21,0,0,0,0,5841,5841,49,21,3,164590.66,41,18,23,73097.66,0.43902439024390244,0.5609756097560976
2025-07-14,Sunny,22,11,33,4,246,0,0,5975,5975,47,33,18,728350.5599999999,232,112,120,352169.8,0.4827586206896552,0.5172413793103449
2025-07-15,Sunny,29,11,40,0,0,2,123,5810,5810,49,40,20,832595.61,268,165,103,531916.2,0.6156716417910447,0.3843283582089552
2025-07-16,Sunny,26,11,37,3,185,2,121,5874,5874,50,37,19,720542.72,221,121,100,397983.93,0.5475113122171946,0.45248868778280543
2025-07-17,Sunny,20,11,31,1,60,2,126,5839,5839,50,31,18,565049.45,181,95,86,290290.16,0.5248618784530387,0.47513812154696133
2025-07-18,Sunny,22,14,36,1,61,1,60,5774,5774,51,36,16,772992.75,241,126,115,402607.74,0.5228215767634855,0.47717842323651455
2025-07-19,Sunny,6,19,25,1,60,1,66,5782,5782,51,25,5,293310.25,80,52,28,190519.18,0.65,0.35
2025-07-20,Sunny,2,17,19,2,120,1,60,5883,5883,50,19,3,116521.28,26,19,7,83487.48,0.7307692307692307,0.2692307692307692
2025-07-21,Sunny,20,10,30,1,61,3,183,5838,5838,49,30,14,679460.21,203,106,97,359751.09,0.5221674876847291,0.47783251231527096
2025-07-22,Sunny,26,10,36,3,185,3,185,5882,5882,50,36,19,768640.49,251,141,110,449591.61,0.5617529880478087,0.43824701195219123
2025-07-23,Sunny,27,10,37,3,183,5,307,5931,5931,52,37,19,785048.59,248,134,114,443749.58,0.5403225806451613,0.4596774193548387
2025-07-24,Sunny,21,13,34,1,61,1,61,5874,5874,52,34,18,630724.75,201,118,83,366067.31,0.5870646766169154,0.4129353233830846
2025-07-25,Sunny,20,14,34,0,0,1,63,5784,5784,52,34,15,563170.21,180,90,90,290419.54,0.5,0.5
2025-07-26,Sunny,7,18,25,2,121,1,61,5863,5863,51,25,8,295607.98,84,42,42,147573.06,0.5,0.5
2025-07-27,Sunny,2,16,18,0,0,0,0,5845,5845,52,18,3,110631.62,28,18,10,68814.89,0.6428571428571429,0.35714285714285715
2025-07-28,Sunny,25,10,35,4,248,1,64,5967,5967,51,35,18,762062.7,247,126,121,407446.66000000003,0.5101214574898786,0.4898785425101215
2025-07-29,Sunny,28,10,38,3,180,1,60,6026,6026,50,38,19,691099.15,233,121,112,354780.55,0.51931330472103,0.48068669527896996
2025-07-30,Sunny,24,12,36,0,0,3,184,5920,5920,52,36,19,660001.0,203,106,97,342708.35,0.5221674876847291,0.47783251231527096
2025-07-31,Sunny,24,11,35,1,60,2,120,5869,5869,52,35,15,673664.21,210,111,99,345878.66,0.5285714285714286,0.4714285714285714
2025-08-01,Sunny,20,11,31,0,0,1,61,5756,5756,52,31,17,659564.49,201,113,88,371183.57,0.5621890547263682,0.43781094527363185
2025-08-02,Sunny,6,13,19,1,60,1,61,5771,5771,51,19,6,245492.82,76,45,31,144641.02,0.5921052631578947,0.40789473684210525
2025-08-03,Sunny,2,16,18,1,62,0,0,5810,5810,50,18,3,122169.45999999999,33,23,10,86781.94,0.696969696969697,0.30303030303030304
2025-08-04,Sunny,22,11,33,3,189,2,123,5875,5875,48,33,18,600026.08,193,124,69,386061.07,0.6424870466321243,0.35751295336787564
2025-08-05,Sunny,21,10,31,1,65,2,120,5833,5833,49,31,18,618023.47,193,107,86,350427.41,0.5544041450777202,0.44559585492227977
2025-08-06,Sunny,20,9,29,3,180,1,60,5915,5915,48,29,16,556939.84,188,98,90,282915.99,0.5212765957446809,0.4787234042553192
2025-08-07,Sunny,24,10,34,3,192,4,243,5989,5989,45,34,17,611797.18,192,118,74,377006.46,0.6145833333333334,0.3854166666666667
2025-08-08,Sunny,17,12,29,0,0,1,61,5898,5898,46,29,16,505149.73,169,91,78,265043.97000000003,0.5384615384615384,0.46153846153846156
2025-08-09,Sunny,6,16,22,1,64,0,0,5919,5919,45,22,6,232428.1,67,43,24,143797.23,0.6417910447761194,0.3582089552238806
2025-08-10,Sunny,2,13,15,1,67,0,0,5963,5963,45,15,3,105949.0,33,23,10,75858.6,0.696969696969697,0.30303030303030304
2025-08-11,Sunny,22,10,32,3,188,1,61,6029,6029,44,32,19,617531.71,182,122,60,422451.83,0.6703296703296703,0.32967032967032966
2025-08-12,Sunny,20,10,30,0,0,1,60,5913,5913,45,30,14,569052.33,184,116,68,366564.78,0.6304347826086957,0.3695652173913043
2025-08-13,Sunny,19,9,28,2,123,2,124,5910,5910,44,28,16,587771.0,193,126,67,383183.52,0.6528497409326425,0.3471502590673575
2025-08-14,Sunny,21,10,31,0,0,2,122,5791,5791,48,31,16,763428.47,235,119,116,389943.55,0.5063829787234042,0.49361702127659574
2025-08-15,Sunny,18,12,30,1,60,1,60,5765,5765,49,30,16,498485.3,158,86,72,265417.47000000003,0.5443037974683544,0.45569620253164556
2025-08-16,Sunny,6,15,21,2,123,1,61,5843,5843,48,21,6,278894.46,73,45,28,172477.93,0.6164383561643836,0.3835616438356164
2025-08-17,Sunny,2,13,15,1,60,0,0,5886,5886,47,15,3,118188.88,30,17,13,64377.99,0.5666666666666667,0.43333333333333335
2025-08-18,Sunny,18,10,28,3,185,1,61,5977,5977,44,28,14,525039.21,170,94,76,293581.44,0.5529411764705883,0.4470588235294118
2025-08-19,Sunny,22,10,32,2,123,1,61,5977,5977,43,32,18,628953.8,201,123,78,386248.55,0.6119402985074627,0.3880597014925373
2025-08-20,Sunny,23,9,32,3,188,4,266,6044,6044,42,32,16,702064.58,229,121,108,368983.55,0.5283842794759825,0.47161572052401746
2025-08-21,Sunny,21,11,32,1,67,1,62,6021,6021,41,32,16,646914.04,208,90,118,277703.53,0.4326923076923077,0.5673076923076923
2025-08-22,Sunny,16,12,28,0,0,2,124,5921,5921,42,28,14,486728.26,149,100,49,318372.11,0.6711409395973155,0.3288590604026846
2025-08-23,Sunny,5,12,17,0,0,0,0,5894,5894,42,17,6,165091.62,45,27,18,101507.07,0.6,0.4
2025-08-24,Sunny,2,13,15,3,182,0,0,6060,6060,39,15,3,91863.82,23,16,7,60218.44,0.6956521739130435,0.30434782608695654
2025-08-25,Sunny,23,10,33,2,125,1,60,6037,6037,38,33,16,706562.65,224,148,76,467690.38,0.6607142857142857,0.3392857142857143
2025-08-26,Sunny,20,9,29,3,189,1,61,6075,6075,37,29,16,661014.03,204,151,53,477008.37,0.7401960784313726,0.25980392156862747
2025-08-27,Sunny,22,10,32,2,125,2,125,6074,6074,36,32,15,555834.14,181,126,55,388892.17,0.6961325966850829,0.30386740331491713
2025-08-28,Sunny,22,12,34,1,63,3,180,6034,6034,37,34,17,517945.32,169,103,66,313322.22,0.6094674556213018,0.3905325443786982
2025-08-29,Sunny,15,14,29,1,60,3,180,5975,5975,40,29,15,556283.44,164,119,45,400186.65,0.725609756097561,0.27439024390243905
2025-08-30,Sunny,5,16,21,1,63,0,0,5997,5997,41,21,6,230067.41999999998,68,41,27,132906.08000000002,0.6029411764705882,0.39705882352941174
2025-08-31,Sunny,2,11,13,2,123,0,0,6104,6104,39,13,3,91033.48,26,16,10,53476.4,0.6153846153846154,0.38461538461538464
2025-09-01,Sunny,17,8,25,3,189,2,124,6196,6196,38,25,15,497881.16000000003,157,97,60,311772.92,0.6178343949044586,0.3821656050955414
2025-09-02,Sunny,21,8,29,4,253,0,0,6349,6349,36,29,16,449955.92,150,100,50,295923.53,0.6666666666666666,0.3333333333333333
2025-09-03,Sunny,23,11,34,1,60,2,128,6260,6260,37,34,15,704362.48,223,149,74,462655.05,0.6681614349775785,0.33183856502242154
2025-09-04,Sunny,16,9,25,0,0,1,69,6156,6156,37,25,13,430675.49,141,104,37,309350.09,0.7375886524822695,0.2624113475177305
2025-09-05,Sunny,14,11,25,1,63,3,180,6137,6137,39,25,10,445884.83999999997,135,82,53,265033.61,0.6074074074074074,0.3925925925925926
2025-09-06,Sunny,5,14,19,0,0,1,61,6089,6089,39,19,6,236631.86,73,48,25,157716.35,0.6575342465753424,0.3424657534246575
2025-09-07,Sunny,2,12,14,0,0,0,0,6073,6073,39,14,3,132527.22,32,16,16,72782.66,0.5,0.5
2025-09-08,Sunny,18,8,26,2,123,4,248,6092,6092,39,26,16,498739.72,156,104,52,332077.92,0.6666666666666666,0.3333333333333333
2025-09-09,Sunny,21,9,30,2,121,4,244,6075,6075,38,30,15,568750.47,192,138,54,417009.35,0.71875,0.28125
2025-09-10,Sunny,21,9,30,2,126,3,195,6046,6046,36,30,15,718310.41,237,155,82,447365.54,0.6540084388185654,0.3459915611814346
2025-09-11,Sunny,19,9,28,1,60,0,0,5990,5990,35,28,15,591014.77,183,116,67,381277.19,0.6338797814207651,0.366120218579235
2025-09-12,Sunny,15,10,25,1,66,4,247,5933,5933,35,25,13,459447.57,150,123,27,377293.02,0.82,0.18
2025-09-13,Sunny,6,13,19,2,121,0,0,6007,6007,36,19,7,245737.05,73,47,26,164716.06,0.6438356164383562,0.3561643835616438
2025-09-14,Sunny,2,13,15,3,183,2,122,6173,6173,34,15,3,127242.35,27,17,10,80162.0,0.6296296296296297,0.37037037037037035
2025-09-15,Sunny,21,8,29,3,185,2,122,6233,6233,34,29,17,563029.4299999999,180,125,55,393673.97000000003,0.6944444444444444,0.3055555555555556
2025-09-16,Sunny,18,9,27,5,307,2,120,6432,6432,32,27,16,532337.28,162,108,54,353555.83,0.6666666666666666,0.3333333333333333
2025-09-17,Sunny,18,11,29,1,61,0,0,6371,6371,36,29,16,531207.91,168,122,46,391633.62,0.7261904761904762,0.27380952380952384
2025-09-18,Sunny,18,11,29,1,63,3,190,6330,6330,38,29,16,544235.88,166,104,62,358005.45,0.6265060240963856,0.37349397590361444
2025-09-19,Sunny,14,12,26,1,61,1,60,6315,6315,37,26,11,392269.53,123,76,47,247757.2,0.6178861788617886,0.3821138211382114
2025-09-20,Sunny,5,15,20,0,0,1,60,6275,6275,38,20,6,231714.29,65,40,25,144590.76,0.6153846153846154,0.38461538461538464
2025-09-21,Sunny,2,12,14,1,64,1,61,6313,6313,37,14,3,136835.39,31,26,5,115288.01,0.8387096774193549,0.16129032258064516
2025-09-22,Sunny,20,7,27,1,60,3,189,6249,6249,37,27,16,580821.0599999999,188,124,64,392602.61,0.6595744680851063,0.3404255319148936
2025-09-23,Sunny,22,9,31,2,123,0,0,6227,6227,35,31,15,644588.9299999999,204,145,59,459929.76,0.7107843137254902,0.28921568627450983
2025-09-24,Sunny,19,8,27,2,120,2,123,6234,6234,37,27,15,636721.35,196,113,83,375173.04,0.576530612244898,0.42346938775510207
2025-09-25,Sunny,18,10,28,1,61,1,60,6170,6170,36,28,17,566200.14,176,125,51,416884.26,0.7102272727272727,0.2897727272727273
2025-09-26,Sunny,16,11,27,1,61,2,122,6132,6132,36,27,14,464328.56,149,99,50,295346.99,0.6644295302013423,0.33557046979865773
2025-09-27,Sunny,5,14,19,0,0,2,121,6095,6095,37,19,6,206521.1,52,37,15,143834.55,0.7115384615384616,0.28846153846153844
2025-09-28,Sunny,2,10,12,3,185,0,0,6260,6260,37,12,3,161221.5,38,20,18,81038.08,0.5263157894736842,0.47368421052631576
2025-09-29,Sunny,19,8,27,2,120,4,251,6263,6263,36,27,16,484262.92,162,117,45,335198.95,0.7222222222222222,0.2777777777777778
2025-09-30,Sunny,19,8,27,1,60,3,182,6220,6220,35,27,14,537988.53,181,103,78,305947.97000000003,0.569060773480663,0.430939226519337
2025-10-01,Sunny,16,7,23,4,243,0,0,6359,6359,33,23,13,471849.47000000003,158,104,54,319625.91000000003,0.6582278481012658,0.34177215189873417
2025-10-02,Sunny,17,8,25,1,61,2,121,6315,6315,34,25,14,476430.31,161,105,56,317042.16,0.6521739130434783,0.34782608695652173
2025-10-03,Sunny,12,8,20,0,0,4,247,6247,6247,34,20,11,356054.58,109,68,41,217152.44,0.6238532110091743,0.3761467889908257
2025-10-04,Sunny,4,10,14,0,0,1,65,6217,6217,35,14,5,167477.72,42,30,12,117878.3,0.7142857142857143,0.2857142857142857
2025-10-05,Sunny,1,10,11,1,61,0,0,6263,6263,34,11,2,84869.52,18,15,3,71072.52,0.8333333333333334,0.16666666666666666
2025-10-06,Sunny,15,7,22,1,60,0,0,6245,6245,36,22,13,318687.82,109,78,31,232544.7,0.7155963302752294,0.28440366972477066
2025-10-07,Sunny,17,7,24,2,124,0,0,6271,6271,34,24,12,491160.14999999997,172,98,74,281245.37,0.5697674418604651,0.43023255813953487
2025-10-08,Sunny,14,8,22,1,60,2,122,6241,6241,33,22,11,353029.23,115,90,25,277336.01,0.782608695652174,0.21739130434782608
2025-10-09,Sunny,16,7,23,1,60,1,61,6204,6204,33,23,13,359378.9,125,97,28,277364.42,0.776,0.224
2025-10-10,Sunny,12,9,21,1,61,1,61,6195,6195,33,21,9,337614.77,108,70,38,229294.07,0.6481481481481481,0.35185185185185186
2025-10-11,Sunny,4,10,14,0,0,0,0,6152,6152,34,14,5,177489.59,53,43,10,144733.08000000002,0.8113207547169812,0.18867924528301888
2025-10-12,Sunny,1,11,12,1,61,0,0,6204,6204,33,12,2,78927.52,18,9,9,42887.76,0.5,0.5
2025-10-13,Sunny,14,7,21,2,121,2,120,6227,6227,34,21,12,435636.08999999997,141,98,43,310845.29,0.6950354609929078,0.3049645390070922
2025-10-14,Sunny,18,7,25,4,266,4,243,6384,6384,32,25,16,552968.55,171,109,62,356399.61,0.6374269005847953,0.36257309941520466
2025-10-15,Sunny,17,7,24,1,62,3,185,6333,6333,33,24,14,500025.82,162,113,49,358812.8,0.6975308641975309,0.30246913580246915
2025-10-16,Sunny,16,8,24,2,124,2,125,6360,6360,34,24,13,410908.06,130,97,33,309901.19,0.7461538461538462,0.25384615384615383
2025-10-17,Sunny,14,9,23,0,0,2,123,6264,6264,35,23,11,426850.09,131,96,35,317542.97,0.732824427480916,0.26717557251908397
2025-10-18,Sunny,4,11,15,0,0,2,120,6233,6233,35,15,5,161730.61,43,31,12,109310.86,0.7209302325581395,0.27906976744186046
2025-10-19,Sunny,1,9,10,1,60,0,0,6282,6282,34,10,2,72746.9,15,11,4,52662.14,0.7333333333333333,0.26666666666666666
2025-10-20,Sunny,17,7,24,2,121,2,124,6251,6251,37,24,17,576536.5,193,152,41,456769.38,0.7875647668393783,0.21243523316062177
2025-10-21,Sunny,17,7,24,2,125,1,61,6241,6241,38,24,16,510755.49,177,135,42,391303.81,0.7627118644067796,0.23728813559322035
2025-10-22,Sunny,14,8,22,3,180,2,122,6333,6333,38,22,12,478476.59,146,88,58,284024.2,0.6027397260273972,0.3972602739726027
2025-10-23,Sunny,13,8,21,2,120,1,60,6334,6334,37,21,12,455927.46,153,119,34,357302.9,0.7777777777777778,0.2222222222222222
2025-10-24,Sunny,14,9,23,1,60,0,0,6301,6301,40,23,13,509787.89,165,93,72,292757.1,0.5636363636363636,0.43636363636363634
2025-10-25,Sunny,4,11,15,0,0,0,0,6272,6272,40,15,4,157467.7,43,29,14,106156.04000000001,0.6744186046511628,0.32558139534883723
2025-10-26,Sunny,1,10,11,2,124,0,0,6391,6391,38,11,2,73015.45,17,5,12,26325.35,0.29411764705882354,0.7058823529411765
2025-10-27,Sunny,13,7,20,0,0,0,0,6298,6298,40,20,11,516133.5,169,93,76,294040.28,0.5502958579881657,0.44970414201183434
2025-10-28,Sunny,18,8,26,2,128,2,120,6305,6305,42,26,15,595104.4,182,121,61,399017.68,0.6648351648351648,0.33516483516483514
2025-10-29,Sunny,19,8,27,1,69,4,242,6252,6252,43,27,14,513033.52999999997,171,122,49,370214.12,0.7134502923976608,0.28654970760233917
2025-10-30,Sunny,14,7,21,2,120,2,123,6297,6297,43,21,13,395925.45,135,75,60,217424.92,0.5555555555555556,0.4444444444444444
2025-10-31,Sunny,11,9,20,1,61,1,62,6303,6303,44,20,10,358831.19,107,55,52,196436.41,0.514018691588785,0.48598130841121495
2025-11-01,Sunny,5,13,18,0,0,0,0,6278,6278,44,18,5,197047.21,54,25,29,92589.49,0.46296296296296297,0.5370370370370371
2025-11-02,Sunny,2,11,13,4,248,0,0,6504,6504,40,13,3,121845.08,34,22,12,71774.98,0.6470588235294118,0.35294117647058826
2025-11-03,Sunny,16,8,24,3,184,3,186,6563,6563,40,24,14,530378.59,167,125,42,398132.88,0.7485029940119761,0.25149700598802394
2025-11-04,Sunny,17,8,25,3,195,2,128,6631,6631,37,25,14,513794.48,164,127,37,388935.39,0.774390243902439,0.22560975609756098
2025-11-05,Sunny,16,8,24,0,0,1,63,6541,6541,37,24,14,454617.97,140,90,50,295717.77,0.6428571428571429,0.35714285714285715
2025-11-06,Sunny,17,9,26,4,247,1,63,6666,6666,36,26,13,519730.91,157,122,35,400543.78,0.7770700636942676,0.2229299363057325
2025-11-07,Sunny,13,9,22,0,0,0,0,6584,6584,37,22,12,398878.24,125,82,43,248943.95,0.656,0.344
2025-11-08,Sunny,5,11,16,2,122,1,60,6674,6674,35,16,5,167043.28,51,32,19,104110.18000000001,0.6274509803921569,0.37254901960784315
2025-11-09,Sunny,1,12,13,2,122,0,0,6775,6775,34,13,2,98273.88,28,21,7,76946.78,0.75,0.25
2025-11-10,Sunny,17,8,25,2,120,0,0,6776,6776,34,25,15,480112.83,161,119,42,347887.71,0.7391304347826086,0.2608695652173913
2025-11-11,Sunny,17,9,26,0,0,2,131,6617,6617,35,26,15,658007.54,215,159,56,480227.88,0.7395348837209302,0.26046511627906976
2025-11-12,Sunny,17,8,25,3,190,3,182,6697,6697,34,25,16,477323.2,153,110,43,345437.94,0.7189542483660131,0.28104575163398693
2025-11-13,Sunny,17,8,25,1,60,0,0,6656,6656,35,25,14,492062.22,152,101,51,327649.01,0.6644736842105263,0.3355263157894737
2025-11-14,Sunny,17,10,27,1,60,0,0,6609,6609,37,27,12,525091.52,161,107,54,346509.74,0.6645962732919255,0.33540372670807456
2025-11-15,Sunny,5,13,18,1,61,0,0,6625,6625,38,18,5,258273.53,77,45,32,147579.97,0.5844155844155844,0.4155844155844156
2025-11-16,Sunny,2,10,12,3,189,0,0,6791,6791,36,12,3,128847.43,38,23,15,74942.81,0.6052631578947368,0.39473684210526316
2025-11-17,Sunny,17,8,25,0,0,1,60,6685,6685,36,25,14,505255.75,165,106,59,318039.99,0.6424242424242425,0.3575757575757576
2025-11-18,Sunny,19,8,27,2,123,3,180,6718,6718,34,27,17,492433.78,156,90,66,284168.46,0.5769230769230769,0.4230769230769231
2025-11-19,Sunny,18,8,26,1,60,2,121,6681,6681,35,26,17,450686.74,144,97,47,300440.8,0.6736111111111112,0.3263888888888889
2025-11-20,Sunny,16,8,24,2,122,1,62,6681,6681,35,24,14,589451.13,182,122,60,397326.05,0.6703296703296703,0.32967032967032966
2025-11-21,Sunny,12,10,22,2,121,1,61,6729,6729,34,22,12,350704.02,114,73,41,221942.68,0.6403508771929824,0.35964912280701755
2025-11-22,Sunny,5,12,17,0,0,0,0,6680,6680,35,17,4,210407.34,70,49,21,143184.36000000002,0.7,0.3
2025-11-23,Sunny,2,11,13,5,312,2,120,6976,6976,31,13,3,105267.45999999999,29,16,13,61644.28,0.5517241379310345,0.4482758620689655
2025-11-24,Sunny,15,7,22,3,182,1,62,7053,7053,31,22,12,455298.0,129,105,24,373233.59,0.813953488372093,0.18604651162790697
2025-11-25,Sunny,18,8,26,0,0,2,121,6945,6945,33,26,15,563309.52,176,108,68,337707.92,0.6136363636363636,0.38636363636363635
2025-11-26,Sunny,20,8,28,2,121,2,120,6963,6963,32,28,15,546041.84,175,103,72,317849.51,0.5885714285714285,0.4114285714285714
2025-11-27,Sunny,16,9,25,4,247,2,121,7121,7121,30,25,17,517623.83,164,89,75,279809.02,0.5426829268292683,0.4573170731707317
2025-11-28,Sunny,13,10,23,2,127,1,62,7168,7168,30,23,13,403895.72,130,80,50,239290.08,0.6153846153846154,0.38461538461538464
2025-11-29,Sunny,5,11,16,0,0,2,121,7134,7134,31,16,6,181858.79,50,34,16,129640.89,0.68,0.32
2025-11-30,Sunny,1,12,13,0,0,0,0,7120,7120,31,13,2,89320.04000000001,21,14,7,56222.28,0.6666666666666666,0.3333333333333333
2025-12-01,Sunny,12,6,18,0,0,2,121,7027,7027,31,18,12,341400.51,119,93,26,262055.51,0.7815126050420168,0.2184873949579832
2025-12-02,Sunny,15,6,21,2,122,1,60,7075,7075,31,21,13,384666.08,113,74,39,253601.47,0.6548672566371682,0.34513274336283184
2025-12-03,Sunny,14,5,19,0,0,1,61,6982,6982,31,19,13,444374.49,138,93,45,289907.34,0.6739130434782609,0.32608695652173914
2025-12-04,Sunny,12,7,19,1,61,2,127,6950,6950,32,19,11,405763.99,125,93,32,298772.99,0.744,0.256
2025-12-05,Sunny,11,8,19,0,0,1,61,6883,6883,33,19,10,292681.21,97,67,30,192518.14,0.6907216494845361,0.30927835051546393
2025-12-06,Sunny,4,9,13,0,0,1,60,6841,6841,33,13,5,168496.3,49,42,7,142321.78,0.8571428571428571,0.14285714285714285
2025-12-07,Sunny,1,8,9,2,120,0,0,6945,6945,32,9,2,76919.94,21,16,5,58567.8,0.7619047619047619,0.23809523809523808
2025-12-08,Sunny,12,5,17,3,181,1,62,7044,7044,31,17,11,357328.82,112,82,30,253574.73,0.7321428571428571,0.26785714285714285
2025-12-09,Sunny,11,6,17,3,185,1,61,7139,7139,29,17,12,379004.41,118,90,28,290325.02,0.7627118644067796,0.23728813559322035
2025-12-10,Sunny,11,5,16,2,125,1,62,7185,7185,29,16,10,340099.12,106,79,27,248062.78,0.7452830188679245,0.25471698113207547
2025-12-11,Sunny,13,7,20,2,123,2,120,7231,7231,27,20,11,358406.44,111,77,34,248984.16,0.6936936936936937,0.3063063063063063
2025-12-12,Sunny,10,8,18,3,180,1,61,7348,7348,25,18,9,285781.21,88,63,25,206856.93,0.7159090909090909,0.2840909090909091
2025-12-13,Sunny,3,9,12,0,0,0,0,7300,7300,25,12,4,191640.76,52,48,4,174864.06,0.9230769230769231,0.07692307692307693
2025-12-14,Sunny,1,9,10,2,124,0,0,7407,7407,25,10,2,87104.1,18,17,1,81905.1,0.9444444444444444,0.05555555555555555
2025-12-15,Sunny,11,5,16,1,61,1,61,7399,7399,25,16,10,310915.27,99,69,30,215086.55,0.696969696969697,0.30303030303030304
2025-12-16,Sunny,13,5,18,2,122,0,0,7415,7415,24,18,14,424981.09,135,106,29,334749.13,0.7851851851851852,0.21481481481481482
2025-12-17,Sunny,14,7,21,1,60,3,187,7367,7367,23,21,10,444301.85,133,108,25,364663.61,0.8120300751879699,0.18796992481203006
2025-12-18,Sunny,13,6,19,0,0,0,0,7288,7288,23,19,10,385327.55,120,79,41,253819.30000000002,0.6583333333333333,0.3416666666666667
2025-12-19,Sunny,10,7,17,0,0,0,0,7206,7206,23,17,10,265971.16000000003,95,82,13,229819.77000000002,0.8631578947368421,0.1368421052631579
2025-12-20,Sunny,3,8,11,0,0,0,0,7184,7184,24,11,4,129558.15,37,22,15,76689.3,0.5945945945945946,0.40540540540540543
2025-12-21,Sunny,1,8,9,0,0,0,0,7169,7169,24,9,2,62482.66,16,15,1,58483.66,0.9375,0.0625
2025-12-22,Sunny,12,5,17,1,60,1,61,7147,7147,23,17,11,331906.49,107,82,25,247295.1,0.7663551401869159,0.2336448598130841
2025-12-23,Sunny,14,6,20,4,242,0,0,7289,7289,22,20,13,410354.83,125,100,25,333216.19,0.8,0.2
2025-12-24,Sunny,12,6,18,2,123,1,64,7323,7323,23,18,13,345419.06,112,89,23,278387.6,0.7946428571428571,0.20535714285714285
2025-12-25,Sunny,10,6,16,1,62,2,125,7335,7335,23,16,11,202699.39,64,50,14,160830.3,0.78125,0.21875
2025-12-26,Sunny,11,7,18,1,60,0,0,7336,7336,25,18,11,292921.54,94,59,35,196596.21,0.6276595744680851,0.3723404255319149
2025-12-27,Sunny,4,8,12,0,0,2,120,7311,7311,26,12,5,153412.26,48,25,23,80840.51,0.5208333333333334,0.4791666666666667
2025-12-28,Sunny,1,9,10,3,186,0,0,7482,7482,23,10,2,92848.32,25,15,10,61273.28,0.6,0.4
2025-12-29,Sunny,12,6,18,2,128,0,0,7529,7529,21,18,13,305401.58999999997,95,81,14,259415.12,0.8526315789473684,0.14736842105263157
2025-12-30,Sunny,15,6,21,1,63,1,61,7484,7484,22,21,13,420504.94,138,108,30,331105.69,0.782608695652174,0.21739130434782608
2025-12-31,Sunny,13,6,19,1,63,1,61,7474,7474,21,19,13,337642.88,102,73,29,242425.3,0.7156862745098039,0.28431372549019607
