date,year,quarter,month,month_name,week,day,day_name,day_of_week,is_weekend,season,is_peak_season,demand_multiplier,promotion,holiday
2022-01-01,2022,Q1,1,January,52,1,Saturday,5,True,Winter,False,0.7,None,False
2022-01-02,2022,Q1,1,January,52,2,Sunday,6,True,Winter,False,0.7,None,False
2022-01-03,2022,Q1,1,January,1,3,Monday,0,False,Winter,False,0.7,None,False
2022-01-04,2022,Q1,1,January,1,4,Tuesday,1,False,Winter,False,0.7,None,False
2022-01-05,2022,Q1,1,January,1,5,Wednesday,2,False,Winter,False,0.7,None,False
2022-01-06,2022,Q1,1,January,1,6,Thursday,3,False,Winter,False,0.7,None,False
2022-01-07,2022,Q1,1,January,1,7,Friday,4,False,Winter,False,0.7,None,False
2022-01-08,2022,Q1,1,January,1,8,Saturday,5,True,Winter,False,0.7,None,False
2022-01-09,2022,Q1,1,January,1,9,Sunday,6,True,Winter,False,0.7,None,False
2022-01-10,2022,Q1,1,January,2,10,Monday,0,False,Winter,False,0.7,None,False
2022-01-11,2022,Q1,1,January,2,11,Tuesday,1,False,Winter,False,0.7,None,False
2022-01-12,2022,Q1,1,January,2,12,Wednesday,2,False,Winter,False,0.7,None,False
2022-01-13,2022,Q1,1,January,2,13,Thursday,3,False,Winter,False,0.7,None,False
2022-01-14,2022,Q1,1,January,2,14,Friday,4,False,Winter,False,0.7,None,False
2022-01-15,2022,Q1,1,January,2,15,Saturday,5,True,Winter,False,0.7,None,False
2022-01-16,2022,Q1,1,January,2,16,Sunday,6,True,Winter,False,0.7,None,False
2022-01-17,2022,Q1,1,January,3,17,Monday,0,False,Winter,False,0.7,None,False
2022-01-18,2022,Q1,1,January,3,18,Tuesday,1,False,Winter,False,0.7,None,False
2022-01-19,2022,Q1,1,January,3,19,Wednesday,2,False,Winter,False,0.7,None,False
2022-01-20,2022,Q1,1,January,3,20,Thursday,3,False,Winter,False,0.7,None,False
2022-01-21,2022,Q1,1,January,3,21,Friday,4,False,Winter,False,0.7,None,False
2022-01-22,2022,Q1,1,January,3,22,Saturday,5,True,Winter,False,0.7,None,False
2022-01-23,2022,Q1,1,January,3,23,Sunday,6,True,Winter,False,0.7,None,False
2022-01-24,2022,Q1,1,January,4,24,Monday,0,False,Winter,False,0.7,None,False
2022-01-25,2022,Q1,1,January,4,25,Tuesday,1,False,Winter,False,0.7,None,False
2022-01-26,2022,Q1,1,January,4,26,Wednesday,2,False,Winter,False,0.7,None,False
2022-01-27,2022,Q1,1,January,4,27,Thursday,3,False,Winter,False,0.7,None,False
2022-01-28,2022,Q1,1,January,4,28,Friday,4,False,Winter,False,0.7,None,False
2022-01-29,2022,Q1,1,January,4,29,Saturday,5,True,Winter,False,0.7,None,False
2022-01-30,2022,Q1,1,January,4,30,Sunday,6,True,Winter,False,0.7,None,False
2022-01-31,2022,Q1,1,January,5,31,Monday,0,False,Winter,False,0.7,None,False
2022-02-01,2022,Q1,2,February,5,1,Tuesday,1,False,Winter,False,0.9,None,False
2022-02-02,2022,Q1,2,February,5,2,Wednesday,2,False,Winter,False,0.9,None,False
2022-02-03,2022,Q1,2,February,5,3,Thursday,3,False,Winter,False,0.9,None,False
2022-02-04,2022,Q1,2,February,5,4,Friday,4,False,Winter,False,0.9,None,False
2022-02-05,2022,Q1,2,February,5,5,Saturday,5,True,Winter,False,0.9,None,False
2022-02-06,2022,Q1,2,February,5,6,Sunday,6,True,Winter,False,0.9,None,False
2022-02-07,2022,Q1,2,February,6,7,Monday,0,False,Winter,False,0.9,None,False
2022-02-08,2022,Q1,2,February,6,8,Tuesday,1,False,Winter,False,0.9,None,False
2022-02-09,2022,Q1,2,February,6,9,Wednesday,2,False,Winter,False,0.9,None,False
2022-02-10,2022,Q1,2,February,6,10,Thursday,3,False,Winter,False,0.9,None,False
2022-02-11,2022,Q1,2,February,6,11,Friday,4,False,Winter,False,0.9,None,False
2022-02-12,2022,Q1,2,February,6,12,Saturday,5,True,Winter,False,0.9,None,False
2022-02-13,2022,Q1,2,February,6,13,Sunday,6,True,Winter,False,0.9,None,False
2022-02-14,2022,Q1,2,February,7,14,Monday,0,False,Winter,False,0.9,None,False
2022-02-15,2022,Q1,2,February,7,15,Tuesday,1,False,Winter,False,0.9,None,False
2022-02-16,2022,Q1,2,February,7,16,Wednesday,2,False,Winter,False,0.9,None,False
2022-02-17,2022,Q1,2,February,7,17,Thursday,3,False,Winter,False,0.9,None,False
2022-02-18,2022,Q1,2,February,7,18,Friday,4,False,Winter,False,0.9,None,False
2022-02-19,2022,Q1,2,February,7,19,Saturday,5,True,Winter,False,0.9,None,False
2022-02-20,2022,Q1,2,February,7,20,Sunday,6,True,Winter,False,0.9,None,False
2022-02-21,2022,Q1,2,February,8,21,Monday,0,False,Winter,False,0.9,None,False
2022-02-22,2022,Q1,2,February,8,22,Tuesday,1,False,Winter,False,0.9,None,False
2022-02-23,2022,Q1,2,February,8,23,Wednesday,2,False,Winter,False,0.9,None,False
2022-02-24,2022,Q1,2,February,8,24,Thursday,3,False,Winter,False,0.9,None,False
2022-02-25,2022,Q1,2,February,8,25,Friday,4,False,Winter,False,0.9,None,False
2022-02-26,2022,Q1,2,February,8,26,Saturday,5,True,Winter,False,0.9,None,False
2022-02-27,2022,Q1,2,February,8,27,Sunday,6,True,Winter,False,0.9,None,False
2022-02-28,2022,Q1,2,February,9,28,Monday,0,False,Winter,False,0.9,None,False
2022-03-01,2022,Q1,3,March,9,1,Tuesday,1,False,Spring,True,1.2,Spring Sale,True
2022-03-02,2022,Q1,3,March,9,2,Wednesday,2,False,Spring,True,1.2,Spring Sale,True
2022-03-03,2022,Q1,3,March,9,3,Thursday,3,False,Spring,True,1.2,Spring Sale,True
2022-03-04,2022,Q1,3,March,9,4,Friday,4,False,Spring,True,1.2,Spring Sale,True
2022-03-05,2022,Q1,3,March,9,5,Saturday,5,True,Spring,True,1.2,Spring Sale,True
2022-03-06,2022,Q1,3,March,9,6,Sunday,6,True,Spring,True,1.2,Spring Sale,True
2022-03-07,2022,Q1,3,March,10,7,Monday,0,False,Spring,True,1.2,Spring Sale,True
2022-03-08,2022,Q1,3,March,10,8,Tuesday,1,False,Spring,True,1.2,Spring Sale,True
2022-03-09,2022,Q1,3,March,10,9,Wednesday,2,False,Spring,True,1.2,Spring Sale,True
2022-03-10,2022,Q1,3,March,10,10,Thursday,3,False,Spring,True,1.2,Spring Sale,True
2022-03-11,2022,Q1,3,March,10,11,Friday,4,False,Spring,True,1.2,Spring Sale,True
2022-03-12,2022,Q1,3,March,10,12,Saturday,5,True,Spring,True,1.2,Spring Sale,True
2022-03-13,2022,Q1,3,March,10,13,Sunday,6,True,Spring,True,1.2,Spring Sale,True
2022-03-14,2022,Q1,3,March,11,14,Monday,0,False,Spring,True,1.2,Spring Sale,True
2022-03-15,2022,Q1,3,March,11,15,Tuesday,1,False,Spring,True,1.2,Spring Sale,True
2022-03-16,2022,Q1,3,March,11,16,Wednesday,2,False,Spring,True,1.2,None,False
2022-03-17,2022,Q1,3,March,11,17,Thursday,3,False,Spring,True,1.2,None,False
2022-03-18,2022,Q1,3,March,11,18,Friday,4,False,Spring,True,1.2,None,False
2022-03-19,2022,Q1,3,March,11,19,Saturday,5,True,Spring,True,1.2,None,False
2022-03-20,2022,Q1,3,March,11,20,Sunday,6,True,Spring,True,1.2,None,False
2022-03-21,2022,Q1,3,March,12,21,Monday,0,False,Spring,True,1.2,None,False
2022-03-22,2022,Q1,3,March,12,22,Tuesday,1,False,Spring,True,1.2,None,False
2022-03-23,2022,Q1,3,March,12,23,Wednesday,2,False,Spring,True,1.2,None,False
2022-03-24,2022,Q1,3,March,12,24,Thursday,3,False,Spring,True,1.2,None,False
2022-03-25,2022,Q1,3,March,12,25,Friday,4,False,Spring,True,1.2,None,False
2022-03-26,2022,Q1,3,March,12,26,Saturday,5,True,Spring,True,1.2,None,False
2022-03-27,2022,Q1,3,March,12,27,Sunday,6,True,Spring,True,1.2,None,False
2022-03-28,2022,Q1,3,March,13,28,Monday,0,False,Spring,True,1.2,None,False
2022-03-29,2022,Q1,3,March,13,29,Tuesday,1,False,Spring,True,1.2,None,False
2022-03-30,2022,Q1,3,March,13,30,Wednesday,2,False,Spring,True,1.2,None,False
2022-03-31,2022,Q1,3,March,13,31,Thursday,3,False,Spring,True,1.2,None,False
2022-04-01,2022,Q2,4,April,13,1,Friday,4,False,Spring,True,1.5,None,False
2022-04-02,2022,Q2,4,April,13,2,Saturday,5,True,Spring,True,1.5,None,False
2022-04-03,2022,Q2,4,April,13,3,Sunday,6,True,Spring,True,1.5,None,False
2022-04-04,2022,Q2,4,April,14,4,Monday,0,False,Spring,True,1.5,None,False
2022-04-05,2022,Q2,4,April,14,5,Tuesday,1,False,Spring,True,1.5,None,False
2022-04-06,2022,Q2,4,April,14,6,Wednesday,2,False,Spring,True,1.5,None,False
2022-04-07,2022,Q2,4,April,14,7,Thursday,3,False,Spring,True,1.5,None,False
2022-04-08,2022,Q2,4,April,14,8,Friday,4,False,Spring,True,1.5,None,False
2022-04-09,2022,Q2,4,April,14,9,Saturday,5,True,Spring,True,1.5,None,False
2022-04-10,2022,Q2,4,April,14,10,Sunday,6,True,Spring,True,1.5,None,False
2022-04-11,2022,Q2,4,April,15,11,Monday,0,False,Spring,True,1.5,None,False
2022-04-12,2022,Q2,4,April,15,12,Tuesday,1,False,Spring,True,1.5,None,False
2022-04-13,2022,Q2,4,April,15,13,Wednesday,2,False,Spring,True,1.5,None,False
2022-04-14,2022,Q2,4,April,15,14,Thursday,3,False,Spring,True,1.5,None,False
2022-04-15,2022,Q2,4,April,15,15,Friday,4,False,Spring,True,1.5,None,False
2022-04-16,2022,Q2,4,April,15,16,Saturday,5,True,Spring,True,1.5,None,False
2022-04-17,2022,Q2,4,April,15,17,Sunday,6,True,Spring,True,1.5,None,False
2022-04-18,2022,Q2,4,April,16,18,Monday,0,False,Spring,True,1.5,None,False
2022-04-19,2022,Q2,4,April,16,19,Tuesday,1,False,Spring,True,1.5,None,False
2022-04-20,2022,Q2,4,April,16,20,Wednesday,2,False,Spring,True,1.5,None,False
2022-04-21,2022,Q2,4,April,16,21,Thursday,3,False,Spring,True,1.5,None,False
2022-04-22,2022,Q2,4,April,16,22,Friday,4,False,Spring,True,1.5,None,False
2022-04-23,2022,Q2,4,April,16,23,Saturday,5,True,Spring,True,1.5,None,False
2022-04-24,2022,Q2,4,April,16,24,Sunday,6,True,Spring,True,1.5,None,False
2022-04-25,2022,Q2,4,April,17,25,Monday,0,False,Spring,True,1.5,None,False
2022-04-26,2022,Q2,4,April,17,26,Tuesday,1,False,Spring,True,1.5,None,False
2022-04-27,2022,Q2,4,April,17,27,Wednesday,2,False,Spring,True,1.5,None,False
2022-04-28,2022,Q2,4,April,17,28,Thursday,3,False,Spring,True,1.5,None,False
2022-04-29,2022,Q2,4,April,17,29,Friday,4,False,Spring,True,1.5,None,False
2022-04-30,2022,Q2,4,April,17,30,Saturday,5,True,Spring,True,1.5,None,False
2022-05-01,2022,Q2,5,May,17,1,Sunday,6,True,Spring,True,1.6,None,False
2022-05-02,2022,Q2,5,May,18,2,Monday,0,False,Spring,True,1.6,None,False
2022-05-03,2022,Q2,5,May,18,3,Tuesday,1,False,Spring,True,1.6,None,False
2022-05-04,2022,Q2,5,May,18,4,Wednesday,2,False,Spring,True,1.6,None,False
2022-05-05,2022,Q2,5,May,18,5,Thursday,3,False,Spring,True,1.6,None,False
2022-05-06,2022,Q2,5,May,18,6,Friday,4,False,Spring,True,1.6,None,False
2022-05-07,2022,Q2,5,May,18,7,Saturday,5,True,Spring,True,1.6,None,False
2022-05-08,2022,Q2,5,May,18,8,Sunday,6,True,Spring,True,1.6,None,False
2022-05-09,2022,Q2,5,May,19,9,Monday,0,False,Spring,True,1.6,None,False
2022-05-10,2022,Q2,5,May,19,10,Tuesday,1,False,Spring,True,1.6,None,False
2022-05-11,2022,Q2,5,May,19,11,Wednesday,2,False,Spring,True,1.6,None,False
2022-05-12,2022,Q2,5,May,19,12,Thursday,3,False,Spring,True,1.6,None,False
2022-05-13,2022,Q2,5,May,19,13,Friday,4,False,Spring,True,1.6,None,False
2022-05-14,2022,Q2,5,May,19,14,Saturday,5,True,Spring,True,1.6,None,False
2022-05-15,2022,Q2,5,May,19,15,Sunday,6,True,Spring,True,1.6,None,False
2022-05-16,2022,Q2,5,May,20,16,Monday,0,False,Spring,True,1.6,None,False
2022-05-17,2022,Q2,5,May,20,17,Tuesday,1,False,Spring,True,1.6,None,False
2022-05-18,2022,Q2,5,May,20,18,Wednesday,2,False,Spring,True,1.6,None,False
2022-05-19,2022,Q2,5,May,20,19,Thursday,3,False,Spring,True,1.6,None,False
2022-05-20,2022,Q2,5,May,20,20,Friday,4,False,Spring,True,1.6,None,False
2022-05-21,2022,Q2,5,May,20,21,Saturday,5,True,Spring,True,1.6,None,False
2022-05-22,2022,Q2,5,May,20,22,Sunday,6,True,Spring,True,1.6,None,False
2022-05-23,2022,Q2,5,May,21,23,Monday,0,False,Spring,True,1.6,None,False
2022-05-24,2022,Q2,5,May,21,24,Tuesday,1,False,Spring,True,1.6,None,False
2022-05-25,2022,Q2,5,May,21,25,Wednesday,2,False,Spring,True,1.6,Memorial Day,True
2022-05-26,2022,Q2,5,May,21,26,Thursday,3,False,Spring,True,1.6,Memorial Day,True
2022-05-27,2022,Q2,5,May,21,27,Friday,4,False,Spring,True,1.6,Memorial Day,True
2022-05-28,2022,Q2,5,May,21,28,Saturday,5,True,Spring,True,1.6,Memorial Day,True
2022-05-29,2022,Q2,5,May,21,29,Sunday,6,True,Spring,True,1.6,Memorial Day,True
2022-05-30,2022,Q2,5,May,22,30,Monday,0,False,Spring,True,1.6,Memorial Day,True
2022-05-31,2022,Q2,5,May,22,31,Tuesday,1,False,Spring,True,1.6,Memorial Day,True
2022-06-01,2022,Q2,6,June,22,1,Wednesday,2,False,Summer,True,1.4,None,False
2022-06-02,2022,Q2,6,June,22,2,Thursday,3,False,Summer,True,1.4,None,False
2022-06-03,2022,Q2,6,June,22,3,Friday,4,False,Summer,True,1.4,None,False
2022-06-04,2022,Q2,6,June,22,4,Saturday,5,True,Summer,True,1.4,None,False
2022-06-05,2022,Q2,6,June,22,5,Sunday,6,True,Summer,True,1.4,None,False
2022-06-06,2022,Q2,6,June,23,6,Monday,0,False,Summer,True,1.4,None,False
2022-06-07,2022,Q2,6,June,23,7,Tuesday,1,False,Summer,True,1.4,None,False
2022-06-08,2022,Q2,6,June,23,8,Wednesday,2,False,Summer,True,1.4,None,False
2022-06-09,2022,Q2,6,June,23,9,Thursday,3,False,Summer,True,1.4,None,False
2022-06-10,2022,Q2,6,June,23,10,Friday,4,False,Summer,True,1.4,None,False
2022-06-11,2022,Q2,6,June,23,11,Saturday,5,True,Summer,True,1.4,None,False
2022-06-12,2022,Q2,6,June,23,12,Sunday,6,True,Summer,True,1.4,None,False
2022-06-13,2022,Q2,6,June,24,13,Monday,0,False,Summer,True,1.4,None,False
2022-06-14,2022,Q2,6,June,24,14,Tuesday,1,False,Summer,True,1.4,None,False
2022-06-15,2022,Q2,6,June,24,15,Wednesday,2,False,Summer,True,1.4,None,False
2022-06-16,2022,Q2,6,June,24,16,Thursday,3,False,Summer,True,1.4,None,False
2022-06-17,2022,Q2,6,June,24,17,Friday,4,False,Summer,True,1.4,None,False
2022-06-18,2022,Q2,6,June,24,18,Saturday,5,True,Summer,True,1.4,None,False
2022-06-19,2022,Q2,6,June,24,19,Sunday,6,True,Summer,True,1.4,None,False
2022-06-20,2022,Q2,6,June,25,20,Monday,0,False,Summer,True,1.4,None,False
2022-06-21,2022,Q2,6,June,25,21,Tuesday,1,False,Summer,True,1.4,None,False
2022-06-22,2022,Q2,6,June,25,22,Wednesday,2,False,Summer,True,1.4,None,False
2022-06-23,2022,Q2,6,June,25,23,Thursday,3,False,Summer,True,1.4,None,False
2022-06-24,2022,Q2,6,June,25,24,Friday,4,False,Summer,True,1.4,None,False
2022-06-25,2022,Q2,6,June,25,25,Saturday,5,True,Summer,True,1.4,None,False
2022-06-26,2022,Q2,6,June,25,26,Sunday,6,True,Summer,True,1.4,None,False
2022-06-27,2022,Q2,6,June,26,27,Monday,0,False,Summer,True,1.4,None,False
2022-06-28,2022,Q2,6,June,26,28,Tuesday,1,False,Summer,True,1.4,None,False
2022-06-29,2022,Q2,6,June,26,29,Wednesday,2,False,Summer,True,1.4,None,False
2022-06-30,2022,Q2,6,June,26,30,Thursday,3,False,Summer,True,1.4,None,False
2022-07-01,2022,Q3,7,July,26,1,Friday,4,False,Summer,False,1.2,None,False
2022-07-02,2022,Q3,7,July,26,2,Saturday,5,True,Summer,False,1.2,None,False
2022-07-03,2022,Q3,7,July,26,3,Sunday,6,True,Summer,False,1.2,None,False
2022-07-04,2022,Q3,7,July,27,4,Monday,0,False,Summer,False,1.2,None,False
2022-07-05,2022,Q3,7,July,27,5,Tuesday,1,False,Summer,False,1.2,None,False
2022-07-06,2022,Q3,7,July,27,6,Wednesday,2,False,Summer,False,1.2,None,False
2022-07-07,2022,Q3,7,July,27,7,Thursday,3,False,Summer,False,1.2,None,False
2022-07-08,2022,Q3,7,July,27,8,Friday,4,False,Summer,False,1.2,None,False
2022-07-09,2022,Q3,7,July,27,9,Saturday,5,True,Summer,False,1.2,None,False
2022-07-10,2022,Q3,7,July,27,10,Sunday,6,True,Summer,False,1.2,None,False
2022-07-11,2022,Q3,7,July,28,11,Monday,0,False,Summer,False,1.2,None,False
2022-07-12,2022,Q3,7,July,28,12,Tuesday,1,False,Summer,False,1.2,None,False
2022-07-13,2022,Q3,7,July,28,13,Wednesday,2,False,Summer,False,1.2,None,False
2022-07-14,2022,Q3,7,July,28,14,Thursday,3,False,Summer,False,1.2,None,False
2022-07-15,2022,Q3,7,July,28,15,Friday,4,False,Summer,False,1.2,None,False
2022-07-16,2022,Q3,7,July,28,16,Saturday,5,True,Summer,False,1.2,None,False
2022-07-17,2022,Q3,7,July,28,17,Sunday,6,True,Summer,False,1.2,None,False
2022-07-18,2022,Q3,7,July,29,18,Monday,0,False,Summer,False,1.2,None,False
2022-07-19,2022,Q3,7,July,29,19,Tuesday,1,False,Summer,False,1.2,None,False
2022-07-20,2022,Q3,7,July,29,20,Wednesday,2,False,Summer,False,1.2,None,False
2022-07-21,2022,Q3,7,July,29,21,Thursday,3,False,Summer,False,1.2,None,False
2022-07-22,2022,Q3,7,July,29,22,Friday,4,False,Summer,False,1.2,None,False
2022-07-23,2022,Q3,7,July,29,23,Saturday,5,True,Summer,False,1.2,None,False
2022-07-24,2022,Q3,7,July,29,24,Sunday,6,True,Summer,False,1.2,None,False
2022-07-25,2022,Q3,7,July,30,25,Monday,0,False,Summer,False,1.2,None,False
2022-07-26,2022,Q3,7,July,30,26,Tuesday,1,False,Summer,False,1.2,None,False
2022-07-27,2022,Q3,7,July,30,27,Wednesday,2,False,Summer,False,1.2,None,False
2022-07-28,2022,Q3,7,July,30,28,Thursday,3,False,Summer,False,1.2,None,False
2022-07-29,2022,Q3,7,July,30,29,Friday,4,False,Summer,False,1.2,None,False
2022-07-30,2022,Q3,7,July,30,30,Saturday,5,True,Summer,False,1.2,None,False
2022-07-31,2022,Q3,7,July,30,31,Sunday,6,True,Summer,False,1.2,None,False
2022-08-01,2022,Q3,8,August,31,1,Monday,0,False,Summer,False,1.0,None,False
2022-08-02,2022,Q3,8,August,31,2,Tuesday,1,False,Summer,False,1.0,None,False
2022-08-03,2022,Q3,8,August,31,3,Wednesday,2,False,Summer,False,1.0,None,False
2022-08-04,2022,Q3,8,August,31,4,Thursday,3,False,Summer,False,1.0,None,False
2022-08-05,2022,Q3,8,August,31,5,Friday,4,False,Summer,False,1.0,None,False
2022-08-06,2022,Q3,8,August,31,6,Saturday,5,True,Summer,False,1.0,None,False
2022-08-07,2022,Q3,8,August,31,7,Sunday,6,True,Summer,False,1.0,None,False
2022-08-08,2022,Q3,8,August,32,8,Monday,0,False,Summer,False,1.0,None,False
2022-08-09,2022,Q3,8,August,32,9,Tuesday,1,False,Summer,False,1.0,None,False
2022-08-10,2022,Q3,8,August,32,10,Wednesday,2,False,Summer,False,1.0,None,False
2022-08-11,2022,Q3,8,August,32,11,Thursday,3,False,Summer,False,1.0,None,False
2022-08-12,2022,Q3,8,August,32,12,Friday,4,False,Summer,False,1.0,None,False
2022-08-13,2022,Q3,8,August,32,13,Saturday,5,True,Summer,False,1.0,None,False
2022-08-14,2022,Q3,8,August,32,14,Sunday,6,True,Summer,False,1.0,None,False
2022-08-15,2022,Q3,8,August,33,15,Monday,0,False,Summer,False,1.0,None,False
2022-08-16,2022,Q3,8,August,33,16,Tuesday,1,False,Summer,False,1.0,None,False
2022-08-17,2022,Q3,8,August,33,17,Wednesday,2,False,Summer,False,1.0,None,False
2022-08-18,2022,Q3,8,August,33,18,Thursday,3,False,Summer,False,1.0,None,False
2022-08-19,2022,Q3,8,August,33,19,Friday,4,False,Summer,False,1.0,None,False
2022-08-20,2022,Q3,8,August,33,20,Saturday,5,True,Summer,False,1.0,None,False
2022-08-21,2022,Q3,8,August,33,21,Sunday,6,True,Summer,False,1.0,None,False
2022-08-22,2022,Q3,8,August,34,22,Monday,0,False,Summer,False,1.0,None,False
2022-08-23,2022,Q3,8,August,34,23,Tuesday,1,False,Summer,False,1.0,None,False
2022-08-24,2022,Q3,8,August,34,24,Wednesday,2,False,Summer,False,1.0,None,False
2022-08-25,2022,Q3,8,August,34,25,Thursday,3,False,Summer,False,1.0,None,False
2022-08-26,2022,Q3,8,August,34,26,Friday,4,False,Summer,False,1.0,None,False
2022-08-27,2022,Q3,8,August,34,27,Saturday,5,True,Summer,False,1.0,None,False
2022-08-28,2022,Q3,8,August,34,28,Sunday,6,True,Summer,False,1.0,None,False
2022-08-29,2022,Q3,8,August,35,29,Monday,0,False,Summer,False,1.0,None,False
2022-08-30,2022,Q3,8,August,35,30,Tuesday,1,False,Summer,False,1.0,None,False
2022-08-31,2022,Q3,8,August,35,31,Wednesday,2,False,Summer,False,1.0,None,False
2022-09-01,2022,Q3,9,September,35,1,Thursday,3,False,Fall,False,1.05,Labor Day,True
2022-09-02,2022,Q3,9,September,35,2,Friday,4,False,Fall,False,1.05,Labor Day,True
2022-09-03,2022,Q3,9,September,35,3,Saturday,5,True,Fall,False,1.05,Labor Day,True
2022-09-04,2022,Q3,9,September,35,4,Sunday,6,True,Fall,False,1.05,Labor Day,True
2022-09-05,2022,Q3,9,September,36,5,Monday,0,False,Fall,False,1.05,Labor Day,True
2022-09-06,2022,Q3,9,September,36,6,Tuesday,1,False,Fall,False,1.05,Labor Day,True
2022-09-07,2022,Q3,9,September,36,7,Wednesday,2,False,Fall,False,1.05,Labor Day,True
2022-09-08,2022,Q3,9,September,36,8,Thursday,3,False,Fall,False,1.05,None,False
2022-09-09,2022,Q3,9,September,36,9,Friday,4,False,Fall,False,1.05,None,False
2022-09-10,2022,Q3,9,September,36,10,Saturday,5,True,Fall,False,1.05,None,False
2022-09-11,2022,Q3,9,September,36,11,Sunday,6,True,Fall,False,1.05,None,False
2022-09-12,2022,Q3,9,September,37,12,Monday,0,False,Fall,False,1.05,None,False
2022-09-13,2022,Q3,9,September,37,13,Tuesday,1,False,Fall,False,1.05,None,False
2022-09-14,2022,Q3,9,September,37,14,Wednesday,2,False,Fall,False,1.05,None,False
2022-09-15,2022,Q3,9,September,37,15,Thursday,3,False,Fall,False,1.05,None,False
2022-09-16,2022,Q3,9,September,37,16,Friday,4,False,Fall,False,1.05,None,False
2022-09-17,2022,Q3,9,September,37,17,Saturday,5,True,Fall,False,1.05,None,False
2022-09-18,2022,Q3,9,September,37,18,Sunday,6,True,Fall,False,1.05,None,False
2022-09-19,2022,Q3,9,September,38,19,Monday,0,False,Fall,False,1.05,None,False
2022-09-20,2022,Q3,9,September,38,20,Tuesday,1,False,Fall,False,1.05,None,False
2022-09-21,2022,Q3,9,September,38,21,Wednesday,2,False,Fall,False,1.05,None,False
2022-09-22,2022,Q3,9,September,38,22,Thursday,3,False,Fall,False,1.05,None,False
2022-09-23,2022,Q3,9,September,38,23,Friday,4,False,Fall,False,1.05,None,False
2022-09-24,2022,Q3,9,September,38,24,Saturday,5,True,Fall,False,1.05,None,False
2022-09-25,2022,Q3,9,September,38,25,Sunday,6,True,Fall,False,1.05,None,False
2022-09-26,2022,Q3,9,September,39,26,Monday,0,False,Fall,False,1.05,None,False
2022-09-27,2022,Q3,9,September,39,27,Tuesday,1,False,Fall,False,1.05,None,False
2022-09-28,2022,Q3,9,September,39,28,Wednesday,2,False,Fall,False,1.05,None,False
2022-09-29,2022,Q3,9,September,39,29,Thursday,3,False,Fall,False,1.05,None,False
2022-09-30,2022,Q3,9,September,39,30,Friday,4,False,Fall,False,1.05,None,False
2022-10-01,2022,Q4,10,October,39,1,Saturday,5,True,Fall,False,0.85,None,False
2022-10-02,2022,Q4,10,October,39,2,Sunday,6,True,Fall,False,0.85,None,False
2022-10-03,2022,Q4,10,October,40,3,Monday,0,False,Fall,False,0.85,None,False
2022-10-04,2022,Q4,10,October,40,4,Tuesday,1,False,Fall,False,0.85,None,False
2022-10-05,2022,Q4,10,October,40,5,Wednesday,2,False,Fall,False,0.85,None,False
2022-10-06,2022,Q4,10,October,40,6,Thursday,3,False,Fall,False,0.85,None,False
2022-10-07,2022,Q4,10,October,40,7,Friday,4,False,Fall,False,0.85,None,False
2022-10-08,2022,Q4,10,October,40,8,Saturday,5,True,Fall,False,0.85,None,False
2022-10-09,2022,Q4,10,October,40,9,Sunday,6,True,Fall,False,0.85,None,False
2022-10-10,2022,Q4,10,October,41,10,Monday,0,False,Fall,False,0.85,None,False
2022-10-11,2022,Q4,10,October,41,11,Tuesday,1,False,Fall,False,0.85,None,False
2022-10-12,2022,Q4,10,October,41,12,Wednesday,2,False,Fall,False,0.85,None,False
2022-10-13,2022,Q4,10,October,41,13,Thursday,3,False,Fall,False,0.85,None,False
2022-10-14,2022,Q4,10,October,41,14,Friday,4,False,Fall,False,0.85,None,False
2022-10-15,2022,Q4,10,October,41,15,Saturday,5,True,Fall,False,0.85,None,False
2022-10-16,2022,Q4,10,October,41,16,Sunday,6,True,Fall,False,0.85,None,False
2022-10-17,2022,Q4,10,October,42,17,Monday,0,False,Fall,False,0.85,None,False
2022-10-18,2022,Q4,10,October,42,18,Tuesday,1,False,Fall,False,0.85,None,False
2022-10-19,2022,Q4,10,October,42,19,Wednesday,2,False,Fall,False,0.85,None,False
2022-10-20,2022,Q4,10,October,42,20,Thursday,3,False,Fall,False,0.85,None,False
2022-10-21,2022,Q4,10,October,42,21,Friday,4,False,Fall,False,0.85,None,False
2022-10-22,2022,Q4,10,October,42,22,Saturday,5,True,Fall,False,0.85,None,False
2022-10-23,2022,Q4,10,October,42,23,Sunday,6,True,Fall,False,0.85,None,False
2022-10-24,2022,Q4,10,October,43,24,Monday,0,False,Fall,False,0.85,None,False
2022-10-25,2022,Q4,10,October,43,25,Tuesday,1,False,Fall,False,0.85,None,False
2022-10-26,2022,Q4,10,October,43,26,Wednesday,2,False,Fall,False,0.85,None,False
2022-10-27,2022,Q4,10,October,43,27,Thursday,3,False,Fall,False,0.85,None,False
2022-10-28,2022,Q4,10,October,43,28,Friday,4,False,Fall,False,0.85,None,False
2022-10-29,2022,Q4,10,October,43,29,Saturday,5,True,Fall,False,0.85,None,False
2022-10-30,2022,Q4,10,October,43,30,Sunday,6,True,Fall,False,0.85,None,False
2022-10-31,2022,Q4,10,October,44,31,Monday,0,False,Fall,False,0.85,None,False
2022-11-01,2022,Q4,11,November,44,1,Tuesday,1,False,Winter,False,0.75,None,False
2022-11-02,2022,Q4,11,November,44,2,Wednesday,2,False,Winter,False,0.75,None,False
2022-11-03,2022,Q4,11,November,44,3,Thursday,3,False,Winter,False,0.75,None,False
2022-11-04,2022,Q4,11,November,44,4,Friday,4,False,Winter,False,0.75,None,False
2022-11-05,2022,Q4,11,November,44,5,Saturday,5,True,Winter,False,0.75,None,False
2022-11-06,2022,Q4,11,November,44,6,Sunday,6,True,Winter,False,0.75,None,False
2022-11-07,2022,Q4,11,November,45,7,Monday,0,False,Winter,False,0.75,None,False
2022-11-08,2022,Q4,11,November,45,8,Tuesday,1,False,Winter,False,0.75,None,False
2022-11-09,2022,Q4,11,November,45,9,Wednesday,2,False,Winter,False,0.75,None,False
2022-11-10,2022,Q4,11,November,45,10,Thursday,3,False,Winter,False,0.75,None,False
2022-11-11,2022,Q4,11,November,45,11,Friday,4,False,Winter,False,0.75,None,False
2022-11-12,2022,Q4,11,November,45,12,Saturday,5,True,Winter,False,0.75,None,False
2022-11-13,2022,Q4,11,November,45,13,Sunday,6,True,Winter,False,0.75,None,False
2022-11-14,2022,Q4,11,November,46,14,Monday,0,False,Winter,False,0.75,None,False
2022-11-15,2022,Q4,11,November,46,15,Tuesday,1,False,Winter,False,0.75,None,False
2022-11-16,2022,Q4,11,November,46,16,Wednesday,2,False,Winter,False,0.75,None,False
2022-11-17,2022,Q4,11,November,46,17,Thursday,3,False,Winter,False,0.75,None,False
2022-11-18,2022,Q4,11,November,46,18,Friday,4,False,Winter,False,0.75,None,False
2022-11-19,2022,Q4,11,November,46,19,Saturday,5,True,Winter,False,0.75,None,False
2022-11-20,2022,Q4,11,November,46,20,Sunday,6,True,Winter,False,0.75,None,False
2022-11-21,2022,Q4,11,November,47,21,Monday,0,False,Winter,False,0.75,None,False
2022-11-22,2022,Q4,11,November,47,22,Tuesday,1,False,Winter,False,0.75,None,False
2022-11-23,2022,Q4,11,November,47,23,Wednesday,2,False,Winter,False,0.75,None,False
2022-11-24,2022,Q4,11,November,47,24,Thursday,3,False,Winter,False,0.75,Black Friday,True
2022-11-25,2022,Q4,11,November,47,25,Friday,4,False,Winter,False,0.75,Black Friday,True
2022-11-26,2022,Q4,11,November,47,26,Saturday,5,True,Winter,False,0.75,Black Friday,True
2022-11-27,2022,Q4,11,November,47,27,Sunday,6,True,Winter,False,0.75,Black Friday,True
2022-11-28,2022,Q4,11,November,48,28,Monday,0,False,Winter,False,0.75,Black Friday,True
2022-11-29,2022,Q4,11,November,48,29,Tuesday,1,False,Winter,False,0.75,Black Friday,True
2022-11-30,2022,Q4,11,November,48,30,Wednesday,2,False,Winter,False,0.75,Black Friday,True
2022-12-01,2022,Q4,12,December,48,1,Thursday,3,False,Winter,False,0.9,None,False
2022-12-02,2022,Q4,12,December,48,2,Friday,4,False,Winter,False,0.9,None,False
2022-12-03,2022,Q4,12,December,48,3,Saturday,5,True,Winter,False,0.9,None,False
2022-12-04,2022,Q4,12,December,48,4,Sunday,6,True,Winter,False,0.9,None,False
2022-12-05,2022,Q4,12,December,49,5,Monday,0,False,Winter,False,0.9,None,False
2022-12-06,2022,Q4,12,December,49,6,Tuesday,1,False,Winter,False,0.9,None,False
2022-12-07,2022,Q4,12,December,49,7,Wednesday,2,False,Winter,False,0.9,None,False
2022-12-08,2022,Q4,12,December,49,8,Thursday,3,False,Winter,False,0.9,None,False
2022-12-09,2022,Q4,12,December,49,9,Friday,4,False,Winter,False,0.9,None,False
2022-12-10,2022,Q4,12,December,49,10,Saturday,5,True,Winter,False,0.9,None,False
2022-12-11,2022,Q4,12,December,49,11,Sunday,6,True,Winter,False,0.9,None,False
2022-12-12,2022,Q4,12,December,50,12,Monday,0,False,Winter,False,0.9,None,False
2022-12-13,2022,Q4,12,December,50,13,Tuesday,1,False,Winter,False,0.9,None,False
2022-12-14,2022,Q4,12,December,50,14,Wednesday,2,False,Winter,False,0.9,None,False
2022-12-15,2022,Q4,12,December,50,15,Thursday,3,False,Winter,False,0.9,None,False
2022-12-16,2022,Q4,12,December,50,16,Friday,4,False,Winter,False,0.9,None,False
2022-12-17,2022,Q4,12,December,50,17,Saturday,5,True,Winter,False,0.9,None,False
2022-12-18,2022,Q4,12,December,50,18,Sunday,6,True,Winter,False,0.9,None,False
2022-12-19,2022,Q4,12,December,51,19,Monday,0,False,Winter,False,0.9,None,False
2022-12-20,2022,Q4,12,December,51,20,Tuesday,1,False,Winter,False,0.9,None,False
2022-12-21,2022,Q4,12,December,51,21,Wednesday,2,False,Winter,False,0.9,None,False
2022-12-22,2022,Q4,12,December,51,22,Thursday,3,False,Winter,False,0.9,None,False
2022-12-23,2022,Q4,12,December,51,23,Friday,4,False,Winter,False,0.9,None,False
2022-12-24,2022,Q4,12,December,51,24,Saturday,5,True,Winter,False,0.9,None,False
2022-12-25,2022,Q4,12,December,51,25,Sunday,6,True,Winter,False,0.9,None,False
2022-12-26,2022,Q4,12,December,52,26,Monday,0,False,Winter,False,0.9,None,False
2022-12-27,2022,Q4,12,December,52,27,Tuesday,1,False,Winter,False,0.9,None,False
2022-12-28,2022,Q4,12,December,52,28,Wednesday,2,False,Winter,False,0.9,None,False
2022-12-29,2022,Q4,12,December,52,29,Thursday,3,False,Winter,False,0.9,None,False
2022-12-30,2022,Q4,12,December,52,30,Friday,4,False,Winter,False,0.9,None,False
2022-12-31,2022,Q4,12,December,52,31,Saturday,5,True,Winter,False,0.9,None,False
2023-01-01,2023,Q1,1,January,52,1,Sunday,6,True,Winter,False,0.7,None,False
2023-01-02,2023,Q1,1,January,1,2,Monday,0,False,Winter,False,0.7,None,False
2023-01-03,2023,Q1,1,January,1,3,Tuesday,1,False,Winter,False,0.7,None,False
2023-01-04,2023,Q1,1,January,1,4,Wednesday,2,False,Winter,False,0.7,None,False
2023-01-05,2023,Q1,1,January,1,5,Thursday,3,False,Winter,False,0.7,None,False
2023-01-06,2023,Q1,1,January,1,6,Friday,4,False,Winter,False,0.7,None,False
2023-01-07,2023,Q1,1,January,1,7,Saturday,5,True,Winter,False,0.7,None,False
2023-01-08,2023,Q1,1,January,1,8,Sunday,6,True,Winter,False,0.7,None,False
2023-01-09,2023,Q1,1,January,2,9,Monday,0,False,Winter,False,0.7,None,False
2023-01-10,2023,Q1,1,January,2,10,Tuesday,1,False,Winter,False,0.7,None,False
2023-01-11,2023,Q1,1,January,2,11,Wednesday,2,False,Winter,False,0.7,None,False
2023-01-12,2023,Q1,1,January,2,12,Thursday,3,False,Winter,False,0.7,None,False
2023-01-13,2023,Q1,1,January,2,13,Friday,4,False,Winter,False,0.7,None,False
2023-01-14,2023,Q1,1,January,2,14,Saturday,5,True,Winter,False,0.7,None,False
2023-01-15,2023,Q1,1,January,2,15,Sunday,6,True,Winter,False,0.7,None,False
2023-01-16,2023,Q1,1,January,3,16,Monday,0,False,Winter,False,0.7,None,False
2023-01-17,2023,Q1,1,January,3,17,Tuesday,1,False,Winter,False,0.7,None,False
2023-01-18,2023,Q1,1,January,3,18,Wednesday,2,False,Winter,False,0.7,None,False
2023-01-19,2023,Q1,1,January,3,19,Thursday,3,False,Winter,False,0.7,None,False
2023-01-20,2023,Q1,1,January,3,20,Friday,4,False,Winter,False,0.7,None,False
2023-01-21,2023,Q1,1,January,3,21,Saturday,5,True,Winter,False,0.7,None,False
2023-01-22,2023,Q1,1,January,3,22,Sunday,6,True,Winter,False,0.7,None,False
2023-01-23,2023,Q1,1,January,4,23,Monday,0,False,Winter,False,0.7,None,False
2023-01-24,2023,Q1,1,January,4,24,Tuesday,1,False,Winter,False,0.7,None,False
2023-01-25,2023,Q1,1,January,4,25,Wednesday,2,False,Winter,False,0.7,None,False
2023-01-26,2023,Q1,1,January,4,26,Thursday,3,False,Winter,False,0.7,None,False
2023-01-27,2023,Q1,1,January,4,27,Friday,4,False,Winter,False,0.7,None,False
2023-01-28,2023,Q1,1,January,4,28,Saturday,5,True,Winter,False,0.7,None,False
2023-01-29,2023,Q1,1,January,4,29,Sunday,6,True,Winter,False,0.7,None,False
2023-01-30,2023,Q1,1,January,5,30,Monday,0,False,Winter,False,0.7,None,False
2023-01-31,2023,Q1,1,January,5,31,Tuesday,1,False,Winter,False,0.7,None,False
2023-02-01,2023,Q1,2,February,5,1,Wednesday,2,False,Winter,False,0.9,None,False
2023-02-02,2023,Q1,2,February,5,2,Thursday,3,False,Winter,False,0.9,None,False
2023-02-03,2023,Q1,2,February,5,3,Friday,4,False,Winter,False,0.9,None,False
2023-02-04,2023,Q1,2,February,5,4,Saturday,5,True,Winter,False,0.9,None,False
2023-02-05,2023,Q1,2,February,5,5,Sunday,6,True,Winter,False,0.9,None,False
2023-02-06,2023,Q1,2,February,6,6,Monday,0,False,Winter,False,0.9,None,False
2023-02-07,2023,Q1,2,February,6,7,Tuesday,1,False,Winter,False,0.9,None,False
2023-02-08,2023,Q1,2,February,6,8,Wednesday,2,False,Winter,False,0.9,None,False
2023-02-09,2023,Q1,2,February,6,9,Thursday,3,False,Winter,False,0.9,None,False
2023-02-10,2023,Q1,2,February,6,10,Friday,4,False,Winter,False,0.9,None,False
2023-02-11,2023,Q1,2,February,6,11,Saturday,5,True,Winter,False,0.9,None,False
2023-02-12,2023,Q1,2,February,6,12,Sunday,6,True,Winter,False,0.9,None,False
2023-02-13,2023,Q1,2,February,7,13,Monday,0,False,Winter,False,0.9,None,False
2023-02-14,2023,Q1,2,February,7,14,Tuesday,1,False,Winter,False,0.9,None,False
2023-02-15,2023,Q1,2,February,7,15,Wednesday,2,False,Winter,False,0.9,None,False
2023-02-16,2023,Q1,2,February,7,16,Thursday,3,False,Winter,False,0.9,None,False
2023-02-17,2023,Q1,2,February,7,17,Friday,4,False,Winter,False,0.9,None,False
2023-02-18,2023,Q1,2,February,7,18,Saturday,5,True,Winter,False,0.9,None,False
2023-02-19,2023,Q1,2,February,7,19,Sunday,6,True,Winter,False,0.9,None,False
2023-02-20,2023,Q1,2,February,8,20,Monday,0,False,Winter,False,0.9,None,False
2023-02-21,2023,Q1,2,February,8,21,Tuesday,1,False,Winter,False,0.9,None,False
2023-02-22,2023,Q1,2,February,8,22,Wednesday,2,False,Winter,False,0.9,None,False
2023-02-23,2023,Q1,2,February,8,23,Thursday,3,False,Winter,False,0.9,None,False
2023-02-24,2023,Q1,2,February,8,24,Friday,4,False,Winter,False,0.9,None,False
2023-02-25,2023,Q1,2,February,8,25,Saturday,5,True,Winter,False,0.9,None,False
2023-02-26,2023,Q1,2,February,8,26,Sunday,6,True,Winter,False,0.9,None,False
2023-02-27,2023,Q1,2,February,9,27,Monday,0,False,Winter,False,0.9,None,False
2023-02-28,2023,Q1,2,February,9,28,Tuesday,1,False,Winter,False,0.9,None,False
2023-03-01,2023,Q1,3,March,9,1,Wednesday,2,False,Spring,True,1.2,Spring Sale,True
2023-03-02,2023,Q1,3,March,9,2,Thursday,3,False,Spring,True,1.2,Spring Sale,True
2023-03-03,2023,Q1,3,March,9,3,Friday,4,False,Spring,True,1.2,Spring Sale,True
2023-03-04,2023,Q1,3,March,9,4,Saturday,5,True,Spring,True,1.2,Spring Sale,True
2023-03-05,2023,Q1,3,March,9,5,Sunday,6,True,Spring,True,1.2,Spring Sale,True
2023-03-06,2023,Q1,3,March,10,6,Monday,0,False,Spring,True,1.2,Spring Sale,True
2023-03-07,2023,Q1,3,March,10,7,Tuesday,1,False,Spring,True,1.2,Spring Sale,True
2023-03-08,2023,Q1,3,March,10,8,Wednesday,2,False,Spring,True,1.2,Spring Sale,True
2023-03-09,2023,Q1,3,March,10,9,Thursday,3,False,Spring,True,1.2,Spring Sale,True
2023-03-10,2023,Q1,3,March,10,10,Friday,4,False,Spring,True,1.2,Spring Sale,True
2023-03-11,2023,Q1,3,March,10,11,Saturday,5,True,Spring,True,1.2,Spring Sale,True
2023-03-12,2023,Q1,3,March,10,12,Sunday,6,True,Spring,True,1.2,Spring Sale,True
2023-03-13,2023,Q1,3,March,11,13,Monday,0,False,Spring,True,1.2,Spring Sale,True
2023-03-14,2023,Q1,3,March,11,14,Tuesday,1,False,Spring,True,1.2,Spring Sale,True
2023-03-15,2023,Q1,3,March,11,15,Wednesday,2,False,Spring,True,1.2,Spring Sale,True
2023-03-16,2023,Q1,3,March,11,16,Thursday,3,False,Spring,True,1.2,None,False
2023-03-17,2023,Q1,3,March,11,17,Friday,4,False,Spring,True,1.2,None,False
2023-03-18,2023,Q1,3,March,11,18,Saturday,5,True,Spring,True,1.2,None,False
2023-03-19,2023,Q1,3,March,11,19,Sunday,6,True,Spring,True,1.2,None,False
2023-03-20,2023,Q1,3,March,12,20,Monday,0,False,Spring,True,1.2,None,False
2023-03-21,2023,Q1,3,March,12,21,Tuesday,1,False,Spring,True,1.2,None,False
2023-03-22,2023,Q1,3,March,12,22,Wednesday,2,False,Spring,True,1.2,None,False
2023-03-23,2023,Q1,3,March,12,23,Thursday,3,False,Spring,True,1.2,None,False
2023-03-24,2023,Q1,3,March,12,24,Friday,4,False,Spring,True,1.2,None,False
2023-03-25,2023,Q1,3,March,12,25,Saturday,5,True,Spring,True,1.2,None,False
2023-03-26,2023,Q1,3,March,12,26,Sunday,6,True,Spring,True,1.2,None,False
2023-03-27,2023,Q1,3,March,13,27,Monday,0,False,Spring,True,1.2,None,False
2023-03-28,2023,Q1,3,March,13,28,Tuesday,1,False,Spring,True,1.2,None,False
2023-03-29,2023,Q1,3,March,13,29,Wednesday,2,False,Spring,True,1.2,None,False
2023-03-30,2023,Q1,3,March,13,30,Thursday,3,False,Spring,True,1.2,None,False
2023-03-31,2023,Q1,3,March,13,31,Friday,4,False,Spring,True,1.2,None,False
2023-04-01,2023,Q2,4,April,13,1,Saturday,5,True,Spring,True,1.5,None,False
2023-04-02,2023,Q2,4,April,13,2,Sunday,6,True,Spring,True,1.5,None,False
2023-04-03,2023,Q2,4,April,14,3,Monday,0,False,Spring,True,1.5,None,False
2023-04-04,2023,Q2,4,April,14,4,Tuesday,1,False,Spring,True,1.5,None,False
2023-04-05,2023,Q2,4,April,14,5,Wednesday,2,False,Spring,True,1.5,None,False
2023-04-06,2023,Q2,4,April,14,6,Thursday,3,False,Spring,True,1.5,None,False
2023-04-07,2023,Q2,4,April,14,7,Friday,4,False,Spring,True,1.5,None,False
2023-04-08,2023,Q2,4,April,14,8,Saturday,5,True,Spring,True,1.5,None,False
2023-04-09,2023,Q2,4,April,14,9,Sunday,6,True,Spring,True,1.5,None,False
2023-04-10,2023,Q2,4,April,15,10,Monday,0,False,Spring,True,1.5,None,False
2023-04-11,2023,Q2,4,April,15,11,Tuesday,1,False,Spring,True,1.5,None,False
2023-04-12,2023,Q2,4,April,15,12,Wednesday,2,False,Spring,True,1.5,None,False
2023-04-13,2023,Q2,4,April,15,13,Thursday,3,False,Spring,True,1.5,None,False
2023-04-14,2023,Q2,4,April,15,14,Friday,4,False,Spring,True,1.5,None,False
2023-04-15,2023,Q2,4,April,15,15,Saturday,5,True,Spring,True,1.5,None,False
2023-04-16,2023,Q2,4,April,15,16,Sunday,6,True,Spring,True,1.5,None,False
2023-04-17,2023,Q2,4,April,16,17,Monday,0,False,Spring,True,1.5,None,False
2023-04-18,2023,Q2,4,April,16,18,Tuesday,1,False,Spring,True,1.5,None,False
2023-04-19,2023,Q2,4,April,16,19,Wednesday,2,False,Spring,True,1.5,None,False
2023-04-20,2023,Q2,4,April,16,20,Thursday,3,False,Spring,True,1.5,None,False
2023-04-21,2023,Q2,4,April,16,21,Friday,4,False,Spring,True,1.5,None,False
2023-04-22,2023,Q2,4,April,16,22,Saturday,5,True,Spring,True,1.5,None,False
2023-04-23,2023,Q2,4,April,16,23,Sunday,6,True,Spring,True,1.5,None,False
2023-04-24,2023,Q2,4,April,17,24,Monday,0,False,Spring,True,1.5,None,False
2023-04-25,2023,Q2,4,April,17,25,Tuesday,1,False,Spring,True,1.5,None,False
2023-04-26,2023,Q2,4,April,17,26,Wednesday,2,False,Spring,True,1.5,None,False
2023-04-27,2023,Q2,4,April,17,27,Thursday,3,False,Spring,True,1.5,None,False
2023-04-28,2023,Q2,4,April,17,28,Friday,4,False,Spring,True,1.5,None,False
2023-04-29,2023,Q2,4,April,17,29,Saturday,5,True,Spring,True,1.5,None,False
2023-04-30,2023,Q2,4,April,17,30,Sunday,6,True,Spring,True,1.5,None,False
2023-05-01,2023,Q2,5,May,18,1,Monday,0,False,Spring,True,1.6,None,False
2023-05-02,2023,Q2,5,May,18,2,Tuesday,1,False,Spring,True,1.6,None,False
2023-05-03,2023,Q2,5,May,18,3,Wednesday,2,False,Spring,True,1.6,None,False
2023-05-04,2023,Q2,5,May,18,4,Thursday,3,False,Spring,True,1.6,None,False
2023-05-05,2023,Q2,5,May,18,5,Friday,4,False,Spring,True,1.6,None,False
2023-05-06,2023,Q2,5,May,18,6,Saturday,5,True,Spring,True,1.6,None,False
2023-05-07,2023,Q2,5,May,18,7,Sunday,6,True,Spring,True,1.6,None,False
2023-05-08,2023,Q2,5,May,19,8,Monday,0,False,Spring,True,1.6,None,False
2023-05-09,2023,Q2,5,May,19,9,Tuesday,1,False,Spring,True,1.6,None,False
2023-05-10,2023,Q2,5,May,19,10,Wednesday,2,False,Spring,True,1.6,None,False
2023-05-11,2023,Q2,5,May,19,11,Thursday,3,False,Spring,True,1.6,None,False
2023-05-12,2023,Q2,5,May,19,12,Friday,4,False,Spring,True,1.6,None,False
2023-05-13,2023,Q2,5,May,19,13,Saturday,5,True,Spring,True,1.6,None,False
2023-05-14,2023,Q2,5,May,19,14,Sunday,6,True,Spring,True,1.6,None,False
2023-05-15,2023,Q2,5,May,20,15,Monday,0,False,Spring,True,1.6,None,False
2023-05-16,2023,Q2,5,May,20,16,Tuesday,1,False,Spring,True,1.6,None,False
2023-05-17,2023,Q2,5,May,20,17,Wednesday,2,False,Spring,True,1.6,None,False
2023-05-18,2023,Q2,5,May,20,18,Thursday,3,False,Spring,True,1.6,None,False
2023-05-19,2023,Q2,5,May,20,19,Friday,4,False,Spring,True,1.6,None,False
2023-05-20,2023,Q2,5,May,20,20,Saturday,5,True,Spring,True,1.6,None,False
2023-05-21,2023,Q2,5,May,20,21,Sunday,6,True,Spring,True,1.6,None,False
2023-05-22,2023,Q2,5,May,21,22,Monday,0,False,Spring,True,1.6,None,False
2023-05-23,2023,Q2,5,May,21,23,Tuesday,1,False,Spring,True,1.6,None,False
2023-05-24,2023,Q2,5,May,21,24,Wednesday,2,False,Spring,True,1.6,None,False
2023-05-25,2023,Q2,5,May,21,25,Thursday,3,False,Spring,True,1.6,Memorial Day,True
2023-05-26,2023,Q2,5,May,21,26,Friday,4,False,Spring,True,1.6,Memorial Day,True
2023-05-27,2023,Q2,5,May,21,27,Saturday,5,True,Spring,True,1.6,Memorial Day,True
2023-05-28,2023,Q2,5,May,21,28,Sunday,6,True,Spring,True,1.6,Memorial Day,True
2023-05-29,2023,Q2,5,May,22,29,Monday,0,False,Spring,True,1.6,Memorial Day,True
2023-05-30,2023,Q2,5,May,22,30,Tuesday,1,False,Spring,True,1.6,Memorial Day,True
2023-05-31,2023,Q2,5,May,22,31,Wednesday,2,False,Spring,True,1.6,Memorial Day,True
2023-06-01,2023,Q2,6,June,22,1,Thursday,3,False,Summer,True,1.4,None,False
2023-06-02,2023,Q2,6,June,22,2,Friday,4,False,Summer,True,1.4,None,False
2023-06-03,2023,Q2,6,June,22,3,Saturday,5,True,Summer,True,1.4,None,False
2023-06-04,2023,Q2,6,June,22,4,Sunday,6,True,Summer,True,1.4,None,False
2023-06-05,2023,Q2,6,June,23,5,Monday,0,False,Summer,True,1.4,None,False
2023-06-06,2023,Q2,6,June,23,6,Tuesday,1,False,Summer,True,1.4,None,False
2023-06-07,2023,Q2,6,June,23,7,Wednesday,2,False,Summer,True,1.4,None,False
2023-06-08,2023,Q2,6,June,23,8,Thursday,3,False,Summer,True,1.4,None,False
2023-06-09,2023,Q2,6,June,23,9,Friday,4,False,Summer,True,1.4,None,False
2023-06-10,2023,Q2,6,June,23,10,Saturday,5,True,Summer,True,1.4,None,False
2023-06-11,2023,Q2,6,June,23,11,Sunday,6,True,Summer,True,1.4,None,False
2023-06-12,2023,Q2,6,June,24,12,Monday,0,False,Summer,True,1.4,None,False
2023-06-13,2023,Q2,6,June,24,13,Tuesday,1,False,Summer,True,1.4,None,False
2023-06-14,2023,Q2,6,June,24,14,Wednesday,2,False,Summer,True,1.4,None,False
2023-06-15,2023,Q2,6,June,24,15,Thursday,3,False,Summer,True,1.4,None,False
2023-06-16,2023,Q2,6,June,24,16,Friday,4,False,Summer,True,1.4,None,False
2023-06-17,2023,Q2,6,June,24,17,Saturday,5,True,Summer,True,1.4,None,False
2023-06-18,2023,Q2,6,June,24,18,Sunday,6,True,Summer,True,1.4,None,False
2023-06-19,2023,Q2,6,June,25,19,Monday,0,False,Summer,True,1.4,None,False
2023-06-20,2023,Q2,6,June,25,20,Tuesday,1,False,Summer,True,1.4,None,False
2023-06-21,2023,Q2,6,June,25,21,Wednesday,2,False,Summer,True,1.4,None,False
2023-06-22,2023,Q2,6,June,25,22,Thursday,3,False,Summer,True,1.4,None,False
2023-06-23,2023,Q2,6,June,25,23,Friday,4,False,Summer,True,1.4,None,False
2023-06-24,2023,Q2,6,June,25,24,Saturday,5,True,Summer,True,1.4,None,False
2023-06-25,2023,Q2,6,June,25,25,Sunday,6,True,Summer,True,1.4,None,False
2023-06-26,2023,Q2,6,June,26,26,Monday,0,False,Summer,True,1.4,None,False
2023-06-27,2023,Q2,6,June,26,27,Tuesday,1,False,Summer,True,1.4,None,False
2023-06-28,2023,Q2,6,June,26,28,Wednesday,2,False,Summer,True,1.4,None,False
2023-06-29,2023,Q2,6,June,26,29,Thursday,3,False,Summer,True,1.4,None,False
2023-06-30,2023,Q2,6,June,26,30,Friday,4,False,Summer,True,1.4,None,False
2023-07-01,2023,Q3,7,July,26,1,Saturday,5,True,Summer,False,1.2,None,False
2023-07-02,2023,Q3,7,July,26,2,Sunday,6,True,Summer,False,1.2,None,False
2023-07-03,2023,Q3,7,July,27,3,Monday,0,False,Summer,False,1.2,None,False
2023-07-04,2023,Q3,7,July,27,4,Tuesday,1,False,Summer,False,1.2,None,False
2023-07-05,2023,Q3,7,July,27,5,Wednesday,2,False,Summer,False,1.2,None,False
2023-07-06,2023,Q3,7,July,27,6,Thursday,3,False,Summer,False,1.2,None,False
2023-07-07,2023,Q3,7,July,27,7,Friday,4,False,Summer,False,1.2,None,False
2023-07-08,2023,Q3,7,July,27,8,Saturday,5,True,Summer,False,1.2,None,False
2023-07-09,2023,Q3,7,July,27,9,Sunday,6,True,Summer,False,1.2,None,False
2023-07-10,2023,Q3,7,July,28,10,Monday,0,False,Summer,False,1.2,None,False
2023-07-11,2023,Q3,7,July,28,11,Tuesday,1,False,Summer,False,1.2,None,False
2023-07-12,2023,Q3,7,July,28,12,Wednesday,2,False,Summer,False,1.2,None,False
2023-07-13,2023,Q3,7,July,28,13,Thursday,3,False,Summer,False,1.2,None,False
2023-07-14,2023,Q3,7,July,28,14,Friday,4,False,Summer,False,1.2,None,False
2023-07-15,2023,Q3,7,July,28,15,Saturday,5,True,Summer,False,1.2,None,False
2023-07-16,2023,Q3,7,July,28,16,Sunday,6,True,Summer,False,1.2,None,False
2023-07-17,2023,Q3,7,July,29,17,Monday,0,False,Summer,False,1.2,None,False
2023-07-18,2023,Q3,7,July,29,18,Tuesday,1,False,Summer,False,1.2,None,False
2023-07-19,2023,Q3,7,July,29,19,Wednesday,2,False,Summer,False,1.2,None,False
2023-07-20,2023,Q3,7,July,29,20,Thursday,3,False,Summer,False,1.2,None,False
2023-07-21,2023,Q3,7,July,29,21,Friday,4,False,Summer,False,1.2,None,False
2023-07-22,2023,Q3,7,July,29,22,Saturday,5,True,Summer,False,1.2,None,False
2023-07-23,2023,Q3,7,July,29,23,Sunday,6,True,Summer,False,1.2,None,False
2023-07-24,2023,Q3,7,July,30,24,Monday,0,False,Summer,False,1.2,None,False
2023-07-25,2023,Q3,7,July,30,25,Tuesday,1,False,Summer,False,1.2,None,False
2023-07-26,2023,Q3,7,July,30,26,Wednesday,2,False,Summer,False,1.2,None,False
2023-07-27,2023,Q3,7,July,30,27,Thursday,3,False,Summer,False,1.2,None,False
2023-07-28,2023,Q3,7,July,30,28,Friday,4,False,Summer,False,1.2,None,False
2023-07-29,2023,Q3,7,July,30,29,Saturday,5,True,Summer,False,1.2,None,False
2023-07-30,2023,Q3,7,July,30,30,Sunday,6,True,Summer,False,1.2,None,False
2023-07-31,2023,Q3,7,July,31,31,Monday,0,False,Summer,False,1.2,None,False
2023-08-01,2023,Q3,8,August,31,1,Tuesday,1,False,Summer,False,1.0,None,False
2023-08-02,2023,Q3,8,August,31,2,Wednesday,2,False,Summer,False,1.0,None,False
2023-08-03,2023,Q3,8,August,31,3,Thursday,3,False,Summer,False,1.0,None,False
2023-08-04,2023,Q3,8,August,31,4,Friday,4,False,Summer,False,1.0,None,False
2023-08-05,2023,Q3,8,August,31,5,Saturday,5,True,Summer,False,1.0,None,False
2023-08-06,2023,Q3,8,August,31,6,Sunday,6,True,Summer,False,1.0,None,False
2023-08-07,2023,Q3,8,August,32,7,Monday,0,False,Summer,False,1.0,None,False
2023-08-08,2023,Q3,8,August,32,8,Tuesday,1,False,Summer,False,1.0,None,False
2023-08-09,2023,Q3,8,August,32,9,Wednesday,2,False,Summer,False,1.0,None,False
2023-08-10,2023,Q3,8,August,32,10,Thursday,3,False,Summer,False,1.0,None,False
2023-08-11,2023,Q3,8,August,32,11,Friday,4,False,Summer,False,1.0,None,False
2023-08-12,2023,Q3,8,August,32,12,Saturday,5,True,Summer,False,1.0,None,False
2023-08-13,2023,Q3,8,August,32,13,Sunday,6,True,Summer,False,1.0,None,False
2023-08-14,2023,Q3,8,August,33,14,Monday,0,False,Summer,False,1.0,None,False
2023-08-15,2023,Q3,8,August,33,15,Tuesday,1,False,Summer,False,1.0,None,False
2023-08-16,2023,Q3,8,August,33,16,Wednesday,2,False,Summer,False,1.0,None,False
2023-08-17,2023,Q3,8,August,33,17,Thursday,3,False,Summer,False,1.0,None,False
2023-08-18,2023,Q3,8,August,33,18,Friday,4,False,Summer,False,1.0,None,False
2023-08-19,2023,Q3,8,August,33,19,Saturday,5,True,Summer,False,1.0,None,False
2023-08-20,2023,Q3,8,August,33,20,Sunday,6,True,Summer,False,1.0,None,False
2023-08-21,2023,Q3,8,August,34,21,Monday,0,False,Summer,False,1.0,None,False
2023-08-22,2023,Q3,8,August,34,22,Tuesday,1,False,Summer,False,1.0,None,False
2023-08-23,2023,Q3,8,August,34,23,Wednesday,2,False,Summer,False,1.0,None,False
2023-08-24,2023,Q3,8,August,34,24,Thursday,3,False,Summer,False,1.0,None,False
2023-08-25,2023,Q3,8,August,34,25,Friday,4,False,Summer,False,1.0,None,False
2023-08-26,2023,Q3,8,August,34,26,Saturday,5,True,Summer,False,1.0,None,False
2023-08-27,2023,Q3,8,August,34,27,Sunday,6,True,Summer,False,1.0,None,False
2023-08-28,2023,Q3,8,August,35,28,Monday,0,False,Summer,False,1.0,None,False
2023-08-29,2023,Q3,8,August,35,29,Tuesday,1,False,Summer,False,1.0,None,False
2023-08-30,2023,Q3,8,August,35,30,Wednesday,2,False,Summer,False,1.0,None,False
2023-08-31,2023,Q3,8,August,35,31,Thursday,3,False,Summer,False,1.0,None,False
2023-09-01,2023,Q3,9,September,35,1,Friday,4,False,Fall,False,1.05,Labor Day,True
2023-09-02,2023,Q3,9,September,35,2,Saturday,5,True,Fall,False,1.05,Labor Day,True
2023-09-03,2023,Q3,9,September,35,3,Sunday,6,True,Fall,False,1.05,Labor Day,True
2023-09-04,2023,Q3,9,September,36,4,Monday,0,False,Fall,False,1.05,Labor Day,True
2023-09-05,2023,Q3,9,September,36,5,Tuesday,1,False,Fall,False,1.05,Labor Day,True
2023-09-06,2023,Q3,9,September,36,6,Wednesday,2,False,Fall,False,1.05,Labor Day,True
2023-09-07,2023,Q3,9,September,36,7,Thursday,3,False,Fall,False,1.05,Labor Day,True
2023-09-08,2023,Q3,9,September,36,8,Friday,4,False,Fall,False,1.05,None,False
2023-09-09,2023,Q3,9,September,36,9,Saturday,5,True,Fall,False,1.05,None,False
2023-09-10,2023,Q3,9,September,36,10,Sunday,6,True,Fall,False,1.05,None,False
2023-09-11,2023,Q3,9,September,37,11,Monday,0,False,Fall,False,1.05,None,False
2023-09-12,2023,Q3,9,September,37,12,Tuesday,1,False,Fall,False,1.05,None,False
2023-09-13,2023,Q3,9,September,37,13,Wednesday,2,False,Fall,False,1.05,None,False
2023-09-14,2023,Q3,9,September,37,14,Thursday,3,False,Fall,False,1.05,None,False
2023-09-15,2023,Q3,9,September,37,15,Friday,4,False,Fall,False,1.05,None,False
2023-09-16,2023,Q3,9,September,37,16,Saturday,5,True,Fall,False,1.05,None,False
2023-09-17,2023,Q3,9,September,37,17,Sunday,6,True,Fall,False,1.05,None,False
2023-09-18,2023,Q3,9,September,38,18,Monday,0,False,Fall,False,1.05,None,False
2023-09-19,2023,Q3,9,September,38,19,Tuesday,1,False,Fall,False,1.05,None,False
2023-09-20,2023,Q3,9,September,38,20,Wednesday,2,False,Fall,False,1.05,None,False
2023-09-21,2023,Q3,9,September,38,21,Thursday,3,False,Fall,False,1.05,None,False
2023-09-22,2023,Q3,9,September,38,22,Friday,4,False,Fall,False,1.05,None,False
2023-09-23,2023,Q3,9,September,38,23,Saturday,5,True,Fall,False,1.05,None,False
2023-09-24,2023,Q3,9,September,38,24,Sunday,6,True,Fall,False,1.05,None,False
2023-09-25,2023,Q3,9,September,39,25,Monday,0,False,Fall,False,1.05,None,False
2023-09-26,2023,Q3,9,September,39,26,Tuesday,1,False,Fall,False,1.05,None,False
2023-09-27,2023,Q3,9,September,39,27,Wednesday,2,False,Fall,False,1.05,None,False
2023-09-28,2023,Q3,9,September,39,28,Thursday,3,False,Fall,False,1.05,None,False
2023-09-29,2023,Q3,9,September,39,29,Friday,4,False,Fall,False,1.05,None,False
2023-09-30,2023,Q3,9,September,39,30,Saturday,5,True,Fall,False,1.05,None,False
2023-10-01,2023,Q4,10,October,39,1,Sunday,6,True,Fall,False,0.85,None,False
2023-10-02,2023,Q4,10,October,40,2,Monday,0,False,Fall,False,0.85,None,False
2023-10-03,2023,Q4,10,October,40,3,Tuesday,1,False,Fall,False,0.85,None,False
2023-10-04,2023,Q4,10,October,40,4,Wednesday,2,False,Fall,False,0.85,None,False
2023-10-05,2023,Q4,10,October,40,5,Thursday,3,False,Fall,False,0.85,None,False
2023-10-06,2023,Q4,10,October,40,6,Friday,4,False,Fall,False,0.85,None,False
2023-10-07,2023,Q4,10,October,40,7,Saturday,5,True,Fall,False,0.85,None,False
2023-10-08,2023,Q4,10,October,40,8,Sunday,6,True,Fall,False,0.85,None,False
2023-10-09,2023,Q4,10,October,41,9,Monday,0,False,Fall,False,0.85,None,False
2023-10-10,2023,Q4,10,October,41,10,Tuesday,1,False,Fall,False,0.85,None,False
2023-10-11,2023,Q4,10,October,41,11,Wednesday,2,False,Fall,False,0.85,None,False
2023-10-12,2023,Q4,10,October,41,12,Thursday,3,False,Fall,False,0.85,None,False
2023-10-13,2023,Q4,10,October,41,13,Friday,4,False,Fall,False,0.85,None,False
2023-10-14,2023,Q4,10,October,41,14,Saturday,5,True,Fall,False,0.85,None,False
2023-10-15,2023,Q4,10,October,41,15,Sunday,6,True,Fall,False,0.85,None,False
2023-10-16,2023,Q4,10,October,42,16,Monday,0,False,Fall,False,0.85,None,False
2023-10-17,2023,Q4,10,October,42,17,Tuesday,1,False,Fall,False,0.85,None,False
2023-10-18,2023,Q4,10,October,42,18,Wednesday,2,False,Fall,False,0.85,None,False
2023-10-19,2023,Q4,10,October,42,19,Thursday,3,False,Fall,False,0.85,None,False
2023-10-20,2023,Q4,10,October,42,20,Friday,4,False,Fall,False,0.85,None,False
2023-10-21,2023,Q4,10,October,42,21,Saturday,5,True,Fall,False,0.85,None,False
2023-10-22,2023,Q4,10,October,42,22,Sunday,6,True,Fall,False,0.85,None,False
2023-10-23,2023,Q4,10,October,43,23,Monday,0,False,Fall,False,0.85,None,False
2023-10-24,2023,Q4,10,October,43,24,Tuesday,1,False,Fall,False,0.85,None,False
2023-10-25,2023,Q4,10,October,43,25,Wednesday,2,False,Fall,False,0.85,None,False
2023-10-26,2023,Q4,10,October,43,26,Thursday,3,False,Fall,False,0.85,None,False
2023-10-27,2023,Q4,10,October,43,27,Friday,4,False,Fall,False,0.85,None,False
2023-10-28,2023,Q4,10,October,43,28,Saturday,5,True,Fall,False,0.85,None,False
2023-10-29,2023,Q4,10,October,43,29,Sunday,6,True,Fall,False,0.85,None,False
2023-10-30,2023,Q4,10,October,44,30,Monday,0,False,Fall,False,0.85,None,False
2023-10-31,2023,Q4,10,October,44,31,Tuesday,1,False,Fall,False,0.85,None,False
2023-11-01,2023,Q4,11,November,44,1,Wednesday,2,False,Winter,False,0.75,None,False
2023-11-02,2023,Q4,11,November,44,2,Thursday,3,False,Winter,False,0.75,None,False
2023-11-03,2023,Q4,11,November,44,3,Friday,4,False,Winter,False,0.75,None,False
2023-11-04,2023,Q4,11,November,44,4,Saturday,5,True,Winter,False,0.75,None,False
2023-11-05,2023,Q4,11,November,44,5,Sunday,6,True,Winter,False,0.75,None,False
2023-11-06,2023,Q4,11,November,45,6,Monday,0,False,Winter,False,0.75,None,False
2023-11-07,2023,Q4,11,November,45,7,Tuesday,1,False,Winter,False,0.75,None,False
2023-11-08,2023,Q4,11,November,45,8,Wednesday,2,False,Winter,False,0.75,None,False
2023-11-09,2023,Q4,11,November,45,9,Thursday,3,False,Winter,False,0.75,None,False
2023-11-10,2023,Q4,11,November,45,10,Friday,4,False,Winter,False,0.75,None,False
2023-11-11,2023,Q4,11,November,45,11,Saturday,5,True,Winter,False,0.75,None,False
2023-11-12,2023,Q4,11,November,45,12,Sunday,6,True,Winter,False,0.75,None,False
2023-11-13,2023,Q4,11,November,46,13,Monday,0,False,Winter,False,0.75,None,False
2023-11-14,2023,Q4,11,November,46,14,Tuesday,1,False,Winter,False,0.75,None,False
2023-11-15,2023,Q4,11,November,46,15,Wednesday,2,False,Winter,False,0.75,None,False
2023-11-16,2023,Q4,11,November,46,16,Thursday,3,False,Winter,False,0.75,None,False
2023-11-17,2023,Q4,11,November,46,17,Friday,4,False,Winter,False,0.75,None,False
2023-11-18,2023,Q4,11,November,46,18,Saturday,5,True,Winter,False,0.75,None,False
2023-11-19,2023,Q4,11,November,46,19,Sunday,6,True,Winter,False,0.75,None,False
2023-11-20,2023,Q4,11,November,47,20,Monday,0,False,Winter,False,0.75,None,False
2023-11-21,2023,Q4,11,November,47,21,Tuesday,1,False,Winter,False,0.75,None,False
2023-11-22,2023,Q4,11,November,47,22,Wednesday,2,False,Winter,False,0.75,None,False
2023-11-23,2023,Q4,11,November,47,23,Thursday,3,False,Winter,False,0.75,None,False
2023-11-24,2023,Q4,11,November,47,24,Friday,4,False,Winter,False,0.75,Black Friday,True
2023-11-25,2023,Q4,11,November,47,25,Saturday,5,True,Winter,False,0.75,Black Friday,True
2023-11-26,2023,Q4,11,November,47,26,Sunday,6,True,Winter,False,0.75,Black Friday,True
2023-11-27,2023,Q4,11,November,48,27,Monday,0,False,Winter,False,0.75,Black Friday,True
2023-11-28,2023,Q4,11,November,48,28,Tuesday,1,False,Winter,False,0.75,Black Friday,True
2023-11-29,2023,Q4,11,November,48,29,Wednesday,2,False,Winter,False,0.75,Black Friday,True
2023-11-30,2023,Q4,11,November,48,30,Thursday,3,False,Winter,False,0.75,Black Friday,True
2023-12-01,2023,Q4,12,December,48,1,Friday,4,False,Winter,False,0.9,None,False
2023-12-02,2023,Q4,12,December,48,2,Saturday,5,True,Winter,False,0.9,None,False
2023-12-03,2023,Q4,12,December,48,3,Sunday,6,True,Winter,False,0.9,None,False
2023-12-04,2023,Q4,12,December,49,4,Monday,0,False,Winter,False,0.9,None,False
2023-12-05,2023,Q4,12,December,49,5,Tuesday,1,False,Winter,False,0.9,None,False
2023-12-06,2023,Q4,12,December,49,6,Wednesday,2,False,Winter,False,0.9,None,False
2023-12-07,2023,Q4,12,December,49,7,Thursday,3,False,Winter,False,0.9,None,False
2023-12-08,2023,Q4,12,December,49,8,Friday,4,False,Winter,False,0.9,None,False
2023-12-09,2023,Q4,12,December,49,9,Saturday,5,True,Winter,False,0.9,None,False
2023-12-10,2023,Q4,12,December,49,10,Sunday,6,True,Winter,False,0.9,None,False
2023-12-11,2023,Q4,12,December,50,11,Monday,0,False,Winter,False,0.9,None,False
2023-12-12,2023,Q4,12,December,50,12,Tuesday,1,False,Winter,False,0.9,None,False
2023-12-13,2023,Q4,12,December,50,13,Wednesday,2,False,Winter,False,0.9,None,False
2023-12-14,2023,Q4,12,December,50,14,Thursday,3,False,Winter,False,0.9,None,False
2023-12-15,2023,Q4,12,December,50,15,Friday,4,False,Winter,False,0.9,None,False
2023-12-16,2023,Q4,12,December,50,16,Saturday,5,True,Winter,False,0.9,None,False
2023-12-17,2023,Q4,12,December,50,17,Sunday,6,True,Winter,False,0.9,None,False
2023-12-18,2023,Q4,12,December,51,18,Monday,0,False,Winter,False,0.9,None,False
2023-12-19,2023,Q4,12,December,51,19,Tuesday,1,False,Winter,False,0.9,None,False
2023-12-20,2023,Q4,12,December,51,20,Wednesday,2,False,Winter,False,0.9,None,False
2023-12-21,2023,Q4,12,December,51,21,Thursday,3,False,Winter,False,0.9,None,False
2023-12-22,2023,Q4,12,December,51,22,Friday,4,False,Winter,False,0.9,None,False
2023-12-23,2023,Q4,12,December,51,23,Saturday,5,True,Winter,False,0.9,None,False
2023-12-24,2023,Q4,12,December,51,24,Sunday,6,True,Winter,False,0.9,None,False
2023-12-25,2023,Q4,12,December,52,25,Monday,0,False,Winter,False,0.9,None,False
2023-12-26,2023,Q4,12,December,52,26,Tuesday,1,False,Winter,False,0.9,None,False
2023-12-27,2023,Q4,12,December,52,27,Wednesday,2,False,Winter,False,0.9,None,False
2023-12-28,2023,Q4,12,December,52,28,Thursday,3,False,Winter,False,0.9,None,False
2023-12-29,2023,Q4,12,December,52,29,Friday,4,False,Winter,False,0.9,None,False
2023-12-30,2023,Q4,12,December,52,30,Saturday,5,True,Winter,False,0.9,None,False
2023-12-31,2023,Q4,12,December,52,31,Sunday,6,True,Winter,False,0.9,None,False
2024-01-01,2024,Q1,1,January,1,1,Monday,0,False,Winter,False,0.7,None,False
2024-01-02,2024,Q1,1,January,1,2,Tuesday,1,False,Winter,False,0.7,None,False
2024-01-03,2024,Q1,1,January,1,3,Wednesday,2,False,Winter,False,0.7,None,False
2024-01-04,2024,Q1,1,January,1,4,Thursday,3,False,Winter,False,0.7,None,False
2024-01-05,2024,Q1,1,January,1,5,Friday,4,False,Winter,False,0.7,None,False
2024-01-06,2024,Q1,1,January,1,6,Saturday,5,True,Winter,False,0.7,None,False
2024-01-07,2024,Q1,1,January,1,7,Sunday,6,True,Winter,False,0.7,None,False
2024-01-08,2024,Q1,1,January,2,8,Monday,0,False,Winter,False,0.7,None,False
2024-01-09,2024,Q1,1,January,2,9,Tuesday,1,False,Winter,False,0.7,None,False
2024-01-10,2024,Q1,1,January,2,10,Wednesday,2,False,Winter,False,0.7,None,False
2024-01-11,2024,Q1,1,January,2,11,Thursday,3,False,Winter,False,0.7,None,False
2024-01-12,2024,Q1,1,January,2,12,Friday,4,False,Winter,False,0.7,None,False
2024-01-13,2024,Q1,1,January,2,13,Saturday,5,True,Winter,False,0.7,None,False
2024-01-14,2024,Q1,1,January,2,14,Sunday,6,True,Winter,False,0.7,None,False
2024-01-15,2024,Q1,1,January,3,15,Monday,0,False,Winter,False,0.7,None,False
2024-01-16,2024,Q1,1,January,3,16,Tuesday,1,False,Winter,False,0.7,None,False
2024-01-17,2024,Q1,1,January,3,17,Wednesday,2,False,Winter,False,0.7,None,False
2024-01-18,2024,Q1,1,January,3,18,Thursday,3,False,Winter,False,0.7,None,False
2024-01-19,2024,Q1,1,January,3,19,Friday,4,False,Winter,False,0.7,None,False
2024-01-20,2024,Q1,1,January,3,20,Saturday,5,True,Winter,False,0.7,None,False
2024-01-21,2024,Q1,1,January,3,21,Sunday,6,True,Winter,False,0.7,None,False
2024-01-22,2024,Q1,1,January,4,22,Monday,0,False,Winter,False,0.7,None,False
2024-01-23,2024,Q1,1,January,4,23,Tuesday,1,False,Winter,False,0.7,None,False
2024-01-24,2024,Q1,1,January,4,24,Wednesday,2,False,Winter,False,0.7,None,False
2024-01-25,2024,Q1,1,January,4,25,Thursday,3,False,Winter,False,0.7,None,False
2024-01-26,2024,Q1,1,January,4,26,Friday,4,False,Winter,False,0.7,None,False
2024-01-27,2024,Q1,1,January,4,27,Saturday,5,True,Winter,False,0.7,None,False
2024-01-28,2024,Q1,1,January,4,28,Sunday,6,True,Winter,False,0.7,None,False
2024-01-29,2024,Q1,1,January,5,29,Monday,0,False,Winter,False,0.7,None,False
2024-01-30,2024,Q1,1,January,5,30,Tuesday,1,False,Winter,False,0.7,None,False
2024-01-31,2024,Q1,1,January,5,31,Wednesday,2,False,Winter,False,0.7,None,False
2024-02-01,2024,Q1,2,February,5,1,Thursday,3,False,Winter,False,0.9,None,False
2024-02-02,2024,Q1,2,February,5,2,Friday,4,False,Winter,False,0.9,None,False
2024-02-03,2024,Q1,2,February,5,3,Saturday,5,True,Winter,False,0.9,None,False
2024-02-04,2024,Q1,2,February,5,4,Sunday,6,True,Winter,False,0.9,None,False
2024-02-05,2024,Q1,2,February,6,5,Monday,0,False,Winter,False,0.9,None,False
2024-02-06,2024,Q1,2,February,6,6,Tuesday,1,False,Winter,False,0.9,None,False
2024-02-07,2024,Q1,2,February,6,7,Wednesday,2,False,Winter,False,0.9,None,False
2024-02-08,2024,Q1,2,February,6,8,Thursday,3,False,Winter,False,0.9,None,False
2024-02-09,2024,Q1,2,February,6,9,Friday,4,False,Winter,False,0.9,None,False
2024-02-10,2024,Q1,2,February,6,10,Saturday,5,True,Winter,False,0.9,None,False
2024-02-11,2024,Q1,2,February,6,11,Sunday,6,True,Winter,False,0.9,None,False
2024-02-12,2024,Q1,2,February,7,12,Monday,0,False,Winter,False,0.9,None,False
2024-02-13,2024,Q1,2,February,7,13,Tuesday,1,False,Winter,False,0.9,None,False
2024-02-14,2024,Q1,2,February,7,14,Wednesday,2,False,Winter,False,0.9,None,False
2024-02-15,2024,Q1,2,February,7,15,Thursday,3,False,Winter,False,0.9,None,False
2024-02-16,2024,Q1,2,February,7,16,Friday,4,False,Winter,False,0.9,None,False
2024-02-17,2024,Q1,2,February,7,17,Saturday,5,True,Winter,False,0.9,None,False
2024-02-18,2024,Q1,2,February,7,18,Sunday,6,True,Winter,False,0.9,None,False
2024-02-19,2024,Q1,2,February,8,19,Monday,0,False,Winter,False,0.9,None,False
2024-02-20,2024,Q1,2,February,8,20,Tuesday,1,False,Winter,False,0.9,None,False
2024-02-21,2024,Q1,2,February,8,21,Wednesday,2,False,Winter,False,0.9,None,False
2024-02-22,2024,Q1,2,February,8,22,Thursday,3,False,Winter,False,0.9,None,False
2024-02-23,2024,Q1,2,February,8,23,Friday,4,False,Winter,False,0.9,None,False
2024-02-24,2024,Q1,2,February,8,24,Saturday,5,True,Winter,False,0.9,None,False
2024-02-25,2024,Q1,2,February,8,25,Sunday,6,True,Winter,False,0.9,None,False
2024-02-26,2024,Q1,2,February,9,26,Monday,0,False,Winter,False,0.9,None,False
2024-02-27,2024,Q1,2,February,9,27,Tuesday,1,False,Winter,False,0.9,None,False
2024-02-28,2024,Q1,2,February,9,28,Wednesday,2,False,Winter,False,0.9,None,False
2024-02-29,2024,Q1,2,February,9,29,Thursday,3,False,Winter,False,0.9,None,False
2024-03-01,2024,Q1,3,March,9,1,Friday,4,False,Spring,True,1.2,Spring Sale,True
2024-03-02,2024,Q1,3,March,9,2,Saturday,5,True,Spring,True,1.2,Spring Sale,True
2024-03-03,2024,Q1,3,March,9,3,Sunday,6,True,Spring,True,1.2,Spring Sale,True
2024-03-04,2024,Q1,3,March,10,4,Monday,0,False,Spring,True,1.2,Spring Sale,True
2024-03-05,2024,Q1,3,March,10,5,Tuesday,1,False,Spring,True,1.2,Spring Sale,True
2024-03-06,2024,Q1,3,March,10,6,Wednesday,2,False,Spring,True,1.2,Spring Sale,True
2024-03-07,2024,Q1,3,March,10,7,Thursday,3,False,Spring,True,1.2,Spring Sale,True
2024-03-08,2024,Q1,3,March,10,8,Friday,4,False,Spring,True,1.2,Spring Sale,True
2024-03-09,2024,Q1,3,March,10,9,Saturday,5,True,Spring,True,1.2,Spring Sale,True
2024-03-10,2024,Q1,3,March,10,10,Sunday,6,True,Spring,True,1.2,Spring Sale,True
2024-03-11,2024,Q1,3,March,11,11,Monday,0,False,Spring,True,1.2,Spring Sale,True
2024-03-12,2024,Q1,3,March,11,12,Tuesday,1,False,Spring,True,1.2,Spring Sale,True
2024-03-13,2024,Q1,3,March,11,13,Wednesday,2,False,Spring,True,1.2,Spring Sale,True
2024-03-14,2024,Q1,3,March,11,14,Thursday,3,False,Spring,True,1.2,Spring Sale,True
2024-03-15,2024,Q1,3,March,11,15,Friday,4,False,Spring,True,1.2,Spring Sale,True
2024-03-16,2024,Q1,3,March,11,16,Saturday,5,True,Spring,True,1.2,None,False
2024-03-17,2024,Q1,3,March,11,17,Sunday,6,True,Spring,True,1.2,None,False
2024-03-18,2024,Q1,3,March,12,18,Monday,0,False,Spring,True,1.2,None,False
2024-03-19,2024,Q1,3,March,12,19,Tuesday,1,False,Spring,True,1.2,None,False
2024-03-20,2024,Q1,3,March,12,20,Wednesday,2,False,Spring,True,1.2,None,False
2024-03-21,2024,Q1,3,March,12,21,Thursday,3,False,Spring,True,1.2,None,False
2024-03-22,2024,Q1,3,March,12,22,Friday,4,False,Spring,True,1.2,None,False
2024-03-23,2024,Q1,3,March,12,23,Saturday,5,True,Spring,True,1.2,None,False
2024-03-24,2024,Q1,3,March,12,24,Sunday,6,True,Spring,True,1.2,None,False
2024-03-25,2024,Q1,3,March,13,25,Monday,0,False,Spring,True,1.2,None,False
2024-03-26,2024,Q1,3,March,13,26,Tuesday,1,False,Spring,True,1.2,None,False
2024-03-27,2024,Q1,3,March,13,27,Wednesday,2,False,Spring,True,1.2,None,False
2024-03-28,2024,Q1,3,March,13,28,Thursday,3,False,Spring,True,1.2,None,False
2024-03-29,2024,Q1,3,March,13,29,Friday,4,False,Spring,True,1.2,None,False
2024-03-30,2024,Q1,3,March,13,30,Saturday,5,True,Spring,True,1.2,None,False
2024-03-31,2024,Q1,3,March,13,31,Sunday,6,True,Spring,True,1.2,None,False
2024-04-01,2024,Q2,4,April,14,1,Monday,0,False,Spring,True,1.5,None,False
2024-04-02,2024,Q2,4,April,14,2,Tuesday,1,False,Spring,True,1.5,None,False
2024-04-03,2024,Q2,4,April,14,3,Wednesday,2,False,Spring,True,1.5,None,False
2024-04-04,2024,Q2,4,April,14,4,Thursday,3,False,Spring,True,1.5,None,False
2024-04-05,2024,Q2,4,April,14,5,Friday,4,False,Spring,True,1.5,None,False
2024-04-06,2024,Q2,4,April,14,6,Saturday,5,True,Spring,True,1.5,None,False
2024-04-07,2024,Q2,4,April,14,7,Sunday,6,True,Spring,True,1.5,None,False
2024-04-08,2024,Q2,4,April,15,8,Monday,0,False,Spring,True,1.5,None,False
2024-04-09,2024,Q2,4,April,15,9,Tuesday,1,False,Spring,True,1.5,None,False
2024-04-10,2024,Q2,4,April,15,10,Wednesday,2,False,Spring,True,1.5,None,False
2024-04-11,2024,Q2,4,April,15,11,Thursday,3,False,Spring,True,1.5,None,False
2024-04-12,2024,Q2,4,April,15,12,Friday,4,False,Spring,True,1.5,None,False
2024-04-13,2024,Q2,4,April,15,13,Saturday,5,True,Spring,True,1.5,None,False
2024-04-14,2024,Q2,4,April,15,14,Sunday,6,True,Spring,True,1.5,None,False
2024-04-15,2024,Q2,4,April,16,15,Monday,0,False,Spring,True,1.5,None,False
2024-04-16,2024,Q2,4,April,16,16,Tuesday,1,False,Spring,True,1.5,None,False
2024-04-17,2024,Q2,4,April,16,17,Wednesday,2,False,Spring,True,1.5,None,False
2024-04-18,2024,Q2,4,April,16,18,Thursday,3,False,Spring,True,1.5,None,False
2024-04-19,2024,Q2,4,April,16,19,Friday,4,False,Spring,True,1.5,None,False
2024-04-20,2024,Q2,4,April,16,20,Saturday,5,True,Spring,True,1.5,None,False
2024-04-21,2024,Q2,4,April,16,21,Sunday,6,True,Spring,True,1.5,None,False
2024-04-22,2024,Q2,4,April,17,22,Monday,0,False,Spring,True,1.5,None,False
2024-04-23,2024,Q2,4,April,17,23,Tuesday,1,False,Spring,True,1.5,None,False
2024-04-24,2024,Q2,4,April,17,24,Wednesday,2,False,Spring,True,1.5,None,False
2024-04-25,2024,Q2,4,April,17,25,Thursday,3,False,Spring,True,1.5,None,False
2024-04-26,2024,Q2,4,April,17,26,Friday,4,False,Spring,True,1.5,None,False
2024-04-27,2024,Q2,4,April,17,27,Saturday,5,True,Spring,True,1.5,None,False
2024-04-28,2024,Q2,4,April,17,28,Sunday,6,True,Spring,True,1.5,None,False
2024-04-29,2024,Q2,4,April,18,29,Monday,0,False,Spring,True,1.5,None,False
2024-04-30,2024,Q2,4,April,18,30,Tuesday,1,False,Spring,True,1.5,None,False
2024-05-01,2024,Q2,5,May,18,1,Wednesday,2,False,Spring,True,1.6,None,False
2024-05-02,2024,Q2,5,May,18,2,Thursday,3,False,Spring,True,1.6,None,False
2024-05-03,2024,Q2,5,May,18,3,Friday,4,False,Spring,True,1.6,None,False
2024-05-04,2024,Q2,5,May,18,4,Saturday,5,True,Spring,True,1.6,None,False
2024-05-05,2024,Q2,5,May,18,5,Sunday,6,True,Spring,True,1.6,None,False
2024-05-06,2024,Q2,5,May,19,6,Monday,0,False,Spring,True,1.6,None,False
2024-05-07,2024,Q2,5,May,19,7,Tuesday,1,False,Spring,True,1.6,None,False
2024-05-08,2024,Q2,5,May,19,8,Wednesday,2,False,Spring,True,1.6,None,False
2024-05-09,2024,Q2,5,May,19,9,Thursday,3,False,Spring,True,1.6,None,False
2024-05-10,2024,Q2,5,May,19,10,Friday,4,False,Spring,True,1.6,None,False
2024-05-11,2024,Q2,5,May,19,11,Saturday,5,True,Spring,True,1.6,None,False
2024-05-12,2024,Q2,5,May,19,12,Sunday,6,True,Spring,True,1.6,None,False
2024-05-13,2024,Q2,5,May,20,13,Monday,0,False,Spring,True,1.6,None,False
2024-05-14,2024,Q2,5,May,20,14,Tuesday,1,False,Spring,True,1.6,None,False
2024-05-15,2024,Q2,5,May,20,15,Wednesday,2,False,Spring,True,1.6,None,False
2024-05-16,2024,Q2,5,May,20,16,Thursday,3,False,Spring,True,1.6,None,False
2024-05-17,2024,Q2,5,May,20,17,Friday,4,False,Spring,True,1.6,None,False
2024-05-18,2024,Q2,5,May,20,18,Saturday,5,True,Spring,True,1.6,None,False
2024-05-19,2024,Q2,5,May,20,19,Sunday,6,True,Spring,True,1.6,None,False
2024-05-20,2024,Q2,5,May,21,20,Monday,0,False,Spring,True,1.6,None,False
2024-05-21,2024,Q2,5,May,21,21,Tuesday,1,False,Spring,True,1.6,None,False
2024-05-22,2024,Q2,5,May,21,22,Wednesday,2,False,Spring,True,1.6,None,False
2024-05-23,2024,Q2,5,May,21,23,Thursday,3,False,Spring,True,1.6,None,False
2024-05-24,2024,Q2,5,May,21,24,Friday,4,False,Spring,True,1.6,None,False
2024-05-25,2024,Q2,5,May,21,25,Saturday,5,True,Spring,True,1.6,Memorial Day,True
2024-05-26,2024,Q2,5,May,21,26,Sunday,6,True,Spring,True,1.6,Memorial Day,True
2024-05-27,2024,Q2,5,May,22,27,Monday,0,False,Spring,True,1.6,Memorial Day,True
2024-05-28,2024,Q2,5,May,22,28,Tuesday,1,False,Spring,True,1.6,Memorial Day,True
2024-05-29,2024,Q2,5,May,22,29,Wednesday,2,False,Spring,True,1.6,Memorial Day,True
2024-05-30,2024,Q2,5,May,22,30,Thursday,3,False,Spring,True,1.6,Memorial Day,True
2024-05-31,2024,Q2,5,May,22,31,Friday,4,False,Spring,True,1.6,Memorial Day,True
2024-06-01,2024,Q2,6,June,22,1,Saturday,5,True,Summer,True,1.4,None,False
2024-06-02,2024,Q2,6,June,22,2,Sunday,6,True,Summer,True,1.4,None,False
2024-06-03,2024,Q2,6,June,23,3,Monday,0,False,Summer,True,1.4,None,False
2024-06-04,2024,Q2,6,June,23,4,Tuesday,1,False,Summer,True,1.4,None,False
2024-06-05,2024,Q2,6,June,23,5,Wednesday,2,False,Summer,True,1.4,None,False
2024-06-06,2024,Q2,6,June,23,6,Thursday,3,False,Summer,True,1.4,None,False
2024-06-07,2024,Q2,6,June,23,7,Friday,4,False,Summer,True,1.4,None,False
2024-06-08,2024,Q2,6,June,23,8,Saturday,5,True,Summer,True,1.4,None,False
2024-06-09,2024,Q2,6,June,23,9,Sunday,6,True,Summer,True,1.4,None,False
2024-06-10,2024,Q2,6,June,24,10,Monday,0,False,Summer,True,1.4,None,False
2024-06-11,2024,Q2,6,June,24,11,Tuesday,1,False,Summer,True,1.4,None,False
2024-06-12,2024,Q2,6,June,24,12,Wednesday,2,False,Summer,True,1.4,None,False
2024-06-13,2024,Q2,6,June,24,13,Thursday,3,False,Summer,True,1.4,None,False
2024-06-14,2024,Q2,6,June,24,14,Friday,4,False,Summer,True,1.4,None,False
2024-06-15,2024,Q2,6,June,24,15,Saturday,5,True,Summer,True,1.4,None,False
2024-06-16,2024,Q2,6,June,24,16,Sunday,6,True,Summer,True,1.4,None,False
2024-06-17,2024,Q2,6,June,25,17,Monday,0,False,Summer,True,1.4,None,False
2024-06-18,2024,Q2,6,June,25,18,Tuesday,1,False,Summer,True,1.4,None,False
2024-06-19,2024,Q2,6,June,25,19,Wednesday,2,False,Summer,True,1.4,None,False
2024-06-20,2024,Q2,6,June,25,20,Thursday,3,False,Summer,True,1.4,None,False
2024-06-21,2024,Q2,6,June,25,21,Friday,4,False,Summer,True,1.4,None,False
2024-06-22,2024,Q2,6,June,25,22,Saturday,5,True,Summer,True,1.4,None,False
2024-06-23,2024,Q2,6,June,25,23,Sunday,6,True,Summer,True,1.4,None,False
2024-06-24,2024,Q2,6,June,26,24,Monday,0,False,Summer,True,1.4,None,False
2024-06-25,2024,Q2,6,June,26,25,Tuesday,1,False,Summer,True,1.4,None,False
2024-06-26,2024,Q2,6,June,26,26,Wednesday,2,False,Summer,True,1.4,None,False
2024-06-27,2024,Q2,6,June,26,27,Thursday,3,False,Summer,True,1.4,None,False
2024-06-28,2024,Q2,6,June,26,28,Friday,4,False,Summer,True,1.4,None,False
2024-06-29,2024,Q2,6,June,26,29,Saturday,5,True,Summer,True,1.4,None,False
2024-06-30,2024,Q2,6,June,26,30,Sunday,6,True,Summer,True,1.4,None,False
2024-07-01,2024,Q3,7,July,27,1,Monday,0,False,Summer,False,1.2,None,False
2024-07-02,2024,Q3,7,July,27,2,Tuesday,1,False,Summer,False,1.2,None,False
2024-07-03,2024,Q3,7,July,27,3,Wednesday,2,False,Summer,False,1.2,None,False
2024-07-04,2024,Q3,7,July,27,4,Thursday,3,False,Summer,False,1.2,None,False
2024-07-05,2024,Q3,7,July,27,5,Friday,4,False,Summer,False,1.2,None,False
2024-07-06,2024,Q3,7,July,27,6,Saturday,5,True,Summer,False,1.2,None,False
2024-07-07,2024,Q3,7,July,27,7,Sunday,6,True,Summer,False,1.2,None,False
2024-07-08,2024,Q3,7,July,28,8,Monday,0,False,Summer,False,1.2,None,False
2024-07-09,2024,Q3,7,July,28,9,Tuesday,1,False,Summer,False,1.2,None,False
2024-07-10,2024,Q3,7,July,28,10,Wednesday,2,False,Summer,False,1.2,None,False
2024-07-11,2024,Q3,7,July,28,11,Thursday,3,False,Summer,False,1.2,None,False
2024-07-12,2024,Q3,7,July,28,12,Friday,4,False,Summer,False,1.2,None,False
2024-07-13,2024,Q3,7,July,28,13,Saturday,5,True,Summer,False,1.2,None,False
2024-07-14,2024,Q3,7,July,28,14,Sunday,6,True,Summer,False,1.2,None,False
2024-07-15,2024,Q3,7,July,29,15,Monday,0,False,Summer,False,1.2,None,False
2024-07-16,2024,Q3,7,July,29,16,Tuesday,1,False,Summer,False,1.2,None,False
2024-07-17,2024,Q3,7,July,29,17,Wednesday,2,False,Summer,False,1.2,None,False
2024-07-18,2024,Q3,7,July,29,18,Thursday,3,False,Summer,False,1.2,None,False
2024-07-19,2024,Q3,7,July,29,19,Friday,4,False,Summer,False,1.2,None,False
2024-07-20,2024,Q3,7,July,29,20,Saturday,5,True,Summer,False,1.2,None,False
2024-07-21,2024,Q3,7,July,29,21,Sunday,6,True,Summer,False,1.2,None,False
2024-07-22,2024,Q3,7,July,30,22,Monday,0,False,Summer,False,1.2,None,False
2024-07-23,2024,Q3,7,July,30,23,Tuesday,1,False,Summer,False,1.2,None,False
2024-07-24,2024,Q3,7,July,30,24,Wednesday,2,False,Summer,False,1.2,None,False
2024-07-25,2024,Q3,7,July,30,25,Thursday,3,False,Summer,False,1.2,None,False
2024-07-26,2024,Q3,7,July,30,26,Friday,4,False,Summer,False,1.2,None,False
2024-07-27,2024,Q3,7,July,30,27,Saturday,5,True,Summer,False,1.2,None,False
2024-07-28,2024,Q3,7,July,30,28,Sunday,6,True,Summer,False,1.2,None,False
2024-07-29,2024,Q3,7,July,31,29,Monday,0,False,Summer,False,1.2,None,False
2024-07-30,2024,Q3,7,July,31,30,Tuesday,1,False,Summer,False,1.2,None,False
2024-07-31,2024,Q3,7,July,31,31,Wednesday,2,False,Summer,False,1.2,None,False
2024-08-01,2024,Q3,8,August,31,1,Thursday,3,False,Summer,False,1.0,None,False
2024-08-02,2024,Q3,8,August,31,2,Friday,4,False,Summer,False,1.0,None,False
2024-08-03,2024,Q3,8,August,31,3,Saturday,5,True,Summer,False,1.0,None,False
2024-08-04,2024,Q3,8,August,31,4,Sunday,6,True,Summer,False,1.0,None,False
2024-08-05,2024,Q3,8,August,32,5,Monday,0,False,Summer,False,1.0,None,False
2024-08-06,2024,Q3,8,August,32,6,Tuesday,1,False,Summer,False,1.0,None,False
2024-08-07,2024,Q3,8,August,32,7,Wednesday,2,False,Summer,False,1.0,None,False
2024-08-08,2024,Q3,8,August,32,8,Thursday,3,False,Summer,False,1.0,None,False
2024-08-09,2024,Q3,8,August,32,9,Friday,4,False,Summer,False,1.0,None,False
2024-08-10,2024,Q3,8,August,32,10,Saturday,5,True,Summer,False,1.0,None,False
2024-08-11,2024,Q3,8,August,32,11,Sunday,6,True,Summer,False,1.0,None,False
2024-08-12,2024,Q3,8,August,33,12,Monday,0,False,Summer,False,1.0,None,False
2024-08-13,2024,Q3,8,August,33,13,Tuesday,1,False,Summer,False,1.0,None,False
2024-08-14,2024,Q3,8,August,33,14,Wednesday,2,False,Summer,False,1.0,None,False
2024-08-15,2024,Q3,8,August,33,15,Thursday,3,False,Summer,False,1.0,None,False
2024-08-16,2024,Q3,8,August,33,16,Friday,4,False,Summer,False,1.0,None,False
2024-08-17,2024,Q3,8,August,33,17,Saturday,5,True,Summer,False,1.0,None,False
2024-08-18,2024,Q3,8,August,33,18,Sunday,6,True,Summer,False,1.0,None,False
2024-08-19,2024,Q3,8,August,34,19,Monday,0,False,Summer,False,1.0,None,False
2024-08-20,2024,Q3,8,August,34,20,Tuesday,1,False,Summer,False,1.0,None,False
2024-08-21,2024,Q3,8,August,34,21,Wednesday,2,False,Summer,False,1.0,None,False
2024-08-22,2024,Q3,8,August,34,22,Thursday,3,False,Summer,False,1.0,None,False
2024-08-23,2024,Q3,8,August,34,23,Friday,4,False,Summer,False,1.0,None,False
2024-08-24,2024,Q3,8,August,34,24,Saturday,5,True,Summer,False,1.0,None,False
2024-08-25,2024,Q3,8,August,34,25,Sunday,6,True,Summer,False,1.0,None,False
2024-08-26,2024,Q3,8,August,35,26,Monday,0,False,Summer,False,1.0,None,False
2024-08-27,2024,Q3,8,August,35,27,Tuesday,1,False,Summer,False,1.0,None,False
2024-08-28,2024,Q3,8,August,35,28,Wednesday,2,False,Summer,False,1.0,None,False
2024-08-29,2024,Q3,8,August,35,29,Thursday,3,False,Summer,False,1.0,None,False
2024-08-30,2024,Q3,8,August,35,30,Friday,4,False,Summer,False,1.0,None,False
2024-08-31,2024,Q3,8,August,35,31,Saturday,5,True,Summer,False,1.0,None,False
2024-09-01,2024,Q3,9,September,35,1,Sunday,6,True,Fall,False,1.05,Labor Day,True
2024-09-02,2024,Q3,9,September,36,2,Monday,0,False,Fall,False,1.05,Labor Day,True
2024-09-03,2024,Q3,9,September,36,3,Tuesday,1,False,Fall,False,1.05,Labor Day,True
2024-09-04,2024,Q3,9,September,36,4,Wednesday,2,False,Fall,False,1.05,Labor Day,True
2024-09-05,2024,Q3,9,September,36,5,Thursday,3,False,Fall,False,1.05,Labor Day,True
2024-09-06,2024,Q3,9,September,36,6,Friday,4,False,Fall,False,1.05,Labor Day,True
2024-09-07,2024,Q3,9,September,36,7,Saturday,5,True,Fall,False,1.05,Labor Day,True
2024-09-08,2024,Q3,9,September,36,8,Sunday,6,True,Fall,False,1.05,None,False
2024-09-09,2024,Q3,9,September,37,9,Monday,0,False,Fall,False,1.05,None,False
2024-09-10,2024,Q3,9,September,37,10,Tuesday,1,False,Fall,False,1.05,None,False
2024-09-11,2024,Q3,9,September,37,11,Wednesday,2,False,Fall,False,1.05,None,False
2024-09-12,2024,Q3,9,September,37,12,Thursday,3,False,Fall,False,1.05,None,False
2024-09-13,2024,Q3,9,September,37,13,Friday,4,False,Fall,False,1.05,None,False
2024-09-14,2024,Q3,9,September,37,14,Saturday,5,True,Fall,False,1.05,None,False
2024-09-15,2024,Q3,9,September,37,15,Sunday,6,True,Fall,False,1.05,None,False
2024-09-16,2024,Q3,9,September,38,16,Monday,0,False,Fall,False,1.05,None,False
2024-09-17,2024,Q3,9,September,38,17,Tuesday,1,False,Fall,False,1.05,None,False
2024-09-18,2024,Q3,9,September,38,18,Wednesday,2,False,Fall,False,1.05,None,False
2024-09-19,2024,Q3,9,September,38,19,Thursday,3,False,Fall,False,1.05,None,False
2024-09-20,2024,Q3,9,September,38,20,Friday,4,False,Fall,False,1.05,None,False
2024-09-21,2024,Q3,9,September,38,21,Saturday,5,True,Fall,False,1.05,None,False
2024-09-22,2024,Q3,9,September,38,22,Sunday,6,True,Fall,False,1.05,None,False
2024-09-23,2024,Q3,9,September,39,23,Monday,0,False,Fall,False,1.05,None,False
2024-09-24,2024,Q3,9,September,39,24,Tuesday,1,False,Fall,False,1.05,None,False
2024-09-25,2024,Q3,9,September,39,25,Wednesday,2,False,Fall,False,1.05,None,False
2024-09-26,2024,Q3,9,September,39,26,Thursday,3,False,Fall,False,1.05,None,False
2024-09-27,2024,Q3,9,September,39,27,Friday,4,False,Fall,False,1.05,None,False
2024-09-28,2024,Q3,9,September,39,28,Saturday,5,True,Fall,False,1.05,None,False
2024-09-29,2024,Q3,9,September,39,29,Sunday,6,True,Fall,False,1.05,None,False
2024-09-30,2024,Q3,9,September,40,30,Monday,0,False,Fall,False,1.05,None,False
2024-10-01,2024,Q4,10,October,40,1,Tuesday,1,False,Fall,False,0.85,None,False
2024-10-02,2024,Q4,10,October,40,2,Wednesday,2,False,Fall,False,0.85,None,False
2024-10-03,2024,Q4,10,October,40,3,Thursday,3,False,Fall,False,0.85,None,False
2024-10-04,2024,Q4,10,October,40,4,Friday,4,False,Fall,False,0.85,None,False
2024-10-05,2024,Q4,10,October,40,5,Saturday,5,True,Fall,False,0.85,None,False
2024-10-06,2024,Q4,10,October,40,6,Sunday,6,True,Fall,False,0.85,None,False
2024-10-07,2024,Q4,10,October,41,7,Monday,0,False,Fall,False,0.85,None,False
2024-10-08,2024,Q4,10,October,41,8,Tuesday,1,False,Fall,False,0.85,None,False
2024-10-09,2024,Q4,10,October,41,9,Wednesday,2,False,Fall,False,0.85,None,False
2024-10-10,2024,Q4,10,October,41,10,Thursday,3,False,Fall,False,0.85,None,False
2024-10-11,2024,Q4,10,October,41,11,Friday,4,False,Fall,False,0.85,None,False
2024-10-12,2024,Q4,10,October,41,12,Saturday,5,True,Fall,False,0.85,None,False
2024-10-13,2024,Q4,10,October,41,13,Sunday,6,True,Fall,False,0.85,None,False
2024-10-14,2024,Q4,10,October,42,14,Monday,0,False,Fall,False,0.85,None,False
2024-10-15,2024,Q4,10,October,42,15,Tuesday,1,False,Fall,False,0.85,None,False
2024-10-16,2024,Q4,10,October,42,16,Wednesday,2,False,Fall,False,0.85,None,False
2024-10-17,2024,Q4,10,October,42,17,Thursday,3,False,Fall,False,0.85,None,False
2024-10-18,2024,Q4,10,October,42,18,Friday,4,False,Fall,False,0.85,None,False
2024-10-19,2024,Q4,10,October,42,19,Saturday,5,True,Fall,False,0.85,None,False
2024-10-20,2024,Q4,10,October,42,20,Sunday,6,True,Fall,False,0.85,None,False
2024-10-21,2024,Q4,10,October,43,21,Monday,0,False,Fall,False,0.85,None,False
2024-10-22,2024,Q4,10,October,43,22,Tuesday,1,False,Fall,False,0.85,None,False
2024-10-23,2024,Q4,10,October,43,23,Wednesday,2,False,Fall,False,0.85,None,False
2024-10-24,2024,Q4,10,October,43,24,Thursday,3,False,Fall,False,0.85,None,False
2024-10-25,2024,Q4,10,October,43,25,Friday,4,False,Fall,False,0.85,None,False
2024-10-26,2024,Q4,10,October,43,26,Saturday,5,True,Fall,False,0.85,None,False
2024-10-27,2024,Q4,10,October,43,27,Sunday,6,True,Fall,False,0.85,None,False
2024-10-28,2024,Q4,10,October,44,28,Monday,0,False,Fall,False,0.85,None,False
2024-10-29,2024,Q4,10,October,44,29,Tuesday,1,False,Fall,False,0.85,None,False
2024-10-30,2024,Q4,10,October,44,30,Wednesday,2,False,Fall,False,0.85,None,False
2024-10-31,2024,Q4,10,October,44,31,Thursday,3,False,Fall,False,0.85,None,False
2024-11-01,2024,Q4,11,November,44,1,Friday,4,False,Winter,False,0.75,None,False
2024-11-02,2024,Q4,11,November,44,2,Saturday,5,True,Winter,False,0.75,None,False
2024-11-03,2024,Q4,11,November,44,3,Sunday,6,True,Winter,False,0.75,None,False
2024-11-04,2024,Q4,11,November,45,4,Monday,0,False,Winter,False,0.75,None,False
2024-11-05,2024,Q4,11,November,45,5,Tuesday,1,False,Winter,False,0.75,None,False
2024-11-06,2024,Q4,11,November,45,6,Wednesday,2,False,Winter,False,0.75,None,False
2024-11-07,2024,Q4,11,November,45,7,Thursday,3,False,Winter,False,0.75,None,False
2024-11-08,2024,Q4,11,November,45,8,Friday,4,False,Winter,False,0.75,None,False
2024-11-09,2024,Q4,11,November,45,9,Saturday,5,True,Winter,False,0.75,None,False
2024-11-10,2024,Q4,11,November,45,10,Sunday,6,True,Winter,False,0.75,None,False
2024-11-11,2024,Q4,11,November,46,11,Monday,0,False,Winter,False,0.75,None,False
2024-11-12,2024,Q4,11,November,46,12,Tuesday,1,False,Winter,False,0.75,None,False
2024-11-13,2024,Q4,11,November,46,13,Wednesday,2,False,Winter,False,0.75,None,False
2024-11-14,2024,Q4,11,November,46,14,Thursday,3,False,Winter,False,0.75,None,False
2024-11-15,2024,Q4,11,November,46,15,Friday,4,False,Winter,False,0.75,None,False
2024-11-16,2024,Q4,11,November,46,16,Saturday,5,True,Winter,False,0.75,None,False
2024-11-17,2024,Q4,11,November,46,17,Sunday,6,True,Winter,False,0.75,None,False
2024-11-18,2024,Q4,11,November,47,18,Monday,0,False,Winter,False,0.75,None,False
2024-11-19,2024,Q4,11,November,47,19,Tuesday,1,False,Winter,False,0.75,None,False
2024-11-20,2024,Q4,11,November,47,20,Wednesday,2,False,Winter,False,0.75,None,False
2024-11-21,2024,Q4,11,November,47,21,Thursday,3,False,Winter,False,0.75,None,False
2024-11-22,2024,Q4,11,November,47,22,Friday,4,False,Winter,False,0.75,None,False
2024-11-23,2024,Q4,11,November,47,23,Saturday,5,True,Winter,False,0.75,None,False
2024-11-24,2024,Q4,11,November,47,24,Sunday,6,True,Winter,False,0.75,Black Friday,True
2024-11-25,2024,Q4,11,November,48,25,Monday,0,False,Winter,False,0.75,Black Friday,True
2024-11-26,2024,Q4,11,November,48,26,Tuesday,1,False,Winter,False,0.75,Black Friday,True
2024-11-27,2024,Q4,11,November,48,27,Wednesday,2,False,Winter,False,0.75,Black Friday,True
2024-11-28,2024,Q4,11,November,48,28,Thursday,3,False,Winter,False,0.75,Black Friday,True
2024-11-29,2024,Q4,11,November,48,29,Friday,4,False,Winter,False,0.75,Black Friday,True
2024-11-30,2024,Q4,11,November,48,30,Saturday,5,True,Winter,False,0.75,Black Friday,True
2024-12-01,2024,Q4,12,December,48,1,Sunday,6,True,Winter,False,0.9,None,False
2024-12-02,2024,Q4,12,December,49,2,Monday,0,False,Winter,False,0.9,None,False
2024-12-03,2024,Q4,12,December,49,3,Tuesday,1,False,Winter,False,0.9,None,False
2024-12-04,2024,Q4,12,December,49,4,Wednesday,2,False,Winter,False,0.9,None,False
2024-12-05,2024,Q4,12,December,49,5,Thursday,3,False,Winter,False,0.9,None,False
2024-12-06,2024,Q4,12,December,49,6,Friday,4,False,Winter,False,0.9,None,False
2024-12-07,2024,Q4,12,December,49,7,Saturday,5,True,Winter,False,0.9,None,False
2024-12-08,2024,Q4,12,December,49,8,Sunday,6,True,Winter,False,0.9,None,False
2024-12-09,2024,Q4,12,December,50,9,Monday,0,False,Winter,False,0.9,None,False
2024-12-10,2024,Q4,12,December,50,10,Tuesday,1,False,Winter,False,0.9,None,False
2024-12-11,2024,Q4,12,December,50,11,Wednesday,2,False,Winter,False,0.9,None,False
2024-12-12,2024,Q4,12,December,50,12,Thursday,3,False,Winter,False,0.9,None,False
2024-12-13,2024,Q4,12,December,50,13,Friday,4,False,Winter,False,0.9,None,False
2024-12-14,2024,Q4,12,December,50,14,Saturday,5,True,Winter,False,0.9,None,False
2024-12-15,2024,Q4,12,December,50,15,Sunday,6,True,Winter,False,0.9,None,False
2024-12-16,2024,Q4,12,December,51,16,Monday,0,False,Winter,False,0.9,None,False
2024-12-17,2024,Q4,12,December,51,17,Tuesday,1,False,Winter,False,0.9,None,False
2024-12-18,2024,Q4,12,December,51,18,Wednesday,2,False,Winter,False,0.9,None,False
2024-12-19,2024,Q4,12,December,51,19,Thursday,3,False,Winter,False,0.9,None,False
2024-12-20,2024,Q4,12,December,51,20,Friday,4,False,Winter,False,0.9,None,False
2024-12-21,2024,Q4,12,December,51,21,Saturday,5,True,Winter,False,0.9,None,False
2024-12-22,2024,Q4,12,December,51,22,Sunday,6,True,Winter,False,0.9,None,False
2024-12-23,2024,Q4,12,December,52,23,Monday,0,False,Winter,False,0.9,None,False
2024-12-24,2024,Q4,12,December,52,24,Tuesday,1,False,Winter,False,0.9,None,False
2024-12-25,2024,Q4,12,December,52,25,Wednesday,2,False,Winter,False,0.9,None,False
2024-12-26,2024,Q4,12,December,52,26,Thursday,3,False,Winter,False,0.9,None,False
2024-12-27,2024,Q4,12,December,52,27,Friday,4,False,Winter,False,0.9,None,False
2024-12-28,2024,Q4,12,December,52,28,Saturday,5,True,Winter,False,0.9,None,False
2024-12-29,2024,Q4,12,December,52,29,Sunday,6,True,Winter,False,0.9,None,False
2024-12-30,2024,Q4,12,December,1,30,Monday,0,False,Winter,False,0.9,None,False
2024-12-31,2024,Q4,12,December,1,31,Tuesday,1,False,Winter,False,0.9,None,False
2025-01-01,2025,Q1,1,January,1,1,Wednesday,2,False,Winter,False,0.7,None,False
2025-01-02,2025,Q1,1,January,1,2,Thursday,3,False,Winter,False,0.7,None,False
2025-01-03,2025,Q1,1,January,1,3,Friday,4,False,Winter,False,0.7,None,False
2025-01-04,2025,Q1,1,January,1,4,Saturday,5,True,Winter,False,0.7,None,False
2025-01-05,2025,Q1,1,January,1,5,Sunday,6,True,Winter,False,0.7,None,False
2025-01-06,2025,Q1,1,January,2,6,Monday,0,False,Winter,False,0.7,None,False
2025-01-07,2025,Q1,1,January,2,7,Tuesday,1,False,Winter,False,0.7,None,False
2025-01-08,2025,Q1,1,January,2,8,Wednesday,2,False,Winter,False,0.7,None,False
2025-01-09,2025,Q1,1,January,2,9,Thursday,3,False,Winter,False,0.7,None,False
2025-01-10,2025,Q1,1,January,2,10,Friday,4,False,Winter,False,0.7,None,False
2025-01-11,2025,Q1,1,January,2,11,Saturday,5,True,Winter,False,0.7,None,False
2025-01-12,2025,Q1,1,January,2,12,Sunday,6,True,Winter,False,0.7,None,False
2025-01-13,2025,Q1,1,January,3,13,Monday,0,False,Winter,False,0.7,None,False
2025-01-14,2025,Q1,1,January,3,14,Tuesday,1,False,Winter,False,0.7,None,False
2025-01-15,2025,Q1,1,January,3,15,Wednesday,2,False,Winter,False,0.7,None,False
2025-01-16,2025,Q1,1,January,3,16,Thursday,3,False,Winter,False,0.7,None,False
2025-01-17,2025,Q1,1,January,3,17,Friday,4,False,Winter,False,0.7,None,False
2025-01-18,2025,Q1,1,January,3,18,Saturday,5,True,Winter,False,0.7,None,False
2025-01-19,2025,Q1,1,January,3,19,Sunday,6,True,Winter,False,0.7,None,False
2025-01-20,2025,Q1,1,January,4,20,Monday,0,False,Winter,False,0.7,None,False
2025-01-21,2025,Q1,1,January,4,21,Tuesday,1,False,Winter,False,0.7,None,False
2025-01-22,2025,Q1,1,January,4,22,Wednesday,2,False,Winter,False,0.7,None,False
2025-01-23,2025,Q1,1,January,4,23,Thursday,3,False,Winter,False,0.7,None,False
2025-01-24,2025,Q1,1,January,4,24,Friday,4,False,Winter,False,0.7,None,False
2025-01-25,2025,Q1,1,January,4,25,Saturday,5,True,Winter,False,0.7,None,False
2025-01-26,2025,Q1,1,January,4,26,Sunday,6,True,Winter,False,0.7,None,False
2025-01-27,2025,Q1,1,January,5,27,Monday,0,False,Winter,False,0.7,None,False
2025-01-28,2025,Q1,1,January,5,28,Tuesday,1,False,Winter,False,0.7,None,False
2025-01-29,2025,Q1,1,January,5,29,Wednesday,2,False,Winter,False,0.7,None,False
2025-01-30,2025,Q1,1,January,5,30,Thursday,3,False,Winter,False,0.7,None,False
2025-01-31,2025,Q1,1,January,5,31,Friday,4,False,Winter,False,0.7,None,False
2025-02-01,2025,Q1,2,February,5,1,Saturday,5,True,Winter,False,0.9,None,False
2025-02-02,2025,Q1,2,February,5,2,Sunday,6,True,Winter,False,0.9,None,False
2025-02-03,2025,Q1,2,February,6,3,Monday,0,False,Winter,False,0.9,None,False
2025-02-04,2025,Q1,2,February,6,4,Tuesday,1,False,Winter,False,0.9,None,False
2025-02-05,2025,Q1,2,February,6,5,Wednesday,2,False,Winter,False,0.9,None,False
2025-02-06,2025,Q1,2,February,6,6,Thursday,3,False,Winter,False,0.9,None,False
2025-02-07,2025,Q1,2,February,6,7,Friday,4,False,Winter,False,0.9,None,False
2025-02-08,2025,Q1,2,February,6,8,Saturday,5,True,Winter,False,0.9,None,False
2025-02-09,2025,Q1,2,February,6,9,Sunday,6,True,Winter,False,0.9,None,False
2025-02-10,2025,Q1,2,February,7,10,Monday,0,False,Winter,False,0.9,None,False
2025-02-11,2025,Q1,2,February,7,11,Tuesday,1,False,Winter,False,0.9,None,False
2025-02-12,2025,Q1,2,February,7,12,Wednesday,2,False,Winter,False,0.9,None,False
2025-02-13,2025,Q1,2,February,7,13,Thursday,3,False,Winter,False,0.9,None,False
2025-02-14,2025,Q1,2,February,7,14,Friday,4,False,Winter,False,0.9,None,False
2025-02-15,2025,Q1,2,February,7,15,Saturday,5,True,Winter,False,0.9,None,False
2025-02-16,2025,Q1,2,February,7,16,Sunday,6,True,Winter,False,0.9,None,False
2025-02-17,2025,Q1,2,February,8,17,Monday,0,False,Winter,False,0.9,None,False
2025-02-18,2025,Q1,2,February,8,18,Tuesday,1,False,Winter,False,0.9,None,False
2025-02-19,2025,Q1,2,February,8,19,Wednesday,2,False,Winter,False,0.9,None,False
2025-02-20,2025,Q1,2,February,8,20,Thursday,3,False,Winter,False,0.9,None,False
2025-02-21,2025,Q1,2,February,8,21,Friday,4,False,Winter,False,0.9,None,False
2025-02-22,2025,Q1,2,February,8,22,Saturday,5,True,Winter,False,0.9,None,False
2025-02-23,2025,Q1,2,February,8,23,Sunday,6,True,Winter,False,0.9,None,False
2025-02-24,2025,Q1,2,February,9,24,Monday,0,False,Winter,False,0.9,None,False
2025-02-25,2025,Q1,2,February,9,25,Tuesday,1,False,Winter,False,0.9,None,False
2025-02-26,2025,Q1,2,February,9,26,Wednesday,2,False,Winter,False,0.9,None,False
2025-02-27,2025,Q1,2,February,9,27,Thursday,3,False,Winter,False,0.9,None,False
2025-02-28,2025,Q1,2,February,9,28,Friday,4,False,Winter,False,0.9,None,False
2025-03-01,2025,Q1,3,March,9,1,Saturday,5,True,Spring,True,1.2,Spring Sale,True
2025-03-02,2025,Q1,3,March,9,2,Sunday,6,True,Spring,True,1.2,Spring Sale,True
2025-03-03,2025,Q1,3,March,10,3,Monday,0,False,Spring,True,1.2,Spring Sale,True
2025-03-04,2025,Q1,3,March,10,4,Tuesday,1,False,Spring,True,1.2,Spring Sale,True
2025-03-05,2025,Q1,3,March,10,5,Wednesday,2,False,Spring,True,1.2,Spring Sale,True
2025-03-06,2025,Q1,3,March,10,6,Thursday,3,False,Spring,True,1.2,Spring Sale,True
2025-03-07,2025,Q1,3,March,10,7,Friday,4,False,Spring,True,1.2,Spring Sale,True
2025-03-08,2025,Q1,3,March,10,8,Saturday,5,True,Spring,True,1.2,Spring Sale,True
2025-03-09,2025,Q1,3,March,10,9,Sunday,6,True,Spring,True,1.2,Spring Sale,True
2025-03-10,2025,Q1,3,March,11,10,Monday,0,False,Spring,True,1.2,Spring Sale,True
2025-03-11,2025,Q1,3,March,11,11,Tuesday,1,False,Spring,True,1.2,Spring Sale,True
2025-03-12,2025,Q1,3,March,11,12,Wednesday,2,False,Spring,True,1.2,Spring Sale,True
2025-03-13,2025,Q1,3,March,11,13,Thursday,3,False,Spring,True,1.2,Spring Sale,True
2025-03-14,2025,Q1,3,March,11,14,Friday,4,False,Spring,True,1.2,Spring Sale,True
2025-03-15,2025,Q1,3,March,11,15,Saturday,5,True,Spring,True,1.2,Spring Sale,True
2025-03-16,2025,Q1,3,March,11,16,Sunday,6,True,Spring,True,1.2,None,False
2025-03-17,2025,Q1,3,March,12,17,Monday,0,False,Spring,True,1.2,None,False
2025-03-18,2025,Q1,3,March,12,18,Tuesday,1,False,Spring,True,1.2,None,False
2025-03-19,2025,Q1,3,March,12,19,Wednesday,2,False,Spring,True,1.2,None,False
2025-03-20,2025,Q1,3,March,12,20,Thursday,3,False,Spring,True,1.2,None,False
2025-03-21,2025,Q1,3,March,12,21,Friday,4,False,Spring,True,1.2,None,False
2025-03-22,2025,Q1,3,March,12,22,Saturday,5,True,Spring,True,1.2,None,False
2025-03-23,2025,Q1,3,March,12,23,Sunday,6,True,Spring,True,1.2,None,False
2025-03-24,2025,Q1,3,March,13,24,Monday,0,False,Spring,True,1.2,None,False
2025-03-25,2025,Q1,3,March,13,25,Tuesday,1,False,Spring,True,1.2,None,False
2025-03-26,2025,Q1,3,March,13,26,Wednesday,2,False,Spring,True,1.2,None,False
2025-03-27,2025,Q1,3,March,13,27,Thursday,3,False,Spring,True,1.2,None,False
2025-03-28,2025,Q1,3,March,13,28,Friday,4,False,Spring,True,1.2,None,False
2025-03-29,2025,Q1,3,March,13,29,Saturday,5,True,Spring,True,1.2,None,False
2025-03-30,2025,Q1,3,March,13,30,Sunday,6,True,Spring,True,1.2,None,False
2025-03-31,2025,Q1,3,March,14,31,Monday,0,False,Spring,True,1.2,None,False
2025-04-01,2025,Q2,4,April,14,1,Tuesday,1,False,Spring,True,1.5,None,False
2025-04-02,2025,Q2,4,April,14,2,Wednesday,2,False,Spring,True,1.5,None,False
2025-04-03,2025,Q2,4,April,14,3,Thursday,3,False,Spring,True,1.5,None,False
2025-04-04,2025,Q2,4,April,14,4,Friday,4,False,Spring,True,1.5,None,False
2025-04-05,2025,Q2,4,April,14,5,Saturday,5,True,Spring,True,1.5,None,False
2025-04-06,2025,Q2,4,April,14,6,Sunday,6,True,Spring,True,1.5,None,False
2025-04-07,2025,Q2,4,April,15,7,Monday,0,False,Spring,True,1.5,None,False
2025-04-08,2025,Q2,4,April,15,8,Tuesday,1,False,Spring,True,1.5,None,False
2025-04-09,2025,Q2,4,April,15,9,Wednesday,2,False,Spring,True,1.5,None,False
2025-04-10,2025,Q2,4,April,15,10,Thursday,3,False,Spring,True,1.5,None,False
2025-04-11,2025,Q2,4,April,15,11,Friday,4,False,Spring,True,1.5,None,False
2025-04-12,2025,Q2,4,April,15,12,Saturday,5,True,Spring,True,1.5,None,False
2025-04-13,2025,Q2,4,April,15,13,Sunday,6,True,Spring,True,1.5,None,False
2025-04-14,2025,Q2,4,April,16,14,Monday,0,False,Spring,True,1.5,None,False
2025-04-15,2025,Q2,4,April,16,15,Tuesday,1,False,Spring,True,1.5,None,False
2025-04-16,2025,Q2,4,April,16,16,Wednesday,2,False,Spring,True,1.5,None,False
2025-04-17,2025,Q2,4,April,16,17,Thursday,3,False,Spring,True,1.5,None,False
2025-04-18,2025,Q2,4,April,16,18,Friday,4,False,Spring,True,1.5,None,False
2025-04-19,2025,Q2,4,April,16,19,Saturday,5,True,Spring,True,1.5,None,False
2025-04-20,2025,Q2,4,April,16,20,Sunday,6,True,Spring,True,1.5,None,False
2025-04-21,2025,Q2,4,April,17,21,Monday,0,False,Spring,True,1.5,None,False
2025-04-22,2025,Q2,4,April,17,22,Tuesday,1,False,Spring,True,1.5,None,False
2025-04-23,2025,Q2,4,April,17,23,Wednesday,2,False,Spring,True,1.5,None,False
2025-04-24,2025,Q2,4,April,17,24,Thursday,3,False,Spring,True,1.5,None,False
2025-04-25,2025,Q2,4,April,17,25,Friday,4,False,Spring,True,1.5,None,False
2025-04-26,2025,Q2,4,April,17,26,Saturday,5,True,Spring,True,1.5,None,False
2025-04-27,2025,Q2,4,April,17,27,Sunday,6,True,Spring,True,1.5,None,False
2025-04-28,2025,Q2,4,April,18,28,Monday,0,False,Spring,True,1.5,None,False
2025-04-29,2025,Q2,4,April,18,29,Tuesday,1,False,Spring,True,1.5,None,False
2025-04-30,2025,Q2,4,April,18,30,Wednesday,2,False,Spring,True,1.5,None,False
2025-05-01,2025,Q2,5,May,18,1,Thursday,3,False,Spring,True,1.6,None,False
2025-05-02,2025,Q2,5,May,18,2,Friday,4,False,Spring,True,1.6,None,False
2025-05-03,2025,Q2,5,May,18,3,Saturday,5,True,Spring,True,1.6,None,False
2025-05-04,2025,Q2,5,May,18,4,Sunday,6,True,Spring,True,1.6,None,False
2025-05-05,2025,Q2,5,May,19,5,Monday,0,False,Spring,True,1.6,None,False
2025-05-06,2025,Q2,5,May,19,6,Tuesday,1,False,Spring,True,1.6,None,False
2025-05-07,2025,Q2,5,May,19,7,Wednesday,2,False,Spring,True,1.6,None,False
2025-05-08,2025,Q2,5,May,19,8,Thursday,3,False,Spring,True,1.6,None,False
2025-05-09,2025,Q2,5,May,19,9,Friday,4,False,Spring,True,1.6,None,False
2025-05-10,2025,Q2,5,May,19,10,Saturday,5,True,Spring,True,1.6,None,False
2025-05-11,2025,Q2,5,May,19,11,Sunday,6,True,Spring,True,1.6,None,False
2025-05-12,2025,Q2,5,May,20,12,Monday,0,False,Spring,True,1.6,None,False
2025-05-13,2025,Q2,5,May,20,13,Tuesday,1,False,Spring,True,1.6,None,False
2025-05-14,2025,Q2,5,May,20,14,Wednesday,2,False,Spring,True,1.6,None,False
2025-05-15,2025,Q2,5,May,20,15,Thursday,3,False,Spring,True,1.6,None,False
2025-05-16,2025,Q2,5,May,20,16,Friday,4,False,Spring,True,1.6,None,False
2025-05-17,2025,Q2,5,May,20,17,Saturday,5,True,Spring,True,1.6,None,False
2025-05-18,2025,Q2,5,May,20,18,Sunday,6,True,Spring,True,1.6,None,False
2025-05-19,2025,Q2,5,May,21,19,Monday,0,False,Spring,True,1.6,None,False
2025-05-20,2025,Q2,5,May,21,20,Tuesday,1,False,Spring,True,1.6,None,False
2025-05-21,2025,Q2,5,May,21,21,Wednesday,2,False,Spring,True,1.6,None,False
2025-05-22,2025,Q2,5,May,21,22,Thursday,3,False,Spring,True,1.6,None,False
2025-05-23,2025,Q2,5,May,21,23,Friday,4,False,Spring,True,1.6,None,False
2025-05-24,2025,Q2,5,May,21,24,Saturday,5,True,Spring,True,1.6,None,False
2025-05-25,2025,Q2,5,May,21,25,Sunday,6,True,Spring,True,1.6,Memorial Day,True
2025-05-26,2025,Q2,5,May,22,26,Monday,0,False,Spring,True,1.6,Memorial Day,True
2025-05-27,2025,Q2,5,May,22,27,Tuesday,1,False,Spring,True,1.6,Memorial Day,True
2025-05-28,2025,Q2,5,May,22,28,Wednesday,2,False,Spring,True,1.6,Memorial Day,True
2025-05-29,2025,Q2,5,May,22,29,Thursday,3,False,Spring,True,1.6,Memorial Day,True
2025-05-30,2025,Q2,5,May,22,30,Friday,4,False,Spring,True,1.6,Memorial Day,True
2025-05-31,2025,Q2,5,May,22,31,Saturday,5,True,Spring,True,1.6,Memorial Day,True
2025-06-01,2025,Q2,6,June,22,1,Sunday,6,True,Summer,True,1.4,None,False
2025-06-02,2025,Q2,6,June,23,2,Monday,0,False,Summer,True,1.4,None,False
2025-06-03,2025,Q2,6,June,23,3,Tuesday,1,False,Summer,True,1.4,None,False
2025-06-04,2025,Q2,6,June,23,4,Wednesday,2,False,Summer,True,1.4,None,False
2025-06-05,2025,Q2,6,June,23,5,Thursday,3,False,Summer,True,1.4,None,False
2025-06-06,2025,Q2,6,June,23,6,Friday,4,False,Summer,True,1.4,None,False
2025-06-07,2025,Q2,6,June,23,7,Saturday,5,True,Summer,True,1.4,None,False
2025-06-08,2025,Q2,6,June,23,8,Sunday,6,True,Summer,True,1.4,None,False
2025-06-09,2025,Q2,6,June,24,9,Monday,0,False,Summer,True,1.4,None,False
2025-06-10,2025,Q2,6,June,24,10,Tuesday,1,False,Summer,True,1.4,None,False
2025-06-11,2025,Q2,6,June,24,11,Wednesday,2,False,Summer,True,1.4,None,False
2025-06-12,2025,Q2,6,June,24,12,Thursday,3,False,Summer,True,1.4,None,False
2025-06-13,2025,Q2,6,June,24,13,Friday,4,False,Summer,True,1.4,None,False
2025-06-14,2025,Q2,6,June,24,14,Saturday,5,True,Summer,True,1.4,None,False
2025-06-15,2025,Q2,6,June,24,15,Sunday,6,True,Summer,True,1.4,None,False
2025-06-16,2025,Q2,6,June,25,16,Monday,0,False,Summer,True,1.4,None,False
2025-06-17,2025,Q2,6,June,25,17,Tuesday,1,False,Summer,True,1.4,None,False
2025-06-18,2025,Q2,6,June,25,18,Wednesday,2,False,Summer,True,1.4,None,False
2025-06-19,2025,Q2,6,June,25,19,Thursday,3,False,Summer,True,1.4,None,False
2025-06-20,2025,Q2,6,June,25,20,Friday,4,False,Summer,True,1.4,None,False
2025-06-21,2025,Q2,6,June,25,21,Saturday,5,True,Summer,True,1.4,None,False
2025-06-22,2025,Q2,6,June,25,22,Sunday,6,True,Summer,True,1.4,None,False
2025-06-23,2025,Q2,6,June,26,23,Monday,0,False,Summer,True,1.4,None,False
2025-06-24,2025,Q2,6,June,26,24,Tuesday,1,False,Summer,True,1.4,None,False
2025-06-25,2025,Q2,6,June,26,25,Wednesday,2,False,Summer,True,1.4,None,False
2025-06-26,2025,Q2,6,June,26,26,Thursday,3,False,Summer,True,1.4,None,False
2025-06-27,2025,Q2,6,June,26,27,Friday,4,False,Summer,True,1.4,None,False
2025-06-28,2025,Q2,6,June,26,28,Saturday,5,True,Summer,True,1.4,None,False
2025-06-29,2025,Q2,6,June,26,29,Sunday,6,True,Summer,True,1.4,None,False
2025-06-30,2025,Q2,6,June,27,30,Monday,0,False,Summer,True,1.4,None,False
2025-07-01,2025,Q3,7,July,27,1,Tuesday,1,False,Summer,False,1.2,None,False
2025-07-02,2025,Q3,7,July,27,2,Wednesday,2,False,Summer,False,1.2,None,False
2025-07-03,2025,Q3,7,July,27,3,Thursday,3,False,Summer,False,1.2,None,False
2025-07-04,2025,Q3,7,July,27,4,Friday,4,False,Summer,False,1.2,None,False
2025-07-05,2025,Q3,7,July,27,5,Saturday,5,True,Summer,False,1.2,None,False
2025-07-06,2025,Q3,7,July,27,6,Sunday,6,True,Summer,False,1.2,None,False
2025-07-07,2025,Q3,7,July,28,7,Monday,0,False,Summer,False,1.2,None,False
2025-07-08,2025,Q3,7,July,28,8,Tuesday,1,False,Summer,False,1.2,None,False
2025-07-09,2025,Q3,7,July,28,9,Wednesday,2,False,Summer,False,1.2,None,False
2025-07-10,2025,Q3,7,July,28,10,Thursday,3,False,Summer,False,1.2,None,False
2025-07-11,2025,Q3,7,July,28,11,Friday,4,False,Summer,False,1.2,None,False
2025-07-12,2025,Q3,7,July,28,12,Saturday,5,True,Summer,False,1.2,None,False
2025-07-13,2025,Q3,7,July,28,13,Sunday,6,True,Summer,False,1.2,None,False
2025-07-14,2025,Q3,7,July,29,14,Monday,0,False,Summer,False,1.2,None,False
2025-07-15,2025,Q3,7,July,29,15,Tuesday,1,False,Summer,False,1.2,None,False
2025-07-16,2025,Q3,7,July,29,16,Wednesday,2,False,Summer,False,1.2,None,False
2025-07-17,2025,Q3,7,July,29,17,Thursday,3,False,Summer,False,1.2,None,False
2025-07-18,2025,Q3,7,July,29,18,Friday,4,False,Summer,False,1.2,None,False
2025-07-19,2025,Q3,7,July,29,19,Saturday,5,True,Summer,False,1.2,None,False
2025-07-20,2025,Q3,7,July,29,20,Sunday,6,True,Summer,False,1.2,None,False
2025-07-21,2025,Q3,7,July,30,21,Monday,0,False,Summer,False,1.2,None,False
2025-07-22,2025,Q3,7,July,30,22,Tuesday,1,False,Summer,False,1.2,None,False
2025-07-23,2025,Q3,7,July,30,23,Wednesday,2,False,Summer,False,1.2,None,False
2025-07-24,2025,Q3,7,July,30,24,Thursday,3,False,Summer,False,1.2,None,False
2025-07-25,2025,Q3,7,July,30,25,Friday,4,False,Summer,False,1.2,None,False
2025-07-26,2025,Q3,7,July,30,26,Saturday,5,True,Summer,False,1.2,None,False
2025-07-27,2025,Q3,7,July,30,27,Sunday,6,True,Summer,False,1.2,None,False
2025-07-28,2025,Q3,7,July,31,28,Monday,0,False,Summer,False,1.2,None,False
2025-07-29,2025,Q3,7,July,31,29,Tuesday,1,False,Summer,False,1.2,None,False
2025-07-30,2025,Q3,7,July,31,30,Wednesday,2,False,Summer,False,1.2,None,False
2025-07-31,2025,Q3,7,July,31,31,Thursday,3,False,Summer,False,1.2,None,False
2025-08-01,2025,Q3,8,August,31,1,Friday,4,False,Summer,False,1.0,None,False
2025-08-02,2025,Q3,8,August,31,2,Saturday,5,True,Summer,False,1.0,None,False
2025-08-03,2025,Q3,8,August,31,3,Sunday,6,True,Summer,False,1.0,None,False
2025-08-04,2025,Q3,8,August,32,4,Monday,0,False,Summer,False,1.0,None,False
2025-08-05,2025,Q3,8,August,32,5,Tuesday,1,False,Summer,False,1.0,None,False
2025-08-06,2025,Q3,8,August,32,6,Wednesday,2,False,Summer,False,1.0,None,False
2025-08-07,2025,Q3,8,August,32,7,Thursday,3,False,Summer,False,1.0,None,False
2025-08-08,2025,Q3,8,August,32,8,Friday,4,False,Summer,False,1.0,None,False
2025-08-09,2025,Q3,8,August,32,9,Saturday,5,True,Summer,False,1.0,None,False
2025-08-10,2025,Q3,8,August,32,10,Sunday,6,True,Summer,False,1.0,None,False
2025-08-11,2025,Q3,8,August,33,11,Monday,0,False,Summer,False,1.0,None,False
2025-08-12,2025,Q3,8,August,33,12,Tuesday,1,False,Summer,False,1.0,None,False
2025-08-13,2025,Q3,8,August,33,13,Wednesday,2,False,Summer,False,1.0,None,False
2025-08-14,2025,Q3,8,August,33,14,Thursday,3,False,Summer,False,1.0,None,False
2025-08-15,2025,Q3,8,August,33,15,Friday,4,False,Summer,False,1.0,None,False
2025-08-16,2025,Q3,8,August,33,16,Saturday,5,True,Summer,False,1.0,None,False
2025-08-17,2025,Q3,8,August,33,17,Sunday,6,True,Summer,False,1.0,None,False
2025-08-18,2025,Q3,8,August,34,18,Monday,0,False,Summer,False,1.0,None,False
2025-08-19,2025,Q3,8,August,34,19,Tuesday,1,False,Summer,False,1.0,None,False
2025-08-20,2025,Q3,8,August,34,20,Wednesday,2,False,Summer,False,1.0,None,False
2025-08-21,2025,Q3,8,August,34,21,Thursday,3,False,Summer,False,1.0,None,False
2025-08-22,2025,Q3,8,August,34,22,Friday,4,False,Summer,False,1.0,None,False
2025-08-23,2025,Q3,8,August,34,23,Saturday,5,True,Summer,False,1.0,None,False
2025-08-24,2025,Q3,8,August,34,24,Sunday,6,True,Summer,False,1.0,None,False
2025-08-25,2025,Q3,8,August,35,25,Monday,0,False,Summer,False,1.0,None,False
2025-08-26,2025,Q3,8,August,35,26,Tuesday,1,False,Summer,False,1.0,None,False
2025-08-27,2025,Q3,8,August,35,27,Wednesday,2,False,Summer,False,1.0,None,False
2025-08-28,2025,Q3,8,August,35,28,Thursday,3,False,Summer,False,1.0,None,False
2025-08-29,2025,Q3,8,August,35,29,Friday,4,False,Summer,False,1.0,None,False
2025-08-30,2025,Q3,8,August,35,30,Saturday,5,True,Summer,False,1.0,None,False
2025-08-31,2025,Q3,8,August,35,31,Sunday,6,True,Summer,False,1.0,None,False
2025-09-01,2025,Q3,9,September,36,1,Monday,0,False,Fall,False,1.05,Labor Day,True
2025-09-02,2025,Q3,9,September,36,2,Tuesday,1,False,Fall,False,1.05,Labor Day,True
2025-09-03,2025,Q3,9,September,36,3,Wednesday,2,False,Fall,False,1.05,Labor Day,True
2025-09-04,2025,Q3,9,September,36,4,Thursday,3,False,Fall,False,1.05,Labor Day,True
2025-09-05,2025,Q3,9,September,36,5,Friday,4,False,Fall,False,1.05,Labor Day,True
2025-09-06,2025,Q3,9,September,36,6,Saturday,5,True,Fall,False,1.05,Labor Day,True
2025-09-07,2025,Q3,9,September,36,7,Sunday,6,True,Fall,False,1.05,Labor Day,True
2025-09-08,2025,Q3,9,September,37,8,Monday,0,False,Fall,False,1.05,None,False
2025-09-09,2025,Q3,9,September,37,9,Tuesday,1,False,Fall,False,1.05,None,False
2025-09-10,2025,Q3,9,September,37,10,Wednesday,2,False,Fall,False,1.05,None,False
2025-09-11,2025,Q3,9,September,37,11,Thursday,3,False,Fall,False,1.05,None,False
2025-09-12,2025,Q3,9,September,37,12,Friday,4,False,Fall,False,1.05,None,False
2025-09-13,2025,Q3,9,September,37,13,Saturday,5,True,Fall,False,1.05,None,False
2025-09-14,2025,Q3,9,September,37,14,Sunday,6,True,Fall,False,1.05,None,False
2025-09-15,2025,Q3,9,September,38,15,Monday,0,False,Fall,False,1.05,None,False
2025-09-16,2025,Q3,9,September,38,16,Tuesday,1,False,Fall,False,1.05,None,False
2025-09-17,2025,Q3,9,September,38,17,Wednesday,2,False,Fall,False,1.05,None,False
2025-09-18,2025,Q3,9,September,38,18,Thursday,3,False,Fall,False,1.05,None,False
2025-09-19,2025,Q3,9,September,38,19,Friday,4,False,Fall,False,1.05,None,False
2025-09-20,2025,Q3,9,September,38,20,Saturday,5,True,Fall,False,1.05,None,False
2025-09-21,2025,Q3,9,September,38,21,Sunday,6,True,Fall,False,1.05,None,False
2025-09-22,2025,Q3,9,September,39,22,Monday,0,False,Fall,False,1.05,None,False
2025-09-23,2025,Q3,9,September,39,23,Tuesday,1,False,Fall,False,1.05,None,False
2025-09-24,2025,Q3,9,September,39,24,Wednesday,2,False,Fall,False,1.05,None,False
2025-09-25,2025,Q3,9,September,39,25,Thursday,3,False,Fall,False,1.05,None,False
2025-09-26,2025,Q3,9,September,39,26,Friday,4,False,Fall,False,1.05,None,False
2025-09-27,2025,Q3,9,September,39,27,Saturday,5,True,Fall,False,1.05,None,False
2025-09-28,2025,Q3,9,September,39,28,Sunday,6,True,Fall,False,1.05,None,False
2025-09-29,2025,Q3,9,September,40,29,Monday,0,False,Fall,False,1.05,None,False
2025-09-30,2025,Q3,9,September,40,30,Tuesday,1,False,Fall,False,1.05,None,False
2025-10-01,2025,Q4,10,October,40,1,Wednesday,2,False,Fall,False,0.85,None,False
2025-10-02,2025,Q4,10,October,40,2,Thursday,3,False,Fall,False,0.85,None,False
2025-10-03,2025,Q4,10,October,40,3,Friday,4,False,Fall,False,0.85,None,False
2025-10-04,2025,Q4,10,October,40,4,Saturday,5,True,Fall,False,0.85,None,False
2025-10-05,2025,Q4,10,October,40,5,Sunday,6,True,Fall,False,0.85,None,False
2025-10-06,2025,Q4,10,October,41,6,Monday,0,False,Fall,False,0.85,None,False
2025-10-07,2025,Q4,10,October,41,7,Tuesday,1,False,Fall,False,0.85,None,False
2025-10-08,2025,Q4,10,October,41,8,Wednesday,2,False,Fall,False,0.85,None,False
2025-10-09,2025,Q4,10,October,41,9,Thursday,3,False,Fall,False,0.85,None,False
2025-10-10,2025,Q4,10,October,41,10,Friday,4,False,Fall,False,0.85,None,False
2025-10-11,2025,Q4,10,October,41,11,Saturday,5,True,Fall,False,0.85,None,False
2025-10-12,2025,Q4,10,October,41,12,Sunday,6,True,Fall,False,0.85,None,False
2025-10-13,2025,Q4,10,October,42,13,Monday,0,False,Fall,False,0.85,None,False
2025-10-14,2025,Q4,10,October,42,14,Tuesday,1,False,Fall,False,0.85,None,False
2025-10-15,2025,Q4,10,October,42,15,Wednesday,2,False,Fall,False,0.85,None,False
2025-10-16,2025,Q4,10,October,42,16,Thursday,3,False,Fall,False,0.85,None,False
2025-10-17,2025,Q4,10,October,42,17,Friday,4,False,Fall,False,0.85,None,False
2025-10-18,2025,Q4,10,October,42,18,Saturday,5,True,Fall,False,0.85,None,False
2025-10-19,2025,Q4,10,October,42,19,Sunday,6,True,Fall,False,0.85,None,False
2025-10-20,2025,Q4,10,October,43,20,Monday,0,False,Fall,False,0.85,None,False
2025-10-21,2025,Q4,10,October,43,21,Tuesday,1,False,Fall,False,0.85,None,False
2025-10-22,2025,Q4,10,October,43,22,Wednesday,2,False,Fall,False,0.85,None,False
2025-10-23,2025,Q4,10,October,43,23,Thursday,3,False,Fall,False,0.85,None,False
2025-10-24,2025,Q4,10,October,43,24,Friday,4,False,Fall,False,0.85,None,False
2025-10-25,2025,Q4,10,October,43,25,Saturday,5,True,Fall,False,0.85,None,False
2025-10-26,2025,Q4,10,October,43,26,Sunday,6,True,Fall,False,0.85,None,False
2025-10-27,2025,Q4,10,October,44,27,Monday,0,False,Fall,False,0.85,None,False
2025-10-28,2025,Q4,10,October,44,28,Tuesday,1,False,Fall,False,0.85,None,False
2025-10-29,2025,Q4,10,October,44,29,Wednesday,2,False,Fall,False,0.85,None,False
2025-10-30,2025,Q4,10,October,44,30,Thursday,3,False,Fall,False,0.85,None,False
2025-10-31,2025,Q4,10,October,44,31,Friday,4,False,Fall,False,0.85,None,False
2025-11-01,2025,Q4,11,November,44,1,Saturday,5,True,Winter,False,0.75,None,False
2025-11-02,2025,Q4,11,November,44,2,Sunday,6,True,Winter,False,0.75,None,False
2025-11-03,2025,Q4,11,November,45,3,Monday,0,False,Winter,False,0.75,None,False
2025-11-04,2025,Q4,11,November,45,4,Tuesday,1,False,Winter,False,0.75,None,False
2025-11-05,2025,Q4,11,November,45,5,Wednesday,2,False,Winter,False,0.75,None,False
2025-11-06,2025,Q4,11,November,45,6,Thursday,3,False,Winter,False,0.75,None,False
2025-11-07,2025,Q4,11,November,45,7,Friday,4,False,Winter,False,0.75,None,False
2025-11-08,2025,Q4,11,November,45,8,Saturday,5,True,Winter,False,0.75,None,False
2025-11-09,2025,Q4,11,November,45,9,Sunday,6,True,Winter,False,0.75,None,False
2025-11-10,2025,Q4,11,November,46,10,Monday,0,False,Winter,False,0.75,None,False
2025-11-11,2025,Q4,11,November,46,11,Tuesday,1,False,Winter,False,0.75,None,False
2025-11-12,2025,Q4,11,November,46,12,Wednesday,2,False,Winter,False,0.75,None,False
2025-11-13,2025,Q4,11,November,46,13,Thursday,3,False,Winter,False,0.75,None,False
2025-11-14,2025,Q4,11,November,46,14,Friday,4,False,Winter,False,0.75,None,False
2025-11-15,2025,Q4,11,November,46,15,Saturday,5,True,Winter,False,0.75,None,False
2025-11-16,2025,Q4,11,November,46,16,Sunday,6,True,Winter,False,0.75,None,False
2025-11-17,2025,Q4,11,November,47,17,Monday,0,False,Winter,False,0.75,None,False
2025-11-18,2025,Q4,11,November,47,18,Tuesday,1,False,Winter,False,0.75,None,False
2025-11-19,2025,Q4,11,November,47,19,Wednesday,2,False,Winter,False,0.75,None,False
2025-11-20,2025,Q4,11,November,47,20,Thursday,3,False,Winter,False,0.75,None,False
2025-11-21,2025,Q4,11,November,47,21,Friday,4,False,Winter,False,0.75,None,False
2025-11-22,2025,Q4,11,November,47,22,Saturday,5,True,Winter,False,0.75,None,False
2025-11-23,2025,Q4,11,November,47,23,Sunday,6,True,Winter,False,0.75,None,False
2025-11-24,2025,Q4,11,November,48,24,Monday,0,False,Winter,False,0.75,Black Friday,True
2025-11-25,2025,Q4,11,November,48,25,Tuesday,1,False,Winter,False,0.75,Black Friday,True
2025-11-26,2025,Q4,11,November,48,26,Wednesday,2,False,Winter,False,0.75,Black Friday,True
2025-11-27,2025,Q4,11,November,48,27,Thursday,3,False,Winter,False,0.75,Black Friday,True
2025-11-28,2025,Q4,11,November,48,28,Friday,4,False,Winter,False,0.75,Black Friday,True
2025-11-29,2025,Q4,11,November,48,29,Saturday,5,True,Winter,False,0.75,Black Friday,True
2025-11-30,2025,Q4,11,November,48,30,Sunday,6,True,Winter,False,0.75,Black Friday,True
2025-12-01,2025,Q4,12,December,49,1,Monday,0,False,Winter,False,0.9,None,False
2025-12-02,2025,Q4,12,December,49,2,Tuesday,1,False,Winter,False,0.9,None,False
2025-12-03,2025,Q4,12,December,49,3,Wednesday,2,False,Winter,False,0.9,None,False
2025-12-04,2025,Q4,12,December,49,4,Thursday,3,False,Winter,False,0.9,None,False
2025-12-05,2025,Q4,12,December,49,5,Friday,4,False,Winter,False,0.9,None,False
2025-12-06,2025,Q4,12,December,49,6,Saturday,5,True,Winter,False,0.9,None,False
2025-12-07,2025,Q4,12,December,49,7,Sunday,6,True,Winter,False,0.9,None,False
2025-12-08,2025,Q4,12,December,50,8,Monday,0,False,Winter,False,0.9,None,False
2025-12-09,2025,Q4,12,December,50,9,Tuesday,1,False,Winter,False,0.9,None,False
2025-12-10,2025,Q4,12,December,50,10,Wednesday,2,False,Winter,False,0.9,None,False
2025-12-11,2025,Q4,12,December,50,11,Thursday,3,False,Winter,False,0.9,None,False
2025-12-12,2025,Q4,12,December,50,12,Friday,4,False,Winter,False,0.9,None,False
2025-12-13,2025,Q4,12,December,50,13,Saturday,5,True,Winter,False,0.9,None,False
2025-12-14,2025,Q4,12,December,50,14,Sunday,6,True,Winter,False,0.9,None,False
2025-12-15,2025,Q4,12,December,51,15,Monday,0,False,Winter,False,0.9,None,False
2025-12-16,2025,Q4,12,December,51,16,Tuesday,1,False,Winter,False,0.9,None,False
2025-12-17,2025,Q4,12,December,51,17,Wednesday,2,False,Winter,False,0.9,None,False
2025-12-18,2025,Q4,12,December,51,18,Thursday,3,False,Winter,False,0.9,None,False
2025-12-19,2025,Q4,12,December,51,19,Friday,4,False,Winter,False,0.9,None,False
2025-12-20,2025,Q4,12,December,51,20,Saturday,5,True,Winter,False,0.9,None,False
2025-12-21,2025,Q4,12,December,51,21,Sunday,6,True,Winter,False,0.9,None,False
2025-12-22,2025,Q4,12,December,52,22,Monday,0,False,Winter,False,0.9,None,False
2025-12-23,2025,Q4,12,December,52,23,Tuesday,1,False,Winter,False,0.9,None,False
2025-12-24,2025,Q4,12,December,52,24,Wednesday,2,False,Winter,False,0.9,None,False
2025-12-25,2025,Q4,12,December,52,25,Thursday,3,False,Winter,False,0.9,None,False
2025-12-26,2025,Q4,12,December,52,26,Friday,4,False,Winter,False,0.9,None,False
2025-12-27,2025,Q4,12,December,52,27,Saturday,5,True,Winter,False,0.9,None,False
2025-12-28,2025,Q4,12,December,52,28,Sunday,6,True,Winter,False,0.9,None,False
2025-12-29,2025,Q4,12,December,1,29,Monday,0,False,Winter,False,0.9,None,False
2025-12-30,2025,Q4,12,December,1,30,Tuesday,1,False,Winter,False,0.9,None,False
2025-12-31,2025,Q4,12,December,1,31,Wednesday,2,False,Winter,False,0.9,None,False
2026-01-01,2026,Q1,1,January,1,1,Thursday,3,False,Winter,False,0.7,None,False
2026-01-02,2026,Q1,1,January,1,2,Friday,4,False,Winter,False,0.7,None,False
2026-01-03,2026,Q1,1,January,1,3,Saturday,5,True,Winter,False,0.7,None,False
2026-01-04,2026,Q1,1,January,1,4,Sunday,6,True,Winter,False,0.7,None,False
2026-01-05,2026,Q1,1,January,2,5,Monday,0,False,Winter,False,0.7,None,False
2026-01-06,2026,Q1,1,January,2,6,Tuesday,1,False,Winter,False,0.7,None,False
2026-01-07,2026,Q1,1,January,2,7,Wednesday,2,False,Winter,False,0.7,None,False
2026-01-08,2026,Q1,1,January,2,8,Thursday,3,False,Winter,False,0.7,None,False
2026-01-09,2026,Q1,1,January,2,9,Friday,4,False,Winter,False,0.7,None,False
2026-01-10,2026,Q1,1,January,2,10,Saturday,5,True,Winter,False,0.7,None,False
2026-01-11,2026,Q1,1,January,2,11,Sunday,6,True,Winter,False,0.7,None,False
2026-01-12,2026,Q1,1,January,3,12,Monday,0,False,Winter,False,0.7,None,False
2026-01-13,2026,Q1,1,January,3,13,Tuesday,1,False,Winter,False,0.7,None,False
2026-01-14,2026,Q1,1,January,3,14,Wednesday,2,False,Winter,False,0.7,None,False
2026-01-15,2026,Q1,1,January,3,15,Thursday,3,False,Winter,False,0.7,None,False
2026-01-16,2026,Q1,1,January,3,16,Friday,4,False,Winter,False,0.7,None,False
2026-01-17,2026,Q1,1,January,3,17,Saturday,5,True,Winter,False,0.7,None,False
2026-01-18,2026,Q1,1,January,3,18,Sunday,6,True,Winter,False,0.7,None,False
2026-01-19,2026,Q1,1,January,4,19,Monday,0,False,Winter,False,0.7,None,False
2026-01-20,2026,Q1,1,January,4,20,Tuesday,1,False,Winter,False,0.7,None,False
2026-01-21,2026,Q1,1,January,4,21,Wednesday,2,False,Winter,False,0.7,None,False
2026-01-22,2026,Q1,1,January,4,22,Thursday,3,False,Winter,False,0.7,None,False
2026-01-23,2026,Q1,1,January,4,23,Friday,4,False,Winter,False,0.7,None,False
2026-01-24,2026,Q1,1,January,4,24,Saturday,5,True,Winter,False,0.7,None,False
2026-01-25,2026,Q1,1,January,4,25,Sunday,6,True,Winter,False,0.7,None,False
2026-01-26,2026,Q1,1,January,5,26,Monday,0,False,Winter,False,0.7,None,False
2026-01-27,2026,Q1,1,January,5,27,Tuesday,1,False,Winter,False,0.7,None,False
2026-01-28,2026,Q1,1,January,5,28,Wednesday,2,False,Winter,False,0.7,None,False
2026-01-29,2026,Q1,1,January,5,29,Thursday,3,False,Winter,False,0.7,None,False
2026-01-30,2026,Q1,1,January,5,30,Friday,4,False,Winter,False,0.7,None,False
2026-01-31,2026,Q1,1,January,5,31,Saturday,5,True,Winter,False,0.7,None,False
2026-02-01,2026,Q1,2,February,5,1,Sunday,6,True,Winter,False,0.9,None,False
2026-02-02,2026,Q1,2,February,6,2,Monday,0,False,Winter,False,0.9,None,False
2026-02-03,2026,Q1,2,February,6,3,Tuesday,1,False,Winter,False,0.9,None,False
2026-02-04,2026,Q1,2,February,6,4,Wednesday,2,False,Winter,False,0.9,None,False
2026-02-05,2026,Q1,2,February,6,5,Thursday,3,False,Winter,False,0.9,None,False
2026-02-06,2026,Q1,2,February,6,6,Friday,4,False,Winter,False,0.9,None,False
2026-02-07,2026,Q1,2,February,6,7,Saturday,5,True,Winter,False,0.9,None,False
2026-02-08,2026,Q1,2,February,6,8,Sunday,6,True,Winter,False,0.9,None,False
2026-02-09,2026,Q1,2,February,7,9,Monday,0,False,Winter,False,0.9,None,False
2026-02-10,2026,Q1,2,February,7,10,Tuesday,1,False,Winter,False,0.9,None,False
2026-02-11,2026,Q1,2,February,7,11,Wednesday,2,False,Winter,False,0.9,None,False
2026-02-12,2026,Q1,2,February,7,12,Thursday,3,False,Winter,False,0.9,None,False
2026-02-13,2026,Q1,2,February,7,13,Friday,4,False,Winter,False,0.9,None,False
2026-02-14,2026,Q1,2,February,7,14,Saturday,5,True,Winter,False,0.9,None,False
2026-02-15,2026,Q1,2,February,7,15,Sunday,6,True,Winter,False,0.9,None,False
2026-02-16,2026,Q1,2,February,8,16,Monday,0,False,Winter,False,0.9,None,False
2026-02-17,2026,Q1,2,February,8,17,Tuesday,1,False,Winter,False,0.9,None,False
2026-02-18,2026,Q1,2,February,8,18,Wednesday,2,False,Winter,False,0.9,None,False
2026-02-19,2026,Q1,2,February,8,19,Thursday,3,False,Winter,False,0.9,None,False
2026-02-20,2026,Q1,2,February,8,20,Friday,4,False,Winter,False,0.9,None,False
2026-02-21,2026,Q1,2,February,8,21,Saturday,5,True,Winter,False,0.9,None,False
2026-02-22,2026,Q1,2,February,8,22,Sunday,6,True,Winter,False,0.9,None,False
2026-02-23,2026,Q1,2,February,9,23,Monday,0,False,Winter,False,0.9,None,False
2026-02-24,2026,Q1,2,February,9,24,Tuesday,1,False,Winter,False,0.9,None,False
2026-02-25,2026,Q1,2,February,9,25,Wednesday,2,False,Winter,False,0.9,None,False
2026-02-26,2026,Q1,2,February,9,26,Thursday,3,False,Winter,False,0.9,None,False
2026-02-27,2026,Q1,2,February,9,27,Friday,4,False,Winter,False,0.9,None,False
2026-02-28,2026,Q1,2,February,9,28,Saturday,5,True,Winter,False,0.9,None,False
2026-03-01,2026,Q1,3,March,9,1,Sunday,6,True,Spring,True,1.2,Spring Sale,True
2026-03-02,2026,Q1,3,March,10,2,Monday,0,False,Spring,True,1.2,Spring Sale,True
2026-03-03,2026,Q1,3,March,10,3,Tuesday,1,False,Spring,True,1.2,Spring Sale,True
2026-03-04,2026,Q1,3,March,10,4,Wednesday,2,False,Spring,True,1.2,Spring Sale,True
2026-03-05,2026,Q1,3,March,10,5,Thursday,3,False,Spring,True,1.2,Spring Sale,True
2026-03-06,2026,Q1,3,March,10,6,Friday,4,False,Spring,True,1.2,Spring Sale,True
2026-03-07,2026,Q1,3,March,10,7,Saturday,5,True,Spring,True,1.2,Spring Sale,True
2026-03-08,2026,Q1,3,March,10,8,Sunday,6,True,Spring,True,1.2,Spring Sale,True
2026-03-09,2026,Q1,3,March,11,9,Monday,0,False,Spring,True,1.2,Spring Sale,True
2026-03-10,2026,Q1,3,March,11,10,Tuesday,1,False,Spring,True,1.2,Spring Sale,True
2026-03-11,2026,Q1,3,March,11,11,Wednesday,2,False,Spring,True,1.2,Spring Sale,True
2026-03-12,2026,Q1,3,March,11,12,Thursday,3,False,Spring,True,1.2,Spring Sale,True
2026-03-13,2026,Q1,3,March,11,13,Friday,4,False,Spring,True,1.2,Spring Sale,True
2026-03-14,2026,Q1,3,March,11,14,Saturday,5,True,Spring,True,1.2,Spring Sale,True
2026-03-15,2026,Q1,3,March,11,15,Sunday,6,True,Spring,True,1.2,Spring Sale,True
2026-03-16,2026,Q1,3,March,12,16,Monday,0,False,Spring,True,1.2,None,False
2026-03-17,2026,Q1,3,March,12,17,Tuesday,1,False,Spring,True,1.2,None,False
2026-03-18,2026,Q1,3,March,12,18,Wednesday,2,False,Spring,True,1.2,None,False
2026-03-19,2026,Q1,3,March,12,19,Thursday,3,False,Spring,True,1.2,None,False
2026-03-20,2026,Q1,3,March,12,20,Friday,4,False,Spring,True,1.2,None,False
2026-03-21,2026,Q1,3,March,12,21,Saturday,5,True,Spring,True,1.2,None,False
2026-03-22,2026,Q1,3,March,12,22,Sunday,6,True,Spring,True,1.2,None,False
2026-03-23,2026,Q1,3,March,13,23,Monday,0,False,Spring,True,1.2,None,False
2026-03-24,2026,Q1,3,March,13,24,Tuesday,1,False,Spring,True,1.2,None,False
2026-03-25,2026,Q1,3,March,13,25,Wednesday,2,False,Spring,True,1.2,None,False
2026-03-26,2026,Q1,3,March,13,26,Thursday,3,False,Spring,True,1.2,None,False
2026-03-27,2026,Q1,3,March,13,27,Friday,4,False,Spring,True,1.2,None,False
2026-03-28,2026,Q1,3,March,13,28,Saturday,5,True,Spring,True,1.2,None,False
2026-03-29,2026,Q1,3,March,13,29,Sunday,6,True,Spring,True,1.2,None,False
2026-03-30,2026,Q1,3,March,14,30,Monday,0,False,Spring,True,1.2,None,False
2026-03-31,2026,Q1,3,March,14,31,Tuesday,1,False,Spring,True,1.2,None,False
2026-04-01,2026,Q2,4,April,14,1,Wednesday,2,False,Spring,True,1.5,None,False
2026-04-02,2026,Q2,4,April,14,2,Thursday,3,False,Spring,True,1.5,None,False
2026-04-03,2026,Q2,4,April,14,3,Friday,4,False,Spring,True,1.5,None,False
2026-04-04,2026,Q2,4,April,14,4,Saturday,5,True,Spring,True,1.5,None,False
2026-04-05,2026,Q2,4,April,14,5,Sunday,6,True,Spring,True,1.5,None,False
2026-04-06,2026,Q2,4,April,15,6,Monday,0,False,Spring,True,1.5,None,False
2026-04-07,2026,Q2,4,April,15,7,Tuesday,1,False,Spring,True,1.5,None,False
2026-04-08,2026,Q2,4,April,15,8,Wednesday,2,False,Spring,True,1.5,None,False
2026-04-09,2026,Q2,4,April,15,9,Thursday,3,False,Spring,True,1.5,None,False
2026-04-10,2026,Q2,4,April,15,10,Friday,4,False,Spring,True,1.5,None,False
2026-04-11,2026,Q2,4,April,15,11,Saturday,5,True,Spring,True,1.5,None,False
2026-04-12,2026,Q2,4,April,15,12,Sunday,6,True,Spring,True,1.5,None,False
2026-04-13,2026,Q2,4,April,16,13,Monday,0,False,Spring,True,1.5,None,False
2026-04-14,2026,Q2,4,April,16,14,Tuesday,1,False,Spring,True,1.5,None,False
2026-04-15,2026,Q2,4,April,16,15,Wednesday,2,False,Spring,True,1.5,None,False
2026-04-16,2026,Q2,4,April,16,16,Thursday,3,False,Spring,True,1.5,None,False
2026-04-17,2026,Q2,4,April,16,17,Friday,4,False,Spring,True,1.5,None,False
2026-04-18,2026,Q2,4,April,16,18,Saturday,5,True,Spring,True,1.5,None,False
2026-04-19,2026,Q2,4,April,16,19,Sunday,6,True,Spring,True,1.5,None,False
2026-04-20,2026,Q2,4,April,17,20,Monday,0,False,Spring,True,1.5,None,False
2026-04-21,2026,Q2,4,April,17,21,Tuesday,1,False,Spring,True,1.5,None,False
2026-04-22,2026,Q2,4,April,17,22,Wednesday,2,False,Spring,True,1.5,None,False
2026-04-23,2026,Q2,4,April,17,23,Thursday,3,False,Spring,True,1.5,None,False
2026-04-24,2026,Q2,4,April,17,24,Friday,4,False,Spring,True,1.5,None,False
2026-04-25,2026,Q2,4,April,17,25,Saturday,5,True,Spring,True,1.5,None,False
2026-04-26,2026,Q2,4,April,17,26,Sunday,6,True,Spring,True,1.5,None,False
2026-04-27,2026,Q2,4,April,18,27,Monday,0,False,Spring,True,1.5,None,False
2026-04-28,2026,Q2,4,April,18,28,Tuesday,1,False,Spring,True,1.5,None,False
2026-04-29,2026,Q2,4,April,18,29,Wednesday,2,False,Spring,True,1.5,None,False
2026-04-30,2026,Q2,4,April,18,30,Thursday,3,False,Spring,True,1.5,None,False
2026-05-01,2026,Q2,5,May,18,1,Friday,4,False,Spring,True,1.6,None,False
2026-05-02,2026,Q2,5,May,18,2,Saturday,5,True,Spring,True,1.6,None,False
2026-05-03,2026,Q2,5,May,18,3,Sunday,6,True,Spring,True,1.6,None,False
2026-05-04,2026,Q2,5,May,19,4,Monday,0,False,Spring,True,1.6,None,False
2026-05-05,2026,Q2,5,May,19,5,Tuesday,1,False,Spring,True,1.6,None,False
2026-05-06,2026,Q2,5,May,19,6,Wednesday,2,False,Spring,True,1.6,None,False
2026-05-07,2026,Q2,5,May,19,7,Thursday,3,False,Spring,True,1.6,None,False
2026-05-08,2026,Q2,5,May,19,8,Friday,4,False,Spring,True,1.6,None,False
2026-05-09,2026,Q2,5,May,19,9,Saturday,5,True,Spring,True,1.6,None,False
2026-05-10,2026,Q2,5,May,19,10,Sunday,6,True,Spring,True,1.6,None,False
2026-05-11,2026,Q2,5,May,20,11,Monday,0,False,Spring,True,1.6,None,False
2026-05-12,2026,Q2,5,May,20,12,Tuesday,1,False,Spring,True,1.6,None,False
2026-05-13,2026,Q2,5,May,20,13,Wednesday,2,False,Spring,True,1.6,None,False
2026-05-14,2026,Q2,5,May,20,14,Thursday,3,False,Spring,True,1.6,None,False
2026-05-15,2026,Q2,5,May,20,15,Friday,4,False,Spring,True,1.6,None,False
2026-05-16,2026,Q2,5,May,20,16,Saturday,5,True,Spring,True,1.6,None,False
2026-05-17,2026,Q2,5,May,20,17,Sunday,6,True,Spring,True,1.6,None,False
2026-05-18,2026,Q2,5,May,21,18,Monday,0,False,Spring,True,1.6,None,False
2026-05-19,2026,Q2,5,May,21,19,Tuesday,1,False,Spring,True,1.6,None,False
2026-05-20,2026,Q2,5,May,21,20,Wednesday,2,False,Spring,True,1.6,None,False
2026-05-21,2026,Q2,5,May,21,21,Thursday,3,False,Spring,True,1.6,None,False
2026-05-22,2026,Q2,5,May,21,22,Friday,4,False,Spring,True,1.6,None,False
2026-05-23,2026,Q2,5,May,21,23,Saturday,5,True,Spring,True,1.6,None,False
2026-05-24,2026,Q2,5,May,21,24,Sunday,6,True,Spring,True,1.6,None,False
2026-05-25,2026,Q2,5,May,22,25,Monday,0,False,Spring,True,1.6,Memorial Day,True
2026-05-26,2026,Q2,5,May,22,26,Tuesday,1,False,Spring,True,1.6,Memorial Day,True
2026-05-27,2026,Q2,5,May,22,27,Wednesday,2,False,Spring,True,1.6,Memorial Day,True
2026-05-28,2026,Q2,5,May,22,28,Thursday,3,False,Spring,True,1.6,Memorial Day,True
2026-05-29,2026,Q2,5,May,22,29,Friday,4,False,Spring,True,1.6,Memorial Day,True
2026-05-30,2026,Q2,5,May,22,30,Saturday,5,True,Spring,True,1.6,Memorial Day,True
2026-05-31,2026,Q2,5,May,22,31,Sunday,6,True,Spring,True,1.6,Memorial Day,True
2026-06-01,2026,Q2,6,June,23,1,Monday,0,False,Summer,True,1.4,None,False
2026-06-02,2026,Q2,6,June,23,2,Tuesday,1,False,Summer,True,1.4,None,False
2026-06-03,2026,Q2,6,June,23,3,Wednesday,2,False,Summer,True,1.4,None,False
2026-06-04,2026,Q2,6,June,23,4,Thursday,3,False,Summer,True,1.4,None,False
2026-06-05,2026,Q2,6,June,23,5,Friday,4,False,Summer,True,1.4,None,False
2026-06-06,2026,Q2,6,June,23,6,Saturday,5,True,Summer,True,1.4,None,False
2026-06-07,2026,Q2,6,June,23,7,Sunday,6,True,Summer,True,1.4,None,False
2026-06-08,2026,Q2,6,June,24,8,Monday,0,False,Summer,True,1.4,None,False
2026-06-09,2026,Q2,6,June,24,9,Tuesday,1,False,Summer,True,1.4,None,False
2026-06-10,2026,Q2,6,June,24,10,Wednesday,2,False,Summer,True,1.4,None,False
2026-06-11,2026,Q2,6,June,24,11,Thursday,3,False,Summer,True,1.4,None,False
2026-06-12,2026,Q2,6,June,24,12,Friday,4,False,Summer,True,1.4,None,False
2026-06-13,2026,Q2,6,June,24,13,Saturday,5,True,Summer,True,1.4,None,False
2026-06-14,2026,Q2,6,June,24,14,Sunday,6,True,Summer,True,1.4,None,False
2026-06-15,2026,Q2,6,June,25,15,Monday,0,False,Summer,True,1.4,None,False
2026-06-16,2026,Q2,6,June,25,16,Tuesday,1,False,Summer,True,1.4,None,False
2026-06-17,2026,Q2,6,June,25,17,Wednesday,2,False,Summer,True,1.4,None,False
2026-06-18,2026,Q2,6,June,25,18,Thursday,3,False,Summer,True,1.4,None,False
2026-06-19,2026,Q2,6,June,25,19,Friday,4,False,Summer,True,1.4,None,False
2026-06-20,2026,Q2,6,June,25,20,Saturday,5,True,Summer,True,1.4,None,False
2026-06-21,2026,Q2,6,June,25,21,Sunday,6,True,Summer,True,1.4,None,False
2026-06-22,2026,Q2,6,June,26,22,Monday,0,False,Summer,True,1.4,None,False
2026-06-23,2026,Q2,6,June,26,23,Tuesday,1,False,Summer,True,1.4,None,False
2026-06-24,2026,Q2,6,June,26,24,Wednesday,2,False,Summer,True,1.4,None,False
2026-06-25,2026,Q2,6,June,26,25,Thursday,3,False,Summer,True,1.4,None,False
2026-06-26,2026,Q2,6,June,26,26,Friday,4,False,Summer,True,1.4,None,False
2026-06-27,2026,Q2,6,June,26,27,Saturday,5,True,Summer,True,1.4,None,False
2026-06-28,2026,Q2,6,June,26,28,Sunday,6,True,Summer,True,1.4,None,False
2026-06-29,2026,Q2,6,June,27,29,Monday,0,False,Summer,True,1.4,None,False
2026-06-30,2026,Q2,6,June,27,30,Tuesday,1,False,Summer,True,1.4,None,False
2026-07-01,2026,Q3,7,July,27,1,Wednesday,2,False,Summer,False,1.2,None,False
2026-07-02,2026,Q3,7,July,27,2,Thursday,3,False,Summer,False,1.2,None,False
2026-07-03,2026,Q3,7,July,27,3,Friday,4,False,Summer,False,1.2,None,False
2026-07-04,2026,Q3,7,July,27,4,Saturday,5,True,Summer,False,1.2,None,False
2026-07-05,2026,Q3,7,July,27,5,Sunday,6,True,Summer,False,1.2,None,False
2026-07-06,2026,Q3,7,July,28,6,Monday,0,False,Summer,False,1.2,None,False
2026-07-07,2026,Q3,7,July,28,7,Tuesday,1,False,Summer,False,1.2,None,False
2026-07-08,2026,Q3,7,July,28,8,Wednesday,2,False,Summer,False,1.2,None,False
2026-07-09,2026,Q3,7,July,28,9,Thursday,3,False,Summer,False,1.2,None,False
2026-07-10,2026,Q3,7,July,28,10,Friday,4,False,Summer,False,1.2,None,False
2026-07-11,2026,Q3,7,July,28,11,Saturday,5,True,Summer,False,1.2,None,False
2026-07-12,2026,Q3,7,July,28,12,Sunday,6,True,Summer,False,1.2,None,False
2026-07-13,2026,Q3,7,July,29,13,Monday,0,False,Summer,False,1.2,None,False
2026-07-14,2026,Q3,7,July,29,14,Tuesday,1,False,Summer,False,1.2,None,False
2026-07-15,2026,Q3,7,July,29,15,Wednesday,2,False,Summer,False,1.2,None,False
2026-07-16,2026,Q3,7,July,29,16,Thursday,3,False,Summer,False,1.2,None,False
2026-07-17,2026,Q3,7,July,29,17,Friday,4,False,Summer,False,1.2,None,False
2026-07-18,2026,Q3,7,July,29,18,Saturday,5,True,Summer,False,1.2,None,False
2026-07-19,2026,Q3,7,July,29,19,Sunday,6,True,Summer,False,1.2,None,False
2026-07-20,2026,Q3,7,July,30,20,Monday,0,False,Summer,False,1.2,None,False
2026-07-21,2026,Q3,7,July,30,21,Tuesday,1,False,Summer,False,1.2,None,False
2026-07-22,2026,Q3,7,July,30,22,Wednesday,2,False,Summer,False,1.2,None,False
2026-07-23,2026,Q3,7,July,30,23,Thursday,3,False,Summer,False,1.2,None,False
2026-07-24,2026,Q3,7,July,30,24,Friday,4,False,Summer,False,1.2,None,False
2026-07-25,2026,Q3,7,July,30,25,Saturday,5,True,Summer,False,1.2,None,False
2026-07-26,2026,Q3,7,July,30,26,Sunday,6,True,Summer,False,1.2,None,False
2026-07-27,2026,Q3,7,July,31,27,Monday,0,False,Summer,False,1.2,None,False
2026-07-28,2026,Q3,7,July,31,28,Tuesday,1,False,Summer,False,1.2,None,False
2026-07-29,2026,Q3,7,July,31,29,Wednesday,2,False,Summer,False,1.2,None,False
2026-07-30,2026,Q3,7,July,31,30,Thursday,3,False,Summer,False,1.2,None,False
2026-07-31,2026,Q3,7,July,31,31,Friday,4,False,Summer,False,1.2,None,False
2026-08-01,2026,Q3,8,August,31,1,Saturday,5,True,Summer,False,1.0,None,False
2026-08-02,2026,Q3,8,August,31,2,Sunday,6,True,Summer,False,1.0,None,False
2026-08-03,2026,Q3,8,August,32,3,Monday,0,False,Summer,False,1.0,None,False
2026-08-04,2026,Q3,8,August,32,4,Tuesday,1,False,Summer,False,1.0,None,False
2026-08-05,2026,Q3,8,August,32,5,Wednesday,2,False,Summer,False,1.0,None,False
2026-08-06,2026,Q3,8,August,32,6,Thursday,3,False,Summer,False,1.0,None,False
2026-08-07,2026,Q3,8,August,32,7,Friday,4,False,Summer,False,1.0,None,False
2026-08-08,2026,Q3,8,August,32,8,Saturday,5,True,Summer,False,1.0,None,False
2026-08-09,2026,Q3,8,August,32,9,Sunday,6,True,Summer,False,1.0,None,False
2026-08-10,2026,Q3,8,August,33,10,Monday,0,False,Summer,False,1.0,None,False
2026-08-11,2026,Q3,8,August,33,11,Tuesday,1,False,Summer,False,1.0,None,False
2026-08-12,2026,Q3,8,August,33,12,Wednesday,2,False,Summer,False,1.0,None,False
2026-08-13,2026,Q3,8,August,33,13,Thursday,3,False,Summer,False,1.0,None,False
2026-08-14,2026,Q3,8,August,33,14,Friday,4,False,Summer,False,1.0,None,False
2026-08-15,2026,Q3,8,August,33,15,Saturday,5,True,Summer,False,1.0,None,False
2026-08-16,2026,Q3,8,August,33,16,Sunday,6,True,Summer,False,1.0,None,False
2026-08-17,2026,Q3,8,August,34,17,Monday,0,False,Summer,False,1.0,None,False
2026-08-18,2026,Q3,8,August,34,18,Tuesday,1,False,Summer,False,1.0,None,False
2026-08-19,2026,Q3,8,August,34,19,Wednesday,2,False,Summer,False,1.0,None,False
2026-08-20,2026,Q3,8,August,34,20,Thursday,3,False,Summer,False,1.0,None,False
2026-08-21,2026,Q3,8,August,34,21,Friday,4,False,Summer,False,1.0,None,False
2026-08-22,2026,Q3,8,August,34,22,Saturday,5,True,Summer,False,1.0,None,False
2026-08-23,2026,Q3,8,August,34,23,Sunday,6,True,Summer,False,1.0,None,False
2026-08-24,2026,Q3,8,August,35,24,Monday,0,False,Summer,False,1.0,None,False
2026-08-25,2026,Q3,8,August,35,25,Tuesday,1,False,Summer,False,1.0,None,False
2026-08-26,2026,Q3,8,August,35,26,Wednesday,2,False,Summer,False,1.0,None,False
2026-08-27,2026,Q3,8,August,35,27,Thursday,3,False,Summer,False,1.0,None,False
2026-08-28,2026,Q3,8,August,35,28,Friday,4,False,Summer,False,1.0,None,False
2026-08-29,2026,Q3,8,August,35,29,Saturday,5,True,Summer,False,1.0,None,False
2026-08-30,2026,Q3,8,August,35,30,Sunday,6,True,Summer,False,1.0,None,False
2026-08-31,2026,Q3,8,August,36,31,Monday,0,False,Summer,False,1.0,None,False
2026-09-01,2026,Q3,9,September,36,1,Tuesday,1,False,Fall,False,1.05,Labor Day,True
2026-09-02,2026,Q3,9,September,36,2,Wednesday,2,False,Fall,False,1.05,Labor Day,True
2026-09-03,2026,Q3,9,September,36,3,Thursday,3,False,Fall,False,1.05,Labor Day,True
2026-09-04,2026,Q3,9,September,36,4,Friday,4,False,Fall,False,1.05,Labor Day,True
2026-09-05,2026,Q3,9,September,36,5,Saturday,5,True,Fall,False,1.05,Labor Day,True
2026-09-06,2026,Q3,9,September,36,6,Sunday,6,True,Fall,False,1.05,Labor Day,True
2026-09-07,2026,Q3,9,September,37,7,Monday,0,False,Fall,False,1.05,Labor Day,True
2026-09-08,2026,Q3,9,September,37,8,Tuesday,1,False,Fall,False,1.05,None,False
2026-09-09,2026,Q3,9,September,37,9,Wednesday,2,False,Fall,False,1.05,None,False
2026-09-10,2026,Q3,9,September,37,10,Thursday,3,False,Fall,False,1.05,None,False
2026-09-11,2026,Q3,9,September,37,11,Friday,4,False,Fall,False,1.05,None,False
2026-09-12,2026,Q3,9,September,37,12,Saturday,5,True,Fall,False,1.05,None,False
2026-09-13,2026,Q3,9,September,37,13,Sunday,6,True,Fall,False,1.05,None,False
2026-09-14,2026,Q3,9,September,38,14,Monday,0,False,Fall,False,1.05,None,False
2026-09-15,2026,Q3,9,September,38,15,Tuesday,1,False,Fall,False,1.05,None,False
2026-09-16,2026,Q3,9,September,38,16,Wednesday,2,False,Fall,False,1.05,None,False
2026-09-17,2026,Q3,9,September,38,17,Thursday,3,False,Fall,False,1.05,None,False
2026-09-18,2026,Q3,9,September,38,18,Friday,4,False,Fall,False,1.05,None,False
2026-09-19,2026,Q3,9,September,38,19,Saturday,5,True,Fall,False,1.05,None,False
2026-09-20,2026,Q3,9,September,38,20,Sunday,6,True,Fall,False,1.05,None,False
2026-09-21,2026,Q3,9,September,39,21,Monday,0,False,Fall,False,1.05,None,False
2026-09-22,2026,Q3,9,September,39,22,Tuesday,1,False,Fall,False,1.05,None,False
2026-09-23,2026,Q3,9,September,39,23,Wednesday,2,False,Fall,False,1.05,None,False
2026-09-24,2026,Q3,9,September,39,24,Thursday,3,False,Fall,False,1.05,None,False
2026-09-25,2026,Q3,9,September,39,25,Friday,4,False,Fall,False,1.05,None,False
2026-09-26,2026,Q3,9,September,39,26,Saturday,5,True,Fall,False,1.05,None,False
2026-09-27,2026,Q3,9,September,39,27,Sunday,6,True,Fall,False,1.05,None,False
2026-09-28,2026,Q3,9,September,40,28,Monday,0,False,Fall,False,1.05,None,False
2026-09-29,2026,Q3,9,September,40,29,Tuesday,1,False,Fall,False,1.05,None,False
2026-09-30,2026,Q3,9,September,40,30,Wednesday,2,False,Fall,False,1.05,None,False
2026-10-01,2026,Q4,10,October,40,1,Thursday,3,False,Fall,False,0.85,None,False
2026-10-02,2026,Q4,10,October,40,2,Friday,4,False,Fall,False,0.85,None,False
2026-10-03,2026,Q4,10,October,40,3,Saturday,5,True,Fall,False,0.85,None,False
2026-10-04,2026,Q4,10,October,40,4,Sunday,6,True,Fall,False,0.85,None,False
2026-10-05,2026,Q4,10,October,41,5,Monday,0,False,Fall,False,0.85,None,False
2026-10-06,2026,Q4,10,October,41,6,Tuesday,1,False,Fall,False,0.85,None,False
2026-10-07,2026,Q4,10,October,41,7,Wednesday,2,False,Fall,False,0.85,None,False
2026-10-08,2026,Q4,10,October,41,8,Thursday,3,False,Fall,False,0.85,None,False
2026-10-09,2026,Q4,10,October,41,9,Friday,4,False,Fall,False,0.85,None,False
2026-10-10,2026,Q4,10,October,41,10,Saturday,5,True,Fall,False,0.85,None,False
2026-10-11,2026,Q4,10,October,41,11,Sunday,6,True,Fall,False,0.85,None,False
2026-10-12,2026,Q4,10,October,42,12,Monday,0,False,Fall,False,0.85,None,False
2026-10-13,2026,Q4,10,October,42,13,Tuesday,1,False,Fall,False,0.85,None,False
2026-10-14,2026,Q4,10,October,42,14,Wednesday,2,False,Fall,False,0.85,None,False
2026-10-15,2026,Q4,10,October,42,15,Thursday,3,False,Fall,False,0.85,None,False
2026-10-16,2026,Q4,10,October,42,16,Friday,4,False,Fall,False,0.85,None,False
2026-10-17,2026,Q4,10,October,42,17,Saturday,5,True,Fall,False,0.85,None,False
2026-10-18,2026,Q4,10,October,42,18,Sunday,6,True,Fall,False,0.85,None,False
2026-10-19,2026,Q4,10,October,43,19,Monday,0,False,Fall,False,0.85,None,False
2026-10-20,2026,Q4,10,October,43,20,Tuesday,1,False,Fall,False,0.85,None,False
2026-10-21,2026,Q4,10,October,43,21,Wednesday,2,False,Fall,False,0.85,None,False
2026-10-22,2026,Q4,10,October,43,22,Thursday,3,False,Fall,False,0.85,None,False
2026-10-23,2026,Q4,10,October,43,23,Friday,4,False,Fall,False,0.85,None,False
2026-10-24,2026,Q4,10,October,43,24,Saturday,5,True,Fall,False,0.85,None,False
2026-10-25,2026,Q4,10,October,43,25,Sunday,6,True,Fall,False,0.85,None,False
2026-10-26,2026,Q4,10,October,44,26,Monday,0,False,Fall,False,0.85,None,False
2026-10-27,2026,Q4,10,October,44,27,Tuesday,1,False,Fall,False,0.85,None,False
2026-10-28,2026,Q4,10,October,44,28,Wednesday,2,False,Fall,False,0.85,None,False
2026-10-29,2026,Q4,10,October,44,29,Thursday,3,False,Fall,False,0.85,None,False
2026-10-30,2026,Q4,10,October,44,30,Friday,4,False,Fall,False,0.85,None,False
2026-10-31,2026,Q4,10,October,44,31,Saturday,5,True,Fall,False,0.85,None,False
2026-11-01,2026,Q4,11,November,44,1,Sunday,6,True,Winter,False,0.75,None,False
2026-11-02,2026,Q4,11,November,45,2,Monday,0,False,Winter,False,0.75,None,False
2026-11-03,2026,Q4,11,November,45,3,Tuesday,1,False,Winter,False,0.75,None,False
2026-11-04,2026,Q4,11,November,45,4,Wednesday,2,False,Winter,False,0.75,None,False
2026-11-05,2026,Q4,11,November,45,5,Thursday,3,False,Winter,False,0.75,None,False
2026-11-06,2026,Q4,11,November,45,6,Friday,4,False,Winter,False,0.75,None,False
2026-11-07,2026,Q4,11,November,45,7,Saturday,5,True,Winter,False,0.75,None,False
2026-11-08,2026,Q4,11,November,45,8,Sunday,6,True,Winter,False,0.75,None,False
2026-11-09,2026,Q4,11,November,46,9,Monday,0,False,Winter,False,0.75,None,False
2026-11-10,2026,Q4,11,November,46,10,Tuesday,1,False,Winter,False,0.75,None,False
2026-11-11,2026,Q4,11,November,46,11,Wednesday,2,False,Winter,False,0.75,None,False
2026-11-12,2026,Q4,11,November,46,12,Thursday,3,False,Winter,False,0.75,None,False
2026-11-13,2026,Q4,11,November,46,13,Friday,4,False,Winter,False,0.75,None,False
2026-11-14,2026,Q4,11,November,46,14,Saturday,5,True,Winter,False,0.75,None,False
2026-11-15,2026,Q4,11,November,46,15,Sunday,6,True,Winter,False,0.75,None,False
2026-11-16,2026,Q4,11,November,47,16,Monday,0,False,Winter,False,0.75,None,False
2026-11-17,2026,Q4,11,November,47,17,Tuesday,1,False,Winter,False,0.75,None,False
2026-11-18,2026,Q4,11,November,47,18,Wednesday,2,False,Winter,False,0.75,None,False
2026-11-19,2026,Q4,11,November,47,19,Thursday,3,False,Winter,False,0.75,None,False
2026-11-20,2026,Q4,11,November,47,20,Friday,4,False,Winter,False,0.75,None,False
2026-11-21,2026,Q4,11,November,47,21,Saturday,5,True,Winter,False,0.75,None,False
2026-11-22,2026,Q4,11,November,47,22,Sunday,6,True,Winter,False,0.75,None,False
2026-11-23,2026,Q4,11,November,48,23,Monday,0,False,Winter,False,0.75,None,False
2026-11-24,2026,Q4,11,November,48,24,Tuesday,1,False,Winter,False,0.75,Black Friday,True
2026-11-25,2026,Q4,11,November,48,25,Wednesday,2,False,Winter,False,0.75,Black Friday,True
2026-11-26,2026,Q4,11,November,48,26,Thursday,3,False,Winter,False,0.75,Black Friday,True
2026-11-27,2026,Q4,11,November,48,27,Friday,4,False,Winter,False,0.75,Black Friday,True
2026-11-28,2026,Q4,11,November,48,28,Saturday,5,True,Winter,False,0.75,Black Friday,True
2026-11-29,2026,Q4,11,November,48,29,Sunday,6,True,Winter,False,0.75,Black Friday,True
2026-11-30,2026,Q4,11,November,49,30,Monday,0,False,Winter,False,0.75,Black Friday,True
2026-12-01,2026,Q4,12,December,49,1,Tuesday,1,False,Winter,False,0.9,None,False
2026-12-02,2026,Q4,12,December,49,2,Wednesday,2,False,Winter,False,0.9,None,False
2026-12-03,2026,Q4,12,December,49,3,Thursday,3,False,Winter,False,0.9,None,False
2026-12-04,2026,Q4,12,December,49,4,Friday,4,False,Winter,False,0.9,None,False
2026-12-05,2026,Q4,12,December,49,5,Saturday,5,True,Winter,False,0.9,None,False
2026-12-06,2026,Q4,12,December,49,6,Sunday,6,True,Winter,False,0.9,None,False
2026-12-07,2026,Q4,12,December,50,7,Monday,0,False,Winter,False,0.9,None,False
2026-12-08,2026,Q4,12,December,50,8,Tuesday,1,False,Winter,False,0.9,None,False
2026-12-09,2026,Q4,12,December,50,9,Wednesday,2,False,Winter,False,0.9,None,False
2026-12-10,2026,Q4,12,December,50,10,Thursday,3,False,Winter,False,0.9,None,False
2026-12-11,2026,Q4,12,December,50,11,Friday,4,False,Winter,False,0.9,None,False
2026-12-12,2026,Q4,12,December,50,12,Saturday,5,True,Winter,False,0.9,None,False
2026-12-13,2026,Q4,12,December,50,13,Sunday,6,True,Winter,False,0.9,None,False
2026-12-14,2026,Q4,12,December,51,14,Monday,0,False,Winter,False,0.9,None,False
2026-12-15,2026,Q4,12,December,51,15,Tuesday,1,False,Winter,False,0.9,None,False
2026-12-16,2026,Q4,12,December,51,16,Wednesday,2,False,Winter,False,0.9,None,False
2026-12-17,2026,Q4,12,December,51,17,Thursday,3,False,Winter,False,0.9,None,False
2026-12-18,2026,Q4,12,December,51,18,Friday,4,False,Winter,False,0.9,None,False
2026-12-19,2026,Q4,12,December,51,19,Saturday,5,True,Winter,False,0.9,None,False
2026-12-20,2026,Q4,12,December,51,20,Sunday,6,True,Winter,False,0.9,None,False
2026-12-21,2026,Q4,12,December,52,21,Monday,0,False,Winter,False,0.9,None,False
2026-12-22,2026,Q4,12,December,52,22,Tuesday,1,False,Winter,False,0.9,None,False
2026-12-23,2026,Q4,12,December,52,23,Wednesday,2,False,Winter,False,0.9,None,False
2026-12-24,2026,Q4,12,December,52,24,Thursday,3,False,Winter,False,0.9,None,False
2026-12-25,2026,Q4,12,December,52,25,Friday,4,False,Winter,False,0.9,None,False
2026-12-26,2026,Q4,12,December,52,26,Saturday,5,True,Winter,False,0.9,None,False
2026-12-27,2026,Q4,12,December,52,27,Sunday,6,True,Winter,False,0.9,None,False
2026-12-28,2026,Q4,12,December,53,28,Monday,0,False,Winter,False,0.9,None,False
2026-12-29,2026,Q4,12,December,53,29,Tuesday,1,False,Winter,False,0.9,None,False
2026-12-30,2026,Q4,12,December,53,30,Wednesday,2,False,Winter,False,0.9,None,False
2026-12-31,2026,Q4,12,December,53,31,Thursday,3,False,Winter,False,0.9,None,False
