forecast_month,product_id,model_name,category,lookback_months,forecast_qty,actual_qty,forecast_error,absolute_error,absolute_percentage_error,seasonality_adjustment
2022-04-01,1001,Catalina,Cross Country,3,3,14,11,11,0.7857142857142857,1.714
2022-05-01,1001,Catalina,Cross Country,3,8,5,-3,3,0.6,1.473
2022-06-01,1001,Catalina,Cross Country,3,8,14,6,6,0.42857142857142855,1.13
2022-07-01,1001,Catalina,Cross Country,3,10,1,-9,9,9.0,0.896
2022-08-01,1001,Catalina,Cross Country,3,5,7,2,2,0.2857142857142857,0.789
2022-09-01,1001,Catalina,Cross Country,3,6,10,4,4,0.4,0.783
2022-10-01,1001,Catalina,Cross Country,3,4,5,1,1,0.2,0.738
2022-11-01,1001,Catalina,Cross Country,3,7,2,-5,5,2.5,0.906
2022-12-01,1001,Catalina,Cross Country,3,4,4,0,0,0.0,0.735
2023-01-01,1001,Catalina,Cross Country,3,3,1,-2,2,2.0,0.767
2023-02-01,1001,Catalina,Cross Country,3,2,0,-2,2,,1.0
2023-03-01,1001,Catalina,Cross Country,3,2,10,8,8,0.8,1.5
2023-04-01,1001,Catalina,Cross Country,3,6,6,0,0,0.0,1.714
2023-05-01,1001,Catalina,Cross Country,3,8,5,-3,3,0.6,1.473
2023-06-01,1001,Catalina,Cross Country,3,8,7,-1,1,0.14285714285714285,1.13
2023-07-01,1001,Catalina,Cross Country,3,5,19,14,14,0.7368421052631579,0.896
2023-08-01,1001,Catalina,Cross Country,3,8,4,-4,4,1.0,0.789
2023-09-01,1001,Catalina,Cross Country,3,8,7,-1,1,0.14285714285714285,0.783
2023-10-01,1001,Catalina,Cross Country,3,7,8,1,1,0.125,0.738
2023-11-01,1001,Catalina,Cross Country,3,6,1,-5,5,5.0,0.906
2023-12-01,1001,Catalina,Cross Country,3,4,0,-4,4,,0.735
2024-01-01,1001,Catalina,Cross Country,3,2,2,0,0,0.0,0.767
2024-02-01,1001,Catalina,Cross Country,3,1,2,1,1,0.5,1.0
2024-03-01,1001,Catalina,Cross Country,3,2,11,9,9,0.8181818181818182,1.5
2024-04-01,1001,Catalina,Cross Country,3,9,5,-4,4,0.8,1.714
2024-05-01,1001,Catalina,Cross Country,3,9,5,-4,4,0.8,1.473
2024-06-01,1001,Catalina,Cross Country,3,8,7,-1,1,0.14285714285714285,1.13
2024-07-01,1001,Catalina,Cross Country,3,5,6,1,1,0.16666666666666666,0.896
2024-08-01,1001,Catalina,Cross Country,3,5,3,-2,2,0.6666666666666666,0.789
2024-09-01,1001,Catalina,Cross Country,3,4,4,0,0,0.0,0.783
2024-10-01,1001,Catalina,Cross Country,3,3,1,-2,2,2.0,0.738
2024-11-01,1001,Catalina,Cross Country,3,2,12,10,10,0.8333333333333334,0.906
2024-12-01,1001,Catalina,Cross Country,3,4,3,-1,1,0.3333333333333333,0.735
2025-01-01,1001,Catalina,Cross Country,3,4,2,-2,2,1.0,0.767
2025-02-01,1001,Catalina,Cross Country,3,6,7,1,1,0.14285714285714285,1.0
2025-03-01,1001,Catalina,Cross Country,3,6,6,0,0,0.0,1.5
2025-04-01,1001,Catalina,Cross Country,3,9,4,-5,5,1.25,1.714
2025-05-01,1001,Catalina,Cross Country,3,8,8,0,0,0.0,1.473
2025-06-01,1001,Catalina,Cross Country,3,7,7,0,0,0.0,1.13
2025-07-01,1001,Catalina,Cross Country,3,6,5,-1,1,0.2,0.896
2025-08-01,1001,Catalina,Cross Country,3,5,14,9,9,0.6428571428571429,0.789
2025-09-01,1001,Catalina,Cross Country,3,7,7,0,0,0.0,0.783
2025-10-01,1001,Catalina,Cross Country,3,6,6,0,0,0.0,0.738
2025-11-01,1001,Catalina,Cross Country,3,8,3,-5,5,1.6666666666666667,0.906
2025-12-01,1001,Catalina,Cross Country,3,4,5,1,1,0.2,0.735
2022-04-01,1002,Catalina,Cross Country,3,7,4,-3,3,0.75,1.714
2022-05-01,1002,Catalina,Cross Country,3,7,6,-1,1,0.16666666666666666,1.473
2022-06-01,1002,Catalina,Cross Country,3,7,1,-6,6,6.0,1.13
2022-07-01,1002,Catalina,Cross Country,3,3,9,6,6,0.6666666666666666,0.896
2022-08-01,1002,Catalina,Cross Country,3,4,2,-2,2,1.0,0.789
2022-09-01,1002,Catalina,Cross Country,3,3,4,1,1,0.25,0.783
2022-10-01,1002,Catalina,Cross Country,3,4,8,4,4,0.5,0.738
2022-11-01,1002,Catalina,Cross Country,3,4,4,0,0,0.0,0.906
2022-12-01,1002,Catalina,Cross Country,3,4,0,-4,4,,0.735
2023-01-01,1002,Catalina,Cross Country,3,3,1,-2,2,2.0,0.767
2023-02-01,1002,Catalina,Cross Country,3,2,2,0,0,0.0,1.0
2023-03-01,1002,Catalina,Cross Country,3,2,8,6,6,0.75,1.5
2023-04-01,1002,Catalina,Cross Country,3,6,13,7,7,0.5384615384615384,1.714
2023-05-01,1002,Catalina,Cross Country,3,11,8,-3,3,0.375,1.473
2023-06-01,1002,Catalina,Cross Country,3,11,11,0,0,0.0,1.13
2023-07-01,1002,Catalina,Cross Country,3,10,3,-7,7,2.3333333333333335,0.896
2023-08-01,1002,Catalina,Cross Country,3,6,1,-5,5,5.0,0.789
2023-09-01,1002,Catalina,Cross Country,3,4,4,0,0,0.0,0.783
2023-10-01,1002,Catalina,Cross Country,3,2,5,3,3,0.6,0.738
2023-11-01,1002,Catalina,Cross Country,3,3,14,11,11,0.7857142857142857,0.906
2023-12-01,1002,Catalina,Cross Country,3,6,4,-2,2,0.5,0.735
2024-01-01,1002,Catalina,Cross Country,3,6,3,-3,3,1.0,0.767
2024-02-01,1002,Catalina,Cross Country,3,7,4,-3,3,0.75,1.0
2024-03-01,1002,Catalina,Cross Country,3,6,0,-6,6,,1.5
2024-04-01,1002,Catalina,Cross Country,3,4,21,17,17,0.8095238095238095,1.714
2024-05-01,1002,Catalina,Cross Country,3,12,4,-8,8,2.0,1.473
2024-06-01,1002,Catalina,Cross Country,3,9,5,-4,4,0.8,1.13
2024-07-01,1002,Catalina,Cross Country,3,9,10,1,1,0.1,0.896
2024-08-01,1002,Catalina,Cross Country,3,5,5,0,0,0.0,0.789
2024-09-01,1002,Catalina,Cross Country,3,5,7,2,2,0.2857142857142857,0.783
2024-10-01,1002,Catalina,Cross Country,3,5,1,-4,4,4.0,0.738
2024-11-01,1002,Catalina,Cross Country,3,4,13,9,9,0.6923076923076923,0.906
2024-12-01,1002,Catalina,Cross Country,3,5,2,-3,3,1.5,0.735
2025-01-01,1002,Catalina,Cross Country,3,4,3,-1,1,0.3333333333333333,0.767
2025-02-01,1002,Catalina,Cross Country,3,6,0,-6,6,,1.0
2025-03-01,1002,Catalina,Cross Country,3,2,6,4,4,0.6666666666666666,1.5
2025-04-01,1002,Catalina,Cross Country,3,5,0,-5,5,,1.714
2025-05-01,1002,Catalina,Cross Country,3,3,1,-2,2,2.0,1.473
2025-06-01,1002,Catalina,Cross Country,3,3,14,11,11,0.7857142857142857,1.13
2025-07-01,1002,Catalina,Cross Country,3,4,3,-1,1,0.3333333333333333,0.896
2025-08-01,1002,Catalina,Cross Country,3,5,7,2,2,0.2857142857142857,0.789
2025-09-01,1002,Catalina,Cross Country,3,6,12,6,6,0.5,0.783
2025-10-01,1002,Catalina,Cross Country,3,5,0,-5,5,,0.738
2025-11-01,1002,Catalina,Cross Country,3,6,4,-2,2,0.5,0.906
2025-12-01,1002,Catalina,Cross Country,3,4,6,2,2,0.3333333333333333,0.735
2022-04-01,1003,Catalina,Cross Country,3,6,1,-5,5,5.0,1.714
2022-05-01,1003,Catalina,Cross Country,3,4,8,4,4,0.5,1.473
2022-06-01,1003,Catalina,Cross Country,3,5,6,1,1,0.16666666666666666,1.13
2022-07-01,1003,Catalina,Cross Country,3,4,3,-1,1,0.3333333333333333,0.896
2022-08-01,1003,Catalina,Cross Country,3,4,5,1,1,0.2,0.789
2022-09-01,1003,Catalina,Cross Country,3,4,2,-2,2,1.0,0.783
2022-10-01,1003,Catalina,Cross Country,3,2,7,5,5,0.7142857142857143,0.738
2022-11-01,1003,Catalina,Cross Country,3,4,3,-1,1,0.3333333333333333,0.906
2022-12-01,1003,Catalina,Cross Country,3,3,3,0,0,0.0,0.735
2023-01-01,1003,Catalina,Cross Country,3,3,1,-2,2,2.0,0.767
2023-02-01,1003,Catalina,Cross Country,3,2,0,-2,2,,1.0
2023-03-01,1003,Catalina,Cross Country,3,2,1,-1,1,1.0,1.5
2023-04-01,1003,Catalina,Cross Country,3,1,6,5,5,0.8333333333333334,1.714
2023-05-01,1003,Catalina,Cross Country,3,3,3,0,0,0.0,1.473
2023-06-01,1003,Catalina,Cross Country,3,4,14,10,10,0.7142857142857143,1.13
2023-07-01,1003,Catalina,Cross Country,3,7,5,-2,2,0.4,0.896
2023-08-01,1003,Catalina,Cross Country,3,6,13,7,7,0.5384615384615384,0.789
2023-09-01,1003,Catalina,Cross Country,3,8,3,-5,5,1.6666666666666667,0.783
2023-10-01,1003,Catalina,Cross Country,3,5,3,-2,2,0.6666666666666666,0.738
2023-11-01,1003,Catalina,Cross Country,3,6,10,4,4,0.4,0.906
2023-12-01,1003,Catalina,Cross Country,3,4,10,6,6,0.6,0.735
2024-01-01,1003,Catalina,Cross Country,3,6,1,-5,5,5.0,0.767
2024-02-01,1003,Catalina,Cross Country,3,7,6,-1,1,0.16666666666666666,1.0
2024-03-01,1003,Catalina,Cross Country,3,8,1,-7,7,7.0,1.5
2024-04-01,1003,Catalina,Cross Country,3,5,10,5,5,0.5,1.714
2024-05-01,1003,Catalina,Cross Country,3,8,14,6,6,0.42857142857142855,1.473
2024-06-01,1003,Catalina,Cross Country,3,9,10,1,1,0.1,1.13
2024-07-01,1003,Catalina,Cross Country,3,10,7,-3,3,0.42857142857142855,0.896
2024-08-01,1003,Catalina,Cross Country,3,8,1,-7,7,7.0,0.789
2024-09-01,1003,Catalina,Cross Country,3,5,4,-1,1,0.25,0.783
2024-10-01,1003,Catalina,Cross Country,3,3,2,-1,1,0.5,0.738
2024-11-01,1003,Catalina,Cross Country,3,2,1,-1,1,1.0,0.906
2024-12-01,1003,Catalina,Cross Country,3,2,0,-2,2,,0.735
2025-01-01,1003,Catalina,Cross Country,3,1,1,0,0,0.0,0.767
2025-02-01,1003,Catalina,Cross Country,3,1,1,0,0,0.0,1.0
2025-03-01,1003,Catalina,Cross Country,3,1,7,6,6,0.8571428571428571,1.5
2025-04-01,1003,Catalina,Cross Country,3,5,11,6,6,0.5454545454545454,1.714
2025-05-01,1003,Catalina,Cross Country,3,9,6,-3,3,0.5,1.473
2025-06-01,1003,Catalina,Cross Country,3,9,7,-2,2,0.2857142857142857,1.13
2025-07-01,1003,Catalina,Cross Country,3,7,2,-5,5,2.5,0.896
2025-08-01,1003,Catalina,Cross Country,3,4,0,-4,4,,0.789
2025-09-01,1003,Catalina,Cross Country,3,2,6,4,4,0.6666666666666666,0.783
2025-10-01,1003,Catalina,Cross Country,3,2,13,11,11,0.8461538461538461,0.738
2025-11-01,1003,Catalina,Cross Country,3,6,1,-5,5,5.0,0.906
2025-12-01,1003,Catalina,Cross Country,3,5,3,-2,2,0.6666666666666666,0.735
2022-04-01,1004,Catalina,Cross Country,3,6,7,1,1,0.14285714285714285,1.714
2022-05-01,1004,Catalina,Cross Country,3,8,10,2,2,0.2,1.473
2022-06-01,1004,Catalina,Cross Country,3,10,10,0,0,0.0,1.13
2022-07-01,1004,Catalina,Cross Country,3,8,2,-6,6,3.0,0.896
2022-08-01,1004,Catalina,Cross Country,3,6,11,5,5,0.45454545454545453,0.789
2022-09-01,1004,Catalina,Cross Country,3,6,4,-2,2,0.5,0.783
2022-10-01,1004,Catalina,Cross Country,3,4,9,5,5,0.5555555555555556,0.738
2022-11-01,1004,Catalina,Cross Country,3,7,7,0,0,0.0,0.906
2022-12-01,1004,Catalina,Cross Country,3,5,2,-3,3,1.5,0.735
2023-01-01,1004,Catalina,Cross Country,3,5,4,-1,1,0.25,0.767
2023-02-01,1004,Catalina,Cross Country,3,4,4,0,0,0.0,1.0
2023-03-01,1004,Catalina,Cross Country,3,5,4,-1,1,0.25,1.5
2023-04-01,1004,Catalina,Cross Country,3,7,7,0,0,0.0,1.714
2023-05-01,1004,Catalina,Cross Country,3,7,6,-1,1,0.16666666666666666,1.473
2023-06-01,1004,Catalina,Cross Country,3,6,7,1,1,0.14285714285714285,1.13
2023-07-01,1004,Catalina,Cross Country,3,6,3,-3,3,1.0,0.896
2023-08-01,1004,Catalina,Cross Country,3,4,3,-1,1,0.3333333333333333,0.789
2023-09-01,1004,Catalina,Cross Country,3,3,14,11,11,0.7857142857142857,0.783
2023-10-01,1004,Catalina,Cross Country,3,5,8,3,3,0.375,0.738
2023-11-01,1004,Catalina,Cross Country,3,8,0,-8,8,,0.906
2023-12-01,1004,Catalina,Cross Country,3,5,0,-5,5,,0.735
2024-01-01,1004,Catalina,Cross Country,3,2,0,-2,2,,0.767
2024-02-01,1004,Catalina,Cross Country,3,0,0,0,0,,1.0
2024-03-01,1004,Catalina,Cross Country,3,0,2,2,2,1.0,1.5
2024-04-01,1004,Catalina,Cross Country,3,1,22,21,21,0.9545454545454546,1.714
2024-05-01,1004,Catalina,Cross Country,3,12,9,-3,3,0.3333333333333333,1.473
2024-06-01,1004,Catalina,Cross Country,3,12,3,-9,9,3.0,1.13
2024-07-01,1004,Catalina,Cross Country,3,10,9,-1,1,0.1111111111111111,0.896
2024-08-01,1004,Catalina,Cross Country,3,6,5,-1,1,0.2,0.789
2024-09-01,1004,Catalina,Cross Country,3,4,3,-1,1,0.3333333333333333,0.783
2024-10-01,1004,Catalina,Cross Country,3,4,3,-1,1,0.3333333333333333,0.738
2024-11-01,1004,Catalina,Cross Country,3,3,6,3,3,0.5,0.906
2024-12-01,1004,Catalina,Cross Country,3,3,0,-3,3,,0.735
2025-01-01,1004,Catalina,Cross Country,3,2,5,3,3,0.6,0.767
2025-02-01,1004,Catalina,Cross Country,3,4,5,1,1,0.2,1.0
2025-03-01,1004,Catalina,Cross Country,3,5,4,-1,1,0.25,1.5
2025-04-01,1004,Catalina,Cross Country,3,8,7,-1,1,0.14285714285714285,1.714
2025-05-01,1004,Catalina,Cross Country,3,8,10,2,2,0.2,1.473
2025-06-01,1004,Catalina,Cross Country,3,8,3,-5,5,1.6666666666666667,1.13
2025-07-01,1004,Catalina,Cross Country,3,6,5,-1,1,0.2,0.896
2025-08-01,1004,Catalina,Cross Country,3,5,4,-1,1,0.25,0.789
2025-09-01,1004,Catalina,Cross Country,3,3,8,5,5,0.625,0.783
2025-10-01,1004,Catalina,Cross Country,3,4,10,6,6,0.6,0.738
2025-11-01,1004,Catalina,Cross Country,3,7,0,-7,7,,0.906
2025-12-01,1004,Catalina,Cross Country,3,4,1,-3,3,3.0,0.735
2022-04-01,1005,Catalina,Cross Country,3,2,8,6,6,0.75,1.714
2022-05-01,1005,Catalina,Cross Country,3,6,12,6,6,0.5,1.473
2022-06-01,1005,Catalina,Cross Country,3,8,6,-2,2,0.3333333333333333,1.13
2022-07-01,1005,Catalina,Cross Country,3,8,4,-4,4,1.0,0.896
2022-08-01,1005,Catalina,Cross Country,3,6,7,1,1,0.14285714285714285,0.789
2022-09-01,1005,Catalina,Cross Country,3,4,5,1,1,0.2,0.783
2022-10-01,1005,Catalina,Cross Country,3,4,3,-1,1,0.3333333333333333,0.738
2022-11-01,1005,Catalina,Cross Country,3,5,1,-4,4,4.0,0.906
2022-12-01,1005,Catalina,Cross Country,3,2,5,3,3,0.6,0.735
2023-01-01,1005,Catalina,Cross Country,3,2,0,-2,2,,0.767
2023-02-01,1005,Catalina,Cross Country,3,2,0,-2,2,,1.0
2023-03-01,1005,Catalina,Cross Country,3,2,3,1,1,0.3333333333333333,1.5
2023-04-01,1005,Catalina,Cross Country,3,2,0,-2,2,,1.714
2023-05-01,1005,Catalina,Cross Country,3,1,8,7,7,0.875,1.473
2023-06-01,1005,Catalina,Cross Country,3,4,6,2,2,0.3333333333333333,1.13
2023-07-01,1005,Catalina,Cross Country,3,4,11,7,7,0.6363636363636364,0.896
2023-08-01,1005,Catalina,Cross Country,3,7,8,1,1,0.125,0.789
2023-09-01,1005,Catalina,Cross Country,3,7,6,-1,1,0.16666666666666666,0.783
2023-10-01,1005,Catalina,Cross Country,3,6,2,-4,4,2.0,0.738
2023-11-01,1005,Catalina,Cross Country,3,5,1,-4,4,4.0,0.906
2023-12-01,1005,Catalina,Cross Country,3,2,5,3,3,0.6,0.735
2024-01-01,1005,Catalina,Cross Country,3,2,2,0,0,0.0,0.767
2024-02-01,1005,Catalina,Cross Country,3,3,0,-3,3,,1.0
2024-03-01,1005,Catalina,Cross Country,3,4,10,6,6,0.6,1.5
2024-04-01,1005,Catalina,Cross Country,3,7,2,-5,5,2.5,1.714
2024-05-01,1005,Catalina,Cross Country,3,6,6,0,0,0.0,1.473
2024-06-01,1005,Catalina,Cross Country,3,7,6,-1,1,0.16666666666666666,1.13
2024-07-01,1005,Catalina,Cross Country,3,4,6,2,2,0.3333333333333333,0.896
2024-08-01,1005,Catalina,Cross Country,3,5,2,-3,3,1.5,0.789
2024-09-01,1005,Catalina,Cross Country,3,4,0,-4,4,,0.783
2024-10-01,1005,Catalina,Cross Country,3,2,2,0,0,0.0,0.738
2024-11-01,1005,Catalina,Cross Country,3,1,10,9,9,0.9,0.906
2024-12-01,1005,Catalina,Cross Country,3,3,4,1,1,0.25,0.735
2025-01-01,1005,Catalina,Cross Country,3,4,1,-3,3,3.0,0.767
2025-02-01,1005,Catalina,Cross Country,3,5,3,-2,2,0.6666666666666666,1.0
2025-03-01,1005,Catalina,Cross Country,3,4,3,-1,1,0.3333333333333333,1.5
2025-04-01,1005,Catalina,Cross Country,3,4,5,1,1,0.2,1.714
2025-05-01,1005,Catalina,Cross Country,3,5,6,1,1,0.16666666666666666,1.473
2025-06-01,1005,Catalina,Cross Country,3,5,10,5,5,0.5,1.13
2025-07-01,1005,Catalina,Cross Country,3,6,4,-2,2,0.5,0.896
2025-08-01,1005,Catalina,Cross Country,3,5,11,6,6,0.5454545454545454,0.789
2025-09-01,1005,Catalina,Cross Country,3,7,9,2,2,0.2222222222222222,0.783
2025-10-01,1005,Catalina,Cross Country,3,6,3,-3,3,1.0,0.738
2025-11-01,1005,Catalina,Cross Country,3,7,0,-7,7,,0.906
2025-12-01,1005,Catalina,Cross Country,3,3,0,-3,3,,0.735
2022-04-01,1006,Catalina,Cross Country,3,7,8,1,1,0.125,1.714
2022-05-01,1006,Catalina,Cross Country,3,9,3,-6,6,2.0,1.473
2022-06-01,1006,Catalina,Cross Country,3,5,1,-4,4,4.0,1.13
2022-07-01,1006,Catalina,Cross Country,3,4,2,-2,2,1.0,0.896
2022-08-01,1006,Catalina,Cross Country,3,2,3,1,1,0.3333333333333333,0.789
2022-09-01,1006,Catalina,Cross Country,3,2,2,0,0,0.0,0.783
2022-10-01,1006,Catalina,Cross Country,3,2,3,1,1,0.3333333333333333,0.738
2022-11-01,1006,Catalina,Cross Country,3,2,0,-2,2,,0.906
2022-12-01,1006,Catalina,Cross Country,3,1,5,4,4,0.8,0.735
2023-01-01,1006,Catalina,Cross Country,3,2,1,-1,1,1.0,0.767
2023-02-01,1006,Catalina,Cross Country,3,2,2,0,0,0.0,1.0
2023-03-01,1006,Catalina,Cross Country,3,4,5,1,1,0.2,1.5
2023-04-01,1006,Catalina,Cross Country,3,5,12,7,7,0.5833333333333334,1.714
2023-05-01,1006,Catalina,Cross Country,3,9,5,-4,4,0.8,1.473
2023-06-01,1006,Catalina,Cross Country,3,8,5,-3,3,0.6,1.13
2023-07-01,1006,Catalina,Cross Country,3,7,5,-2,2,0.4,0.896
2023-08-01,1006,Catalina,Cross Country,3,4,13,9,9,0.6923076923076923,0.789
2023-09-01,1006,Catalina,Cross Country,3,6,5,-1,1,0.2,0.783
2023-10-01,1006,Catalina,Cross Country,3,6,1,-5,5,5.0,0.738
2023-11-01,1006,Catalina,Cross Country,3,6,4,-2,2,0.5,0.906
2023-12-01,1006,Catalina,Cross Country,3,2,0,-2,2,,0.735
2024-01-01,1006,Catalina,Cross Country,3,1,7,6,6,0.8571428571428571,0.767
2024-02-01,1006,Catalina,Cross Country,3,4,2,-2,2,1.0,1.0
2024-03-01,1006,Catalina,Cross Country,3,4,1,-3,3,3.0,1.5
2024-04-01,1006,Catalina,Cross Country,3,6,2,-4,4,2.0,1.714
2024-05-01,1006,Catalina,Cross Country,3,2,2,0,0,0.0,1.473
2024-06-01,1006,Catalina,Cross Country,3,2,4,2,2,0.5,1.13
2024-07-01,1006,Catalina,Cross Country,3,2,9,7,7,0.7777777777777778,0.896
2024-08-01,1006,Catalina,Cross Country,3,4,5,1,1,0.2,0.789
2024-09-01,1006,Catalina,Cross Country,3,5,6,1,1,0.16666666666666666,0.783
2024-10-01,1006,Catalina,Cross Country,3,5,6,1,1,0.16666666666666666,0.738
2024-11-01,1006,Catalina,Cross Country,3,5,1,-4,4,4.0,0.906
2024-12-01,1006,Catalina,Cross Country,3,3,6,3,3,0.5,0.735
2025-01-01,1006,Catalina,Cross Country,3,3,0,-3,3,,0.767
2025-02-01,1006,Catalina,Cross Country,3,2,4,2,2,0.5,1.0
2025-03-01,1006,Catalina,Cross Country,3,5,0,-5,5,,1.5
2025-04-01,1006,Catalina,Cross Country,3,2,9,7,7,0.7777777777777778,1.714
2025-05-01,1006,Catalina,Cross Country,3,6,5,-1,1,0.2,1.473
2025-06-01,1006,Catalina,Cross Country,3,5,10,5,5,0.5,1.13
2025-07-01,1006,Catalina,Cross Country,3,7,9,2,2,0.2222222222222222,0.896
2025-08-01,1006,Catalina,Cross Country,3,6,16,10,10,0.625,0.789
2025-09-01,1006,Catalina,Cross Country,3,9,10,1,1,0.1,0.783
2025-10-01,1006,Catalina,Cross Country,3,9,3,-6,6,2.0,0.738
2025-11-01,1006,Catalina,Cross Country,3,9,6,-3,3,0.5,0.906
2025-12-01,1006,Catalina,Cross Country,3,5,0,-5,5,,0.735
2022-04-01,1007,Catalina,Cross Country,3,18,32,14,14,0.4375,1.714
2022-05-01,1007,Catalina,Cross Country,3,24,32,8,8,0.25,1.473
2022-06-01,1007,Catalina,Cross Country,3,29,17,-12,12,0.7058823529411765,1.13
2022-07-01,1007,Catalina,Cross Country,3,24,17,-7,7,0.4117647058823529,0.896
2022-08-01,1007,Catalina,Cross Country,3,17,17,0,0,0.0,0.789
2022-09-01,1007,Catalina,Cross Country,3,13,22,9,9,0.4090909090909091,0.783
2022-10-01,1007,Catalina,Cross Country,3,14,10,-4,4,0.4,0.738
2022-11-01,1007,Catalina,Cross Country,3,15,6,-9,9,1.5,0.906
2022-12-01,1007,Catalina,Cross Country,3,9,14,5,5,0.35714285714285715,0.735
2023-01-01,1007,Catalina,Cross Country,3,8,12,4,4,0.3333333333333333,0.767
2023-02-01,1007,Catalina,Cross Country,3,11,3,-8,8,2.6666666666666665,1.0
2023-03-01,1007,Catalina,Cross Country,3,14,9,-5,5,0.5555555555555556,1.5
2023-04-01,1007,Catalina,Cross Country,3,14,20,6,6,0.3,1.714
2023-05-01,1007,Catalina,Cross Country,3,16,24,8,8,0.3333333333333333,1.473
2023-06-01,1007,Catalina,Cross Country,3,20,23,3,3,0.13043478260869565,1.13
2023-07-01,1007,Catalina,Cross Country,3,20,15,-5,5,0.3333333333333333,0.896
2023-08-01,1007,Catalina,Cross Country,3,16,16,0,0,0.0,0.789
2023-09-01,1007,Catalina,Cross Country,3,14,29,15,15,0.5172413793103449,0.783
2023-10-01,1007,Catalina,Cross Country,3,15,12,-3,3,0.25,0.738
2023-11-01,1007,Catalina,Cross Country,3,17,6,-11,11,1.8333333333333333,0.906
2023-12-01,1007,Catalina,Cross Country,3,12,25,13,13,0.52,0.735
2024-01-01,1007,Catalina,Cross Country,3,11,10,-1,1,0.1,0.767
2024-02-01,1007,Catalina,Cross Country,3,14,16,2,2,0.125,1.0
2024-03-01,1007,Catalina,Cross Country,3,26,9,-17,17,1.8888888888888888,1.5
2024-04-01,1007,Catalina,Cross Country,3,20,10,-10,10,1.0,1.714
2024-05-01,1007,Catalina,Cross Country,3,17,20,3,3,0.15,1.473
2024-06-01,1007,Catalina,Cross Country,3,15,21,6,6,0.2857142857142857,1.13
2024-07-01,1007,Catalina,Cross Country,3,15,7,-8,8,1.1428571428571428,0.896
2024-08-01,1007,Catalina,Cross Country,3,13,13,0,0,0.0,0.789
2024-09-01,1007,Catalina,Cross Country,3,11,16,5,5,0.3125,0.783
2024-10-01,1007,Catalina,Cross Country,3,9,5,-4,4,0.8,0.738
2024-11-01,1007,Catalina,Cross Country,3,10,12,2,2,0.16666666666666666,0.906
2024-12-01,1007,Catalina,Cross Country,3,8,7,-1,1,0.14285714285714285,0.735
2025-01-01,1007,Catalina,Cross Country,3,6,9,3,3,0.3333333333333333,0.767
2025-02-01,1007,Catalina,Cross Country,3,9,8,-1,1,0.125,1.0
2025-03-01,1007,Catalina,Cross Country,3,12,12,0,0,0.0,1.5
2025-04-01,1007,Catalina,Cross Country,3,17,27,10,10,0.37037037037037035,1.714
2025-05-01,1007,Catalina,Cross Country,3,23,17,-6,6,0.35294117647058826,1.473
2025-06-01,1007,Catalina,Cross Country,3,21,14,-7,7,0.5,1.13
2025-07-01,1007,Catalina,Cross Country,3,17,37,20,20,0.5405405405405406,0.896
2025-08-01,1007,Catalina,Cross Country,3,18,26,8,8,0.3076923076923077,0.789
2025-09-01,1007,Catalina,Cross Country,3,20,15,-5,5,0.3333333333333333,0.783
2025-10-01,1007,Catalina,Cross Country,3,19,20,1,1,0.05,0.738
2025-11-01,1007,Catalina,Cross Country,3,18,14,-4,4,0.2857142857142857,0.906
2025-12-01,1007,Catalina,Cross Country,3,12,7,-5,5,0.7142857142857143,0.735
2022-04-01,1008,Catalina,Cross Country,3,13,11,-2,2,0.18181818181818182,1.714
2022-05-01,1008,Catalina,Cross Country,3,10,24,14,14,0.5833333333333334,1.473
2022-06-01,1008,Catalina,Cross Country,3,17,22,5,5,0.22727272727272727,1.13
2022-07-01,1008,Catalina,Cross Country,3,17,9,-8,8,0.8888888888888888,0.896
2022-08-01,1008,Catalina,Cross Country,3,14,23,9,9,0.391304347826087,0.789
2022-09-01,1008,Catalina,Cross Country,3,14,20,6,6,0.3,0.783
2022-10-01,1008,Catalina,Cross Country,3,13,11,-2,2,0.18181818181818182,0.738
2022-11-01,1008,Catalina,Cross Country,3,16,14,-2,2,0.14285714285714285,0.906
2022-12-01,1008,Catalina,Cross Country,3,11,5,-6,6,1.2,0.735
2023-01-01,1008,Catalina,Cross Country,3,8,11,3,3,0.2727272727272727,0.767
2023-02-01,1008,Catalina,Cross Country,3,10,15,5,5,0.3333333333333333,1.0
2023-03-01,1008,Catalina,Cross Country,3,16,13,-3,3,0.23076923076923078,1.5
2023-04-01,1008,Catalina,Cross Country,3,22,17,-5,5,0.29411764705882354,1.714
2023-05-01,1008,Catalina,Cross Country,3,22,35,13,13,0.37142857142857144,1.473
2023-06-01,1008,Catalina,Cross Country,3,24,18,-6,6,0.3333333333333333,1.13
2023-07-01,1008,Catalina,Cross Country,3,21,21,0,0,0.0,0.896
2023-08-01,1008,Catalina,Cross Country,3,19,13,-6,6,0.46153846153846156,0.789
2023-09-01,1008,Catalina,Cross Country,3,14,21,7,7,0.3333333333333333,0.783
2023-10-01,1008,Catalina,Cross Country,3,14,21,7,7,0.3333333333333333,0.738
2023-11-01,1008,Catalina,Cross Country,3,17,6,-11,11,1.8333333333333333,0.906
2023-12-01,1008,Catalina,Cross Country,3,12,8,-4,4,0.5,0.735
2024-01-01,1008,Catalina,Cross Country,3,9,6,-3,3,0.5,0.767
2024-02-01,1008,Catalina,Cross Country,3,7,9,2,2,0.2222222222222222,1.0
2024-03-01,1008,Catalina,Cross Country,3,12,21,9,9,0.42857142857142855,1.5
2024-04-01,1008,Catalina,Cross Country,3,21,22,1,1,0.045454545454545456,1.714
2024-05-01,1008,Catalina,Cross Country,3,26,22,-4,4,0.18181818181818182,1.473
2024-06-01,1008,Catalina,Cross Country,3,24,29,5,5,0.1724137931034483,1.13
2024-07-01,1008,Catalina,Cross Country,3,22,11,-11,11,1.0,0.896
2024-08-01,1008,Catalina,Cross Country,3,16,8,-8,8,1.0,0.789
2024-09-01,1008,Catalina,Cross Country,3,13,21,8,8,0.38095238095238093,0.783
2024-10-01,1008,Catalina,Cross Country,3,10,17,7,7,0.4117647058823529,0.738
2024-11-01,1008,Catalina,Cross Country,3,14,7,-7,7,1.0,0.906
2024-12-01,1008,Catalina,Cross Country,3,11,21,10,10,0.47619047619047616,0.735
2025-01-01,1008,Catalina,Cross Country,3,12,7,-5,5,0.7142857142857143,0.767
2025-02-01,1008,Catalina,Cross Country,3,12,7,-5,5,0.7142857142857143,1.0
2025-03-01,1008,Catalina,Cross Country,3,18,10,-8,8,0.8,1.5
2025-04-01,1008,Catalina,Cross Country,3,14,16,2,2,0.125,1.714
2025-05-01,1008,Catalina,Cross Country,3,16,12,-4,4,0.3333333333333333,1.473
2025-06-01,1008,Catalina,Cross Country,3,14,23,9,9,0.391304347826087,1.13
2025-07-01,1008,Catalina,Cross Country,3,15,11,-4,4,0.36363636363636365,0.896
2025-08-01,1008,Catalina,Cross Country,3,12,6,-6,6,1.0,0.789
2025-09-01,1008,Catalina,Cross Country,3,10,14,4,4,0.2857142857142857,0.783
2025-10-01,1008,Catalina,Cross Country,3,8,17,9,9,0.5294117647058824,0.738
2025-11-01,1008,Catalina,Cross Country,3,11,14,3,3,0.21428571428571427,0.906
2025-12-01,1008,Catalina,Cross Country,3,11,16,5,5,0.3125,0.735
2022-04-01,1009,Catalina,Cross Country,3,23,24,1,1,0.041666666666666664,1.714
2022-05-01,1009,Catalina,Cross Country,3,28,28,0,0,0.0,1.473
2022-06-01,1009,Catalina,Cross Country,3,26,26,0,0,0.0,1.13
2022-07-01,1009,Catalina,Cross Country,3,23,26,3,3,0.11538461538461539,0.896
2022-08-01,1009,Catalina,Cross Country,3,21,24,3,3,0.125,0.789
2022-09-01,1009,Catalina,Cross Country,3,20,24,4,4,0.16666666666666666,0.783
2022-10-01,1009,Catalina,Cross Country,3,18,5,-13,13,2.6,0.738
2022-11-01,1009,Catalina,Cross Country,3,16,9,-7,7,0.7777777777777778,0.906
2022-12-01,1009,Catalina,Cross Country,3,9,7,-2,2,0.2857142857142857,0.735
2023-01-01,1009,Catalina,Cross Country,3,5,13,8,8,0.6153846153846154,0.767
2023-02-01,1009,Catalina,Cross Country,3,10,6,-4,4,0.6666666666666666,1.0
2023-03-01,1009,Catalina,Cross Country,3,13,19,6,6,0.3157894736842105,1.5
2023-04-01,1009,Catalina,Cross Country,3,22,7,-15,15,2.142857142857143,1.714
2023-05-01,1009,Catalina,Cross Country,3,16,21,5,5,0.23809523809523808,1.473
2023-06-01,1009,Catalina,Cross Country,3,18,19,1,1,0.05263157894736842,1.13
2023-07-01,1009,Catalina,Cross Country,3,14,21,7,7,0.3333333333333333,0.896
2023-08-01,1009,Catalina,Cross Country,3,16,13,-3,3,0.23076923076923078,0.789
2023-09-01,1009,Catalina,Cross Country,3,14,9,-5,5,0.5555555555555556,0.783
2023-10-01,1009,Catalina,Cross Country,3,11,17,6,6,0.35294117647058826,0.738
2023-11-01,1009,Catalina,Cross Country,3,12,3,-9,9,3.0,0.906
2023-12-01,1009,Catalina,Cross Country,3,7,13,6,6,0.46153846153846156,0.735
2024-01-01,1009,Catalina,Cross Country,3,8,7,-1,1,0.14285714285714285,0.767
2024-02-01,1009,Catalina,Cross Country,3,8,18,10,10,0.5555555555555556,1.0
2024-03-01,1009,Catalina,Cross Country,3,19,18,-1,1,0.05555555555555555,1.5
2024-04-01,1009,Catalina,Cross Country,3,25,23,-2,2,0.08695652173913043,1.714
2024-05-01,1009,Catalina,Cross Country,3,29,25,-4,4,0.16,1.473
2024-06-01,1009,Catalina,Cross Country,3,25,25,0,0,0.0,1.13
2024-07-01,1009,Catalina,Cross Country,3,22,29,7,7,0.2413793103448276,0.896
2024-08-01,1009,Catalina,Cross Country,3,21,15,-6,6,0.4,0.789
2024-09-01,1009,Catalina,Cross Country,3,18,11,-7,7,0.6363636363636364,0.783
2024-10-01,1009,Catalina,Cross Country,3,14,5,-9,9,1.8,0.738
2024-11-01,1009,Catalina,Cross Country,3,9,9,0,0,0.0,0.906
2024-12-01,1009,Catalina,Cross Country,3,6,5,-1,1,0.2,0.735
2025-01-01,1009,Catalina,Cross Country,3,5,10,5,5,0.5,0.767
2025-02-01,1009,Catalina,Cross Country,3,8,6,-2,2,0.3333333333333333,1.0
2025-03-01,1009,Catalina,Cross Country,3,10,10,0,0,0.0,1.5
2025-04-01,1009,Catalina,Cross Country,3,15,17,2,2,0.11764705882352941,1.714
2025-05-01,1009,Catalina,Cross Country,3,16,35,19,19,0.5428571428571428,1.473
2025-06-01,1009,Catalina,Cross Country,3,23,20,-3,3,0.15,1.13
2025-07-01,1009,Catalina,Cross Country,3,22,24,2,2,0.08333333333333333,0.896
2025-08-01,1009,Catalina,Cross Country,3,21,25,4,4,0.16,0.789
2025-09-01,1009,Catalina,Cross Country,3,18,21,3,3,0.14285714285714285,0.783
2025-10-01,1009,Catalina,Cross Country,3,17,13,-4,4,0.3076923076923077,0.738
2025-11-01,1009,Catalina,Cross Country,3,18,18,0,0,0.0,0.906
2025-12-01,1009,Catalina,Cross Country,3,13,13,0,0,0.0,0.735
2022-04-01,1010,Catalina,Cross Country,3,23,28,5,5,0.17857142857142858,1.714
2022-05-01,1010,Catalina,Cross Country,3,30,19,-11,11,0.5789473684210527,1.473
2022-06-01,1010,Catalina,Cross Country,3,25,12,-13,13,1.0833333333333333,1.13
2022-07-01,1010,Catalina,Cross Country,3,18,6,-12,12,2.0,0.896
2022-08-01,1010,Catalina,Cross Country,3,10,15,5,5,0.3333333333333333,0.789
2022-09-01,1010,Catalina,Cross Country,3,9,24,15,15,0.625,0.783
2022-10-01,1010,Catalina,Cross Country,3,11,22,11,11,0.5,0.738
2022-11-01,1010,Catalina,Cross Country,3,18,21,3,3,0.14285714285714285,0.906
2022-12-01,1010,Catalina,Cross Country,3,16,12,-4,4,0.3333333333333333,0.735
2023-01-01,1010,Catalina,Cross Country,3,14,11,-3,3,0.2727272727272727,0.767
2023-02-01,1010,Catalina,Cross Country,3,15,16,1,1,0.0625,1.0
2023-03-01,1010,Catalina,Cross Country,3,20,19,-1,1,0.05263157894736842,1.5
2023-04-01,1010,Catalina,Cross Country,3,26,12,-14,14,1.1666666666666667,1.714
2023-05-01,1010,Catalina,Cross Country,3,23,21,-2,2,0.09523809523809523,1.473
2023-06-01,1010,Catalina,Cross Country,3,20,13,-7,7,0.5384615384615384,1.13
2023-07-01,1010,Catalina,Cross Country,3,14,21,7,7,0.3333333333333333,0.896
2023-08-01,1010,Catalina,Cross Country,3,14,11,-3,3,0.2727272727272727,0.789
2023-09-01,1010,Catalina,Cross Country,3,12,14,2,2,0.14285714285714285,0.783
2023-10-01,1010,Catalina,Cross Country,3,11,27,16,16,0.5925925925925926,0.738
2023-11-01,1010,Catalina,Cross Country,3,16,5,-11,11,2.2,0.906
2023-12-01,1010,Catalina,Cross Country,3,11,10,-1,1,0.1,0.735
2024-01-01,1010,Catalina,Cross Country,3,11,14,3,3,0.21428571428571427,0.767
2024-02-01,1010,Catalina,Cross Country,3,10,10,0,0,0.0,1.0
2024-03-01,1010,Catalina,Cross Country,3,17,9,-8,8,0.8888888888888888,1.5
2024-04-01,1010,Catalina,Cross Country,3,19,17,-2,2,0.11764705882352941,1.714
2024-05-01,1010,Catalina,Cross Country,3,18,14,-4,4,0.2857142857142857,1.473
2024-06-01,1010,Catalina,Cross Country,3,15,43,28,28,0.6511627906976745,1.13
2024-07-01,1010,Catalina,Cross Country,3,22,17,-5,5,0.29411764705882354,0.896
2024-08-01,1010,Catalina,Cross Country,3,19,21,2,2,0.09523809523809523,0.789
2024-09-01,1010,Catalina,Cross Country,3,21,16,-5,5,0.3125,0.783
2024-10-01,1010,Catalina,Cross Country,3,13,17,4,4,0.23529411764705882,0.738
2024-11-01,1010,Catalina,Cross Country,3,16,19,3,3,0.15789473684210525,0.906
2024-12-01,1010,Catalina,Cross Country,3,13,12,-1,1,0.08333333333333333,0.735
2025-01-01,1010,Catalina,Cross Country,3,12,23,11,11,0.4782608695652174,0.767
2025-02-01,1010,Catalina,Cross Country,3,18,1,-17,17,17.0,1.0
2025-03-01,1010,Catalina,Cross Country,3,18,21,3,3,0.14285714285714285,1.5
2025-04-01,1010,Catalina,Cross Country,3,26,20,-6,6,0.3,1.714
2025-05-01,1010,Catalina,Cross Country,3,21,20,-1,1,0.05,1.473
2025-06-01,1010,Catalina,Cross Country,3,23,15,-8,8,0.5333333333333333,1.13
2025-07-01,1010,Catalina,Cross Country,3,16,29,13,13,0.4482758620689655,0.896
2025-08-01,1010,Catalina,Cross Country,3,17,16,-1,1,0.0625,0.789
2025-09-01,1010,Catalina,Cross Country,3,16,20,4,4,0.2,0.783
2025-10-01,1010,Catalina,Cross Country,3,16,19,3,3,0.15789473684210525,0.738
2025-11-01,1010,Catalina,Cross Country,3,17,27,10,10,0.37037037037037035,0.906
2025-12-01,1010,Catalina,Cross Country,3,16,4,-12,12,3.0,0.735
2022-04-01,1011,Catalina,Cross Country,3,22,17,-5,5,0.29411764705882354,1.714
2022-05-01,1011,Catalina,Cross Country,3,22,25,3,3,0.12,1.473
2022-06-01,1011,Catalina,Cross Country,3,23,28,5,5,0.17857142857142858,1.13
2022-07-01,1011,Catalina,Cross Country,3,21,24,3,3,0.125,0.896
2022-08-01,1011,Catalina,Cross Country,3,20,22,2,2,0.09090909090909091,0.789
2022-09-01,1011,Catalina,Cross Country,3,19,15,-4,4,0.26666666666666666,0.783
2022-10-01,1011,Catalina,Cross Country,3,15,5,-10,10,2.0,0.738
2022-11-01,1011,Catalina,Cross Country,3,13,9,-4,4,0.4444444444444444,0.906
2022-12-01,1011,Catalina,Cross Country,3,7,7,0,0,0.0,0.735
2023-01-01,1011,Catalina,Cross Country,3,5,8,3,3,0.375,0.767
2023-02-01,1011,Catalina,Cross Country,3,8,4,-4,4,1.0,1.0
2023-03-01,1011,Catalina,Cross Country,3,10,17,7,7,0.4117647058823529,1.5
2023-04-01,1011,Catalina,Cross Country,3,17,19,2,2,0.10526315789473684,1.714
2023-05-01,1011,Catalina,Cross Country,3,20,20,0,0,0.0,1.473
2023-06-01,1011,Catalina,Cross Country,3,21,25,4,4,0.16,1.13
2023-07-01,1011,Catalina,Cross Country,3,19,24,5,5,0.20833333333333334,0.896
2023-08-01,1011,Catalina,Cross Country,3,18,14,-4,4,0.2857142857142857,0.789
2023-09-01,1011,Catalina,Cross Country,3,16,27,11,11,0.4074074074074074,0.783
2023-10-01,1011,Catalina,Cross Country,3,16,16,0,0,0.0,0.738
2023-11-01,1011,Catalina,Cross Country,3,17,12,-5,5,0.4166666666666667,0.906
2023-12-01,1011,Catalina,Cross Country,3,13,10,-3,3,0.3,0.735
2024-01-01,1011,Catalina,Cross Country,3,10,13,3,3,0.23076923076923078,0.767
2024-02-01,1011,Catalina,Cross Country,3,12,8,-4,4,0.5,1.0
2024-03-01,1011,Catalina,Cross Country,3,16,13,-3,3,0.23076923076923078,1.5
2024-04-01,1011,Catalina,Cross Country,3,19,17,-2,2,0.11764705882352941,1.714
2024-05-01,1011,Catalina,Cross Country,3,19,35,16,16,0.45714285714285713,1.473
2024-06-01,1011,Catalina,Cross Country,3,24,14,-10,10,0.7142857142857143,1.13
2024-07-01,1011,Catalina,Cross Country,3,20,15,-5,5,0.3333333333333333,0.896
2024-08-01,1011,Catalina,Cross Country,3,17,9,-8,8,0.8888888888888888,0.789
2024-09-01,1011,Catalina,Cross Country,3,10,7,-3,3,0.42857142857142855,0.783
2024-10-01,1011,Catalina,Cross Country,3,8,11,3,3,0.2727272727272727,0.738
2024-11-01,1011,Catalina,Cross Country,3,8,15,7,7,0.4666666666666667,0.906
2024-12-01,1011,Catalina,Cross Country,3,8,16,8,8,0.5,0.735
2025-01-01,1011,Catalina,Cross Country,3,11,16,5,5,0.3125,0.767
2025-02-01,1011,Catalina,Cross Country,3,16,15,-1,1,0.06666666666666667,1.0
2025-03-01,1011,Catalina,Cross Country,3,24,12,-12,12,1.0,1.5
2025-04-01,1011,Catalina,Cross Country,3,25,15,-10,10,0.6666666666666666,1.714
2025-05-01,1011,Catalina,Cross Country,3,21,35,14,14,0.4,1.473
2025-06-01,1011,Catalina,Cross Country,3,23,18,-5,5,0.2777777777777778,1.13
2025-07-01,1011,Catalina,Cross Country,3,20,30,10,10,0.3333333333333333,0.896
2025-08-01,1011,Catalina,Cross Country,3,22,5,-17,17,3.4,0.789
2025-09-01,1011,Catalina,Cross Country,3,14,13,-1,1,0.07692307692307693,0.783
2025-10-01,1011,Catalina,Cross Country,3,12,8,-4,4,0.5,0.738
2025-11-01,1011,Catalina,Cross Country,3,8,23,15,15,0.6521739130434783,0.906
2025-12-01,1011,Catalina,Cross Country,3,11,8,-3,3,0.375,0.735
2022-04-01,1012,Catalina,Cross Country,3,15,18,3,3,0.16666666666666666,1.714
2022-05-01,1012,Catalina,Cross Country,3,18,20,2,2,0.1,1.473
2022-06-01,1012,Catalina,Cross Country,3,18,22,4,4,0.18181818181818182,1.13
2022-07-01,1012,Catalina,Cross Country,3,18,15,-3,3,0.2,0.896
2022-08-01,1012,Catalina,Cross Country,3,15,19,4,4,0.21052631578947367,0.789
2022-09-01,1012,Catalina,Cross Country,3,15,23,8,8,0.34782608695652173,0.783
2022-10-01,1012,Catalina,Cross Country,3,14,21,7,7,0.3333333333333333,0.738
2022-11-01,1012,Catalina,Cross Country,3,19,8,-11,11,1.375,0.906
2022-12-01,1012,Catalina,Cross Country,3,13,7,-6,6,0.8571428571428571,0.735
2023-01-01,1012,Catalina,Cross Country,3,9,10,1,1,0.1,0.767
2023-02-01,1012,Catalina,Cross Country,3,8,6,-2,2,0.3333333333333333,1.0
2023-03-01,1012,Catalina,Cross Country,3,12,17,5,5,0.29411764705882354,1.5
2023-04-01,1012,Catalina,Cross Country,3,19,26,7,7,0.2692307692307692,1.714
2023-05-01,1012,Catalina,Cross Country,3,24,18,-6,6,0.3333333333333333,1.473
2023-06-01,1012,Catalina,Cross Country,3,23,13,-10,10,0.7692307692307693,1.13
2023-07-01,1012,Catalina,Cross Country,3,17,8,-9,9,1.125,0.896
2023-08-01,1012,Catalina,Cross Country,3,10,17,7,7,0.4117647058823529,0.789
2023-09-01,1012,Catalina,Cross Country,3,10,13,3,3,0.23076923076923078,0.783
2023-10-01,1012,Catalina,Cross Country,3,9,21,12,12,0.5714285714285714,0.738
2023-11-01,1012,Catalina,Cross Country,3,15,13,-2,2,0.15384615384615385,0.906
2023-12-01,1012,Catalina,Cross Country,3,12,10,-2,2,0.2,0.735
2024-01-01,1012,Catalina,Cross Country,3,11,6,-5,5,0.8333333333333334,0.767
2024-02-01,1012,Catalina,Cross Country,3,10,10,0,0,0.0,1.0
2024-03-01,1012,Catalina,Cross Country,3,13,17,4,4,0.23529411764705882,1.5
2024-04-01,1012,Catalina,Cross Country,3,19,16,-3,3,0.1875,1.714
2024-05-01,1012,Catalina,Cross Country,3,21,29,8,8,0.27586206896551724,1.473
2024-06-01,1012,Catalina,Cross Country,3,23,10,-13,13,1.3,1.13
2024-07-01,1012,Catalina,Cross Country,3,16,19,3,3,0.15789473684210525,0.896
2024-08-01,1012,Catalina,Cross Country,3,15,10,-5,5,0.5,0.789
2024-09-01,1012,Catalina,Cross Country,3,10,16,6,6,0.375,0.783
2024-10-01,1012,Catalina,Cross Country,3,11,4,-7,7,1.75,0.738
2024-11-01,1012,Catalina,Cross Country,3,9,14,5,5,0.35714285714285715,0.906
2024-12-01,1012,Catalina,Cross Country,3,8,7,-1,1,0.14285714285714285,0.735
2025-01-01,1012,Catalina,Cross Country,3,6,6,0,0,0.0,0.767
2025-02-01,1012,Catalina,Cross Country,3,9,4,-5,5,1.25,1.0
2025-03-01,1012,Catalina,Cross Country,3,8,17,9,9,0.5294117647058824,1.5
2025-04-01,1012,Catalina,Cross Country,3,15,42,27,27,0.6428571428571429,1.714
2025-05-01,1012,Catalina,Cross Country,3,31,39,8,8,0.20512820512820512,1.473
2025-06-01,1012,Catalina,Cross Country,3,37,17,-20,20,1.1764705882352942,1.13
2025-07-01,1012,Catalina,Cross Country,3,29,23,-6,6,0.2608695652173913,0.896
2025-08-01,1012,Catalina,Cross Country,3,21,13,-8,8,0.6153846153846154,0.789
2025-09-01,1012,Catalina,Cross Country,3,14,8,-6,6,0.75,0.783
2025-10-01,1012,Catalina,Cross Country,3,11,4,-7,7,1.75,0.738
2025-11-01,1012,Catalina,Cross Country,3,8,14,6,6,0.42857142857142855,0.906
2025-12-01,1012,Catalina,Cross Country,3,6,5,-1,1,0.2,0.735
2022-04-01,1013,Catalina,Cross Country,3,47,36,-11,11,0.3055555555555556,1.714
2022-05-01,1013,Catalina,Cross Country,3,55,65,10,10,0.15384615384615385,1.473
2022-06-01,1013,Catalina,Cross Country,3,56,61,5,5,0.08196721311475409,1.13
2022-07-01,1013,Catalina,Cross Country,3,48,41,-7,7,0.17073170731707318,0.896
2022-08-01,1013,Catalina,Cross Country,3,44,28,-16,16,0.5714285714285714,0.789
2022-09-01,1013,Catalina,Cross Country,3,34,34,0,0,0.0,0.783
2022-10-01,1013,Catalina,Cross Country,3,25,40,15,15,0.375,0.738
2022-11-01,1013,Catalina,Cross Country,3,31,39,8,8,0.20512820512820512,0.906
2022-12-01,1013,Catalina,Cross Country,3,28,16,-12,12,0.75,0.735
2023-01-01,1013,Catalina,Cross Country,3,24,15,-9,9,0.6,0.767
2023-02-01,1013,Catalina,Cross Country,3,23,28,5,5,0.17857142857142858,1.0
2023-03-01,1013,Catalina,Cross Country,3,30,18,-12,12,0.6666666666666666,1.5
2023-04-01,1013,Catalina,Cross Country,3,35,64,29,29,0.453125,1.714
2023-05-01,1013,Catalina,Cross Country,3,54,44,-10,10,0.22727272727272727,1.473
2023-06-01,1013,Catalina,Cross Country,3,47,34,-13,13,0.38235294117647056,1.13
2023-07-01,1013,Catalina,Cross Country,3,42,34,-8,8,0.23529411764705882,0.896
2023-08-01,1013,Catalina,Cross Country,3,29,33,4,4,0.12121212121212122,0.789
2023-09-01,1013,Catalina,Cross Country,3,26,39,13,13,0.3333333333333333,0.783
2023-10-01,1013,Catalina,Cross Country,3,26,24,-2,2,0.08333333333333333,0.738
2023-11-01,1013,Catalina,Cross Country,3,29,33,4,4,0.12121212121212122,0.906
2023-12-01,1013,Catalina,Cross Country,3,24,31,7,7,0.22580645161290322,0.735
2024-01-01,1013,Catalina,Cross Country,3,23,19,-4,4,0.21052631578947367,0.767
2024-02-01,1013,Catalina,Cross Country,3,28,21,-7,7,0.3333333333333333,1.0
2024-03-01,1013,Catalina,Cross Country,3,36,32,-4,4,0.125,1.5
2024-04-01,1013,Catalina,Cross Country,3,41,48,7,7,0.14583333333333334,1.714
2024-05-01,1013,Catalina,Cross Country,3,50,49,-1,1,0.02040816326530612,1.473
2024-06-01,1013,Catalina,Cross Country,3,49,44,-5,5,0.11363636363636363,1.13
2024-07-01,1013,Catalina,Cross Country,3,42,49,7,7,0.14285714285714285,0.896
2024-08-01,1013,Catalina,Cross Country,3,37,48,11,11,0.22916666666666666,0.789
2024-09-01,1013,Catalina,Cross Country,3,37,46,9,9,0.1956521739130435,0.783
2024-10-01,1013,Catalina,Cross Country,3,35,18,-17,17,0.9444444444444444,0.738
2024-11-01,1013,Catalina,Cross Country,3,34,22,-12,12,0.5454545454545454,0.906
2024-12-01,1013,Catalina,Cross Country,3,21,32,11,11,0.34375,0.735
2025-01-01,1013,Catalina,Cross Country,3,18,21,3,3,0.14285714285714285,0.767
2025-02-01,1013,Catalina,Cross Country,3,25,27,2,2,0.07407407407407407,1.0
2025-03-01,1013,Catalina,Cross Country,3,40,40,0,0,0.0,1.5
2025-04-01,1013,Catalina,Cross Country,3,50,49,-1,1,0.02040816326530612,1.714
2025-05-01,1013,Catalina,Cross Country,3,57,55,-2,2,0.03636363636363636,1.473
2025-06-01,1013,Catalina,Cross Country,3,54,55,1,1,0.01818181818181818,1.13
2025-07-01,1013,Catalina,Cross Country,3,47,49,2,2,0.04081632653061224,0.896
2025-08-01,1013,Catalina,Cross Country,3,42,25,-17,17,0.68,0.789
2025-09-01,1013,Catalina,Cross Country,3,34,43,9,9,0.20930232558139536,0.783
2025-10-01,1013,Catalina,Cross Country,3,29,43,14,14,0.32558139534883723,0.738
2025-11-01,1013,Catalina,Cross Country,3,34,22,-12,12,0.5454545454545454,0.906
2025-12-01,1013,Catalina,Cross Country,3,26,21,-5,5,0.23809523809523808,0.735
2022-04-01,1014,Catalina,Cross Country,3,50,55,5,5,0.09090909090909091,1.714
2022-05-01,1014,Catalina,Cross Country,3,61,44,-17,17,0.38636363636363635,1.473
2022-06-01,1014,Catalina,Cross Country,3,57,34,-23,23,0.6764705882352942,1.13
2022-07-01,1014,Catalina,Cross Country,3,40,42,2,2,0.047619047619047616,0.896
2022-08-01,1014,Catalina,Cross Country,3,32,49,17,17,0.3469387755102041,0.789
2022-09-01,1014,Catalina,Cross Country,3,33,37,4,4,0.10810810810810811,0.783
2022-10-01,1014,Catalina,Cross Country,3,31,18,-13,13,0.7222222222222222,0.738
2022-11-01,1014,Catalina,Cross Country,3,31,27,-4,4,0.14814814814814814,0.906
2022-12-01,1014,Catalina,Cross Country,3,20,13,-7,7,0.5384615384615384,0.735
2023-01-01,1014,Catalina,Cross Country,3,15,23,8,8,0.34782608695652173,0.767
2023-02-01,1014,Catalina,Cross Country,3,21,22,1,1,0.045454545454545456,1.0
2023-03-01,1014,Catalina,Cross Country,3,29,47,18,18,0.3829787234042553,1.5
2023-04-01,1014,Catalina,Cross Country,3,53,57,4,4,0.07017543859649122,1.714
2023-05-01,1014,Catalina,Cross Country,3,62,47,-15,15,0.3191489361702128,1.473
2023-06-01,1014,Catalina,Cross Country,3,57,57,0,0,0.0,1.13
2023-07-01,1014,Catalina,Cross Country,3,48,43,-5,5,0.11627906976744186,0.896
2023-08-01,1014,Catalina,Cross Country,3,39,48,9,9,0.1875,0.789
2023-09-01,1014,Catalina,Cross Country,3,39,24,-15,15,0.625,0.783
2023-10-01,1014,Catalina,Cross Country,3,28,34,6,6,0.17647058823529413,0.738
2023-11-01,1014,Catalina,Cross Country,3,32,30,-2,2,0.06666666666666667,0.906
2023-12-01,1014,Catalina,Cross Country,3,22,19,-3,3,0.15789473684210525,0.735
2024-01-01,1014,Catalina,Cross Country,3,21,22,1,1,0.045454545454545456,0.767
2024-02-01,1014,Catalina,Cross Country,3,24,15,-9,9,0.6,1.0
2024-03-01,1014,Catalina,Cross Country,3,28,28,0,0,0.0,1.5
2024-04-01,1014,Catalina,Cross Country,3,37,43,6,6,0.13953488372093023,1.714
2024-05-01,1014,Catalina,Cross Country,3,42,46,4,4,0.08695652173913043,1.473
2024-06-01,1014,Catalina,Cross Country,3,44,52,8,8,0.15384615384615385,1.13
2024-07-01,1014,Catalina,Cross Country,3,42,48,6,6,0.125,0.896
2024-08-01,1014,Catalina,Cross Country,3,38,39,1,1,0.02564102564102564,0.789
2024-09-01,1014,Catalina,Cross Country,3,36,36,0,0,0.0,0.783
2024-10-01,1014,Catalina,Cross Country,3,30,19,-11,11,0.5789473684210527,0.738
2024-11-01,1014,Catalina,Cross Country,3,28,18,-10,10,0.5555555555555556,0.906
2024-12-01,1014,Catalina,Cross Country,3,18,26,8,8,0.3076923076923077,0.735
2025-01-01,1014,Catalina,Cross Country,3,16,12,-4,4,0.3333333333333333,0.767
2025-02-01,1014,Catalina,Cross Country,3,19,8,-11,11,1.375,1.0
2025-03-01,1014,Catalina,Cross Country,3,23,41,18,18,0.43902439024390244,1.5
2025-04-01,1014,Catalina,Cross Country,3,35,31,-4,4,0.12903225806451613,1.714
2025-05-01,1014,Catalina,Cross Country,3,39,54,15,15,0.2777777777777778,1.473
2025-06-01,1014,Catalina,Cross Country,3,47,40,-7,7,0.175,1.13
2025-07-01,1014,Catalina,Cross Country,3,37,46,9,9,0.1956521739130435,0.896
2025-08-01,1014,Catalina,Cross Country,3,37,31,-6,6,0.1935483870967742,0.789
2025-09-01,1014,Catalina,Cross Country,3,31,30,-1,1,0.03333333333333333,0.783
2025-10-01,1014,Catalina,Cross Country,3,26,35,9,9,0.2571428571428571,0.738
2025-11-01,1014,Catalina,Cross Country,3,29,23,-6,6,0.2608695652173913,0.906
2025-12-01,1014,Catalina,Cross Country,3,22,34,12,12,0.35294117647058826,0.735
2022-04-01,1015,Catalina,Cross Country,3,49,43,-6,6,0.13953488372093023,1.714
2022-05-01,1015,Catalina,Cross Country,3,54,63,9,9,0.14285714285714285,1.473
2022-06-01,1015,Catalina,Cross Country,3,61,50,-11,11,0.22,1.13
2022-07-01,1015,Catalina,Cross Country,3,47,45,-2,2,0.044444444444444446,0.896
2022-08-01,1015,Catalina,Cross Country,3,42,53,11,11,0.20754716981132076,0.789
2022-09-01,1015,Catalina,Cross Country,3,39,27,-12,12,0.4444444444444444,0.783
2022-10-01,1015,Catalina,Cross Country,3,31,26,-5,5,0.19230769230769232,0.738
2022-11-01,1015,Catalina,Cross Country,3,32,32,0,0,0.0,0.906
2022-12-01,1015,Catalina,Cross Country,3,21,20,-1,1,0.05,0.735
2023-01-01,1015,Catalina,Cross Country,3,20,17,-3,3,0.17647058823529413,0.767
2023-02-01,1015,Catalina,Cross Country,3,23,44,21,21,0.4772727272727273,1.0
2023-03-01,1015,Catalina,Cross Country,3,40,46,6,6,0.13043478260869565,1.5
2023-04-01,1015,Catalina,Cross Country,3,61,45,-16,16,0.35555555555555557,1.714
2023-05-01,1015,Catalina,Cross Country,3,66,57,-9,9,0.15789473684210525,1.473
2023-06-01,1015,Catalina,Cross Country,3,56,53,-3,3,0.05660377358490566,1.13
2023-07-01,1015,Catalina,Cross Country,3,46,38,-8,8,0.21052631578947367,0.896
2023-08-01,1015,Catalina,Cross Country,3,39,37,-2,2,0.05405405405405406,0.789
2023-09-01,1015,Catalina,Cross Country,3,33,32,-1,1,0.03125,0.783
2023-10-01,1015,Catalina,Cross Country,3,26,26,0,0,0.0,0.738
2023-11-01,1015,Catalina,Cross Country,3,29,33,4,4,0.12121212121212122,0.906
2023-12-01,1015,Catalina,Cross Country,3,22,22,0,0,0.0,0.735
2024-01-01,1015,Catalina,Cross Country,3,21,8,-13,13,1.625,0.767
2024-02-01,1015,Catalina,Cross Country,3,21,16,-5,5,0.3125,1.0
2024-03-01,1015,Catalina,Cross Country,3,23,35,12,12,0.34285714285714286,1.5
2024-04-01,1015,Catalina,Cross Country,3,34,68,34,34,0.5,1.714
2024-05-01,1015,Catalina,Cross Country,3,58,51,-7,7,0.13725490196078433,1.473
2024-06-01,1015,Catalina,Cross Country,3,58,63,5,5,0.07936507936507936,1.13
2024-07-01,1015,Catalina,Cross Country,3,54,67,13,13,0.19402985074626866,0.896
2024-08-01,1015,Catalina,Cross Country,3,48,28,-20,20,0.7142857142857143,0.789
2024-09-01,1015,Catalina,Cross Country,3,41,54,13,13,0.24074074074074073,0.783
2024-10-01,1015,Catalina,Cross Country,3,37,32,-5,5,0.15625,0.738
2024-11-01,1015,Catalina,Cross Country,3,34,18,-16,16,0.8888888888888888,0.906
2024-12-01,1015,Catalina,Cross Country,3,25,15,-10,10,0.6666666666666666,0.735
2025-01-01,1015,Catalina,Cross Country,3,17,12,-5,5,0.4166666666666667,0.767
2025-02-01,1015,Catalina,Cross Country,3,15,29,14,14,0.4827586206896552,1.0
2025-03-01,1015,Catalina,Cross Country,3,28,39,11,11,0.28205128205128205,1.5
2025-04-01,1015,Catalina,Cross Country,3,46,32,-14,14,0.4375,1.714
2025-05-01,1015,Catalina,Cross Country,3,49,38,-11,11,0.2894736842105263,1.473
2025-06-01,1015,Catalina,Cross Country,3,41,58,17,17,0.29310344827586204,1.13
2025-07-01,1015,Catalina,Cross Country,3,38,66,28,28,0.42424242424242425,0.896
2025-08-01,1015,Catalina,Cross Country,3,43,51,8,8,0.1568627450980392,0.789
2025-09-01,1015,Catalina,Cross Country,3,46,29,-17,17,0.5862068965517241,0.783
2025-10-01,1015,Catalina,Cross Country,3,36,33,-3,3,0.09090909090909091,0.738
2025-11-01,1015,Catalina,Cross Country,3,34,23,-11,11,0.4782608695652174,0.906
2025-12-01,1015,Catalina,Cross Country,3,21,39,18,18,0.46153846153846156,0.735
2022-04-01,1016,Catalina,Cross Country,3,49,38,-11,11,0.2894736842105263,1.714
2022-05-01,1016,Catalina,Cross Country,3,47,62,15,15,0.24193548387096775,1.473
2022-06-01,1016,Catalina,Cross Country,3,48,55,7,7,0.12727272727272726,1.13
2022-07-01,1016,Catalina,Cross Country,3,46,44,-2,2,0.045454545454545456,0.896
2022-08-01,1016,Catalina,Cross Country,3,42,57,15,15,0.2631578947368421,0.789
2022-09-01,1016,Catalina,Cross Country,3,41,40,-1,1,0.025,0.783
2022-10-01,1016,Catalina,Cross Country,3,35,31,-4,4,0.12903225806451613,0.738
2022-11-01,1016,Catalina,Cross Country,3,39,21,-18,18,0.8571428571428571,0.906
2022-12-01,1016,Catalina,Cross Country,3,23,25,2,2,0.08,0.735
2023-01-01,1016,Catalina,Cross Country,3,20,23,3,3,0.13043478260869565,0.767
2023-02-01,1016,Catalina,Cross Country,3,23,20,-3,3,0.15,1.0
2023-03-01,1016,Catalina,Cross Country,3,34,35,1,1,0.02857142857142857,1.5
2023-04-01,1016,Catalina,Cross Country,3,45,35,-10,10,0.2857142857142857,1.714
2023-05-01,1016,Catalina,Cross Country,3,44,47,3,3,0.06382978723404255,1.473
2023-06-01,1016,Catalina,Cross Country,3,44,42,-2,2,0.047619047619047616,1.13
2023-07-01,1016,Catalina,Cross Country,3,37,47,10,10,0.2127659574468085,0.896
2023-08-01,1016,Catalina,Cross Country,3,36,53,17,17,0.32075471698113206,0.789
2023-09-01,1016,Catalina,Cross Country,3,37,36,-1,1,0.027777777777777776,0.783
2023-10-01,1016,Catalina,Cross Country,3,33,34,1,1,0.029411764705882353,0.738
2023-11-01,1016,Catalina,Cross Country,3,37,28,-9,9,0.32142857142857145,0.906
2023-12-01,1016,Catalina,Cross Country,3,24,21,-3,3,0.14285714285714285,0.735
2024-01-01,1016,Catalina,Cross Country,3,21,17,-4,4,0.23529411764705882,0.767
2024-02-01,1016,Catalina,Cross Country,3,22,25,3,3,0.12,1.0
2024-03-01,1016,Catalina,Cross Country,3,32,29,-3,3,0.10344827586206896,1.5
2024-04-01,1016,Catalina,Cross Country,3,41,48,7,7,0.14583333333333334,1.714
2024-05-01,1016,Catalina,Cross Country,3,50,61,11,11,0.18032786885245902,1.473
2024-06-01,1016,Catalina,Cross Country,3,52,37,-15,15,0.40540540540540543,1.13
2024-07-01,1016,Catalina,Cross Country,3,44,33,-11,11,0.3333333333333333,0.896
2024-08-01,1016,Catalina,Cross Country,3,34,16,-18,18,1.125,0.789
2024-09-01,1016,Catalina,Cross Country,3,22,47,25,25,0.5319148936170213,0.783
2024-10-01,1016,Catalina,Cross Country,3,24,22,-2,2,0.09090909090909091,0.738
2024-11-01,1016,Catalina,Cross Country,3,26,31,5,5,0.16129032258064516,0.906
2024-12-01,1016,Catalina,Cross Country,3,24,25,1,1,0.04,0.735
2025-01-01,1016,Catalina,Cross Country,3,20,19,-1,1,0.05263157894736842,0.767
2025-02-01,1016,Catalina,Cross Country,3,25,13,-12,12,0.9230769230769231,1.0
2025-03-01,1016,Catalina,Cross Country,3,28,24,-4,4,0.16666666666666666,1.5
2025-04-01,1016,Catalina,Cross Country,3,32,34,2,2,0.058823529411764705,1.714
2025-05-01,1016,Catalina,Cross Country,3,35,48,13,13,0.2708333333333333,1.473
2025-06-01,1016,Catalina,Cross Country,3,40,51,11,11,0.21568627450980393,1.13
2025-07-01,1016,Catalina,Cross Country,3,40,47,7,7,0.14893617021276595,0.896
2025-08-01,1016,Catalina,Cross Country,3,38,53,15,15,0.2830188679245283,0.789
2025-09-01,1016,Catalina,Cross Country,3,39,35,-4,4,0.11428571428571428,0.783
2025-10-01,1016,Catalina,Cross Country,3,33,28,-5,5,0.17857142857142858,0.738
2025-11-01,1016,Catalina,Cross Country,3,35,32,-3,3,0.09375,0.906
2025-12-01,1016,Catalina,Cross Country,3,23,24,1,1,0.041666666666666664,0.735
2022-04-01,1017,Catalina,Cross Country,3,39,55,16,16,0.2909090909090909,1.714
2022-05-01,1017,Catalina,Cross Country,3,54,40,-14,14,0.35,1.473
2022-06-01,1017,Catalina,Cross Country,3,45,48,3,3,0.0625,1.13
2022-07-01,1017,Catalina,Cross Country,3,43,63,20,20,0.31746031746031744,0.896
2022-08-01,1017,Catalina,Cross Country,3,40,29,-11,11,0.3793103448275862,0.789
2022-09-01,1017,Catalina,Cross Country,3,37,59,22,22,0.3728813559322034,0.783
2022-10-01,1017,Catalina,Cross Country,3,37,34,-3,3,0.08823529411764706,0.738
2022-11-01,1017,Catalina,Cross Country,3,37,38,1,1,0.02631578947368421,0.906
2022-12-01,1017,Catalina,Cross Country,3,32,27,-5,5,0.18518518518518517,0.735
2023-01-01,1017,Catalina,Cross Country,3,25,17,-8,8,0.47058823529411764,0.767
2023-02-01,1017,Catalina,Cross Country,3,27,16,-11,11,0.6875,1.0
2023-03-01,1017,Catalina,Cross Country,3,30,43,13,13,0.3023255813953488,1.5
2023-04-01,1017,Catalina,Cross Country,3,43,46,3,3,0.06521739130434782,1.714
2023-05-01,1017,Catalina,Cross Country,3,52,63,11,11,0.1746031746031746,1.473
2023-06-01,1017,Catalina,Cross Country,3,57,55,-2,2,0.03636363636363636,1.13
2023-07-01,1017,Catalina,Cross Country,3,49,31,-18,18,0.5806451612903226,0.896
2023-08-01,1017,Catalina,Cross Country,3,39,38,-1,1,0.02631578947368421,0.789
2023-09-01,1017,Catalina,Cross Country,3,32,20,-12,12,0.6,0.783
2023-10-01,1017,Catalina,Cross Country,3,22,21,-1,1,0.047619047619047616,0.738
2023-11-01,1017,Catalina,Cross Country,3,24,31,7,7,0.22580645161290322,0.906
2023-12-01,1017,Catalina,Cross Country,3,18,20,2,2,0.1,0.735
2024-01-01,1017,Catalina,Cross Country,3,18,20,2,2,0.1,0.767
2024-02-01,1017,Catalina,Cross Country,3,24,25,1,1,0.04,1.0
2024-03-01,1017,Catalina,Cross Country,3,32,51,19,19,0.37254901960784315,1.5
2024-04-01,1017,Catalina,Cross Country,3,55,36,-19,19,0.5277777777777778,1.714
2024-05-01,1017,Catalina,Cross Country,3,55,66,11,11,0.16666666666666666,1.473
2024-06-01,1017,Catalina,Cross Country,3,58,54,-4,4,0.07407407407407407,1.13
2024-07-01,1017,Catalina,Cross Country,3,47,54,7,7,0.12962962962962962,0.896
2024-08-01,1017,Catalina,Cross Country,3,46,52,6,6,0.11538461538461539,0.789
2024-09-01,1017,Catalina,Cross Country,3,42,39,-3,3,0.07692307692307693,0.783
2024-10-01,1017,Catalina,Cross Country,3,36,26,-10,10,0.38461538461538464,0.738
2024-11-01,1017,Catalina,Cross Country,3,35,24,-11,11,0.4583333333333333,0.906
2024-12-01,1017,Catalina,Cross Country,3,22,26,4,4,0.15384615384615385,0.735
2025-01-01,1017,Catalina,Cross Country,3,19,17,-2,2,0.11764705882352941,0.767
2025-02-01,1017,Catalina,Cross Country,3,22,32,10,10,0.3125,1.0
2025-03-01,1017,Catalina,Cross Country,3,38,20,-18,18,0.9,1.5
2025-04-01,1017,Catalina,Cross Country,3,39,42,3,3,0.07142857142857142,1.714
2025-05-01,1017,Catalina,Cross Country,3,46,48,2,2,0.041666666666666664,1.473
2025-06-01,1017,Catalina,Cross Country,3,41,65,24,24,0.36923076923076925,1.13
2025-07-01,1017,Catalina,Cross Country,3,46,56,10,10,0.17857142857142858,0.896
2025-08-01,1017,Catalina,Cross Country,3,44,35,-9,9,0.2571428571428571,0.789
2025-09-01,1017,Catalina,Cross Country,3,41,34,-7,7,0.20588235294117646,0.783
2025-10-01,1017,Catalina,Cross Country,3,31,25,-6,6,0.24,0.738
2025-11-01,1017,Catalina,Cross Country,3,28,44,16,16,0.36363636363636365,0.906
2025-12-01,1017,Catalina,Cross Country,3,25,32,7,7,0.21875,0.735
2022-04-01,1018,Catalina,Cross Country,3,47,33,-14,14,0.42424242424242425,1.714
2022-05-01,1018,Catalina,Cross Country,3,48,60,12,12,0.2,1.473
2022-06-01,1018,Catalina,Cross Country,3,52,58,6,6,0.10344827586206896,1.13
2022-07-01,1018,Catalina,Cross Country,3,45,46,1,1,0.021739130434782608,0.896
2022-08-01,1018,Catalina,Cross Country,3,43,34,-9,9,0.2647058823529412,0.789
2022-09-01,1018,Catalina,Cross Country,3,36,30,-6,6,0.2,0.783
2022-10-01,1018,Catalina,Cross Country,3,27,23,-4,4,0.17391304347826086,0.738
2022-11-01,1018,Catalina,Cross Country,3,26,35,9,9,0.2571428571428571,0.906
2022-12-01,1018,Catalina,Cross Country,3,22,18,-4,4,0.2222222222222222,0.735
2023-01-01,1018,Catalina,Cross Country,3,19,12,-7,7,0.5833333333333334,0.767
2023-02-01,1018,Catalina,Cross Country,3,22,20,-2,2,0.1,1.0
2023-03-01,1018,Catalina,Cross Country,3,25,41,16,16,0.3902439024390244,1.5
2023-04-01,1018,Catalina,Cross Country,3,42,41,-1,1,0.024390243902439025,1.714
2023-05-01,1018,Catalina,Cross Country,3,50,51,1,1,0.0196078431372549,1.473
2023-06-01,1018,Catalina,Cross Country,3,50,44,-6,6,0.13636363636363635,1.13
2023-07-01,1018,Catalina,Cross Country,3,41,46,5,5,0.10869565217391304,0.896
2023-08-01,1018,Catalina,Cross Country,3,37,38,1,1,0.02631578947368421,0.789
2023-09-01,1018,Catalina,Cross Country,3,33,35,2,2,0.05714285714285714,0.783
2023-10-01,1018,Catalina,Cross Country,3,29,33,4,4,0.12121212121212122,0.738
2023-11-01,1018,Catalina,Cross Country,3,32,37,5,5,0.13513513513513514,0.906
2023-12-01,1018,Catalina,Cross Country,3,26,26,0,0,0.0,0.735
2024-01-01,1018,Catalina,Cross Country,3,25,19,-6,6,0.3157894736842105,0.767
2024-02-01,1018,Catalina,Cross Country,3,27,17,-10,10,0.5882352941176471,1.0
2024-03-01,1018,Catalina,Cross Country,3,31,43,12,12,0.27906976744186046,1.5
2024-04-01,1018,Catalina,Cross Country,3,45,34,-11,11,0.3235294117647059,1.714
2024-05-01,1018,Catalina,Cross Country,3,46,50,4,4,0.08,1.473
2024-06-01,1018,Catalina,Cross Country,3,48,38,-10,10,0.2631578947368421,1.13
2024-07-01,1018,Catalina,Cross Country,3,36,44,8,8,0.18181818181818182,0.896
2024-08-01,1018,Catalina,Cross Country,3,35,45,10,10,0.2222222222222222,0.789
2024-09-01,1018,Catalina,Cross Country,3,33,30,-3,3,0.1,0.783
2024-10-01,1018,Catalina,Cross Country,3,29,25,-4,4,0.16,0.738
2024-11-01,1018,Catalina,Cross Country,3,30,34,4,4,0.11764705882352941,0.906
2024-12-01,1018,Catalina,Cross Country,3,22,16,-6,6,0.375,0.735
2025-01-01,1018,Catalina,Cross Country,3,19,21,2,2,0.09523809523809523,0.767
2025-02-01,1018,Catalina,Cross Country,3,24,15,-9,9,0.6,1.0
2025-03-01,1018,Catalina,Cross Country,3,26,48,22,22,0.4583333333333333,1.5
2025-04-01,1018,Catalina,Cross Country,3,48,52,4,4,0.07692307692307693,1.714
2025-05-01,1018,Catalina,Cross Country,3,56,48,-8,8,0.16666666666666666,1.473
2025-06-01,1018,Catalina,Cross Country,3,56,59,3,3,0.05084745762711865,1.13
2025-07-01,1018,Catalina,Cross Country,3,47,50,3,3,0.06,0.896
2025-08-01,1018,Catalina,Cross Country,3,41,30,-11,11,0.36666666666666664,0.789
2025-09-01,1018,Catalina,Cross Country,3,36,41,5,5,0.12195121951219512,0.783
2025-10-01,1018,Catalina,Cross Country,3,30,23,-7,7,0.30434782608695654,0.738
2025-11-01,1018,Catalina,Cross Country,3,28,32,4,4,0.125,0.906
2025-12-01,1018,Catalina,Cross Country,3,24,20,-4,4,0.2,0.735
2022-04-01,1019,Catalina,Cross Country,3,38,32,-6,6,0.1875,1.714
2022-05-01,1019,Catalina,Cross Country,3,39,53,14,14,0.2641509433962264,1.473
2022-06-01,1019,Catalina,Cross Country,3,45,34,-11,11,0.3235294117647059,1.13
2022-07-01,1019,Catalina,Cross Country,3,36,43,7,7,0.16279069767441862,0.896
2022-08-01,1019,Catalina,Cross Country,3,34,36,2,2,0.05555555555555555,0.789
2022-09-01,1019,Catalina,Cross Country,3,29,33,4,4,0.12121212121212122,0.783
2022-10-01,1019,Catalina,Cross Country,3,28,16,-12,12,0.75,0.738
2022-11-01,1019,Catalina,Cross Country,3,26,14,-12,12,0.8571428571428571,0.906
2022-12-01,1019,Catalina,Cross Country,3,15,14,-1,1,0.07142857142857142,0.735
2023-01-01,1019,Catalina,Cross Country,3,11,14,3,3,0.21428571428571427,0.767
2023-02-01,1019,Catalina,Cross Country,3,14,23,9,9,0.391304347826087,1.0
2023-03-01,1019,Catalina,Cross Country,3,26,41,15,15,0.36585365853658536,1.5
2023-04-01,1019,Catalina,Cross Country,3,45,51,6,6,0.11764705882352941,1.714
2023-05-01,1019,Catalina,Cross Country,3,56,43,-13,13,0.3023255813953488,1.473
2023-06-01,1019,Catalina,Cross Country,3,51,34,-17,17,0.5,1.13
2023-07-01,1019,Catalina,Cross Country,3,38,35,-3,3,0.08571428571428572,0.896
2023-08-01,1019,Catalina,Cross Country,3,29,22,-7,7,0.3181818181818182,0.789
2023-09-01,1019,Catalina,Cross Country,3,24,33,9,9,0.2727272727272727,0.783
2023-10-01,1019,Catalina,Cross Country,3,22,41,19,19,0.4634146341463415,0.738
2023-11-01,1019,Catalina,Cross Country,3,29,25,-4,4,0.16,0.906
2023-12-01,1019,Catalina,Cross Country,3,24,16,-8,8,0.5,0.735
2024-01-01,1019,Catalina,Cross Country,3,21,29,8,8,0.27586206896551724,0.767
2024-02-01,1019,Catalina,Cross Country,3,23,30,7,7,0.23333333333333334,1.0
2024-03-01,1019,Catalina,Cross Country,3,38,28,-10,10,0.35714285714285715,1.5
2024-04-01,1019,Catalina,Cross Country,3,50,58,8,8,0.13793103448275862,1.714
2024-05-01,1019,Catalina,Cross Country,3,57,51,-6,6,0.11764705882352941,1.473
2024-06-01,1019,Catalina,Cross Country,3,52,41,-11,11,0.2682926829268293,1.13
2024-07-01,1019,Catalina,Cross Country,3,45,54,9,9,0.16666666666666666,0.896
2024-08-01,1019,Catalina,Cross Country,3,38,46,8,8,0.17391304347826086,0.789
2024-09-01,1019,Catalina,Cross Country,3,37,30,-7,7,0.23333333333333334,0.783
2024-10-01,1019,Catalina,Cross Country,3,32,24,-8,8,0.3333333333333333,0.738
2024-11-01,1019,Catalina,Cross Country,3,30,28,-2,2,0.07142857142857142,0.906
2024-12-01,1019,Catalina,Cross Country,3,20,27,7,7,0.25925925925925924,0.735
2025-01-01,1019,Catalina,Cross Country,3,20,20,0,0,0.0,0.767
2025-02-01,1019,Catalina,Cross Country,3,25,29,4,4,0.13793103448275862,1.0
2025-03-01,1019,Catalina,Cross Country,3,38,22,-16,16,0.7272727272727273,1.5
2025-04-01,1019,Catalina,Cross Country,3,41,41,0,0,0.0,1.714
2025-05-01,1019,Catalina,Cross Country,3,45,57,12,12,0.21052631578947367,1.473
2025-06-01,1019,Catalina,Cross Country,3,45,50,5,5,0.1,1.13
2025-07-01,1019,Catalina,Cross Country,3,44,35,-9,9,0.2571428571428571,0.896
2025-08-01,1019,Catalina,Cross Country,3,37,44,7,7,0.1590909090909091,0.789
2025-09-01,1019,Catalina,Cross Country,3,34,35,1,1,0.02857142857142857,0.783
2025-10-01,1019,Catalina,Cross Country,3,28,19,-9,9,0.47368421052631576,0.738
2025-11-01,1019,Catalina,Cross Country,3,30,48,18,18,0.375,0.906
2025-12-01,1019,Catalina,Cross Country,3,25,24,-1,1,0.041666666666666664,0.735
2022-04-01,1020,Catalina,Cross Country,3,38,36,-2,2,0.05555555555555555,1.714
2022-05-01,1020,Catalina,Cross Country,3,41,30,-11,11,0.36666666666666664,1.473
2022-06-01,1020,Catalina,Cross Country,3,37,33,-4,4,0.12121212121212122,1.13
2022-07-01,1020,Catalina,Cross Country,3,30,39,9,9,0.23076923076923078,0.896
2022-08-01,1020,Catalina,Cross Country,3,27,35,8,8,0.22857142857142856,0.789
2022-09-01,1020,Catalina,Cross Country,3,28,27,-1,1,0.037037037037037035,0.783
2022-10-01,1020,Catalina,Cross Country,3,25,16,-9,9,0.5625,0.738
2022-11-01,1020,Catalina,Cross Country,3,24,30,6,6,0.2,0.906
2022-12-01,1020,Catalina,Cross Country,3,18,14,-4,4,0.2857142857142857,0.735
2023-01-01,1020,Catalina,Cross Country,3,15,15,0,0,0.0,0.767
2023-02-01,1020,Catalina,Cross Country,3,20,9,-11,11,1.2222222222222223,1.0
2023-03-01,1020,Catalina,Cross Country,3,19,21,2,2,0.09523809523809523,1.5
2023-04-01,1020,Catalina,Cross Country,3,26,45,19,19,0.4222222222222222,1.714
2023-05-01,1020,Catalina,Cross Country,3,37,35,-2,2,0.05714285714285714,1.473
2023-06-01,1020,Catalina,Cross Country,3,38,41,3,3,0.07317073170731707,1.13
2023-07-01,1020,Catalina,Cross Country,3,36,43,7,7,0.16279069767441862,0.896
2023-08-01,1020,Catalina,Cross Country,3,31,29,-2,2,0.06896551724137931,0.789
2023-09-01,1020,Catalina,Cross Country,3,29,23,-6,6,0.2608695652173913,0.783
2023-10-01,1020,Catalina,Cross Country,3,23,22,-1,1,0.045454545454545456,0.738
2023-11-01,1020,Catalina,Cross Country,3,22,16,-6,6,0.375,0.906
2023-12-01,1020,Catalina,Cross Country,3,15,21,6,6,0.2857142857142857,0.735
2024-01-01,1020,Catalina,Cross Country,3,15,9,-6,6,0.6666666666666666,0.767
2024-02-01,1020,Catalina,Cross Country,3,15,18,3,3,0.16666666666666666,1.0
2024-03-01,1020,Catalina,Cross Country,3,24,24,0,0,0.0,1.5
2024-04-01,1020,Catalina,Cross Country,3,29,48,19,19,0.3958333333333333,1.714
2024-05-01,1020,Catalina,Cross Country,3,44,44,0,0,0.0,1.473
2024-06-01,1020,Catalina,Cross Country,3,44,35,-9,9,0.2571428571428571,1.13
2024-07-01,1020,Catalina,Cross Country,3,38,47,9,9,0.19148936170212766,0.896
2024-08-01,1020,Catalina,Cross Country,3,33,28,-5,5,0.17857142857142858,0.789
2024-09-01,1020,Catalina,Cross Country,3,29,48,19,19,0.3958333333333333,0.783
2024-10-01,1020,Catalina,Cross Country,3,30,24,-6,6,0.25,0.738
2024-11-01,1020,Catalina,Cross Country,3,30,42,12,12,0.2857142857142857,0.906
2024-12-01,1020,Catalina,Cross Country,3,28,14,-14,14,1.0,0.735
2025-01-01,1020,Catalina,Cross Country,3,20,28,8,8,0.2857142857142857,0.767
2025-02-01,1020,Catalina,Cross Country,3,28,28,0,0,0.0,1.0
2025-03-01,1020,Catalina,Cross Country,3,35,31,-4,4,0.12903225806451613,1.5
2025-04-01,1020,Catalina,Cross Country,3,50,56,6,6,0.10714285714285714,1.714
2025-05-01,1020,Catalina,Cross Country,3,56,19,-37,37,1.9473684210526316,1.473
2025-06-01,1020,Catalina,Cross Country,3,40,43,3,3,0.06976744186046512,1.13
2025-07-01,1020,Catalina,Cross Country,3,35,36,1,1,0.027777777777777776,0.896
2025-08-01,1020,Catalina,Cross Country,3,26,22,-4,4,0.18181818181818182,0.789
2025-09-01,1020,Catalina,Cross Country,3,26,39,13,13,0.3333333333333333,0.783
2025-10-01,1020,Catalina,Cross Country,3,24,33,9,9,0.2727272727272727,0.738
2025-11-01,1020,Catalina,Cross Country,3,28,20,-8,8,0.4,0.906
2025-12-01,1020,Catalina,Cross Country,3,23,24,1,1,0.041666666666666664,0.735
2022-04-01,1021,Catalina,Cross Country,3,44,48,4,4,0.08333333333333333,1.714
2022-05-01,1021,Catalina,Cross Country,3,54,56,2,2,0.03571428571428571,1.473
2022-06-01,1021,Catalina,Cross Country,3,56,29,-27,27,0.9310344827586207,1.13
2022-07-01,1021,Catalina,Cross Country,3,40,35,-5,5,0.14285714285714285,0.896
2022-08-01,1021,Catalina,Cross Country,3,32,27,-5,5,0.18518518518518517,0.789
2022-09-01,1021,Catalina,Cross Country,3,24,12,-12,12,1.0,0.783
2022-10-01,1021,Catalina,Cross Country,3,18,36,18,18,0.5,0.738
2022-11-01,1021,Catalina,Cross Country,3,23,23,0,0,0.0,0.906
2022-12-01,1021,Catalina,Cross Country,3,17,19,2,2,0.10526315789473684,0.735
2023-01-01,1021,Catalina,Cross Country,3,20,17,-3,3,0.17647058823529413,0.767
2023-02-01,1021,Catalina,Cross Country,3,20,16,-4,4,0.25,1.0
2023-03-01,1021,Catalina,Cross Country,3,26,32,6,6,0.1875,1.5
2023-04-01,1021,Catalina,Cross Country,3,37,44,7,7,0.1590909090909091,1.714
2023-05-01,1021,Catalina,Cross Country,3,45,35,-10,10,0.2857142857142857,1.473
2023-06-01,1021,Catalina,Cross Country,3,42,44,2,2,0.045454545454545456,1.13
2023-07-01,1021,Catalina,Cross Country,3,37,40,3,3,0.075,0.896
2023-08-01,1021,Catalina,Cross Country,3,31,30,-1,1,0.03333333333333333,0.789
2023-09-01,1021,Catalina,Cross Country,3,30,14,-16,16,1.1428571428571428,0.783
2023-10-01,1021,Catalina,Cross Country,3,21,36,15,15,0.4166666666666667,0.738
2023-11-01,1021,Catalina,Cross Country,3,24,35,11,11,0.3142857142857143,0.906
2023-12-01,1021,Catalina,Cross Country,3,21,25,4,4,0.16,0.735
2024-01-01,1021,Catalina,Cross Country,3,25,33,8,8,0.24242424242424243,0.767
2024-02-01,1021,Catalina,Cross Country,3,31,17,-14,14,0.8235294117647058,1.0
2024-03-01,1021,Catalina,Cross Country,3,38,40,2,2,0.05,1.5
2024-04-01,1021,Catalina,Cross Country,3,51,25,-26,26,1.04,1.714
2024-05-01,1021,Catalina,Cross Country,3,40,41,1,1,0.024390243902439025,1.473
2024-06-01,1021,Catalina,Cross Country,3,40,33,-7,7,0.21212121212121213,1.13
2024-07-01,1021,Catalina,Cross Country,3,30,23,-7,7,0.30434782608695654,0.896
2024-08-01,1021,Catalina,Cross Country,3,26,33,7,7,0.21212121212121213,0.789
2024-09-01,1021,Catalina,Cross Country,3,23,51,28,28,0.5490196078431373,0.783
2024-10-01,1021,Catalina,Cross Country,3,26,30,4,4,0.13333333333333333,0.738
2024-11-01,1021,Catalina,Cross Country,3,34,29,-5,5,0.1724137931034483,0.906
2024-12-01,1021,Catalina,Cross Country,3,27,15,-12,12,0.8,0.735
2025-01-01,1021,Catalina,Cross Country,3,19,15,-4,4,0.26666666666666666,0.767
2025-02-01,1021,Catalina,Cross Country,3,20,24,4,4,0.16666666666666666,1.0
2025-03-01,1021,Catalina,Cross Country,3,27,31,4,4,0.12903225806451613,1.5
2025-04-01,1021,Catalina,Cross Country,3,40,59,19,19,0.3220338983050847,1.714
2025-05-01,1021,Catalina,Cross Country,3,56,66,10,10,0.15151515151515152,1.473
2025-06-01,1021,Catalina,Cross Country,3,59,27,-32,32,1.1851851851851851,1.13
2025-07-01,1021,Catalina,Cross Country,3,45,34,-11,11,0.3235294117647059,0.896
2025-08-01,1021,Catalina,Cross Country,3,33,39,6,6,0.15384615384615385,0.789
2025-09-01,1021,Catalina,Cross Country,3,26,30,4,4,0.13333333333333333,0.783
2025-10-01,1021,Catalina,Cross Country,3,25,35,10,10,0.2857142857142857,0.738
2025-11-01,1021,Catalina,Cross Country,3,31,46,15,15,0.32608695652173914,0.906
2025-12-01,1021,Catalina,Cross Country,3,27,38,11,11,0.2894736842105263,0.735
2022-04-01,1022,Catalina,Cross Country,3,42,42,0,0,0.0,1.714
2022-05-01,1022,Catalina,Cross Country,3,45,53,8,8,0.1509433962264151,1.473
2022-06-01,1022,Catalina,Cross Country,3,45,47,2,2,0.0425531914893617,1.13
2022-07-01,1022,Catalina,Cross Country,3,42,41,-1,1,0.024390243902439025,0.896
2022-08-01,1022,Catalina,Cross Country,3,37,54,17,17,0.3148148148148148,0.789
2022-09-01,1022,Catalina,Cross Country,3,37,29,-8,8,0.27586206896551724,0.783
2022-10-01,1022,Catalina,Cross Country,3,30,20,-10,10,0.5,0.738
2022-11-01,1022,Catalina,Cross Country,3,31,45,14,14,0.3111111111111111,0.906
2022-12-01,1022,Catalina,Cross Country,3,23,17,-6,6,0.35294117647058826,0.735
2023-01-01,1022,Catalina,Cross Country,3,21,15,-6,6,0.4,0.767
2023-02-01,1022,Catalina,Cross Country,3,26,28,2,2,0.07142857142857142,1.0
2023-03-01,1022,Catalina,Cross Country,3,30,36,6,6,0.16666666666666666,1.5
2023-04-01,1022,Catalina,Cross Country,3,45,24,-21,21,0.875,1.714
2023-05-01,1022,Catalina,Cross Country,3,43,44,1,1,0.022727272727272728,1.473
2023-06-01,1022,Catalina,Cross Country,3,39,46,7,7,0.15217391304347827,1.13
2023-07-01,1022,Catalina,Cross Country,3,34,31,-3,3,0.0967741935483871,0.896
2023-08-01,1022,Catalina,Cross Country,3,32,26,-6,6,0.23076923076923078,0.789
2023-09-01,1022,Catalina,Cross Country,3,27,27,0,0,0.0,0.783
2023-10-01,1022,Catalina,Cross Country,3,21,20,-1,1,0.05,0.738
2023-11-01,1022,Catalina,Cross Country,3,22,32,10,10,0.3125,0.906
2023-12-01,1022,Catalina,Cross Country,3,19,11,-8,8,0.7272727272727273,0.735
2024-01-01,1022,Catalina,Cross Country,3,16,18,2,2,0.1111111111111111,0.767
2024-02-01,1022,Catalina,Cross Country,3,20,11,-9,9,0.8181818181818182,1.0
2024-03-01,1022,Catalina,Cross Country,3,20,36,16,16,0.4444444444444444,1.5
2024-04-01,1022,Catalina,Cross Country,3,37,27,-10,10,0.37037037037037035,1.714
2024-05-01,1022,Catalina,Cross Country,3,36,29,-7,7,0.2413793103448276,1.473
2024-06-01,1022,Catalina,Cross Country,3,35,57,22,22,0.38596491228070173,1.13
2024-07-01,1022,Catalina,Cross Country,3,34,42,8,8,0.19047619047619047,0.896
2024-08-01,1022,Catalina,Cross Country,3,34,31,-3,3,0.0967741935483871,0.789
2024-09-01,1022,Catalina,Cross Country,3,34,28,-6,6,0.21428571428571427,0.783
2024-10-01,1022,Catalina,Cross Country,3,25,11,-14,14,1.2727272727272727,0.738
2024-11-01,1022,Catalina,Cross Country,3,21,11,-10,10,0.9090909090909091,0.906
2024-12-01,1022,Catalina,Cross Country,3,12,25,13,13,0.52,0.735
2025-01-01,1022,Catalina,Cross Country,3,12,23,11,11,0.4782608695652174,0.767
2025-02-01,1022,Catalina,Cross Country,3,20,17,-3,3,0.17647058823529413,1.0
2025-03-01,1022,Catalina,Cross Country,3,32,17,-15,15,0.8823529411764706,1.5
2025-04-01,1022,Catalina,Cross Country,3,33,65,32,32,0.49230769230769234,1.714
2025-05-01,1022,Catalina,Cross Country,3,49,64,15,15,0.234375,1.473
2025-06-01,1022,Catalina,Cross Country,3,55,41,-14,14,0.34146341463414637,1.13
2025-07-01,1022,Catalina,Cross Country,3,51,59,8,8,0.13559322033898305,0.896
2025-08-01,1022,Catalina,Cross Country,3,43,23,-20,20,0.8695652173913043,0.789
2025-09-01,1022,Catalina,Cross Country,3,32,22,-10,10,0.45454545454545453,0.783
2025-10-01,1022,Catalina,Cross Country,3,26,15,-11,11,0.7333333333333333,0.738
2025-11-01,1022,Catalina,Cross Country,3,18,32,14,14,0.4375,0.906
2025-12-01,1022,Catalina,Cross Country,3,17,21,4,4,0.19047619047619047,0.735
2022-04-01,1023,Catalina,Cross Country,3,33,56,23,23,0.4107142857142857,1.714
2022-05-01,1023,Catalina,Cross Country,3,51,34,-17,17,0.5,1.473
2022-06-01,1023,Catalina,Cross Country,3,46,49,3,3,0.061224489795918366,1.13
2022-07-01,1023,Catalina,Cross Country,3,42,47,5,5,0.10638297872340426,0.896
2022-08-01,1023,Catalina,Cross Country,3,34,48,14,14,0.2916666666666667,0.789
2022-09-01,1023,Catalina,Cross Country,3,38,31,-7,7,0.22580645161290322,0.783
2022-10-01,1023,Catalina,Cross Country,3,31,16,-15,15,0.9375,0.738
2022-11-01,1023,Catalina,Cross Country,3,29,20,-9,9,0.45,0.906
2022-12-01,1023,Catalina,Cross Country,3,16,28,12,12,0.42857142857142855,0.735
2023-01-01,1023,Catalina,Cross Country,3,16,20,4,4,0.2,0.767
2023-02-01,1023,Catalina,Cross Country,3,23,15,-8,8,0.5333333333333333,1.0
2023-03-01,1023,Catalina,Cross Country,3,32,33,1,1,0.030303030303030304,1.5
2023-04-01,1023,Catalina,Cross Country,3,39,44,5,5,0.11363636363636363,1.714
2023-05-01,1023,Catalina,Cross Country,3,45,43,-2,2,0.046511627906976744,1.473
2023-06-01,1023,Catalina,Cross Country,3,45,42,-3,3,0.07142857142857142,1.13
2023-07-01,1023,Catalina,Cross Country,3,39,40,1,1,0.025,0.896
2023-08-01,1023,Catalina,Cross Country,3,33,50,17,17,0.34,0.789
2023-09-01,1023,Catalina,Cross Country,3,34,33,-1,1,0.030303030303030304,0.783
2023-10-01,1023,Catalina,Cross Country,3,30,19,-11,11,0.5789473684210527,0.738
2023-11-01,1023,Catalina,Cross Country,3,31,19,-12,12,0.631578947368421,0.906
2023-12-01,1023,Catalina,Cross Country,3,17,13,-4,4,0.3076923076923077,0.735
2024-01-01,1023,Catalina,Cross Country,3,13,17,4,4,0.23529411764705882,0.767
2024-02-01,1023,Catalina,Cross Country,3,16,15,-1,1,0.06666666666666667,1.0
2024-03-01,1023,Catalina,Cross Country,3,22,33,11,11,0.3333333333333333,1.5
2024-04-01,1023,Catalina,Cross Country,3,37,38,1,1,0.02631578947368421,1.714
2024-05-01,1023,Catalina,Cross Country,3,42,43,1,1,0.023255813953488372,1.473
2024-06-01,1023,Catalina,Cross Country,3,43,35,-8,8,0.22857142857142856,1.13
2024-07-01,1023,Catalina,Cross Country,3,35,36,1,1,0.027777777777777776,0.896
2024-08-01,1023,Catalina,Cross Country,3,30,39,9,9,0.23076923076923078,0.789
2024-09-01,1023,Catalina,Cross Country,3,29,30,1,1,0.03333333333333333,0.783
2024-10-01,1023,Catalina,Cross Country,3,26,24,-2,2,0.08333333333333333,0.738
2024-11-01,1023,Catalina,Cross Country,3,28,25,-3,3,0.12,0.906
2024-12-01,1023,Catalina,Cross Country,3,19,18,-1,1,0.05555555555555555,0.735
2025-01-01,1023,Catalina,Cross Country,3,17,24,7,7,0.2916666666666667,0.767
2025-02-01,1023,Catalina,Cross Country,3,22,11,-11,11,1.0,1.0
2025-03-01,1023,Catalina,Cross Country,3,26,32,6,6,0.1875,1.5
2025-04-01,1023,Catalina,Cross Country,3,38,39,1,1,0.02564102564102564,1.714
2025-05-01,1023,Catalina,Cross Country,3,40,36,-4,4,0.1111111111111111,1.473
2025-06-01,1023,Catalina,Cross Country,3,40,40,0,0,0.0,1.13
2025-07-01,1023,Catalina,Cross Country,3,34,28,-6,6,0.21428571428571427,0.896
2025-08-01,1023,Catalina,Cross Country,3,27,16,-11,11,0.6875,0.789
2025-09-01,1023,Catalina,Cross Country,3,22,12,-10,10,0.8333333333333334,0.783
2025-10-01,1023,Catalina,Cross Country,3,14,35,21,21,0.6,0.738
2025-11-01,1023,Catalina,Cross Country,3,19,26,7,7,0.2692307692307692,0.906
2025-12-01,1023,Catalina,Cross Country,3,18,15,-3,3,0.2,0.735
2022-04-01,1024,Catalina,Cross Country,3,34,39,5,5,0.1282051282051282,1.714
2022-05-01,1024,Catalina,Cross Country,3,45,28,-17,17,0.6071428571428571,1.473
2022-06-01,1024,Catalina,Cross Country,3,34,57,23,23,0.40350877192982454,1.13
2022-07-01,1024,Catalina,Cross Country,3,37,26,-11,11,0.4230769230769231,0.896
2022-08-01,1024,Catalina,Cross Country,3,29,27,-2,2,0.07407407407407407,0.789
2022-09-01,1024,Catalina,Cross Country,3,29,30,1,1,0.03333333333333333,0.783
2022-10-01,1024,Catalina,Cross Country,3,20,34,14,14,0.4117647058823529,0.738
2022-11-01,1024,Catalina,Cross Country,3,27,14,-13,13,0.9285714285714286,0.906
2022-12-01,1024,Catalina,Cross Country,3,19,11,-8,8,0.7272727272727273,0.735
2023-01-01,1024,Catalina,Cross Country,3,15,12,-3,3,0.25,0.767
2023-02-01,1024,Catalina,Cross Country,3,12,19,7,7,0.3684210526315789,1.0
2023-03-01,1024,Catalina,Cross Country,3,21,39,18,18,0.46153846153846156,1.5
2023-04-01,1024,Catalina,Cross Country,3,40,63,23,23,0.36507936507936506,1.714
2023-05-01,1024,Catalina,Cross Country,3,59,45,-14,14,0.3111111111111111,1.473
2023-06-01,1024,Catalina,Cross Country,3,55,44,-11,11,0.25,1.13
2023-07-01,1024,Catalina,Cross Country,3,45,24,-21,21,0.875,0.896
2023-08-01,1024,Catalina,Cross Country,3,30,24,-6,6,0.25,0.789
2023-09-01,1024,Catalina,Cross Country,3,24,38,14,14,0.3684210526315789,0.783
2023-10-01,1024,Catalina,Cross Country,3,21,34,13,13,0.38235294117647056,0.738
2023-11-01,1024,Catalina,Cross Country,3,29,31,2,2,0.06451612903225806,0.906
2023-12-01,1024,Catalina,Cross Country,3,25,14,-11,11,0.7857142857142857,0.735
2024-01-01,1024,Catalina,Cross Country,3,20,42,22,22,0.5238095238095238,0.767
2024-02-01,1024,Catalina,Cross Country,3,29,27,-2,2,0.07407407407407407,1.0
2024-03-01,1024,Catalina,Cross Country,3,42,23,-19,19,0.8260869565217391,1.5
2024-04-01,1024,Catalina,Cross Country,3,53,32,-21,21,0.65625,1.714
2024-05-01,1024,Catalina,Cross Country,3,40,63,23,23,0.36507936507936506,1.473
2024-06-01,1024,Catalina,Cross Country,3,44,61,17,17,0.2786885245901639,1.13
2024-07-01,1024,Catalina,Cross Country,3,47,45,-2,2,0.044444444444444446,0.896
2024-08-01,1024,Catalina,Cross Country,3,44,28,-16,16,0.5714285714285714,0.789
2024-09-01,1024,Catalina,Cross Country,3,35,28,-7,7,0.25,0.783
2024-10-01,1024,Catalina,Cross Country,3,25,34,9,9,0.2647058823529412,0.738
2024-11-01,1024,Catalina,Cross Country,3,27,46,19,19,0.41304347826086957,0.906
2024-12-01,1024,Catalina,Cross Country,3,26,26,0,0,0.0,0.735
2025-01-01,1024,Catalina,Cross Country,3,27,7,-20,20,2.857142857142857,0.767
2025-02-01,1024,Catalina,Cross Country,3,26,6,-20,20,3.3333333333333335,1.0
2025-03-01,1024,Catalina,Cross Country,3,20,18,-2,2,0.1111111111111111,1.5
2025-04-01,1024,Catalina,Cross Country,3,18,47,29,29,0.6170212765957447,1.714
2025-05-01,1024,Catalina,Cross Country,3,35,55,20,20,0.36363636363636365,1.473
2025-06-01,1024,Catalina,Cross Country,3,45,33,-12,12,0.36363636363636365,1.13
2025-07-01,1024,Catalina,Cross Country,3,40,25,-15,15,0.6,0.896
2025-08-01,1024,Catalina,Cross Country,3,30,41,11,11,0.2682926829268293,0.789
2025-09-01,1024,Catalina,Cross Country,3,26,29,3,3,0.10344827586206896,0.783
2025-10-01,1024,Catalina,Cross Country,3,23,11,-12,12,1.0909090909090908,0.738
2025-11-01,1024,Catalina,Cross Country,3,24,19,-5,5,0.2631578947368421,0.906
2025-12-01,1024,Catalina,Cross Country,3,14,27,13,13,0.48148148148148145,0.735
2022-04-01,1025,Catalina,Cross Country,3,22,15,-7,7,0.4666666666666667,1.714
2022-05-01,1025,Catalina,Cross Country,3,21,33,12,12,0.36363636363636365,1.473
2022-06-01,1025,Catalina,Cross Country,3,27,25,-2,2,0.08,1.13
2022-07-01,1025,Catalina,Cross Country,3,22,12,-10,10,0.8333333333333334,0.896
2022-08-01,1025,Catalina,Cross Country,3,18,22,4,4,0.18181818181818182,0.789
2022-09-01,1025,Catalina,Cross Country,3,15,11,-4,4,0.36363636363636365,0.783
2022-10-01,1025,Catalina,Cross Country,3,11,3,-8,8,2.6666666666666665,0.738
2022-11-01,1025,Catalina,Cross Country,3,11,7,-4,4,0.5714285714285714,0.906
2022-12-01,1025,Catalina,Cross Country,3,5,4,-1,1,0.25,0.735
2023-01-01,1025,Catalina,Cross Country,3,4,6,2,2,0.3333333333333333,0.767
2023-02-01,1025,Catalina,Cross Country,3,6,8,2,2,0.25,1.0
2023-03-01,1025,Catalina,Cross Country,3,9,15,6,6,0.4,1.5
2023-04-01,1025,Catalina,Cross Country,3,17,14,-3,3,0.21428571428571427,1.714
2023-05-01,1025,Catalina,Cross Country,3,18,33,15,15,0.45454545454545453,1.473
2023-06-01,1025,Catalina,Cross Country,3,23,19,-4,4,0.21052631578947367,1.13
2023-07-01,1025,Catalina,Cross Country,3,20,20,0,0,0.0,0.896
2023-08-01,1025,Catalina,Cross Country,3,19,17,-2,2,0.11764705882352941,0.789
2023-09-01,1025,Catalina,Cross Country,3,15,7,-8,8,1.1428571428571428,0.783
2023-10-01,1025,Catalina,Cross Country,3,11,18,7,7,0.3888888888888889,0.738
2023-11-01,1025,Catalina,Cross Country,3,13,6,-7,7,1.1666666666666667,0.906
2023-12-01,1025,Catalina,Cross Country,3,8,13,5,5,0.38461538461538464,0.735
2024-01-01,1025,Catalina,Cross Country,3,9,14,5,5,0.35714285714285715,0.767
2024-02-01,1025,Catalina,Cross Country,3,11,9,-2,2,0.2222222222222222,1.0
2024-03-01,1025,Catalina,Cross Country,3,18,13,-5,5,0.38461538461538464,1.5
2024-04-01,1025,Catalina,Cross Country,3,21,24,3,3,0.125,1.714
2024-05-01,1025,Catalina,Cross Country,3,23,18,-5,5,0.2777777777777778,1.473
2024-06-01,1025,Catalina,Cross Country,3,21,33,12,12,0.36363636363636365,1.13
2024-07-01,1025,Catalina,Cross Country,3,22,11,-11,11,1.0,0.896
2024-08-01,1025,Catalina,Cross Country,3,16,18,2,2,0.1111111111111111,0.789
2024-09-01,1025,Catalina,Cross Country,3,16,20,4,4,0.2,0.783
2024-10-01,1025,Catalina,Cross Country,3,12,8,-4,4,0.5,0.738
2024-11-01,1025,Catalina,Cross Country,3,14,19,5,5,0.2631578947368421,0.906
2024-12-01,1025,Catalina,Cross Country,3,12,25,13,13,0.52,0.735
2025-01-01,1025,Catalina,Cross Country,3,13,4,-9,9,2.25,0.767
2025-02-01,1025,Catalina,Cross Country,3,16,7,-9,9,1.2857142857142858,1.0
2025-03-01,1025,Catalina,Cross Country,3,18,20,2,2,0.1,1.5
2025-04-01,1025,Catalina,Cross Country,3,18,15,-3,3,0.2,1.714
2025-05-01,1025,Catalina,Cross Country,3,21,18,-3,3,0.16666666666666666,1.473
2025-06-01,1025,Catalina,Cross Country,3,20,13,-7,7,0.5384615384615384,1.13
2025-07-01,1025,Catalina,Cross Country,3,14,30,16,16,0.5333333333333333,0.896
2025-08-01,1025,Catalina,Cross Country,3,16,10,-6,6,0.6,0.789
2025-09-01,1025,Catalina,Cross Country,3,14,37,23,23,0.6216216216216216,0.783
2025-10-01,1025,Catalina,Cross Country,3,19,16,-3,3,0.1875,0.738
2025-11-01,1025,Catalina,Cross Country,3,19,15,-4,4,0.26666666666666666,0.906
2025-12-01,1025,Catalina,Cross Country,3,17,8,-9,9,1.125,0.735
2022-04-01,1026,Catalina,Cross Country,3,15,16,1,1,0.0625,1.714
2022-05-01,1026,Catalina,Cross Country,3,18,22,4,4,0.18181818181818182,1.473
2022-06-01,1026,Catalina,Cross Country,3,18,26,8,8,0.3076923076923077,1.13
2022-07-01,1026,Catalina,Cross Country,3,19,24,5,5,0.20833333333333334,0.896
2022-08-01,1026,Catalina,Cross Country,3,19,12,-7,7,0.5833333333333334,0.789
2022-09-01,1026,Catalina,Cross Country,3,16,11,-5,5,0.45454545454545453,0.783
2022-10-01,1026,Catalina,Cross Country,3,12,5,-7,7,1.4,0.738
2022-11-01,1026,Catalina,Cross Country,3,8,15,7,7,0.4666666666666667,0.906
2022-12-01,1026,Catalina,Cross Country,3,8,12,4,4,0.3333333333333333,0.735
2023-01-01,1026,Catalina,Cross Country,3,8,2,-6,6,3.0,0.767
2023-02-01,1026,Catalina,Cross Country,3,10,6,-4,4,0.6666666666666666,1.0
2023-03-01,1026,Catalina,Cross Country,3,10,6,-4,4,0.6666666666666666,1.5
2023-04-01,1026,Catalina,Cross Country,3,8,20,12,12,0.6,1.714
2023-05-01,1026,Catalina,Cross Country,3,16,17,1,1,0.058823529411764705,1.473
2023-06-01,1026,Catalina,Cross Country,3,16,30,14,14,0.4666666666666667,1.13
2023-07-01,1026,Catalina,Cross Country,3,20,18,-2,2,0.1111111111111111,0.896
2023-08-01,1026,Catalina,Cross Country,3,17,18,1,1,0.05555555555555555,0.789
2023-09-01,1026,Catalina,Cross Country,3,17,18,1,1,0.05555555555555555,0.783
2023-10-01,1026,Catalina,Cross Country,3,13,14,1,1,0.07142857142857142,0.738
2023-11-01,1026,Catalina,Cross Country,3,15,14,-1,1,0.07142857142857142,0.906
2023-12-01,1026,Catalina,Cross Country,3,11,6,-5,5,0.8333333333333334,0.735
2024-01-01,1026,Catalina,Cross Country,3,9,13,4,4,0.3076923076923077,0.767
2024-02-01,1026,Catalina,Cross Country,3,11,13,2,2,0.15384615384615385,1.0
2024-03-01,1026,Catalina,Cross Country,3,16,13,-3,3,0.23076923076923078,1.5
2024-04-01,1026,Catalina,Cross Country,3,22,24,2,2,0.08333333333333333,1.714
2024-05-01,1026,Catalina,Cross Country,3,25,30,5,5,0.16666666666666666,1.473
2024-06-01,1026,Catalina,Cross Country,3,25,17,-8,8,0.47058823529411764,1.13
2024-07-01,1026,Catalina,Cross Country,3,21,31,10,10,0.3225806451612903,0.896
2024-08-01,1026,Catalina,Cross Country,3,21,15,-6,6,0.4,0.789
2024-09-01,1026,Catalina,Cross Country,3,16,19,3,3,0.15789473684210525,0.783
2024-10-01,1026,Catalina,Cross Country,3,16,22,6,6,0.2727272727272727,0.738
2024-11-01,1026,Catalina,Cross Country,3,17,11,-6,6,0.5454545454545454,0.906
2024-12-01,1026,Catalina,Cross Country,3,13,7,-6,6,0.8571428571428571,0.735
2025-01-01,1026,Catalina,Cross Country,3,10,2,-8,8,4.0,0.767
2025-02-01,1026,Catalina,Cross Country,3,7,6,-1,1,0.16666666666666666,1.0
2025-03-01,1026,Catalina,Cross Country,3,8,17,9,9,0.5294117647058824,1.5
2025-04-01,1026,Catalina,Cross Country,3,14,15,1,1,0.06666666666666667,1.714
2025-05-01,1026,Catalina,Cross Country,3,19,14,-5,5,0.35714285714285715,1.473
2025-06-01,1026,Catalina,Cross Country,3,17,33,16,16,0.48484848484848486,1.13
2025-07-01,1026,Catalina,Cross Country,3,19,15,-4,4,0.26666666666666666,0.896
2025-08-01,1026,Catalina,Cross Country,3,16,17,1,1,0.058823529411764705,0.789
2025-09-01,1026,Catalina,Cross Country,3,17,22,5,5,0.22727272727272727,0.783
2025-10-01,1026,Catalina,Cross Country,3,13,16,3,3,0.1875,0.738
2025-11-01,1026,Catalina,Cross Country,3,17,14,-3,3,0.21428571428571427,0.906
2025-12-01,1026,Catalina,Cross Country,3,13,9,-4,4,0.4444444444444444,0.735
2022-04-01,1027,Catalina,Cross Country,3,14,13,-1,1,0.07692307692307693,1.714
2022-05-01,1027,Catalina,Cross Country,3,14,32,18,18,0.5625,1.473
2022-06-01,1027,Catalina,Cross Country,3,19,24,5,5,0.20833333333333334,1.13
2022-07-01,1027,Catalina,Cross Country,3,21,25,4,4,0.16,0.896
2022-08-01,1027,Catalina,Cross Country,3,21,22,1,1,0.045454545454545456,0.789
2022-09-01,1027,Catalina,Cross Country,3,19,19,0,0,0.0,0.783
2022-10-01,1027,Catalina,Cross Country,3,16,4,-12,12,3.0,0.738
2022-11-01,1027,Catalina,Cross Country,3,14,30,16,16,0.5333333333333333,0.906
2022-12-01,1027,Catalina,Cross Country,3,13,3,-10,10,3.3333333333333335,0.735
2023-01-01,1027,Catalina,Cross Country,3,9,11,2,2,0.18181818181818182,0.767
2023-02-01,1027,Catalina,Cross Country,3,15,21,6,6,0.2857142857142857,1.0
2023-03-01,1027,Catalina,Cross Country,3,18,18,0,0,0.0,1.5
2023-04-01,1027,Catalina,Cross Country,3,29,26,-3,3,0.11538461538461539,1.714
2023-05-01,1027,Catalina,Cross Country,3,32,30,-2,2,0.06666666666666667,1.473
2023-06-01,1027,Catalina,Cross Country,3,28,29,1,1,0.034482758620689655,1.13
2023-07-01,1027,Catalina,Cross Country,3,25,17,-8,8,0.47058823529411764,0.896
2023-08-01,1027,Catalina,Cross Country,3,20,24,4,4,0.16666666666666666,0.789
2023-09-01,1027,Catalina,Cross Country,3,18,25,7,7,0.28,0.783
2023-10-01,1027,Catalina,Cross Country,3,16,10,-6,6,0.6,0.738
2023-11-01,1027,Catalina,Cross Country,3,18,13,-5,5,0.38461538461538464,0.906
2023-12-01,1027,Catalina,Cross Country,3,12,6,-6,6,1.0,0.735
2024-01-01,1027,Catalina,Cross Country,3,7,13,6,6,0.46153846153846156,0.767
2024-02-01,1027,Catalina,Cross Country,3,11,10,-1,1,0.1,1.0
2024-03-01,1027,Catalina,Cross Country,3,14,14,0,0,0.0,1.5
2024-04-01,1027,Catalina,Cross Country,3,21,14,-7,7,0.5,1.714
2024-05-01,1027,Catalina,Cross Country,3,19,14,-5,5,0.35714285714285715,1.473
2024-06-01,1027,Catalina,Cross Country,3,16,24,8,8,0.3333333333333333,1.13
2024-07-01,1027,Catalina,Cross Country,3,16,29,13,13,0.4482758620689655,0.896
2024-08-01,1027,Catalina,Cross Country,3,18,11,-7,7,0.6363636363636364,0.789
2024-09-01,1027,Catalina,Cross Country,3,17,17,0,0,0.0,0.783
2024-10-01,1027,Catalina,Cross Country,3,14,21,7,7,0.3333333333333333,0.738
2024-11-01,1027,Catalina,Cross Country,3,15,7,-8,8,1.1428571428571428,0.906
2024-12-01,1027,Catalina,Cross Country,3,11,8,-3,3,0.375,0.735
2025-01-01,1027,Catalina,Cross Country,3,9,8,-1,1,0.125,0.767
2025-02-01,1027,Catalina,Cross Country,3,8,5,-3,3,0.6,1.0
2025-03-01,1027,Catalina,Cross Country,3,10,16,6,6,0.375,1.5
2025-04-01,1027,Catalina,Cross Country,3,17,27,10,10,0.37037037037037035,1.714
2025-05-01,1027,Catalina,Cross Country,3,24,16,-8,8,0.5,1.473
2025-06-01,1027,Catalina,Cross Country,3,22,22,0,0,0.0,1.13
2025-07-01,1027,Catalina,Cross Country,3,19,7,-12,12,1.7142857142857142,0.896
2025-08-01,1027,Catalina,Cross Country,3,12,29,17,17,0.5862068965517241,0.789
2025-09-01,1027,Catalina,Cross Country,3,15,19,4,4,0.21052631578947367,0.783
2025-10-01,1027,Catalina,Cross Country,3,14,5,-9,9,1.8,0.738
2025-11-01,1027,Catalina,Cross Country,3,16,26,10,10,0.38461538461538464,0.906
2025-12-01,1027,Catalina,Cross Country,3,12,3,-9,9,3.0,0.735
2022-04-01,1028,Catalina,Cross Country,3,22,17,-5,5,0.29411764705882354,1.714
2022-05-01,1028,Catalina,Cross Country,3,20,21,1,1,0.047619047619047616,1.473
2022-06-01,1028,Catalina,Cross Country,3,21,21,0,0,0.0,1.13
2022-07-01,1028,Catalina,Cross Country,3,18,13,-5,5,0.38461538461538464,0.896
2022-08-01,1028,Catalina,Cross Country,3,14,11,-3,3,0.2727272727272727,0.789
2022-09-01,1028,Catalina,Cross Country,3,12,12,0,0,0.0,0.783
2022-10-01,1028,Catalina,Cross Country,3,9,12,3,3,0.25,0.738
2022-11-01,1028,Catalina,Cross Country,3,11,34,23,23,0.6764705882352942,0.906
2022-12-01,1028,Catalina,Cross Country,3,14,5,-9,9,1.8,0.735
2023-01-01,1028,Catalina,Cross Country,3,13,19,6,6,0.3157894736842105,0.767
2023-02-01,1028,Catalina,Cross Country,3,19,23,4,4,0.17391304347826086,1.0
2023-03-01,1028,Catalina,Cross Country,3,24,13,-11,11,0.8461538461538461,1.5
2023-04-01,1028,Catalina,Cross Country,3,31,13,-18,18,1.3846153846153846,1.714
2023-05-01,1028,Catalina,Cross Country,3,24,11,-13,13,1.1818181818181819,1.473
2023-06-01,1028,Catalina,Cross Country,3,14,22,8,8,0.36363636363636365,1.13
2023-07-01,1028,Catalina,Cross Country,3,14,16,2,2,0.125,0.896
2023-08-01,1028,Catalina,Cross Country,3,13,16,3,3,0.1875,0.789
2023-09-01,1028,Catalina,Cross Country,3,14,13,-1,1,0.07692307692307693,0.783
2023-10-01,1028,Catalina,Cross Country,3,11,20,9,9,0.45,0.738
2023-11-01,1028,Catalina,Cross Country,3,15,16,1,1,0.0625,0.906
2023-12-01,1028,Catalina,Cross Country,3,12,9,-3,3,0.3333333333333333,0.735
2024-01-01,1028,Catalina,Cross Country,3,12,13,1,1,0.07692307692307693,0.767
2024-02-01,1028,Catalina,Cross Country,3,13,10,-3,3,0.3,1.0
2024-03-01,1028,Catalina,Cross Country,3,16,13,-3,3,0.23076923076923078,1.5
2024-04-01,1028,Catalina,Cross Country,3,21,17,-4,4,0.23529411764705882,1.714
2024-05-01,1028,Catalina,Cross Country,3,20,23,3,3,0.13043478260869565,1.473
2024-06-01,1028,Catalina,Cross Country,3,20,22,2,2,0.09090909090909091,1.13
2024-07-01,1028,Catalina,Cross Country,3,19,21,2,2,0.09523809523809523,0.896
2024-08-01,1028,Catalina,Cross Country,3,17,20,3,3,0.15,0.789
2024-09-01,1028,Catalina,Cross Country,3,16,9,-7,7,0.7777777777777778,0.783
2024-10-01,1028,Catalina,Cross Country,3,12,8,-4,4,0.5,0.738
2024-11-01,1028,Catalina,Cross Country,3,11,5,-6,6,1.2,0.906
2024-12-01,1028,Catalina,Cross Country,3,5,12,7,7,0.5833333333333334,0.735
2025-01-01,1028,Catalina,Cross Country,3,6,11,5,5,0.45454545454545453,0.767
2025-02-01,1028,Catalina,Cross Country,3,9,4,-5,5,1.25,1.0
2025-03-01,1028,Catalina,Cross Country,3,14,26,12,12,0.46153846153846156,1.5
2025-04-01,1028,Catalina,Cross Country,3,23,12,-11,11,0.9166666666666666,1.714
2025-05-01,1028,Catalina,Cross Country,3,21,23,2,2,0.08695652173913043,1.473
2025-06-01,1028,Catalina,Cross Country,3,23,20,-3,3,0.15,1.13
2025-07-01,1028,Catalina,Cross Country,3,16,20,4,4,0.2,0.896
2025-08-01,1028,Catalina,Cross Country,3,17,7,-10,10,1.4285714285714286,0.789
2025-09-01,1028,Catalina,Cross Country,3,12,20,8,8,0.4,0.783
2025-10-01,1028,Catalina,Cross Country,3,12,16,4,4,0.25,0.738
2025-11-01,1028,Catalina,Cross Country,3,13,20,7,7,0.35,0.906
2025-12-01,1028,Catalina,Cross Country,3,14,11,-3,3,0.2727272727272727,0.735
2022-04-01,1029,Catalina,Cross Country,3,18,8,-10,10,1.25,1.714
2022-05-01,1029,Catalina,Cross Country,3,14,22,8,8,0.36363636363636365,1.473
2022-06-01,1029,Catalina,Cross Country,3,14,15,1,1,0.06666666666666667,1.13
2022-07-01,1029,Catalina,Cross Country,3,13,38,25,25,0.6578947368421053,0.896
2022-08-01,1029,Catalina,Cross Country,3,20,20,0,0,0.0,0.789
2022-09-01,1029,Catalina,Cross Country,3,19,21,2,2,0.09523809523809523,0.783
2022-10-01,1029,Catalina,Cross Country,3,19,19,0,0,0.0,0.738
2022-11-01,1029,Catalina,Cross Country,3,18,11,-7,7,0.6363636363636364,0.906
2022-12-01,1029,Catalina,Cross Country,3,12,5,-7,7,1.4,0.735
2023-01-01,1029,Catalina,Cross Country,3,9,13,4,4,0.3076923076923077,0.767
2023-02-01,1029,Catalina,Cross Country,3,10,2,-8,8,4.0,1.0
2023-03-01,1029,Catalina,Cross Country,3,10,17,7,7,0.4117647058823529,1.5
2023-04-01,1029,Catalina,Cross Country,3,18,24,6,6,0.25,1.714
2023-05-01,1029,Catalina,Cross Country,3,21,29,8,8,0.27586206896551724,1.473
2023-06-01,1029,Catalina,Cross Country,3,26,20,-6,6,0.3,1.13
2023-07-01,1029,Catalina,Cross Country,3,22,10,-12,12,1.2,0.896
2023-08-01,1029,Catalina,Cross Country,3,16,16,0,0,0.0,0.789
2023-09-01,1029,Catalina,Cross Country,3,12,7,-5,5,0.7142857142857143,0.783
2023-10-01,1029,Catalina,Cross Country,3,8,7,-1,1,0.14285714285714285,0.738
2023-11-01,1029,Catalina,Cross Country,3,9,9,0,0,0.0,0.906
2023-12-01,1029,Catalina,Cross Country,3,6,3,-3,3,1.0,0.735
2024-01-01,1029,Catalina,Cross Country,3,5,8,3,3,0.375,0.767
2024-02-01,1029,Catalina,Cross Country,3,7,3,-4,4,1.3333333333333333,1.0
2024-03-01,1029,Catalina,Cross Country,3,7,9,2,2,0.2222222222222222,1.5
2024-04-01,1029,Catalina,Cross Country,3,11,22,11,11,0.5,1.714
2024-05-01,1029,Catalina,Cross Country,3,17,21,4,4,0.19047619047619047,1.473
2024-06-01,1029,Catalina,Cross Country,3,20,21,1,1,0.047619047619047616,1.13
2024-07-01,1029,Catalina,Cross Country,3,19,19,0,0,0.0,0.896
2024-08-01,1029,Catalina,Cross Country,3,16,20,4,4,0.2,0.789
2024-09-01,1029,Catalina,Cross Country,3,16,22,6,6,0.2727272727272727,0.783
2024-10-01,1029,Catalina,Cross Country,3,15,7,-8,8,1.1428571428571428,0.738
2024-11-01,1029,Catalina,Cross Country,3,15,12,-3,3,0.25,0.906
2024-12-01,1029,Catalina,Cross Country,3,10,6,-4,4,0.6666666666666666,0.735
2025-01-01,1029,Catalina,Cross Country,3,6,13,7,7,0.5384615384615384,0.767
2025-02-01,1029,Catalina,Cross Country,3,10,11,1,1,0.09090909090909091,1.0
2025-03-01,1029,Catalina,Cross Country,3,15,14,-1,1,0.07142857142857142,1.5
2025-04-01,1029,Catalina,Cross Country,3,22,16,-6,6,0.375,1.714
2025-05-01,1029,Catalina,Cross Country,3,20,24,4,4,0.16666666666666666,1.473
2025-06-01,1029,Catalina,Cross Country,3,20,19,-1,1,0.05263157894736842,1.13
2025-07-01,1029,Catalina,Cross Country,3,18,20,2,2,0.1,0.896
2025-08-01,1029,Catalina,Cross Country,3,17,12,-5,5,0.4166666666666667,0.789
2025-09-01,1029,Catalina,Cross Country,3,13,26,13,13,0.5,0.783
2025-10-01,1029,Catalina,Cross Country,3,14,7,-7,7,1.0,0.738
2025-11-01,1029,Catalina,Cross Country,3,14,17,3,3,0.17647058823529413,0.906
2025-12-01,1029,Catalina,Cross Country,3,12,12,0,0,0.0,0.735
2022-04-01,1030,Catalina,Cross Country,3,27,14,-13,13,0.9285714285714286,1.714
2022-05-01,1030,Catalina,Cross Country,3,27,54,27,27,0.5,1.473
2022-06-01,1030,Catalina,Cross Country,3,36,7,-29,29,4.142857142857143,1.13
2022-07-01,1030,Catalina,Cross Country,3,22,27,5,5,0.18518518518518517,0.896
2022-08-01,1030,Catalina,Cross Country,3,23,12,-11,11,0.9166666666666666,0.789
2022-09-01,1030,Catalina,Cross Country,3,12,21,9,9,0.42857142857142855,0.783
2022-10-01,1030,Catalina,Cross Country,3,15,13,-2,2,0.15384615384615385,0.738
2022-11-01,1030,Catalina,Cross Country,3,14,3,-11,11,3.6666666666666665,0.906
2022-12-01,1030,Catalina,Cross Country,3,9,7,-2,2,0.2857142857142857,0.735
2023-01-01,1030,Catalina,Cross Country,3,6,9,3,3,0.3333333333333333,0.767
2023-02-01,1030,Catalina,Cross Country,3,6,11,5,5,0.45454545454545453,1.0
2023-03-01,1030,Catalina,Cross Country,3,14,11,-3,3,0.2727272727272727,1.5
2023-04-01,1030,Catalina,Cross Country,3,18,18,0,0,0.0,1.714
2023-05-01,1030,Catalina,Cross Country,3,20,24,4,4,0.16666666666666666,1.473
2023-06-01,1030,Catalina,Cross Country,3,20,39,19,19,0.48717948717948717,1.13
2023-07-01,1030,Catalina,Cross Country,3,24,10,-14,14,1.4,0.896
2023-08-01,1030,Catalina,Cross Country,3,19,11,-8,8,0.7272727272727273,0.789
2023-09-01,1030,Catalina,Cross Country,3,16,20,4,4,0.2,0.783
2023-10-01,1030,Catalina,Cross Country,3,10,17,7,7,0.4117647058823529,0.738
2023-11-01,1030,Catalina,Cross Country,3,14,3,-11,11,3.6666666666666665,0.906
2023-12-01,1030,Catalina,Cross Country,3,10,12,2,2,0.16666666666666666,0.735
2024-01-01,1030,Catalina,Cross Country,3,8,3,-5,5,1.6666666666666667,0.767
2024-02-01,1030,Catalina,Cross Country,3,6,6,0,0,0.0,1.0
2024-03-01,1030,Catalina,Cross Country,3,10,10,0,0,0.0,1.5
2024-04-01,1030,Catalina,Cross Country,3,11,25,14,14,0.56,1.714
2024-05-01,1030,Catalina,Cross Country,3,20,19,-1,1,0.05263157894736842,1.473
2024-06-01,1030,Catalina,Cross Country,3,20,16,-4,4,0.25,1.13
2024-07-01,1030,Catalina,Cross Country,3,18,12,-6,6,0.5,0.896
2024-08-01,1030,Catalina,Cross Country,3,12,6,-6,6,1.0,0.789
2024-09-01,1030,Catalina,Cross Country,3,9,25,16,16,0.64,0.783
2024-10-01,1030,Catalina,Cross Country,3,11,15,4,4,0.26666666666666666,0.738
2024-11-01,1030,Catalina,Cross Country,3,14,24,10,10,0.4166666666666667,0.906
2024-12-01,1030,Catalina,Cross Country,3,16,8,-8,8,1.0,0.735
2025-01-01,1030,Catalina,Cross Country,3,12,11,-1,1,0.09090909090909091,0.767
2025-02-01,1030,Catalina,Cross Country,3,14,16,2,2,0.125,1.0
2025-03-01,1030,Catalina,Cross Country,3,18,21,3,3,0.14285714285714285,1.5
2025-04-01,1030,Catalina,Cross Country,3,27,25,-2,2,0.08,1.714
2025-05-01,1030,Catalina,Cross Country,3,30,49,19,19,0.3877551020408163,1.473
2025-06-01,1030,Catalina,Cross Country,3,36,26,-10,10,0.38461538461538464,1.13
2025-07-01,1030,Catalina,Cross Country,3,30,14,-16,16,1.1428571428571428,0.896
2025-08-01,1030,Catalina,Cross Country,3,23,22,-1,1,0.045454545454545456,0.789
2025-09-01,1030,Catalina,Cross Country,3,16,17,1,1,0.058823529411764705,0.783
2025-10-01,1030,Catalina,Cross Country,3,13,29,16,16,0.5517241379310345,0.738
2025-11-01,1030,Catalina,Cross Country,3,21,6,-15,15,2.5,0.906
2025-12-01,1030,Catalina,Cross Country,3,13,5,-8,8,1.6,0.735
2022-04-01,1031,Rincon,Downcountry,3,0,0,0,0,,1.714
2022-05-01,1031,Rincon,Downcountry,3,0,2,2,2,1.0,1.473
2022-06-01,1031,Rincon,Downcountry,3,1,1,0,0,0.0,1.13
2022-07-01,1031,Rincon,Downcountry,3,1,0,-1,1,,0.896
2022-08-01,1031,Rincon,Downcountry,3,1,0,-1,1,,0.789
2022-09-01,1031,Rincon,Downcountry,3,0,1,1,1,1.0,0.783
2022-10-01,1031,Rincon,Downcountry,3,0,0,0,0,,0.738
2022-11-01,1031,Rincon,Downcountry,3,0,4,4,4,1.0,0.906
2022-12-01,1031,Rincon,Downcountry,3,1,3,2,2,0.6666666666666666,0.735
2023-01-01,1031,Rincon,Downcountry,3,2,1,-1,1,1.0,0.767
2023-02-01,1031,Rincon,Downcountry,3,3,3,0,0,0.0,1.0
2023-03-01,1031,Rincon,Downcountry,3,4,0,-4,4,,1.5
2023-04-01,1031,Rincon,Downcountry,3,2,7,5,5,0.7142857142857143,1.714
2023-05-01,1031,Rincon,Downcountry,3,5,0,-5,5,,1.473
2023-06-01,1031,Rincon,Downcountry,3,3,5,2,2,0.4,1.13
2023-07-01,1031,Rincon,Downcountry,3,4,1,-3,3,3.0,0.896
2023-08-01,1031,Rincon,Downcountry,3,2,3,1,1,0.3333333333333333,0.789
2023-09-01,1031,Rincon,Downcountry,3,2,0,-2,2,,0.783
2023-10-01,1031,Rincon,Downcountry,3,1,5,4,4,0.8,0.738
2023-11-01,1031,Rincon,Downcountry,3,2,1,-1,1,1.0,0.906
2023-12-01,1031,Rincon,Downcountry,3,1,0,-1,1,,0.735
2024-01-01,1031,Rincon,Downcountry,3,2,5,3,3,0.6,0.767
2024-02-01,1031,Rincon,Downcountry,3,2,0,-2,2,,1.0
2024-03-01,1031,Rincon,Downcountry,3,2,4,2,2,0.5,1.5
2024-04-01,1031,Rincon,Downcountry,3,5,4,-1,1,0.25,1.714
2024-05-01,1031,Rincon,Downcountry,3,4,5,1,1,0.2,1.473
2024-06-01,1031,Rincon,Downcountry,3,5,2,-3,3,1.5,1.13
2024-07-01,1031,Rincon,Downcountry,3,3,7,4,4,0.5714285714285714,0.896
2024-08-01,1031,Rincon,Downcountry,3,4,3,-1,1,0.3333333333333333,0.789
2024-09-01,1031,Rincon,Downcountry,3,3,5,2,2,0.4,0.783
2024-10-01,1031,Rincon,Downcountry,3,4,4,0,0,0.0,0.738
2024-11-01,1031,Rincon,Downcountry,3,4,2,-2,2,1.0,0.906
2024-12-01,1031,Rincon,Downcountry,3,3,0,-3,3,,0.735
2025-01-01,1031,Rincon,Downcountry,3,2,0,-2,2,,0.767
2025-02-01,1031,Rincon,Downcountry,3,1,0,-1,1,,1.0
2025-03-01,1031,Rincon,Downcountry,3,0,1,1,1,1.0,1.5
2025-04-01,1031,Rincon,Downcountry,3,1,5,4,4,0.8,1.714
2025-05-01,1031,Rincon,Downcountry,3,3,0,-3,3,,1.473
2025-06-01,1031,Rincon,Downcountry,3,2,0,-2,2,,1.13
2025-07-01,1031,Rincon,Downcountry,3,1,10,9,9,0.9,0.896
2025-08-01,1031,Rincon,Downcountry,3,3,3,0,0,0.0,0.789
2025-09-01,1031,Rincon,Downcountry,3,3,2,-1,1,0.5,0.783
2025-10-01,1031,Rincon,Downcountry,3,4,2,-2,2,1.0,0.738
2025-11-01,1031,Rincon,Downcountry,3,2,8,6,6,0.75,0.906
2025-12-01,1031,Rincon,Downcountry,3,3,0,-3,3,,0.735
2022-04-01,1032,Rincon,Downcountry,3,6,2,-4,4,2.0,1.714
2022-05-01,1032,Rincon,Downcountry,3,4,6,2,2,0.3333333333333333,1.473
2022-06-01,1032,Rincon,Downcountry,3,5,4,-1,1,0.25,1.13
2022-07-01,1032,Rincon,Downcountry,3,4,2,-2,2,1.0,0.896
2022-08-01,1032,Rincon,Downcountry,3,3,2,-1,1,0.5,0.789
2022-09-01,1032,Rincon,Downcountry,3,2,0,-2,2,,0.783
2022-10-01,1032,Rincon,Downcountry,3,1,1,0,0,0.0,0.738
2022-11-01,1032,Rincon,Downcountry,3,1,1,0,0,0.0,0.906
2022-12-01,1032,Rincon,Downcountry,3,0,0,0,0,,0.735
2023-01-01,1032,Rincon,Downcountry,3,1,6,5,5,0.8333333333333334,0.767
2023-02-01,1032,Rincon,Downcountry,3,2,0,-2,2,,1.0
2023-03-01,1032,Rincon,Downcountry,3,3,0,-3,3,,1.5
2023-04-01,1032,Rincon,Downcountry,3,3,1,-2,2,2.0,1.714
2023-05-01,1032,Rincon,Downcountry,3,0,7,7,7,1.0,1.473
2023-06-01,1032,Rincon,Downcountry,3,3,5,2,2,0.4,1.13
2023-07-01,1032,Rincon,Downcountry,3,4,2,-2,2,1.0,0.896
2023-08-01,1032,Rincon,Downcountry,3,4,3,-1,1,0.3333333333333333,0.789
2023-09-01,1032,Rincon,Downcountry,3,3,2,-1,1,0.5,0.783
2023-10-01,1032,Rincon,Downcountry,3,2,2,0,0,0.0,0.738
2023-11-01,1032,Rincon,Downcountry,3,2,0,-2,2,,0.906
2023-12-01,1032,Rincon,Downcountry,3,1,8,7,7,0.875,0.735
2024-01-01,1032,Rincon,Downcountry,3,3,1,-2,2,2.0,0.767
2024-02-01,1032,Rincon,Downcountry,3,3,3,0,0,0.0,1.0
2024-03-01,1032,Rincon,Downcountry,3,6,6,0,0,0.0,1.5
2024-04-01,1032,Rincon,Downcountry,3,6,5,-1,1,0.2,1.714
2024-05-01,1032,Rincon,Downcountry,3,7,2,-5,5,2.5,1.473
2024-06-01,1032,Rincon,Downcountry,3,5,17,12,12,0.7058823529411765,1.13
2024-07-01,1032,Rincon,Downcountry,3,7,3,-4,4,1.3333333333333333,0.896
2024-08-01,1032,Rincon,Downcountry,3,6,6,0,0,0.0,0.789
2024-09-01,1032,Rincon,Downcountry,3,7,2,-5,5,2.5,0.783
2024-10-01,1032,Rincon,Downcountry,3,3,0,-3,3,,0.738
2024-11-01,1032,Rincon,Downcountry,3,2,5,3,3,0.6,0.906
2024-12-01,1032,Rincon,Downcountry,3,2,3,1,1,0.3333333333333333,0.735
2025-01-01,1032,Rincon,Downcountry,3,2,3,1,1,0.3333333333333333,0.767
2025-02-01,1032,Rincon,Downcountry,3,4,0,-4,4,,1.0
2025-03-01,1032,Rincon,Downcountry,3,3,0,-3,3,,1.5
2025-04-01,1032,Rincon,Downcountry,3,2,0,-2,2,,1.714
2025-05-01,1032,Rincon,Downcountry,3,0,4,4,4,1.0,1.473
2025-06-01,1032,Rincon,Downcountry,3,2,0,-2,2,,1.13
2025-07-01,1032,Rincon,Downcountry,3,1,3,2,2,0.6666666666666666,0.896
2025-08-01,1032,Rincon,Downcountry,3,2,1,-1,1,1.0,0.789
2025-09-01,1032,Rincon,Downcountry,3,1,4,3,3,0.75,0.783
2025-10-01,1032,Rincon,Downcountry,3,2,9,7,7,0.7777777777777778,0.738
2025-11-01,1032,Rincon,Downcountry,3,4,3,-1,1,0.3333333333333333,0.906
2025-12-01,1032,Rincon,Downcountry,3,4,0,-4,4,,0.735
2022-04-01,1033,Rincon,Downcountry,3,2,8,6,6,0.75,1.714
2022-05-01,1033,Rincon,Downcountry,3,4,5,1,1,0.2,1.473
2022-06-01,1033,Rincon,Downcountry,3,5,4,-1,1,0.25,1.13
2022-07-01,1033,Rincon,Downcountry,3,5,0,-5,5,,0.896
2022-08-01,1033,Rincon,Downcountry,3,2,0,-2,2,,0.789
2022-09-01,1033,Rincon,Downcountry,3,1,1,0,0,0.0,0.783
2022-10-01,1033,Rincon,Downcountry,3,0,2,2,2,1.0,0.738
2022-11-01,1033,Rincon,Downcountry,3,1,0,-1,1,,0.906
2022-12-01,1033,Rincon,Downcountry,3,1,4,3,3,0.75,0.735
2023-01-01,1033,Rincon,Downcountry,3,2,3,1,1,0.3333333333333333,0.767
2023-02-01,1033,Rincon,Downcountry,3,2,1,-1,1,1.0,1.0
2023-03-01,1033,Rincon,Downcountry,3,4,0,-4,4,,1.5
2023-04-01,1033,Rincon,Downcountry,3,2,1,-1,1,1.0,1.714
2023-05-01,1033,Rincon,Downcountry,3,1,0,-1,1,,1.473
2023-06-01,1033,Rincon,Downcountry,3,0,6,6,6,1.0,1.13
2023-07-01,1033,Rincon,Downcountry,3,2,0,-2,2,,0.896
2023-08-01,1033,Rincon,Downcountry,3,2,5,3,3,0.6,0.789
2023-09-01,1033,Rincon,Downcountry,3,3,0,-3,3,,0.783
2023-10-01,1033,Rincon,Downcountry,3,1,0,-1,1,,0.738
2023-11-01,1033,Rincon,Downcountry,3,2,0,-2,2,,0.906
2023-12-01,1033,Rincon,Downcountry,3,0,1,1,1,1.0,0.735
2024-01-01,1033,Rincon,Downcountry,3,0,4,4,4,1.0,0.767
2024-02-01,1033,Rincon,Downcountry,3,2,3,1,1,0.3333333333333333,1.0
2024-03-01,1033,Rincon,Downcountry,3,4,4,0,0,0.0,1.5
2024-04-01,1033,Rincon,Downcountry,3,6,2,-4,4,2.0,1.714
2024-05-01,1033,Rincon,Downcountry,3,4,15,11,11,0.7333333333333333,1.473
2024-06-01,1033,Rincon,Downcountry,3,8,10,2,2,0.2,1.13
2024-07-01,1033,Rincon,Downcountry,3,8,3,-5,5,1.6666666666666667,0.896
2024-08-01,1033,Rincon,Downcountry,3,7,1,-6,6,6.0,0.789
2024-09-01,1033,Rincon,Downcountry,3,4,0,-4,4,,0.783
2024-10-01,1033,Rincon,Downcountry,3,1,0,-1,1,,0.738
2024-11-01,1033,Rincon,Downcountry,3,0,0,0,0,,0.906
2024-12-01,1033,Rincon,Downcountry,3,0,0,0,0,,0.735
2025-01-01,1033,Rincon,Downcountry,3,0,1,1,1,1.0,0.767
2025-02-01,1033,Rincon,Downcountry,3,0,6,6,6,1.0,1.0
2025-03-01,1033,Rincon,Downcountry,3,4,2,-2,2,1.0,1.5
2025-04-01,1033,Rincon,Downcountry,3,5,1,-4,4,4.0,1.714
2025-05-01,1033,Rincon,Downcountry,3,4,3,-1,1,0.3333333333333333,1.473
2025-06-01,1033,Rincon,Downcountry,3,2,4,2,2,0.5,1.13
2025-07-01,1033,Rincon,Downcountry,3,2,1,-1,1,1.0,0.896
2025-08-01,1033,Rincon,Downcountry,3,2,1,-1,1,1.0,0.789
2025-09-01,1033,Rincon,Downcountry,3,2,0,-2,2,,0.783
2025-10-01,1033,Rincon,Downcountry,3,0,1,1,1,1.0,0.738
2025-11-01,1033,Rincon,Downcountry,3,1,0,-1,1,,0.906
2025-12-01,1033,Rincon,Downcountry,3,0,3,3,3,1.0,0.735
2022-04-01,1034,Rincon,Downcountry,3,2,9,7,7,0.7777777777777778,1.714
2022-05-01,1034,Rincon,Downcountry,3,4,5,1,1,0.2,1.473
2022-06-01,1034,Rincon,Downcountry,3,5,7,2,2,0.2857142857142857,1.13
2022-07-01,1034,Rincon,Downcountry,3,6,0,-6,6,,0.896
2022-08-01,1034,Rincon,Downcountry,3,3,1,-2,2,2.0,0.789
2022-09-01,1034,Rincon,Downcountry,3,2,2,0,0,0.0,0.783
2022-10-01,1034,Rincon,Downcountry,3,1,0,-1,1,,0.738
2022-11-01,1034,Rincon,Downcountry,3,1,0,-1,1,,0.906
2022-12-01,1034,Rincon,Downcountry,3,0,0,0,0,,0.735
2023-01-01,1034,Rincon,Downcountry,3,0,0,0,0,,0.767
2023-02-01,1034,Rincon,Downcountry,3,0,0,0,0,,1.0
2023-03-01,1034,Rincon,Downcountry,3,0,3,3,3,1.0,1.5
2023-04-01,1034,Rincon,Downcountry,3,2,1,-1,1,1.0,1.714
2023-05-01,1034,Rincon,Downcountry,3,2,5,3,3,0.6,1.473
2023-06-01,1034,Rincon,Downcountry,3,3,5,2,2,0.4,1.13
2023-07-01,1034,Rincon,Downcountry,3,3,6,3,3,0.5,0.896
2023-08-01,1034,Rincon,Downcountry,3,4,0,-4,4,,0.789
2023-09-01,1034,Rincon,Downcountry,3,3,0,-3,3,,0.783
2023-10-01,1034,Rincon,Downcountry,3,1,0,-1,1,,0.738
2023-11-01,1034,Rincon,Downcountry,3,0,3,3,3,1.0,0.906
2023-12-01,1034,Rincon,Downcountry,3,1,0,-1,1,,0.735
2024-01-01,1034,Rincon,Downcountry,3,1,0,-1,1,,0.767
2024-02-01,1034,Rincon,Downcountry,3,1,2,1,1,0.5,1.0
2024-03-01,1034,Rincon,Downcountry,3,1,0,-1,1,,1.5
2024-04-01,1034,Rincon,Downcountry,3,1,8,7,7,0.875,1.714
2024-05-01,1034,Rincon,Downcountry,3,5,3,-2,2,0.6666666666666666,1.473
2024-06-01,1034,Rincon,Downcountry,3,4,1,-3,3,3.0,1.13
2024-07-01,1034,Rincon,Downcountry,3,4,6,2,2,0.3333333333333333,0.896
2024-08-01,1034,Rincon,Downcountry,3,3,0,-3,3,,0.789
2024-09-01,1034,Rincon,Downcountry,3,2,1,-1,1,1.0,0.783
2024-10-01,1034,Rincon,Downcountry,3,2,6,4,4,0.6666666666666666,0.738
2024-11-01,1034,Rincon,Downcountry,3,2,5,3,3,0.6,0.906
2024-12-01,1034,Rincon,Downcountry,3,3,1,-2,2,2.0,0.735
2025-01-01,1034,Rincon,Downcountry,3,3,1,-2,2,2.0,0.767
2025-02-01,1034,Rincon,Downcountry,3,2,0,-2,2,,1.0
2025-03-01,1034,Rincon,Downcountry,3,1,3,2,2,0.6666666666666666,1.5
2025-04-01,1034,Rincon,Downcountry,3,2,3,1,1,0.3333333333333333,1.714
2025-05-01,1034,Rincon,Downcountry,3,3,1,-2,2,2.0,1.473
2025-06-01,1034,Rincon,Downcountry,3,3,4,1,1,0.25,1.13
2025-07-01,1034,Rincon,Downcountry,3,2,4,2,2,0.5,0.896
2025-08-01,1034,Rincon,Downcountry,3,2,3,1,1,0.3333333333333333,0.789
2025-09-01,1034,Rincon,Downcountry,3,3,5,2,2,0.4,0.783
2025-10-01,1034,Rincon,Downcountry,3,3,0,-3,3,,0.738
2025-11-01,1034,Rincon,Downcountry,3,2,4,2,2,0.5,0.906
2025-12-01,1034,Rincon,Downcountry,3,2,0,-2,2,,0.735
2022-04-01,1035,Rincon,Downcountry,3,1,1,0,0,0.0,1.714
2022-05-01,1035,Rincon,Downcountry,3,1,2,1,1,0.5,1.473
2022-06-01,1035,Rincon,Downcountry,3,1,3,2,2,0.6666666666666666,1.13
2022-07-01,1035,Rincon,Downcountry,3,2,3,1,1,0.3333333333333333,0.896
2022-08-01,1035,Rincon,Downcountry,3,2,4,2,2,0.5,0.789
2022-09-01,1035,Rincon,Downcountry,3,3,3,0,0,0.0,0.783
2022-10-01,1035,Rincon,Downcountry,3,2,1,-1,1,1.0,0.738
2022-11-01,1035,Rincon,Downcountry,3,2,5,3,3,0.6,0.906
2022-12-01,1035,Rincon,Downcountry,3,2,1,-1,1,1.0,0.735
2023-01-01,1035,Rincon,Downcountry,3,2,0,-2,2,,0.767
2023-02-01,1035,Rincon,Downcountry,3,2,3,1,1,0.3333333333333333,1.0
2023-03-01,1035,Rincon,Downcountry,3,2,11,9,9,0.8181818181818182,1.5
2023-04-01,1035,Rincon,Downcountry,3,8,6,-2,2,0.3333333333333333,1.714
2023-05-01,1035,Rincon,Downcountry,3,10,4,-6,6,1.5,1.473
2023-06-01,1035,Rincon,Downcountry,3,8,2,-6,6,3.0,1.13
2023-07-01,1035,Rincon,Downcountry,3,4,0,-4,4,,0.896
2023-08-01,1035,Rincon,Downcountry,3,2,4,2,2,0.5,0.789
2023-09-01,1035,Rincon,Downcountry,3,2,1,-1,1,1.0,0.783
2023-10-01,1035,Rincon,Downcountry,3,1,0,-1,1,,0.738
2023-11-01,1035,Rincon,Downcountry,3,2,2,0,0,0.0,0.906
2023-12-01,1035,Rincon,Downcountry,3,1,3,2,2,0.6666666666666666,0.735
2024-01-01,1035,Rincon,Downcountry,3,1,1,0,0,0.0,0.767
2024-02-01,1035,Rincon,Downcountry,3,2,0,-2,2,,1.0
2024-03-01,1035,Rincon,Downcountry,3,2,1,-1,1,1.0,1.5
2024-04-01,1035,Rincon,Downcountry,3,1,1,0,0,0.0,1.714
2024-05-01,1035,Rincon,Downcountry,3,1,8,7,7,0.875,1.473
2024-06-01,1035,Rincon,Downcountry,3,4,5,1,1,0.2,1.13
2024-07-01,1035,Rincon,Downcountry,3,4,1,-3,3,3.0,0.896
2024-08-01,1035,Rincon,Downcountry,3,4,5,1,1,0.2,0.789
2024-09-01,1035,Rincon,Downcountry,3,3,7,4,4,0.5714285714285714,0.783
2024-10-01,1035,Rincon,Downcountry,3,3,0,-3,3,,0.738
2024-11-01,1035,Rincon,Downcountry,3,4,3,-1,1,0.3333333333333333,0.906
2024-12-01,1035,Rincon,Downcountry,3,2,5,3,3,0.6,0.735
2025-01-01,1035,Rincon,Downcountry,3,2,0,-2,2,,0.767
2025-02-01,1035,Rincon,Downcountry,3,3,0,-3,3,,1.0
2025-03-01,1035,Rincon,Downcountry,3,2,1,-1,1,1.0,1.5
2025-04-01,1035,Rincon,Downcountry,3,1,2,1,1,0.5,1.714
2025-05-01,1035,Rincon,Downcountry,3,1,8,7,7,0.875,1.473
2025-06-01,1035,Rincon,Downcountry,3,4,8,4,4,0.5,1.13
2025-07-01,1035,Rincon,Downcountry,3,5,2,-3,3,1.5,0.896
2025-08-01,1035,Rincon,Downcountry,3,5,0,-5,5,,0.789
2025-09-01,1035,Rincon,Downcountry,3,3,2,-1,1,0.5,0.783
2025-10-01,1035,Rincon,Downcountry,3,1,1,0,0,0.0,0.738
2025-11-01,1035,Rincon,Downcountry,3,1,11,10,10,0.9090909090909091,0.906
2025-12-01,1035,Rincon,Downcountry,3,3,3,0,0,0.0,0.735
2022-04-01,1036,Rincon,Downcountry,3,8,0,-8,8,,1.714
2022-05-01,1036,Rincon,Downcountry,3,4,0,-4,4,,1.473
2022-06-01,1036,Rincon,Downcountry,3,3,5,2,2,0.4,1.13
2022-07-01,1036,Rincon,Downcountry,3,1,0,-1,1,,0.896
2022-08-01,1036,Rincon,Downcountry,3,1,0,-1,1,,0.789
2022-09-01,1036,Rincon,Downcountry,3,1,10,9,9,0.9,0.783
2022-10-01,1036,Rincon,Downcountry,3,2,4,2,2,0.5,0.738
2022-11-01,1036,Rincon,Downcountry,3,4,5,1,1,0.2,0.906
2022-12-01,1036,Rincon,Downcountry,3,5,4,-1,1,0.25,0.735
2023-01-01,1036,Rincon,Downcountry,3,3,0,-3,3,,0.767
2023-02-01,1036,Rincon,Downcountry,3,3,1,-2,2,2.0,1.0
2023-03-01,1036,Rincon,Downcountry,3,2,7,5,5,0.7142857142857143,1.5
2023-04-01,1036,Rincon,Downcountry,3,5,4,-1,1,0.25,1.714
2023-05-01,1036,Rincon,Downcountry,3,6,2,-4,4,2.0,1.473
2023-06-01,1036,Rincon,Downcountry,3,5,3,-2,2,0.6666666666666666,1.13
2023-07-01,1036,Rincon,Downcountry,3,3,4,1,1,0.25,0.896
2023-08-01,1036,Rincon,Downcountry,3,2,5,3,3,0.6,0.789
2023-09-01,1036,Rincon,Downcountry,3,3,1,-2,2,2.0,0.783
2023-10-01,1036,Rincon,Downcountry,3,2,0,-2,2,,0.738
2023-11-01,1036,Rincon,Downcountry,3,2,1,-1,1,1.0,0.906
2023-12-01,1036,Rincon,Downcountry,3,0,0,0,0,,0.735
2024-01-01,1036,Rincon,Downcountry,3,0,2,2,2,1.0,0.767
2024-02-01,1036,Rincon,Downcountry,3,1,0,-1,1,,1.0
2024-03-01,1036,Rincon,Downcountry,3,1,4,3,3,0.75,1.5
2024-04-01,1036,Rincon,Downcountry,3,3,1,-2,2,2.0,1.714
2024-05-01,1036,Rincon,Downcountry,3,2,12,10,10,0.8333333333333334,1.473
2024-06-01,1036,Rincon,Downcountry,3,6,1,-5,5,5.0,1.13
2024-07-01,1036,Rincon,Downcountry,3,4,2,-2,2,1.0,0.896
2024-08-01,1036,Rincon,Downcountry,3,4,0,-4,4,,0.789
2024-09-01,1036,Rincon,Downcountry,3,1,3,2,2,0.6666666666666666,0.783
2024-10-01,1036,Rincon,Downcountry,3,1,6,5,5,0.8333333333333334,0.738
2024-11-01,1036,Rincon,Downcountry,3,3,2,-1,1,0.5,0.906
2024-12-01,1036,Rincon,Downcountry,3,3,4,1,1,0.25,0.735
2025-01-01,1036,Rincon,Downcountry,3,3,5,2,2,0.4,0.767
2025-02-01,1036,Rincon,Downcountry,3,4,6,2,2,0.3333333333333333,1.0
2025-03-01,1036,Rincon,Downcountry,3,8,2,-6,6,3.0,1.5
2025-04-01,1036,Rincon,Downcountry,3,7,2,-5,5,2.5,1.714
2025-05-01,1036,Rincon,Downcountry,3,5,3,-2,2,0.6666666666666666,1.473
2025-06-01,1036,Rincon,Downcountry,3,3,5,2,2,0.4,1.13
2025-07-01,1036,Rincon,Downcountry,3,3,6,3,3,0.5,0.896
2025-08-01,1036,Rincon,Downcountry,3,4,2,-2,2,1.0,0.789
2025-09-01,1036,Rincon,Downcountry,3,3,4,1,1,0.25,0.783
2025-10-01,1036,Rincon,Downcountry,3,3,2,-1,1,0.5,0.738
2025-11-01,1036,Rincon,Downcountry,3,2,1,-1,1,1.0,0.906
2025-12-01,1036,Rincon,Downcountry,3,2,0,-2,2,,0.735
2022-04-01,1037,Rincon,Downcountry,3,12,16,4,4,0.25,1.714
2022-05-01,1037,Rincon,Downcountry,3,14,16,2,2,0.125,1.473
2022-06-01,1037,Rincon,Downcountry,3,14,12,-2,2,0.16666666666666666,1.13
2022-07-01,1037,Rincon,Downcountry,3,13,10,-3,3,0.3,0.896
2022-08-01,1037,Rincon,Downcountry,3,10,17,7,7,0.4117647058823529,0.789
2022-09-01,1037,Rincon,Downcountry,3,10,13,3,3,0.23076923076923078,0.783
2022-10-01,1037,Rincon,Downcountry,3,10,2,-8,8,4.0,0.738
2022-11-01,1037,Rincon,Downcountry,3,10,4,-6,6,1.5,0.906
2022-12-01,1037,Rincon,Downcountry,3,5,8,3,3,0.375,0.735
2023-01-01,1037,Rincon,Downcountry,3,4,9,5,5,0.5555555555555556,0.767
2023-02-01,1037,Rincon,Downcountry,3,7,1,-6,6,6.0,1.0
2023-03-01,1037,Rincon,Downcountry,3,9,8,-1,1,0.125,1.5
2023-04-01,1037,Rincon,Downcountry,3,10,7,-3,3,0.42857142857142855,1.714
2023-05-01,1037,Rincon,Downcountry,3,8,16,8,8,0.5,1.473
2023-06-01,1037,Rincon,Downcountry,3,12,3,-9,9,3.0,1.13
2023-07-01,1037,Rincon,Downcountry,3,8,15,7,7,0.4666666666666667,0.896
2023-08-01,1037,Rincon,Downcountry,3,9,8,-1,1,0.125,0.789
2023-09-01,1037,Rincon,Downcountry,3,7,5,-2,2,0.4,0.783
2023-10-01,1037,Rincon,Downcountry,3,7,12,5,5,0.4166666666666667,0.738
2023-11-01,1037,Rincon,Downcountry,3,8,0,-8,8,,0.906
2023-12-01,1037,Rincon,Downcountry,3,4,7,3,3,0.42857142857142855,0.735
2024-01-01,1037,Rincon,Downcountry,3,5,7,2,2,0.2857142857142857,0.767
2024-02-01,1037,Rincon,Downcountry,3,5,7,2,2,0.2857142857142857,1.0
2024-03-01,1037,Rincon,Downcountry,3,10,12,2,2,0.16666666666666666,1.5
2024-04-01,1037,Rincon,Downcountry,3,15,10,-5,5,0.5,1.714
2024-05-01,1037,Rincon,Downcountry,3,14,3,-11,11,3.6666666666666665,1.473
2024-06-01,1037,Rincon,Downcountry,3,9,8,-1,1,0.125,1.13
2024-07-01,1037,Rincon,Downcountry,3,6,22,16,16,0.7272727272727273,0.896
2024-08-01,1037,Rincon,Downcountry,3,9,10,1,1,0.1,0.789
2024-09-01,1037,Rincon,Downcountry,3,10,7,-3,3,0.42857142857142855,0.783
2024-10-01,1037,Rincon,Downcountry,3,10,6,-4,4,0.6666666666666666,0.738
2024-11-01,1037,Rincon,Downcountry,3,7,10,3,3,0.3,0.906
2024-12-01,1037,Rincon,Downcountry,3,6,7,1,1,0.14285714285714285,0.735
2025-01-01,1037,Rincon,Downcountry,3,6,12,6,6,0.5,0.767
2025-02-01,1037,Rincon,Downcountry,3,10,4,-6,6,1.5,1.0
2025-03-01,1037,Rincon,Downcountry,3,12,7,-5,5,0.7142857142857143,1.5
2025-04-01,1037,Rincon,Downcountry,3,13,8,-5,5,0.625,1.714
2025-05-01,1037,Rincon,Downcountry,3,9,15,6,6,0.4,1.473
2025-06-01,1037,Rincon,Downcountry,3,11,16,5,5,0.3125,1.13
2025-07-01,1037,Rincon,Downcountry,3,12,3,-9,9,3.0,0.896
2025-08-01,1037,Rincon,Downcountry,3,9,10,1,1,0.1,0.789
2025-09-01,1037,Rincon,Downcountry,3,8,21,13,13,0.6190476190476191,0.783
2025-10-01,1037,Rincon,Downcountry,3,8,11,3,3,0.2727272727272727,0.738
2025-11-01,1037,Rincon,Downcountry,3,13,10,-3,3,0.3,0.906
2025-12-01,1037,Rincon,Downcountry,3,10,7,-3,3,0.42857142857142855,0.735
2022-04-01,1038,Rincon,Downcountry,3,11,6,-5,5,0.8333333333333334,1.714
2022-05-01,1038,Rincon,Downcountry,3,10,10,0,0,0.0,1.473
2022-06-01,1038,Rincon,Downcountry,3,11,6,-5,5,0.8333333333333334,1.13
2022-07-01,1038,Rincon,Downcountry,3,7,12,5,5,0.4166666666666667,0.896
2022-08-01,1038,Rincon,Downcountry,3,7,9,2,2,0.2222222222222222,0.789
2022-09-01,1038,Rincon,Downcountry,3,7,11,4,4,0.36363636363636365,0.783
2022-10-01,1038,Rincon,Downcountry,3,8,11,3,3,0.2727272727272727,0.738
2022-11-01,1038,Rincon,Downcountry,3,9,10,1,1,0.1,0.906
2022-12-01,1038,Rincon,Downcountry,3,8,20,12,12,0.6,0.735
2023-01-01,1038,Rincon,Downcountry,3,10,4,-6,6,1.5,0.767
2023-02-01,1038,Rincon,Downcountry,3,11,16,5,5,0.3125,1.0
2023-03-01,1038,Rincon,Downcountry,3,20,9,-11,11,1.2222222222222223,1.5
2023-04-01,1038,Rincon,Downcountry,3,17,12,-5,5,0.4166666666666667,1.714
2023-05-01,1038,Rincon,Downcountry,3,18,11,-7,7,0.6363636363636364,1.473
2023-06-01,1038,Rincon,Downcountry,3,12,5,-7,7,1.4,1.13
2023-07-01,1038,Rincon,Downcountry,3,8,11,3,3,0.2727272727272727,0.896
2023-08-01,1038,Rincon,Downcountry,3,7,14,7,7,0.5,0.789
2023-09-01,1038,Rincon,Downcountry,3,8,2,-6,6,3.0,0.783
2023-10-01,1038,Rincon,Downcountry,3,7,7,0,0,0.0,0.738
2023-11-01,1038,Rincon,Downcountry,3,7,4,-3,3,0.75,0.906
2023-12-01,1038,Rincon,Downcountry,3,3,7,4,4,0.5714285714285714,0.735
2024-01-01,1038,Rincon,Downcountry,3,5,11,6,6,0.5454545454545454,0.767
2024-02-01,1038,Rincon,Downcountry,3,7,6,-1,1,0.16666666666666666,1.0
2024-03-01,1038,Rincon,Downcountry,3,12,13,1,1,0.07692307692307693,1.5
2024-04-01,1038,Rincon,Downcountry,3,17,15,-2,2,0.13333333333333333,1.714
2024-05-01,1038,Rincon,Downcountry,3,17,10,-7,7,0.7,1.473
2024-06-01,1038,Rincon,Downcountry,3,14,19,5,5,0.2631578947368421,1.13
2024-07-01,1038,Rincon,Downcountry,3,13,15,2,2,0.13333333333333333,0.896
2024-08-01,1038,Rincon,Downcountry,3,12,9,-3,3,0.3333333333333333,0.789
2024-09-01,1038,Rincon,Downcountry,3,11,5,-6,6,1.2,0.783
2024-10-01,1038,Rincon,Downcountry,3,7,4,-3,3,0.75,0.738
2024-11-01,1038,Rincon,Downcountry,3,5,5,0,0,0.0,0.906
2024-12-01,1038,Rincon,Downcountry,3,3,5,2,2,0.4,0.735
2025-01-01,1038,Rincon,Downcountry,3,4,13,9,9,0.6923076923076923,0.767
2025-02-01,1038,Rincon,Downcountry,3,8,9,1,1,0.1111111111111111,1.0
2025-03-01,1038,Rincon,Downcountry,3,14,5,-9,9,1.8,1.5
2025-04-01,1038,Rincon,Downcountry,3,15,3,-12,12,4.0,1.714
2025-05-01,1038,Rincon,Downcountry,3,8,3,-5,5,1.6666666666666667,1.473
2025-06-01,1038,Rincon,Downcountry,3,4,5,1,1,0.2,1.13
2025-07-01,1038,Rincon,Downcountry,3,3,24,21,21,0.875,0.896
2025-08-01,1038,Rincon,Downcountry,3,8,7,-1,1,0.14285714285714285,0.789
2025-09-01,1038,Rincon,Downcountry,3,9,15,6,6,0.4,0.783
2025-10-01,1038,Rincon,Downcountry,3,11,9,-2,2,0.2222222222222222,0.738
2025-11-01,1038,Rincon,Downcountry,3,9,12,3,3,0.25,0.906
2025-12-01,1038,Rincon,Downcountry,3,9,5,-4,4,0.8,0.735
2022-04-01,1039,Rincon,Downcountry,3,11,19,8,8,0.42105263157894735,1.714
2022-05-01,1039,Rincon,Downcountry,3,13,19,6,6,0.3157894736842105,1.473
2022-06-01,1039,Rincon,Downcountry,3,16,12,-4,4,0.3333333333333333,1.13
2022-07-01,1039,Rincon,Downcountry,3,15,23,8,8,0.34782608695652173,0.896
2022-08-01,1039,Rincon,Downcountry,3,14,12,-2,2,0.16666666666666666,0.789
2022-09-01,1039,Rincon,Downcountry,3,12,1,-11,11,11.0,0.783
2022-10-01,1039,Rincon,Downcountry,3,9,11,2,2,0.18181818181818182,0.738
2022-11-01,1039,Rincon,Downcountry,3,7,8,1,1,0.125,0.906
2022-12-01,1039,Rincon,Downcountry,3,5,6,1,1,0.16666666666666666,0.735
2023-01-01,1039,Rincon,Downcountry,3,6,5,-1,1,0.2,0.767
2023-02-01,1039,Rincon,Downcountry,3,6,2,-4,4,2.0,1.0
2023-03-01,1039,Rincon,Downcountry,3,6,4,-2,2,0.5,1.5
2023-04-01,1039,Rincon,Downcountry,3,6,12,6,6,0.5,1.714
2023-05-01,1039,Rincon,Downcountry,3,9,7,-2,2,0.2857142857142857,1.473
2023-06-01,1039,Rincon,Downcountry,3,9,12,3,3,0.25,1.13
2023-07-01,1039,Rincon,Downcountry,3,9,11,2,2,0.18181818181818182,0.896
2023-08-01,1039,Rincon,Downcountry,3,8,14,6,6,0.42857142857142855,0.789
2023-09-01,1039,Rincon,Downcountry,3,10,2,-8,8,4.0,0.783
2023-10-01,1039,Rincon,Downcountry,3,7,2,-5,5,2.5,0.738
2023-11-01,1039,Rincon,Downcountry,3,5,6,1,1,0.16666666666666666,0.906
2023-12-01,1039,Rincon,Downcountry,3,2,6,4,4,0.6666666666666666,0.735
2024-01-01,1039,Rincon,Downcountry,3,4,8,4,4,0.5,0.767
2024-02-01,1039,Rincon,Downcountry,3,7,9,2,2,0.2222222222222222,1.0
2024-03-01,1039,Rincon,Downcountry,3,12,19,7,7,0.3684210526315789,1.5
2024-04-01,1039,Rincon,Downcountry,3,21,12,-9,9,0.75,1.714
2024-05-01,1039,Rincon,Downcountry,3,20,8,-12,12,1.5,1.473
2024-06-01,1039,Rincon,Downcountry,3,15,5,-10,10,2.0,1.13
2024-07-01,1039,Rincon,Downcountry,3,7,4,-3,3,0.75,0.896
2024-08-01,1039,Rincon,Downcountry,3,4,8,4,4,0.5,0.789
2024-09-01,1039,Rincon,Downcountry,3,4,12,8,8,0.6666666666666666,0.783
2024-10-01,1039,Rincon,Downcountry,3,6,19,13,13,0.6842105263157895,0.738
2024-11-01,1039,Rincon,Downcountry,3,12,2,-10,10,5.0,0.906
2024-12-01,1039,Rincon,Downcountry,3,8,1,-7,7,7.0,0.735
2025-01-01,1039,Rincon,Downcountry,3,6,1,-5,5,5.0,0.767
2025-02-01,1039,Rincon,Downcountry,3,1,0,-1,1,,1.0
2025-03-01,1039,Rincon,Downcountry,3,1,7,6,6,0.8571428571428571,1.5
2025-04-01,1039,Rincon,Downcountry,3,5,17,12,12,0.7058823529411765,1.714
2025-05-01,1039,Rincon,Downcountry,3,12,14,2,2,0.14285714285714285,1.473
2025-06-01,1039,Rincon,Downcountry,3,14,12,-2,2,0.16666666666666666,1.13
2025-07-01,1039,Rincon,Downcountry,3,13,3,-10,10,3.3333333333333335,0.896
2025-08-01,1039,Rincon,Downcountry,3,8,7,-1,1,0.14285714285714285,0.789
2025-09-01,1039,Rincon,Downcountry,3,6,17,11,11,0.6470588235294118,0.783
2025-10-01,1039,Rincon,Downcountry,3,7,11,4,4,0.36363636363636365,0.738
2025-11-01,1039,Rincon,Downcountry,3,11,20,9,9,0.45,0.906
2025-12-01,1039,Rincon,Downcountry,3,12,1,-11,11,11.0,0.735
2022-04-01,1040,Rincon,Downcountry,3,3,5,2,2,0.4,1.714
2022-05-01,1040,Rincon,Downcountry,3,3,22,19,19,0.8636363636363636,1.473
2022-06-01,1040,Rincon,Downcountry,3,11,18,7,7,0.3888888888888889,1.13
2022-07-01,1040,Rincon,Downcountry,3,13,17,4,4,0.23529411764705882,0.896
2022-08-01,1040,Rincon,Downcountry,3,15,14,-1,1,0.07142857142857142,0.789
2022-09-01,1040,Rincon,Downcountry,3,13,12,-1,1,0.08333333333333333,0.783
2022-10-01,1040,Rincon,Downcountry,3,11,4,-7,7,1.75,0.738
2022-11-01,1040,Rincon,Downcountry,3,9,5,-4,4,0.8,0.906
2022-12-01,1040,Rincon,Downcountry,3,5,3,-2,2,0.6666666666666666,0.735
2023-01-01,1040,Rincon,Downcountry,3,3,4,1,1,0.25,0.767
2023-02-01,1040,Rincon,Downcountry,3,4,5,1,1,0.2,1.0
2023-03-01,1040,Rincon,Downcountry,3,6,11,5,5,0.45454545454545453,1.5
2023-04-01,1040,Rincon,Downcountry,3,11,5,-6,6,1.2,1.714
2023-05-01,1040,Rincon,Downcountry,3,10,17,7,7,0.4117647058823529,1.473
2023-06-01,1040,Rincon,Downcountry,3,12,2,-10,10,5.0,1.13
2023-07-01,1040,Rincon,Downcountry,3,7,26,19,19,0.7307692307692307,0.896
2023-08-01,1040,Rincon,Downcountry,3,12,18,6,6,0.3333333333333333,0.789
2023-09-01,1040,Rincon,Downcountry,3,12,11,-1,1,0.09090909090909091,0.783
2023-10-01,1040,Rincon,Downcountry,3,14,9,-5,5,0.5555555555555556,0.738
2023-11-01,1040,Rincon,Downcountry,3,11,11,0,0,0.0,0.906
2023-12-01,1040,Rincon,Downcountry,3,8,1,-7,7,7.0,0.735
2024-01-01,1040,Rincon,Downcountry,3,5,2,-3,3,1.5,0.767
2024-02-01,1040,Rincon,Downcountry,3,5,14,9,9,0.6428571428571429,1.0
2024-03-01,1040,Rincon,Downcountry,3,8,15,7,7,0.4666666666666667,1.5
2024-04-01,1040,Rincon,Downcountry,3,18,8,-10,10,1.25,1.714
2024-05-01,1040,Rincon,Downcountry,3,18,4,-14,14,3.5,1.473
2024-06-01,1040,Rincon,Downcountry,3,10,16,6,6,0.375,1.13
2024-07-01,1040,Rincon,Downcountry,3,8,11,3,3,0.2727272727272727,0.896
2024-08-01,1040,Rincon,Downcountry,3,8,3,-5,5,1.6666666666666667,0.789
2024-09-01,1040,Rincon,Downcountry,3,8,4,-4,4,1.0,0.783
2024-10-01,1040,Rincon,Downcountry,3,4,9,5,5,0.5555555555555556,0.738
2024-11-01,1040,Rincon,Downcountry,3,5,13,8,8,0.6153846153846154,0.906
2024-12-01,1040,Rincon,Downcountry,3,6,2,-4,4,2.0,0.735
2025-01-01,1040,Rincon,Downcountry,3,6,7,1,1,0.14285714285714285,0.767
2025-02-01,1040,Rincon,Downcountry,3,7,6,-1,1,0.16666666666666666,1.0
2025-03-01,1040,Rincon,Downcountry,3,8,5,-3,3,0.6,1.5
2025-04-01,1040,Rincon,Downcountry,3,10,19,9,9,0.47368421052631576,1.714
2025-05-01,1040,Rincon,Downcountry,3,15,12,-3,3,0.25,1.473
2025-06-01,1040,Rincon,Downcountry,3,14,7,-7,7,1.0,1.13
2025-07-01,1040,Rincon,Downcountry,3,11,9,-2,2,0.2222222222222222,0.896
2025-08-01,1040,Rincon,Downcountry,3,7,12,5,5,0.4166666666666667,0.789
2025-09-01,1040,Rincon,Downcountry,3,7,8,1,1,0.125,0.783
2025-10-01,1040,Rincon,Downcountry,3,7,13,6,6,0.46153846153846156,0.738
2025-11-01,1040,Rincon,Downcountry,3,10,3,-7,7,2.3333333333333335,0.906
2025-12-01,1040,Rincon,Downcountry,3,6,3,-3,3,1.0,0.735
2022-04-01,1041,Rincon,Downcountry,3,14,8,-6,6,0.75,1.714
2022-05-01,1041,Rincon,Downcountry,3,13,13,0,0,0.0,1.473
2022-06-01,1041,Rincon,Downcountry,3,12,15,3,3,0.2,1.13
2022-07-01,1041,Rincon,Downcountry,3,11,15,4,4,0.26666666666666666,0.896
2022-08-01,1041,Rincon,Downcountry,3,11,2,-9,9,4.5,0.789
2022-09-01,1041,Rincon,Downcountry,3,8,2,-6,6,3.0,0.783
2022-10-01,1041,Rincon,Downcountry,3,5,6,1,1,0.16666666666666666,0.738
2022-11-01,1041,Rincon,Downcountry,3,3,8,5,5,0.625,0.906
2022-12-01,1041,Rincon,Downcountry,3,4,6,2,2,0.3333333333333333,0.735
2023-01-01,1041,Rincon,Downcountry,3,5,0,-5,5,,0.767
2023-02-01,1041,Rincon,Downcountry,3,5,2,-3,3,1.5,1.0
2023-03-01,1041,Rincon,Downcountry,3,4,6,2,2,0.3333333333333333,1.5
2023-04-01,1041,Rincon,Downcountry,3,5,15,10,10,0.6666666666666666,1.714
2023-05-01,1041,Rincon,Downcountry,3,11,4,-7,7,1.75,1.473
2023-06-01,1041,Rincon,Downcountry,3,9,15,6,6,0.4,1.13
2023-07-01,1041,Rincon,Downcountry,3,10,4,-6,6,1.5,0.896
2023-08-01,1041,Rincon,Downcountry,3,6,11,5,5,0.45454545454545453,0.789
2023-09-01,1041,Rincon,Downcountry,3,8,8,0,0,0.0,0.783
2023-10-01,1041,Rincon,Downcountry,3,6,6,0,0,0.0,0.738
2023-11-01,1041,Rincon,Downcountry,3,8,10,2,2,0.2,0.906
2023-12-01,1041,Rincon,Downcountry,3,6,6,0,0,0.0,0.735
2024-01-01,1041,Rincon,Downcountry,3,6,11,5,5,0.45454545454545453,0.767
2024-02-01,1041,Rincon,Downcountry,3,9,12,3,3,0.25,1.0
2024-03-01,1041,Rincon,Downcountry,3,14,2,-12,12,6.0,1.5
2024-04-01,1041,Rincon,Downcountry,3,14,8,-6,6,0.75,1.714
2024-05-01,1041,Rincon,Downcountry,3,11,9,-2,2,0.2222222222222222,1.473
2024-06-01,1041,Rincon,Downcountry,3,7,13,6,6,0.46153846153846156,1.13
2024-07-01,1041,Rincon,Downcountry,3,9,11,2,2,0.18181818181818182,0.896
2024-08-01,1041,Rincon,Downcountry,3,9,16,7,7,0.4375,0.789
2024-09-01,1041,Rincon,Downcountry,3,10,22,12,12,0.5454545454545454,0.783
2024-10-01,1041,Rincon,Downcountry,3,12,12,0,0,0.0,0.738
2024-11-01,1041,Rincon,Downcountry,3,15,4,-11,11,2.75,0.906
2024-12-01,1041,Rincon,Downcountry,3,9,5,-4,4,0.8,0.735
2025-01-01,1041,Rincon,Downcountry,3,5,3,-2,2,0.6666666666666666,0.767
2025-02-01,1041,Rincon,Downcountry,3,4,4,0,0,0.0,1.0
2025-03-01,1041,Rincon,Downcountry,3,6,5,-1,1,0.2,1.5
2025-04-01,1041,Rincon,Downcountry,3,7,4,-3,3,0.75,1.714
2025-05-01,1041,Rincon,Downcountry,3,6,21,15,15,0.7142857142857143,1.473
2025-06-01,1041,Rincon,Downcountry,3,11,0,-11,11,,1.13
2025-07-01,1041,Rincon,Downcountry,3,7,16,9,9,0.5625,0.896
2025-08-01,1041,Rincon,Downcountry,3,10,6,-4,4,0.6666666666666666,0.789
2025-09-01,1041,Rincon,Downcountry,3,6,14,8,8,0.5714285714285714,0.783
2025-10-01,1041,Rincon,Downcountry,3,9,13,4,4,0.3076923076923077,0.738
2025-11-01,1041,Rincon,Downcountry,3,10,4,-6,6,1.5,0.906
2025-12-01,1041,Rincon,Downcountry,3,8,6,-2,2,0.3333333333333333,0.735
2022-04-01,1042,Rincon,Downcountry,3,12,20,8,8,0.4,1.714
2022-05-01,1042,Rincon,Downcountry,3,18,20,2,2,0.1,1.473
2022-06-01,1042,Rincon,Downcountry,3,20,6,-14,14,2.3333333333333335,1.13
2022-07-01,1042,Rincon,Downcountry,3,14,8,-6,6,0.75,0.896
2022-08-01,1042,Rincon,Downcountry,3,9,8,-1,1,0.125,0.789
2022-09-01,1042,Rincon,Downcountry,3,6,5,-1,1,0.2,0.783
2022-10-01,1042,Rincon,Downcountry,3,5,12,7,7,0.5833333333333334,0.738
2022-11-01,1042,Rincon,Downcountry,3,8,0,-8,8,,0.906
2022-12-01,1042,Rincon,Downcountry,3,4,3,-1,1,0.3333333333333333,0.735
2023-01-01,1042,Rincon,Downcountry,3,4,1,-3,3,3.0,0.767
2023-02-01,1042,Rincon,Downcountry,3,1,8,7,7,0.875,1.0
2023-03-01,1042,Rincon,Downcountry,3,6,12,6,6,0.5,1.5
2023-04-01,1042,Rincon,Downcountry,3,12,4,-8,8,2.0,1.714
2023-05-01,1042,Rincon,Downcountry,3,12,10,-2,2,0.2,1.473
2023-06-01,1042,Rincon,Downcountry,3,10,8,-2,2,0.25,1.13
2023-07-01,1042,Rincon,Downcountry,3,7,7,0,0,0.0,0.896
2023-08-01,1042,Rincon,Downcountry,3,7,20,13,13,0.65,0.789
2023-09-01,1042,Rincon,Downcountry,3,9,8,-1,1,0.125,0.783
2023-10-01,1042,Rincon,Downcountry,3,9,3,-6,6,2.0,0.738
2023-11-01,1042,Rincon,Downcountry,3,9,12,3,3,0.25,0.906
2023-12-01,1042,Rincon,Downcountry,3,6,18,12,12,0.6666666666666666,0.735
2024-01-01,1042,Rincon,Downcountry,3,8,4,-4,4,1.0,0.767
2024-02-01,1042,Rincon,Downcountry,3,11,1,-10,10,10.0,1.0
2024-03-01,1042,Rincon,Downcountry,3,12,8,-4,4,0.5,1.5
2024-04-01,1042,Rincon,Downcountry,3,7,15,8,8,0.5333333333333333,1.714
2024-05-01,1042,Rincon,Downcountry,3,12,8,-4,4,0.5,1.473
2024-06-01,1042,Rincon,Downcountry,3,12,13,1,1,0.07692307692307693,1.13
2024-07-01,1042,Rincon,Downcountry,3,11,13,2,2,0.15384615384615385,0.896
2024-08-01,1042,Rincon,Downcountry,3,9,9,0,0,0.0,0.789
2024-09-01,1042,Rincon,Downcountry,3,9,8,-1,1,0.125,0.783
2024-10-01,1042,Rincon,Downcountry,3,7,5,-2,2,0.4,0.738
2024-11-01,1042,Rincon,Downcountry,3,7,13,6,6,0.46153846153846156,0.906
2024-12-01,1042,Rincon,Downcountry,3,6,4,-2,2,0.5,0.735
2025-01-01,1042,Rincon,Downcountry,3,6,5,-1,1,0.2,0.767
2025-02-01,1042,Rincon,Downcountry,3,7,3,-4,4,1.3333333333333333,1.0
2025-03-01,1042,Rincon,Downcountry,3,6,20,14,14,0.7,1.5
2025-04-01,1042,Rincon,Downcountry,3,16,15,-1,1,0.06666666666666667,1.714
2025-05-01,1042,Rincon,Downcountry,3,19,13,-6,6,0.46153846153846156,1.473
2025-06-01,1042,Rincon,Downcountry,3,18,14,-4,4,0.2857142857142857,1.13
2025-07-01,1042,Rincon,Downcountry,3,13,14,1,1,0.07142857142857142,0.896
2025-08-01,1042,Rincon,Downcountry,3,11,15,4,4,0.26666666666666666,0.789
2025-09-01,1042,Rincon,Downcountry,3,11,1,-10,10,10.0,0.783
2025-10-01,1042,Rincon,Downcountry,3,7,8,1,1,0.125,0.738
2025-11-01,1042,Rincon,Downcountry,3,7,6,-1,1,0.16666666666666666,0.906
2025-12-01,1042,Rincon,Downcountry,3,4,5,1,1,0.2,0.735
2022-04-01,1043,Rincon,Downcountry,3,23,26,3,3,0.11538461538461539,1.714
2022-05-01,1043,Rincon,Downcountry,3,27,38,11,11,0.2894736842105263,1.473
2022-06-01,1043,Rincon,Downcountry,3,30,27,-3,3,0.1111111111111111,1.13
2022-07-01,1043,Rincon,Downcountry,3,27,29,2,2,0.06896551724137931,0.896
2022-08-01,1043,Rincon,Downcountry,3,25,27,2,2,0.07407407407407407,0.789
2022-09-01,1043,Rincon,Downcountry,3,22,10,-12,12,1.2,0.783
2022-10-01,1043,Rincon,Downcountry,3,16,18,2,2,0.1111111111111111,0.738
2022-11-01,1043,Rincon,Downcountry,3,17,23,6,6,0.2608695652173913,0.906
2022-12-01,1043,Rincon,Downcountry,3,12,8,-4,4,0.5,0.735
2023-01-01,1043,Rincon,Downcountry,3,13,12,-1,1,0.08333333333333333,0.767
2023-02-01,1043,Rincon,Downcountry,3,14,9,-5,5,0.5555555555555556,1.0
2023-03-01,1043,Rincon,Downcountry,3,14,27,13,13,0.48148148148148145,1.5
2023-04-01,1043,Rincon,Downcountry,3,27,25,-2,2,0.08,1.714
2023-05-01,1043,Rincon,Downcountry,3,30,23,-7,7,0.30434782608695654,1.473
2023-06-01,1043,Rincon,Downcountry,3,28,26,-2,2,0.07692307692307693,1.13
2023-07-01,1043,Rincon,Downcountry,3,22,16,-6,6,0.375,0.896
2023-08-01,1043,Rincon,Downcountry,3,17,15,-2,2,0.13333333333333333,0.789
2023-09-01,1043,Rincon,Downcountry,3,15,17,2,2,0.11764705882352941,0.783
2023-10-01,1043,Rincon,Downcountry,3,12,7,-5,5,0.7142857142857143,0.738
2023-11-01,1043,Rincon,Downcountry,3,12,22,10,10,0.45454545454545453,0.906
2023-12-01,1043,Rincon,Downcountry,3,11,21,10,10,0.47619047619047616,0.735
2024-01-01,1043,Rincon,Downcountry,3,13,7,-6,6,0.8571428571428571,0.767
2024-02-01,1043,Rincon,Downcountry,3,17,8,-9,9,1.125,1.0
2024-03-01,1043,Rincon,Downcountry,3,18,13,-5,5,0.38461538461538464,1.5
2024-04-01,1043,Rincon,Downcountry,3,16,12,-4,4,0.3333333333333333,1.714
2024-05-01,1043,Rincon,Downcountry,3,16,28,12,12,0.42857142857142855,1.473
2024-06-01,1043,Rincon,Downcountry,3,20,23,3,3,0.13043478260869565,1.13
2024-07-01,1043,Rincon,Downcountry,3,19,43,24,24,0.5581395348837209,0.896
2024-08-01,1043,Rincon,Downcountry,3,25,24,-1,1,0.041666666666666664,0.789
2024-09-01,1043,Rincon,Downcountry,3,23,18,-5,5,0.2777777777777778,0.783
2024-10-01,1043,Rincon,Downcountry,3,21,17,-4,4,0.23529411764705882,0.738
2024-11-01,1043,Rincon,Downcountry,3,18,11,-7,7,0.6363636363636364,0.906
2024-12-01,1043,Rincon,Downcountry,3,11,10,-1,1,0.1,0.735
2025-01-01,1043,Rincon,Downcountry,3,10,15,5,5,0.3333333333333333,0.767
2025-02-01,1043,Rincon,Downcountry,3,12,11,-1,1,0.09090909090909091,1.0
2025-03-01,1043,Rincon,Downcountry,3,18,17,-1,1,0.058823529411764705,1.5
2025-04-01,1043,Rincon,Downcountry,3,25,27,2,2,0.07407407407407407,1.714
2025-05-01,1043,Rincon,Downcountry,3,27,27,0,0,0.0,1.473
2025-06-01,1043,Rincon,Downcountry,3,27,26,-1,1,0.038461538461538464,1.13
2025-07-01,1043,Rincon,Downcountry,3,24,43,19,19,0.4418604651162791,0.896
2025-08-01,1043,Rincon,Downcountry,3,25,17,-8,8,0.47058823529411764,0.789
2025-09-01,1043,Rincon,Downcountry,3,22,22,0,0,0.0,0.783
2025-10-01,1043,Rincon,Downcountry,3,20,11,-9,9,0.8181818181818182,0.738
2025-11-01,1043,Rincon,Downcountry,3,15,25,10,10,0.4,0.906
2025-12-01,1043,Rincon,Downcountry,3,14,11,-3,3,0.2727272727272727,0.735
2022-04-01,1044,Rincon,Downcountry,3,14,16,2,2,0.125,1.714
2022-05-01,1044,Rincon,Downcountry,3,16,24,8,8,0.3333333333333333,1.473
2022-06-01,1044,Rincon,Downcountry,3,17,39,22,22,0.5641025641025641,1.13
2022-07-01,1044,Rincon,Downcountry,3,24,22,-2,2,0.09090909090909091,0.896
2022-08-01,1044,Rincon,Downcountry,3,22,27,5,5,0.18518518518518517,0.789
2022-09-01,1044,Rincon,Downcountry,3,23,24,1,1,0.041666666666666664,0.783
2022-10-01,1044,Rincon,Downcountry,3,18,23,5,5,0.21739130434782608,0.738
2022-11-01,1044,Rincon,Downcountry,3,22,28,6,6,0.21428571428571427,0.906
2022-12-01,1044,Rincon,Downcountry,3,18,5,-13,13,2.6,0.735
2023-01-01,1044,Rincon,Downcountry,3,14,8,-6,6,0.75,0.767
2023-02-01,1044,Rincon,Downcountry,3,14,11,-3,3,0.2727272727272727,1.0
2023-03-01,1044,Rincon,Downcountry,3,12,29,17,17,0.5862068965517241,1.5
2023-04-01,1044,Rincon,Downcountry,3,27,13,-14,14,1.0769230769230769,1.714
2023-05-01,1044,Rincon,Downcountry,3,26,40,14,14,0.35,1.473
2023-06-01,1044,Rincon,Downcountry,3,31,21,-10,10,0.47619047619047616,1.13
2023-07-01,1044,Rincon,Downcountry,3,22,11,-11,11,1.0,0.896
2023-08-01,1044,Rincon,Downcountry,3,19,26,7,7,0.2692307692307692,0.789
2023-09-01,1044,Rincon,Downcountry,3,15,17,2,2,0.11764705882352941,0.783
2023-10-01,1044,Rincon,Downcountry,3,13,23,10,10,0.43478260869565216,0.738
2023-11-01,1044,Rincon,Downcountry,3,20,11,-9,9,0.8181818181818182,0.906
2023-12-01,1044,Rincon,Downcountry,3,12,12,0,0,0.0,0.735
2024-01-01,1044,Rincon,Downcountry,3,12,18,6,6,0.3333333333333333,0.767
2024-02-01,1044,Rincon,Downcountry,3,14,13,-1,1,0.07692307692307693,1.0
2024-03-01,1044,Rincon,Downcountry,3,22,23,1,1,0.043478260869565216,1.5
2024-04-01,1044,Rincon,Downcountry,3,31,14,-17,17,1.2142857142857142,1.714
2024-05-01,1044,Rincon,Downcountry,3,25,46,21,21,0.45652173913043476,1.473
2024-06-01,1044,Rincon,Downcountry,3,31,22,-9,9,0.4090909090909091,1.13
2024-07-01,1044,Rincon,Downcountry,3,24,34,10,10,0.29411764705882354,0.896
2024-08-01,1044,Rincon,Downcountry,3,27,14,-13,13,0.9285714285714286,0.789
2024-09-01,1044,Rincon,Downcountry,3,18,15,-3,3,0.2,0.783
2024-10-01,1044,Rincon,Downcountry,3,15,9,-6,6,0.6666666666666666,0.738
2024-11-01,1044,Rincon,Downcountry,3,11,18,7,7,0.3888888888888889,0.906
2024-12-01,1044,Rincon,Downcountry,3,10,5,-5,5,1.0,0.735
2025-01-01,1044,Rincon,Downcountry,3,8,9,1,1,0.1111111111111111,0.767
2025-02-01,1044,Rincon,Downcountry,3,11,27,16,16,0.5925925925925926,1.0
2025-03-01,1044,Rincon,Downcountry,3,20,18,-2,2,0.1111111111111111,1.5
2025-04-01,1044,Rincon,Downcountry,3,31,24,-7,7,0.2916666666666667,1.714
2025-05-01,1044,Rincon,Downcountry,3,34,31,-3,3,0.0967741935483871,1.473
2025-06-01,1044,Rincon,Downcountry,3,28,21,-7,7,0.3333333333333333,1.13
2025-07-01,1044,Rincon,Downcountry,3,23,8,-15,15,1.875,0.896
2025-08-01,1044,Rincon,Downcountry,3,16,14,-2,2,0.14285714285714285,0.789
2025-09-01,1044,Rincon,Downcountry,3,11,21,10,10,0.47619047619047616,0.783
2025-10-01,1044,Rincon,Downcountry,3,11,12,1,1,0.08333333333333333,0.738
2025-11-01,1044,Rincon,Downcountry,3,14,14,0,0,0.0,0.906
2025-12-01,1044,Rincon,Downcountry,3,12,3,-9,9,3.0,0.735
2022-04-01,1045,Rincon,Downcountry,3,21,18,-3,3,0.16666666666666666,1.714
2022-05-01,1045,Rincon,Downcountry,3,23,42,19,19,0.4523809523809524,1.473
2022-06-01,1045,Rincon,Downcountry,3,28,22,-6,6,0.2727272727272727,1.13
2022-07-01,1045,Rincon,Downcountry,3,24,22,-2,2,0.09090909090909091,0.896
2022-08-01,1045,Rincon,Downcountry,3,23,27,4,4,0.14814814814814814,0.789
2022-09-01,1045,Rincon,Downcountry,3,19,20,1,1,0.05,0.783
2022-10-01,1045,Rincon,Downcountry,3,17,10,-7,7,0.7,0.738
2022-11-01,1045,Rincon,Downcountry,3,17,9,-8,8,0.8888888888888888,0.906
2022-12-01,1045,Rincon,Downcountry,3,10,13,3,3,0.23076923076923078,0.735
2023-01-01,1045,Rincon,Downcountry,3,8,11,3,3,0.2727272727272727,0.767
2023-02-01,1045,Rincon,Downcountry,3,11,3,-8,8,2.6666666666666665,1.0
2023-03-01,1045,Rincon,Downcountry,3,14,36,22,22,0.6111111111111112,1.5
2023-04-01,1045,Rincon,Downcountry,3,29,24,-5,5,0.20833333333333334,1.714
2023-05-01,1045,Rincon,Downcountry,3,31,25,-6,6,0.24,1.473
2023-06-01,1045,Rincon,Downcountry,3,32,17,-15,15,0.8823529411764706,1.13
2023-07-01,1045,Rincon,Downcountry,3,20,35,15,15,0.42857142857142855,0.896
2023-08-01,1045,Rincon,Downcountry,3,20,23,3,3,0.13043478260869565,0.789
2023-09-01,1045,Rincon,Downcountry,3,20,18,-2,2,0.1111111111111111,0.783
2023-10-01,1045,Rincon,Downcountry,3,19,10,-9,9,0.9,0.738
2023-11-01,1045,Rincon,Downcountry,3,15,16,1,1,0.0625,0.906
2023-12-01,1045,Rincon,Downcountry,3,11,8,-3,3,0.375,0.735
2024-01-01,1045,Rincon,Downcountry,3,9,8,-1,1,0.125,0.767
2024-02-01,1045,Rincon,Downcountry,3,11,8,-3,3,0.375,1.0
2024-03-01,1045,Rincon,Downcountry,3,12,12,0,0,0.0,1.5
2024-04-01,1045,Rincon,Downcountry,3,16,11,-5,5,0.45454545454545453,1.714
2024-05-01,1045,Rincon,Downcountry,3,15,23,8,8,0.34782608695652173,1.473
2024-06-01,1045,Rincon,Downcountry,3,17,35,18,18,0.5142857142857142,1.13
2024-07-01,1045,Rincon,Downcountry,3,21,28,7,7,0.25,0.896
2024-08-01,1045,Rincon,Downcountry,3,23,20,-3,3,0.15,0.789
2024-09-01,1045,Rincon,Downcountry,3,22,20,-2,2,0.1,0.783
2024-10-01,1045,Rincon,Downcountry,3,17,20,3,3,0.15,0.738
2024-11-01,1045,Rincon,Downcountry,3,18,11,-7,7,0.6363636363636364,0.906
2024-12-01,1045,Rincon,Downcountry,3,12,6,-6,6,1.0,0.735
2025-01-01,1045,Rincon,Downcountry,3,9,9,0,0,0.0,0.767
2025-02-01,1045,Rincon,Downcountry,3,9,9,0,0,0.0,1.0
2025-03-01,1045,Rincon,Downcountry,3,12,18,6,6,0.3333333333333333,1.5
2025-04-01,1045,Rincon,Downcountry,3,21,34,13,13,0.38235294117647056,1.714
2025-05-01,1045,Rincon,Downcountry,3,30,25,-5,5,0.2,1.473
2025-06-01,1045,Rincon,Downcountry,3,29,29,0,0,0.0,1.13
2025-07-01,1045,Rincon,Downcountry,3,26,17,-9,9,0.5294117647058824,0.896
2025-08-01,1045,Rincon,Downcountry,3,19,10,-9,9,0.9,0.789
2025-09-01,1045,Rincon,Downcountry,3,15,24,9,9,0.375,0.783
2025-10-01,1045,Rincon,Downcountry,3,13,3,-10,10,3.3333333333333335,0.738
2025-11-01,1045,Rincon,Downcountry,3,11,28,17,17,0.6071428571428571,0.906
2025-12-01,1045,Rincon,Downcountry,3,13,18,5,5,0.2777777777777778,0.735
2022-04-01,1046,Rincon,Downcountry,3,27,30,3,3,0.1,1.714
2022-05-01,1046,Rincon,Downcountry,3,32,20,-12,12,0.6,1.473
2022-06-01,1046,Rincon,Downcountry,3,29,21,-8,8,0.38095238095238093,1.13
2022-07-01,1046,Rincon,Downcountry,3,21,15,-6,6,0.4,0.896
2022-08-01,1046,Rincon,Downcountry,3,15,16,1,1,0.0625,0.789
2022-09-01,1046,Rincon,Downcountry,3,14,10,-4,4,0.4,0.783
2022-10-01,1046,Rincon,Downcountry,3,10,9,-1,1,0.1111111111111111,0.738
2022-11-01,1046,Rincon,Downcountry,3,11,27,16,16,0.5925925925925926,0.906
2022-12-01,1046,Rincon,Downcountry,3,11,11,0,0,0.0,0.735
2023-01-01,1046,Rincon,Downcountry,3,12,8,-4,4,0.5,0.767
2023-02-01,1046,Rincon,Downcountry,3,15,3,-12,12,4.0,1.0
2023-03-01,1046,Rincon,Downcountry,3,11,33,22,22,0.6666666666666666,1.5
2023-04-01,1046,Rincon,Downcountry,3,25,25,0,0,0.0,1.714
2023-05-01,1046,Rincon,Downcountry,3,30,21,-9,9,0.42857142857142855,1.473
2023-06-01,1046,Rincon,Downcountry,3,30,25,-5,5,0.2,1.13
2023-07-01,1046,Rincon,Downcountry,3,21,34,13,13,0.38235294117647056,0.896
2023-08-01,1046,Rincon,Downcountry,3,21,29,8,8,0.27586206896551724,0.789
2023-09-01,1046,Rincon,Downcountry,3,23,10,-13,13,1.3,0.783
2023-10-01,1046,Rincon,Downcountry,3,18,12,-6,6,0.5,0.738
2023-11-01,1046,Rincon,Downcountry,3,15,19,4,4,0.21052631578947367,0.906
2023-12-01,1046,Rincon,Downcountry,3,10,9,-1,1,0.1111111111111111,0.735
2024-01-01,1046,Rincon,Downcountry,3,10,7,-3,3,0.42857142857142855,0.767
2024-02-01,1046,Rincon,Downcountry,3,12,6,-6,6,1.0,1.0
2024-03-01,1046,Rincon,Downcountry,3,11,23,12,12,0.5217391304347826,1.5
2024-04-01,1046,Rincon,Downcountry,3,21,22,1,1,0.045454545454545456,1.714
2024-05-01,1046,Rincon,Downcountry,3,25,35,10,10,0.2857142857142857,1.473
2024-06-01,1046,Rincon,Downcountry,3,30,23,-7,7,0.30434782608695654,1.13
2024-07-01,1046,Rincon,Downcountry,3,24,17,-7,7,0.4117647058823529,0.896
2024-08-01,1046,Rincon,Downcountry,3,20,30,10,10,0.3333333333333333,0.789
2024-09-01,1046,Rincon,Downcountry,3,18,12,-6,6,0.5,0.783
2024-10-01,1046,Rincon,Downcountry,3,15,15,0,0,0.0,0.738
2024-11-01,1046,Rincon,Downcountry,3,17,9,-8,8,0.8888888888888888,0.906
2024-12-01,1046,Rincon,Downcountry,3,9,23,14,14,0.6086956521739131,0.735
2025-01-01,1046,Rincon,Downcountry,3,12,8,-4,4,0.5,0.767
2025-02-01,1046,Rincon,Downcountry,3,13,19,6,6,0.3157894736842105,1.0
2025-03-01,1046,Rincon,Downcountry,3,25,9,-16,16,1.7777777777777777,1.5
2025-04-01,1046,Rincon,Downcountry,3,21,19,-2,2,0.10526315789473684,1.714
2025-05-01,1046,Rincon,Downcountry,3,23,30,7,7,0.23333333333333334,1.473
2025-06-01,1046,Rincon,Downcountry,3,22,30,8,8,0.26666666666666666,1.13
2025-07-01,1046,Rincon,Downcountry,3,24,22,-2,2,0.09090909090909091,0.896
2025-08-01,1046,Rincon,Downcountry,3,22,8,-14,14,1.75,0.789
2025-09-01,1046,Rincon,Downcountry,3,16,39,23,23,0.5897435897435898,0.783
2025-10-01,1046,Rincon,Downcountry,3,17,15,-2,2,0.13333333333333333,0.738
2025-11-01,1046,Rincon,Downcountry,3,19,21,2,2,0.09523809523809523,0.906
2025-12-01,1046,Rincon,Downcountry,3,18,16,-2,2,0.125,0.735
2022-04-01,1047,Rincon,Downcountry,3,17,23,6,6,0.2608695652173913,1.714
2022-05-01,1047,Rincon,Downcountry,3,22,24,2,2,0.08333333333333333,1.473
2022-06-01,1047,Rincon,Downcountry,3,23,22,-1,1,0.045454545454545456,1.13
2022-07-01,1047,Rincon,Downcountry,3,21,21,0,0,0.0,0.896
2022-08-01,1047,Rincon,Downcountry,3,18,32,14,14,0.4375,0.789
2022-09-01,1047,Rincon,Downcountry,3,20,10,-10,10,1.0,0.783
2022-10-01,1047,Rincon,Downcountry,3,15,10,-5,5,0.5,0.738
2022-11-01,1047,Rincon,Downcountry,3,16,22,6,6,0.2727272727272727,0.906
2022-12-01,1047,Rincon,Downcountry,3,10,11,1,1,0.09090909090909091,0.735
2023-01-01,1047,Rincon,Downcountry,3,11,13,2,2,0.15384615384615385,0.767
2023-02-01,1047,Rincon,Downcountry,3,15,12,-3,3,0.25,1.0
2023-03-01,1047,Rincon,Downcountry,3,18,27,9,9,0.3333333333333333,1.5
2023-04-01,1047,Rincon,Downcountry,3,30,24,-6,6,0.25,1.714
2023-05-01,1047,Rincon,Downcountry,3,31,39,8,8,0.20512820512820512,1.473
2023-06-01,1047,Rincon,Downcountry,3,34,8,-26,26,3.25,1.13
2023-07-01,1047,Rincon,Downcountry,3,21,35,14,14,0.4,0.896
2023-08-01,1047,Rincon,Downcountry,3,22,16,-6,6,0.375,0.789
2023-09-01,1047,Rincon,Downcountry,3,15,10,-5,5,0.5,0.783
2023-10-01,1047,Rincon,Downcountry,3,15,12,-3,3,0.25,0.738
2023-11-01,1047,Rincon,Downcountry,3,11,20,9,9,0.45,0.906
2023-12-01,1047,Rincon,Downcountry,3,10,19,9,9,0.47368421052631576,0.735
2024-01-01,1047,Rincon,Downcountry,3,13,7,-6,6,0.8571428571428571,0.767
2024-02-01,1047,Rincon,Downcountry,3,15,14,-1,1,0.07142857142857142,1.0
2024-03-01,1047,Rincon,Downcountry,3,20,25,5,5,0.2,1.5
2024-04-01,1047,Rincon,Downcountry,3,26,24,-2,2,0.08333333333333333,1.714
2024-05-01,1047,Rincon,Downcountry,3,31,30,-1,1,0.03333333333333333,1.473
2024-06-01,1047,Rincon,Downcountry,3,30,23,-7,7,0.30434782608695654,1.13
2024-07-01,1047,Rincon,Downcountry,3,23,20,-3,3,0.15,0.896
2024-08-01,1047,Rincon,Downcountry,3,19,38,19,19,0.5,0.789
2024-09-01,1047,Rincon,Downcountry,3,21,35,14,14,0.4,0.783
2024-10-01,1047,Rincon,Downcountry,3,23,18,-5,5,0.2777777777777778,0.738
2024-11-01,1047,Rincon,Downcountry,3,27,15,-12,12,0.8,0.906
2024-12-01,1047,Rincon,Downcountry,3,17,5,-12,12,2.4,0.735
2025-01-01,1047,Rincon,Downcountry,3,10,7,-3,3,0.42857142857142855,0.767
2025-02-01,1047,Rincon,Downcountry,3,9,20,11,11,0.55,1.0
2025-03-01,1047,Rincon,Downcountry,3,16,23,7,7,0.30434782608695654,1.5
2025-04-01,1047,Rincon,Downcountry,3,29,27,-2,2,0.07407407407407407,1.714
2025-05-01,1047,Rincon,Downcountry,3,34,41,7,7,0.17073170731707318,1.473
2025-06-01,1047,Rincon,Downcountry,3,34,34,0,0,0.0,1.13
2025-07-01,1047,Rincon,Downcountry,3,30,33,3,3,0.09090909090909091,0.896
2025-08-01,1047,Rincon,Downcountry,3,28,11,-17,17,1.5454545454545454,0.789
2025-09-01,1047,Rincon,Downcountry,3,20,21,1,1,0.047619047619047616,0.783
2025-10-01,1047,Rincon,Downcountry,3,16,13,-3,3,0.23076923076923078,0.738
2025-11-01,1047,Rincon,Downcountry,3,14,25,11,11,0.44,0.906
2025-12-01,1047,Rincon,Downcountry,3,14,19,5,5,0.2631578947368421,0.735
2022-04-01,1048,Rincon,Downcountry,3,27,34,7,7,0.20588235294117646,1.714
2022-05-01,1048,Rincon,Downcountry,3,33,17,-16,16,0.9411764705882353,1.473
2022-06-01,1048,Rincon,Downcountry,3,31,21,-10,10,0.47619047619047616,1.13
2022-07-01,1048,Rincon,Downcountry,3,22,19,-3,3,0.15789473684210525,0.896
2022-08-01,1048,Rincon,Downcountry,3,15,30,15,15,0.5,0.789
2022-09-01,1048,Rincon,Downcountry,3,18,26,8,8,0.3076923076923077,0.783
2022-10-01,1048,Rincon,Downcountry,3,18,15,-3,3,0.2,0.738
2022-11-01,1048,Rincon,Downcountry,3,21,9,-12,12,1.3333333333333333,0.906
2022-12-01,1048,Rincon,Downcountry,3,12,5,-7,7,1.4,0.735
2023-01-01,1048,Rincon,Downcountry,3,7,6,-1,1,0.16666666666666666,0.767
2023-02-01,1048,Rincon,Downcountry,3,7,19,12,12,0.631578947368421,1.0
2023-03-01,1048,Rincon,Downcountry,3,15,17,2,2,0.11764705882352941,1.5
2023-04-01,1048,Rincon,Downcountry,3,24,38,14,14,0.3684210526315789,1.714
2023-05-01,1048,Rincon,Downcountry,3,36,46,10,10,0.21739130434782608,1.473
2023-06-01,1048,Rincon,Downcountry,3,38,16,-22,22,1.375,1.13
2023-07-01,1048,Rincon,Downcountry,3,30,30,0,0,0.0,0.896
2023-08-01,1048,Rincon,Downcountry,3,24,44,20,20,0.45454545454545453,0.789
2023-09-01,1048,Rincon,Downcountry,3,23,15,-8,8,0.5333333333333333,0.783
2023-10-01,1048,Rincon,Downcountry,3,22,24,2,2,0.08333333333333333,0.738
2023-11-01,1048,Rincon,Downcountry,3,25,12,-13,13,1.0833333333333333,0.906
2023-12-01,1048,Rincon,Downcountry,3,12,25,13,13,0.52,0.735
2024-01-01,1048,Rincon,Downcountry,3,16,6,-10,10,1.6666666666666667,0.767
2024-02-01,1048,Rincon,Downcountry,3,14,9,-5,5,0.5555555555555556,1.0
2024-03-01,1048,Rincon,Downcountry,3,20,21,1,1,0.047619047619047616,1.5
2024-04-01,1048,Rincon,Downcountry,3,21,18,-3,3,0.16666666666666666,1.714
2024-05-01,1048,Rincon,Downcountry,3,24,22,-2,2,0.09090909090909091,1.473
2024-06-01,1048,Rincon,Downcountry,3,23,44,21,21,0.4772727272727273,1.13
2024-07-01,1048,Rincon,Downcountry,3,25,19,-6,6,0.3157894736842105,0.896
2024-08-01,1048,Rincon,Downcountry,3,22,27,5,5,0.18518518518518517,0.789
2024-09-01,1048,Rincon,Downcountry,3,23,27,4,4,0.14814814814814814,0.783
2024-10-01,1048,Rincon,Downcountry,3,18,10,-8,8,0.8,0.738
2024-11-01,1048,Rincon,Downcountry,3,19,13,-6,6,0.46153846153846156,0.906
2024-12-01,1048,Rincon,Downcountry,3,12,13,1,1,0.07692307692307693,0.735
2025-01-01,1048,Rincon,Downcountry,3,9,5,-4,4,0.8,0.767
2025-02-01,1048,Rincon,Downcountry,3,10,20,10,10,0.5,1.0
2025-03-01,1048,Rincon,Downcountry,3,19,18,-1,1,0.05555555555555555,1.5
2025-04-01,1048,Rincon,Downcountry,3,25,23,-2,2,0.08695652173913043,1.714
2025-05-01,1048,Rincon,Downcountry,3,30,30,0,0,0.0,1.473
2025-06-01,1048,Rincon,Downcountry,3,27,25,-2,2,0.08,1.13
2025-07-01,1048,Rincon,Downcountry,3,23,21,-2,2,0.09523809523809523,0.896
2025-08-01,1048,Rincon,Downcountry,3,20,24,4,4,0.16666666666666666,0.789
2025-09-01,1048,Rincon,Downcountry,3,18,19,1,1,0.05263157894736842,0.783
2025-10-01,1048,Rincon,Downcountry,3,16,23,7,7,0.30434782608695654,0.738
2025-11-01,1048,Rincon,Downcountry,3,20,22,2,2,0.09090909090909091,0.906
2025-12-01,1048,Rincon,Downcountry,3,16,12,-4,4,0.3333333333333333,0.735
2022-04-01,1049,Rincon,Downcountry,3,18,16,-2,2,0.125,1.714
2022-05-01,1049,Rincon,Downcountry,3,18,24,6,6,0.25,1.473
2022-06-01,1049,Rincon,Downcountry,3,21,23,2,2,0.08695652173913043,1.13
2022-07-01,1049,Rincon,Downcountry,3,19,22,3,3,0.13636363636363635,0.896
2022-08-01,1049,Rincon,Downcountry,3,18,24,6,6,0.25,0.789
2022-09-01,1049,Rincon,Downcountry,3,18,13,-5,5,0.38461538461538464,0.783
2022-10-01,1049,Rincon,Downcountry,3,15,8,-7,7,0.875,0.738
2022-11-01,1049,Rincon,Downcountry,3,14,12,-2,2,0.16666666666666666,0.906
2022-12-01,1049,Rincon,Downcountry,3,8,6,-2,2,0.3333333333333333,0.735
2023-01-01,1049,Rincon,Downcountry,3,7,6,-1,1,0.16666666666666666,0.767
2023-02-01,1049,Rincon,Downcountry,3,8,6,-2,2,0.3333333333333333,1.0
2023-03-01,1049,Rincon,Downcountry,3,9,11,2,2,0.18181818181818182,1.5
2023-04-01,1049,Rincon,Downcountry,3,13,26,13,13,0.5,1.714
2023-05-01,1049,Rincon,Downcountry,3,21,20,-1,1,0.05,1.473
2023-06-01,1049,Rincon,Downcountry,3,21,24,3,3,0.125,1.13
2023-07-01,1049,Rincon,Downcountry,3,21,15,-6,6,0.4,0.896
2023-08-01,1049,Rincon,Downcountry,3,16,25,9,9,0.36,0.789
2023-09-01,1049,Rincon,Downcountry,3,17,12,-5,5,0.4166666666666667,0.783
2023-10-01,1049,Rincon,Downcountry,3,13,18,5,5,0.2777777777777778,0.738
2023-11-01,1049,Rincon,Downcountry,3,17,20,3,3,0.15,0.906
2023-12-01,1049,Rincon,Downcountry,3,12,11,-1,1,0.09090909090909091,0.735
2024-01-01,1049,Rincon,Downcountry,3,13,6,-7,7,1.1666666666666667,0.767
2024-02-01,1049,Rincon,Downcountry,3,12,10,-2,2,0.2,1.0
2024-03-01,1049,Rincon,Downcountry,3,14,4,-10,10,2.5,1.5
2024-04-01,1049,Rincon,Downcountry,3,11,8,-3,3,0.375,1.714
2024-05-01,1049,Rincon,Downcountry,3,11,42,31,31,0.7380952380952381,1.473
2024-06-01,1049,Rincon,Downcountry,3,20,27,7,7,0.25925925925925924,1.13
2024-07-01,1049,Rincon,Downcountry,3,23,22,-1,1,0.045454545454545456,0.896
2024-08-01,1049,Rincon,Downcountry,3,24,15,-9,9,0.6,0.789
2024-09-01,1049,Rincon,Downcountry,3,17,24,7,7,0.2916666666666667,0.783
2024-10-01,1049,Rincon,Downcountry,3,15,10,-5,5,0.5,0.738
2024-11-01,1049,Rincon,Downcountry,3,15,6,-9,9,1.5,0.906
2024-12-01,1049,Rincon,Downcountry,3,10,21,11,11,0.5238095238095238,0.735
2025-01-01,1049,Rincon,Downcountry,3,9,19,10,10,0.5263157894736842,0.767
2025-02-01,1049,Rincon,Downcountry,3,15,13,-2,2,0.15384615384615385,1.0
2025-03-01,1049,Rincon,Downcountry,3,26,14,-12,12,0.8571428571428571,1.5
2025-04-01,1049,Rincon,Downcountry,3,26,17,-9,9,0.5294117647058824,1.714
2025-05-01,1049,Rincon,Downcountry,3,22,20,-2,2,0.1,1.473
2025-06-01,1049,Rincon,Downcountry,3,19,15,-4,4,0.26666666666666666,1.13
2025-07-01,1049,Rincon,Downcountry,3,16,11,-5,5,0.45454545454545453,0.896
2025-08-01,1049,Rincon,Downcountry,3,12,18,6,6,0.3333333333333333,0.789
2025-09-01,1049,Rincon,Downcountry,3,11,11,0,0,0.0,0.783
2025-10-01,1049,Rincon,Downcountry,3,10,17,7,7,0.4117647058823529,0.738
2025-11-01,1049,Rincon,Downcountry,3,14,20,6,6,0.3,0.906
2025-12-01,1049,Rincon,Downcountry,3,12,6,-6,6,1.0,0.735
2022-04-01,1050,Rincon,Downcountry,3,13,17,4,4,0.23529411764705882,1.714
2022-05-01,1050,Rincon,Downcountry,3,17,31,14,14,0.45161290322580644,1.473
2022-06-01,1050,Rincon,Downcountry,3,23,32,9,9,0.28125,1.13
2022-07-01,1050,Rincon,Downcountry,3,24,13,-11,11,0.8461538461538461,0.896
2022-08-01,1050,Rincon,Downcountry,3,20,6,-14,14,2.3333333333333335,0.789
2022-09-01,1050,Rincon,Downcountry,3,13,28,15,15,0.5357142857142857,0.783
2022-10-01,1050,Rincon,Downcountry,3,12,13,1,1,0.07692307692307693,0.738
2022-11-01,1050,Rincon,Downcountry,3,14,10,-4,4,0.4,0.906
2022-12-01,1050,Rincon,Downcountry,3,12,14,2,2,0.14285714285714285,0.735
2023-01-01,1050,Rincon,Downcountry,3,9,6,-3,3,0.5,0.767
2023-02-01,1050,Rincon,Downcountry,3,10,10,0,0,0.0,1.0
2023-03-01,1050,Rincon,Downcountry,3,15,14,-1,1,0.07142857142857142,1.5
2023-04-01,1050,Rincon,Downcountry,3,17,26,9,9,0.34615384615384615,1.714
2023-05-01,1050,Rincon,Downcountry,3,25,21,-4,4,0.19047619047619047,1.473
2023-06-01,1050,Rincon,Downcountry,3,23,20,-3,3,0.15,1.13
2023-07-01,1050,Rincon,Downcountry,3,20,12,-8,8,0.6666666666666666,0.896
2023-08-01,1050,Rincon,Downcountry,3,14,16,2,2,0.125,0.789
2023-09-01,1050,Rincon,Downcountry,3,13,13,0,0,0.0,0.783
2023-10-01,1050,Rincon,Downcountry,3,10,8,-2,2,0.25,0.738
2023-11-01,1050,Rincon,Downcountry,3,11,7,-4,4,0.5714285714285714,0.906
2023-12-01,1050,Rincon,Downcountry,3,7,11,4,4,0.36363636363636365,0.735
2024-01-01,1050,Rincon,Downcountry,3,7,16,9,9,0.5625,0.767
2024-02-01,1050,Rincon,Downcountry,3,11,4,-7,7,1.75,1.0
2024-03-01,1050,Rincon,Downcountry,3,16,27,11,11,0.4074074074074074,1.5
2024-04-01,1050,Rincon,Downcountry,3,27,29,2,2,0.06896551724137931,1.714
2024-05-01,1050,Rincon,Downcountry,3,29,16,-13,13,0.8125,1.473
2024-06-01,1050,Rincon,Downcountry,3,27,38,11,11,0.2894736842105263,1.13
2024-07-01,1050,Rincon,Downcountry,3,25,36,11,11,0.3055555555555556,0.896
2024-08-01,1050,Rincon,Downcountry,3,24,22,-2,2,0.09090909090909091,0.789
2024-09-01,1050,Rincon,Downcountry,3,25,17,-8,8,0.47058823529411764,0.783
2024-10-01,1050,Rincon,Downcountry,3,18,17,-1,1,0.058823529411764705,0.738
2024-11-01,1050,Rincon,Downcountry,3,17,17,0,0,0.0,0.906
2024-12-01,1050,Rincon,Downcountry,3,12,2,-10,10,5.0,0.735
2025-01-01,1050,Rincon,Downcountry,3,9,6,-3,3,0.5,0.767
2025-02-01,1050,Rincon,Downcountry,3,8,8,0,0,0.0,1.0
2025-03-01,1050,Rincon,Downcountry,3,8,12,4,4,0.3333333333333333,1.5
2025-04-01,1050,Rincon,Downcountry,3,15,30,15,15,0.5,1.714
2025-05-01,1050,Rincon,Downcountry,3,25,31,6,6,0.1935483870967742,1.473
2025-06-01,1050,Rincon,Downcountry,3,28,17,-11,11,0.6470588235294118,1.13
2025-07-01,1050,Rincon,Downcountry,3,23,34,11,11,0.3235294117647059,0.896
2025-08-01,1050,Rincon,Downcountry,3,22,10,-12,12,1.2,0.789
2025-09-01,1050,Rincon,Downcountry,3,16,10,-6,6,0.6,0.783
2025-10-01,1050,Rincon,Downcountry,3,13,13,0,0,0.0,0.738
2025-11-01,1050,Rincon,Downcountry,3,10,10,0,0,0.0,0.906
2025-12-01,1050,Rincon,Downcountry,3,8,18,10,10,0.5555555555555556,0.735
2022-04-01,1051,Rincon,Downcountry,3,21,27,6,6,0.2222222222222222,1.714
2022-05-01,1051,Rincon,Downcountry,3,26,11,-15,15,1.3636363636363635,1.473
2022-06-01,1051,Rincon,Downcountry,3,22,19,-3,3,0.15789473684210525,1.13
2022-07-01,1051,Rincon,Downcountry,3,17,11,-6,6,0.5454545454545454,0.896
2022-08-01,1051,Rincon,Downcountry,3,11,12,1,1,0.08333333333333333,0.789
2022-09-01,1051,Rincon,Downcountry,3,11,11,0,0,0.0,0.783
2022-10-01,1051,Rincon,Downcountry,3,8,15,7,7,0.4666666666666667,0.738
2022-11-01,1051,Rincon,Downcountry,3,11,20,9,9,0.45,0.906
2022-12-01,1051,Rincon,Downcountry,3,11,11,0,0,0.0,0.735
2023-01-01,1051,Rincon,Downcountry,3,12,23,11,11,0.4782608695652174,0.767
2023-02-01,1051,Rincon,Downcountry,3,18,11,-7,7,0.6363636363636364,1.0
2023-03-01,1051,Rincon,Downcountry,3,22,13,-9,9,0.6923076923076923,1.5
2023-04-01,1051,Rincon,Downcountry,3,27,22,-5,5,0.22727272727272727,1.714
2023-05-01,1051,Rincon,Downcountry,3,23,30,7,7,0.23333333333333334,1.473
2023-06-01,1051,Rincon,Downcountry,3,24,28,4,4,0.14285714285714285,1.13
2023-07-01,1051,Rincon,Downcountry,3,24,19,-5,5,0.2631578947368421,0.896
2023-08-01,1051,Rincon,Downcountry,3,20,33,13,13,0.3939393939393939,0.789
2023-09-01,1051,Rincon,Downcountry,3,21,17,-4,4,0.23529411764705882,0.783
2023-10-01,1051,Rincon,Downcountry,3,17,15,-2,2,0.13333333333333333,0.738
2023-11-01,1051,Rincon,Downcountry,3,20,14,-6,6,0.42857142857142855,0.906
2023-12-01,1051,Rincon,Downcountry,3,11,11,0,0,0.0,0.735
2024-01-01,1051,Rincon,Downcountry,3,10,9,-1,1,0.1111111111111111,0.767
2024-02-01,1051,Rincon,Downcountry,3,11,6,-5,5,0.8333333333333334,1.0
2024-03-01,1051,Rincon,Downcountry,3,13,13,0,0,0.0,1.5
2024-04-01,1051,Rincon,Downcountry,3,16,20,4,4,0.2,1.714
2024-05-01,1051,Rincon,Downcountry,3,19,15,-4,4,0.26666666666666666,1.473
2024-06-01,1051,Rincon,Downcountry,3,18,17,-1,1,0.058823529411764705,1.13
2024-07-01,1051,Rincon,Downcountry,3,16,24,8,8,0.3333333333333333,0.896
2024-08-01,1051,Rincon,Downcountry,3,15,20,5,5,0.25,0.789
2024-09-01,1051,Rincon,Downcountry,3,16,9,-7,7,0.7777777777777778,0.783
2024-10-01,1051,Rincon,Downcountry,3,13,13,0,0,0.0,0.738
2024-11-01,1051,Rincon,Downcountry,3,13,6,-7,7,1.1666666666666667,0.906
2024-12-01,1051,Rincon,Downcountry,3,7,12,5,5,0.4166666666666667,0.735
2025-01-01,1051,Rincon,Downcountry,3,8,10,2,2,0.2,0.767
2025-02-01,1051,Rincon,Downcountry,3,9,6,-3,3,0.5,1.0
2025-03-01,1051,Rincon,Downcountry,3,14,6,-8,8,1.3333333333333333,1.5
2025-04-01,1051,Rincon,Downcountry,3,13,13,0,0,0.0,1.714
2025-05-01,1051,Rincon,Downcountry,3,12,32,20,20,0.625,1.473
2025-06-01,1051,Rincon,Downcountry,3,19,28,9,9,0.32142857142857145,1.13
2025-07-01,1051,Rincon,Downcountry,3,22,29,7,7,0.2413793103448276,0.896
2025-08-01,1051,Rincon,Downcountry,3,23,7,-16,16,2.2857142857142856,0.789
2025-09-01,1051,Rincon,Downcountry,3,17,19,2,2,0.10526315789473684,0.783
2025-10-01,1051,Rincon,Downcountry,3,14,23,9,9,0.391304347826087,0.738
2025-11-01,1051,Rincon,Downcountry,3,15,14,-1,1,0.07142857142857142,0.906
2025-12-01,1051,Rincon,Downcountry,3,14,4,-10,10,2.5,0.735
2022-04-01,1052,Rincon,Downcountry,3,21,26,5,5,0.19230769230769232,1.714
2022-05-01,1052,Rincon,Downcountry,3,24,33,9,9,0.2727272727272727,1.473
2022-06-01,1052,Rincon,Downcountry,3,27,15,-12,12,0.8,1.13
2022-07-01,1052,Rincon,Downcountry,3,22,6,-16,16,2.6666666666666665,0.896
2022-08-01,1052,Rincon,Downcountry,3,14,44,30,30,0.6818181818181818,0.789
2022-09-01,1052,Rincon,Downcountry,3,17,9,-8,8,0.8888888888888888,0.783
2022-10-01,1052,Rincon,Downcountry,3,15,9,-6,6,0.6666666666666666,0.738
2022-11-01,1052,Rincon,Downcountry,3,19,5,-14,14,2.8,0.906
2022-12-01,1052,Rincon,Downcountry,3,6,7,1,1,0.14285714285714285,0.735
2023-01-01,1052,Rincon,Downcountry,3,5,14,9,9,0.6428571428571429,0.767
2023-02-01,1052,Rincon,Downcountry,3,9,9,0,0,0.0,1.0
2023-03-01,1052,Rincon,Downcountry,3,15,20,5,5,0.25,1.5
2023-04-01,1052,Rincon,Downcountry,3,25,22,-3,3,0.13636363636363635,1.714
2023-05-01,1052,Rincon,Downcountry,3,25,26,1,1,0.038461538461538464,1.473
2023-06-01,1052,Rincon,Downcountry,3,26,16,-10,10,0.625,1.13
2023-07-01,1052,Rincon,Downcountry,3,19,26,7,7,0.2692307692307692,0.896
2023-08-01,1052,Rincon,Downcountry,3,18,29,11,11,0.3793103448275862,0.789
2023-09-01,1052,Rincon,Downcountry,3,19,7,-12,12,1.7142857142857142,0.783
2023-10-01,1052,Rincon,Downcountry,3,15,20,5,5,0.25,0.738
2023-11-01,1052,Rincon,Downcountry,3,17,20,3,3,0.15,0.906
2023-12-01,1052,Rincon,Downcountry,3,12,18,6,6,0.3333333333333333,0.735
2024-01-01,1052,Rincon,Downcountry,3,15,8,-7,7,0.875,0.767
2024-02-01,1052,Rincon,Downcountry,3,15,6,-9,9,1.5,1.0
2024-03-01,1052,Rincon,Downcountry,3,16,12,-4,4,0.3333333333333333,1.5
2024-04-01,1052,Rincon,Downcountry,3,15,21,6,6,0.2857142857142857,1.714
2024-05-01,1052,Rincon,Downcountry,3,19,18,-1,1,0.05555555555555555,1.473
2024-06-01,1052,Rincon,Downcountry,3,19,24,5,5,0.20833333333333334,1.13
2024-07-01,1052,Rincon,Downcountry,3,19,33,14,14,0.42424242424242425,0.896
2024-08-01,1052,Rincon,Downcountry,3,20,25,5,5,0.2,0.789
2024-09-01,1052,Rincon,Downcountry,3,21,24,3,3,0.125,0.783
2024-10-01,1052,Rincon,Downcountry,3,20,10,-10,10,1.0,0.738
2024-11-01,1052,Rincon,Downcountry,3,18,20,2,2,0.1,0.906
2024-12-01,1052,Rincon,Downcountry,3,13,7,-6,6,0.8571428571428571,0.735
2025-01-01,1052,Rincon,Downcountry,3,9,9,0,0,0.0,0.767
2025-02-01,1052,Rincon,Downcountry,3,12,17,5,5,0.29411764705882354,1.0
2025-03-01,1052,Rincon,Downcountry,3,16,12,-4,4,0.3333333333333333,1.5
2025-04-01,1052,Rincon,Downcountry,3,22,29,7,7,0.2413793103448276,1.714
2025-05-01,1052,Rincon,Downcountry,3,28,20,-8,8,0.4,1.473
2025-06-01,1052,Rincon,Downcountry,3,23,6,-17,17,2.8333333333333335,1.13
2025-07-01,1052,Rincon,Downcountry,3,16,18,2,2,0.1111111111111111,0.896
2025-08-01,1052,Rincon,Downcountry,3,12,25,13,13,0.52,0.789
2025-09-01,1052,Rincon,Downcountry,3,13,23,10,10,0.43478260869565216,0.783
2025-10-01,1052,Rincon,Downcountry,3,16,20,4,4,0.2,0.738
2025-11-01,1052,Rincon,Downcountry,3,21,24,3,3,0.125,0.906
2025-12-01,1052,Rincon,Downcountry,3,16,5,-11,11,2.2,0.735
2022-04-01,1053,Rincon,Downcountry,3,15,25,10,10,0.4,1.714
2022-05-01,1053,Rincon,Downcountry,3,23,23,0,0,0.0,1.473
2022-06-01,1053,Rincon,Downcountry,3,24,18,-6,6,0.3333333333333333,1.13
2022-07-01,1053,Rincon,Downcountry,3,20,25,5,5,0.2,0.896
2022-08-01,1053,Rincon,Downcountry,3,17,32,15,15,0.46875,0.789
2022-09-01,1053,Rincon,Downcountry,3,20,14,-6,6,0.42857142857142855,0.783
2022-10-01,1053,Rincon,Downcountry,3,17,25,8,8,0.32,0.738
2022-11-01,1053,Rincon,Downcountry,3,21,9,-12,12,1.3333333333333333,0.906
2022-12-01,1053,Rincon,Downcountry,3,12,13,1,1,0.07692307692307693,0.735
2023-01-01,1053,Rincon,Downcountry,3,12,9,-3,3,0.3333333333333333,0.767
2023-02-01,1053,Rincon,Downcountry,3,10,9,-1,1,0.1111111111111111,1.0
2023-03-01,1053,Rincon,Downcountry,3,16,22,6,6,0.2727272727272727,1.5
2023-04-01,1053,Rincon,Downcountry,3,23,9,-14,14,1.5555555555555556,1.714
2023-05-01,1053,Rincon,Downcountry,3,20,25,5,5,0.2,1.473
2023-06-01,1053,Rincon,Downcountry,3,21,27,6,6,0.2222222222222222,1.13
2023-07-01,1053,Rincon,Downcountry,3,18,18,0,0,0.0,0.896
2023-08-01,1053,Rincon,Downcountry,3,18,10,-8,8,0.8,0.789
2023-09-01,1053,Rincon,Downcountry,3,14,9,-5,5,0.5555555555555556,0.783
2023-10-01,1053,Rincon,Downcountry,3,9,14,5,5,0.35714285714285715,0.738
2023-11-01,1053,Rincon,Downcountry,3,10,10,0,0,0.0,0.906
2023-12-01,1053,Rincon,Downcountry,3,8,5,-3,3,0.6,0.735
2024-01-01,1053,Rincon,Downcountry,3,7,1,-6,6,6.0,0.767
2024-02-01,1053,Rincon,Downcountry,3,5,9,4,4,0.4444444444444444,1.0
2024-03-01,1053,Rincon,Downcountry,3,8,18,10,10,0.5555555555555556,1.5
2024-04-01,1053,Rincon,Downcountry,3,16,31,15,15,0.4838709677419355,1.714
2024-05-01,1053,Rincon,Downcountry,3,28,17,-11,11,0.6470588235294118,1.473
2024-06-01,1053,Rincon,Downcountry,3,25,11,-14,14,1.2727272727272727,1.13
2024-07-01,1053,Rincon,Downcountry,3,18,33,15,15,0.45454545454545453,0.896
2024-08-01,1053,Rincon,Downcountry,3,16,6,-10,10,1.6666666666666667,0.789
2024-09-01,1053,Rincon,Downcountry,3,13,18,5,5,0.2777777777777778,0.783
2024-10-01,1053,Rincon,Downcountry,3,14,20,6,6,0.3,0.738
2024-11-01,1053,Rincon,Downcountry,3,13,24,11,11,0.4583333333333333,0.906
2024-12-01,1053,Rincon,Downcountry,3,15,23,8,8,0.34782608695652173,0.735
2025-01-01,1053,Rincon,Downcountry,3,17,16,-1,1,0.0625,0.767
2025-02-01,1053,Rincon,Downcountry,3,21,13,-8,8,0.6153846153846154,1.0
2025-03-01,1053,Rincon,Downcountry,3,26,22,-4,4,0.18181818181818182,1.5
2025-04-01,1053,Rincon,Downcountry,3,29,21,-8,8,0.38095238095238093,1.714
2025-05-01,1053,Rincon,Downcountry,3,27,19,-8,8,0.42105263157894735,1.473
2025-06-01,1053,Rincon,Downcountry,3,23,21,-2,2,0.09523809523809523,1.13
2025-07-01,1053,Rincon,Downcountry,3,18,23,5,5,0.21739130434782608,0.896
2025-08-01,1053,Rincon,Downcountry,3,17,16,-1,1,0.0625,0.789
2025-09-01,1053,Rincon,Downcountry,3,16,21,5,5,0.23809523809523808,0.783
2025-10-01,1053,Rincon,Downcountry,3,15,10,-5,5,0.5,0.738
2025-11-01,1053,Rincon,Downcountry,3,14,6,-8,8,1.3333333333333333,0.906
2025-12-01,1053,Rincon,Downcountry,3,9,16,7,7,0.4375,0.735
2022-04-01,1054,Rincon,Downcountry,3,18,13,-5,5,0.38461538461538464,1.714
2022-05-01,1054,Rincon,Downcountry,3,20,46,26,26,0.5652173913043478,1.473
2022-06-01,1054,Rincon,Downcountry,3,27,30,3,3,0.1,1.13
2022-07-01,1054,Rincon,Downcountry,3,27,38,11,11,0.2894736842105263,0.896
2022-08-01,1054,Rincon,Downcountry,3,30,18,-12,12,0.6666666666666666,0.789
2022-09-01,1054,Rincon,Downcountry,3,22,19,-3,3,0.15789473684210525,0.783
2022-10-01,1054,Rincon,Downcountry,3,18,15,-3,3,0.2,0.738
2022-11-01,1054,Rincon,Downcountry,3,16,10,-6,6,0.6,0.906
2022-12-01,1054,Rincon,Downcountry,3,11,4,-7,7,1.75,0.735
2023-01-01,1054,Rincon,Downcountry,3,7,8,1,1,0.125,0.767
2023-02-01,1054,Rincon,Downcountry,3,7,5,-2,2,0.4,1.0
2023-03-01,1054,Rincon,Downcountry,3,8,30,22,22,0.7333333333333333,1.5
2023-04-01,1054,Rincon,Downcountry,3,25,28,3,3,0.10714285714285714,1.714
2023-05-01,1054,Rincon,Downcountry,3,31,15,-16,16,1.0666666666666667,1.473
2023-06-01,1054,Rincon,Downcountry,3,28,36,8,8,0.2222222222222222,1.13
2023-07-01,1054,Rincon,Downcountry,3,24,9,-15,15,1.6666666666666667,0.896
2023-08-01,1054,Rincon,Downcountry,3,16,15,-1,1,0.06666666666666667,0.789
2023-09-01,1054,Rincon,Downcountry,3,16,11,-5,5,0.45454545454545453,0.783
2023-10-01,1054,Rincon,Downcountry,3,9,29,20,20,0.6896551724137931,0.738
2023-11-01,1054,Rincon,Downcountry,3,17,16,-1,1,0.0625,0.906
2023-12-01,1054,Rincon,Downcountry,3,14,6,-8,8,1.3333333333333333,0.735
2024-01-01,1054,Rincon,Downcountry,3,13,4,-9,9,2.25,0.767
2024-02-01,1054,Rincon,Downcountry,3,9,10,1,1,0.1,1.0
2024-03-01,1054,Rincon,Downcountry,3,10,15,5,5,0.3333333333333333,1.5
2024-04-01,1054,Rincon,Downcountry,3,17,16,-1,1,0.0625,1.714
2024-05-01,1054,Rincon,Downcountry,3,20,27,7,7,0.25925925925925924,1.473
2024-06-01,1054,Rincon,Downcountry,3,22,32,10,10,0.3125,1.13
2024-07-01,1054,Rincon,Downcountry,3,22,34,12,12,0.35294117647058826,0.896
2024-08-01,1054,Rincon,Downcountry,3,24,35,11,11,0.3142857142857143,0.789
2024-09-01,1054,Rincon,Downcountry,3,26,8,-18,18,2.25,0.783
2024-10-01,1054,Rincon,Downcountry,3,19,19,0,0,0.0,0.738
2024-11-01,1054,Rincon,Downcountry,3,19,11,-8,8,0.7272727272727273,0.906
2024-12-01,1054,Rincon,Downcountry,3,9,14,5,5,0.35714285714285715,0.735
2025-01-01,1054,Rincon,Downcountry,3,11,21,10,10,0.47619047619047616,0.767
2025-02-01,1054,Rincon,Downcountry,3,15,19,4,4,0.21052631578947367,1.0
2025-03-01,1054,Rincon,Downcountry,3,27,16,-11,11,0.6875,1.5
2025-04-01,1054,Rincon,Downcountry,3,32,31,-1,1,0.03225806451612903,1.714
2025-05-01,1054,Rincon,Downcountry,3,32,29,-3,3,0.10344827586206896,1.473
2025-06-01,1054,Rincon,Downcountry,3,29,26,-3,3,0.11538461538461539,1.13
2025-07-01,1054,Rincon,Downcountry,3,26,34,8,8,0.23529411764705882,0.896
2025-08-01,1054,Rincon,Downcountry,3,23,16,-7,7,0.4375,0.789
2025-09-01,1054,Rincon,Downcountry,3,20,18,-2,2,0.1111111111111111,0.783
2025-10-01,1054,Rincon,Downcountry,3,17,18,1,1,0.05555555555555555,0.738
2025-11-01,1054,Rincon,Downcountry,3,16,18,2,2,0.1111111111111111,0.906
2025-12-01,1054,Rincon,Downcountry,3,13,10,-3,3,0.3,0.735
2022-04-01,1055,Rincon,Downcountry,3,10,7,-3,3,0.42857142857142855,1.714
2022-05-01,1055,Rincon,Downcountry,3,10,13,3,3,0.23076923076923078,1.473
2022-06-01,1055,Rincon,Downcountry,3,12,10,-2,2,0.2,1.13
2022-07-01,1055,Rincon,Downcountry,3,9,12,3,3,0.25,0.896
2022-08-01,1055,Rincon,Downcountry,3,9,8,-1,1,0.125,0.789
2022-09-01,1055,Rincon,Downcountry,3,8,11,3,3,0.2727272727272727,0.783
2022-10-01,1055,Rincon,Downcountry,3,8,11,3,3,0.2727272727272727,0.738
2022-11-01,1055,Rincon,Downcountry,3,9,9,0,0,0.0,0.906
2022-12-01,1055,Rincon,Downcountry,3,8,3,-5,5,1.6666666666666667,0.735
2023-01-01,1055,Rincon,Downcountry,3,6,11,5,5,0.45454545454545453,0.767
2023-02-01,1055,Rincon,Downcountry,3,8,8,0,0,0.0,1.0
2023-03-01,1055,Rincon,Downcountry,3,11,20,9,9,0.45,1.5
2023-04-01,1055,Rincon,Downcountry,3,22,11,-11,11,1.0,1.714
2023-05-01,1055,Rincon,Downcountry,3,19,16,-3,3,0.1875,1.473
2023-06-01,1055,Rincon,Downcountry,3,18,14,-4,4,0.2857142857142857,1.13
2023-07-01,1055,Rincon,Downcountry,3,12,7,-5,5,0.7142857142857143,0.896
2023-08-01,1055,Rincon,Downcountry,3,10,6,-4,4,0.6666666666666666,0.789
2023-09-01,1055,Rincon,Downcountry,3,7,4,-3,3,0.75,0.783
2023-10-01,1055,Rincon,Downcountry,3,4,0,-4,4,,0.738
2023-11-01,1055,Rincon,Downcountry,3,3,14,11,11,0.7857142857142857,0.906
2023-12-01,1055,Rincon,Downcountry,3,4,2,-2,2,1.0,0.735
2024-01-01,1055,Rincon,Downcountry,3,4,0,-4,4,,0.767
2024-02-01,1055,Rincon,Downcountry,3,5,3,-2,2,0.6666666666666666,1.0
2024-03-01,1055,Rincon,Downcountry,3,2,12,10,10,0.8333333333333334,1.5
2024-04-01,1055,Rincon,Downcountry,3,9,5,-4,4,0.8,1.714
2024-05-01,1055,Rincon,Downcountry,3,10,20,10,10,0.5,1.473
2024-06-01,1055,Rincon,Downcountry,3,14,9,-5,5,0.5555555555555556,1.13
2024-07-01,1055,Rincon,Downcountry,3,10,15,5,5,0.3333333333333333,0.896
2024-08-01,1055,Rincon,Downcountry,3,12,10,-2,2,0.2,0.789
2024-09-01,1055,Rincon,Downcountry,3,9,7,-2,2,0.2857142857142857,0.783
2024-10-01,1055,Rincon,Downcountry,3,8,8,0,0,0.0,0.738
2024-11-01,1055,Rincon,Downcountry,3,8,9,1,1,0.1111111111111111,0.906
2024-12-01,1055,Rincon,Downcountry,3,6,5,-1,1,0.2,0.735
2025-01-01,1055,Rincon,Downcountry,3,6,1,-5,5,5.0,0.767
2025-02-01,1055,Rincon,Downcountry,3,5,14,9,9,0.6428571428571429,1.0
2025-03-01,1055,Rincon,Downcountry,3,10,5,-5,5,1.0,1.5
2025-04-01,1055,Rincon,Downcountry,3,11,4,-7,7,1.75,1.714
2025-05-01,1055,Rincon,Downcountry,3,11,21,10,10,0.47619047619047616,1.473
2025-06-01,1055,Rincon,Downcountry,3,11,18,7,7,0.3888888888888889,1.13
2025-07-01,1055,Rincon,Downcountry,3,13,9,-4,4,0.4444444444444444,0.896
2025-08-01,1055,Rincon,Downcountry,3,13,7,-6,6,0.8571428571428571,0.789
2025-09-01,1055,Rincon,Downcountry,3,9,10,1,1,0.1,0.783
2025-10-01,1055,Rincon,Downcountry,3,6,3,-3,3,1.0,0.738
2025-11-01,1055,Rincon,Downcountry,3,6,8,2,2,0.25,0.906
2025-12-01,1055,Rincon,Downcountry,3,5,4,-1,1,0.25,0.735
2022-04-01,1056,Rincon,Downcountry,3,10,16,6,6,0.375,1.714
2022-05-01,1056,Rincon,Downcountry,3,17,10,-7,7,0.7,1.473
2022-06-01,1056,Rincon,Downcountry,3,12,3,-9,9,3.0,1.13
2022-07-01,1056,Rincon,Downcountry,3,9,17,8,8,0.47058823529411764,0.896
2022-08-01,1056,Rincon,Downcountry,3,8,4,-4,4,1.0,0.789
2022-09-01,1056,Rincon,Downcountry,3,6,12,6,6,0.5,0.783
2022-10-01,1056,Rincon,Downcountry,3,8,2,-6,6,3.0,0.738
2022-11-01,1056,Rincon,Downcountry,3,5,3,-2,2,0.6666666666666666,0.906
2022-12-01,1056,Rincon,Downcountry,3,4,4,0,0,0.0,0.735
2023-01-01,1056,Rincon,Downcountry,3,2,8,6,6,0.75,0.767
2023-02-01,1056,Rincon,Downcountry,3,5,10,5,5,0.5,1.0
2023-03-01,1056,Rincon,Downcountry,3,11,11,0,0,0.0,1.5
2023-04-01,1056,Rincon,Downcountry,3,17,7,-10,10,1.4285714285714286,1.714
2023-05-01,1056,Rincon,Downcountry,3,14,8,-6,6,0.75,1.473
2023-06-01,1056,Rincon,Downcountry,3,10,12,2,2,0.16666666666666666,1.13
2023-07-01,1056,Rincon,Downcountry,3,8,24,16,16,0.6666666666666666,0.896
2023-08-01,1056,Rincon,Downcountry,3,12,10,-2,2,0.2,0.789
2023-09-01,1056,Rincon,Downcountry,3,12,3,-9,9,3.0,0.783
2023-10-01,1056,Rincon,Downcountry,3,9,5,-4,4,0.8,0.738
2023-11-01,1056,Rincon,Downcountry,3,5,9,4,4,0.4444444444444444,0.906
2023-12-01,1056,Rincon,Downcountry,3,4,0,-4,4,,0.735
2024-01-01,1056,Rincon,Downcountry,3,4,7,3,3,0.42857142857142855,0.767
2024-02-01,1056,Rincon,Downcountry,3,5,0,-5,5,,1.0
2024-03-01,1056,Rincon,Downcountry,3,4,12,8,8,0.6666666666666666,1.5
2024-04-01,1056,Rincon,Downcountry,3,11,11,0,0,0.0,1.714
2024-05-01,1056,Rincon,Downcountry,3,11,17,6,6,0.35294117647058826,1.473
2024-06-01,1056,Rincon,Downcountry,3,15,14,-1,1,0.07142857142857142,1.13
2024-07-01,1056,Rincon,Downcountry,3,13,21,8,8,0.38095238095238093,0.896
2024-08-01,1056,Rincon,Downcountry,3,14,12,-2,2,0.16666666666666666,0.789
2024-09-01,1056,Rincon,Downcountry,3,12,6,-6,6,1.0,0.783
2024-10-01,1056,Rincon,Downcountry,3,10,11,1,1,0.09090909090909091,0.738
2024-11-01,1056,Rincon,Downcountry,3,9,2,-7,7,3.5,0.906
2024-12-01,1056,Rincon,Downcountry,3,5,1,-4,4,4.0,0.735
2025-01-01,1056,Rincon,Downcountry,3,4,0,-4,4,,0.767
2025-02-01,1056,Rincon,Downcountry,3,1,4,3,3,0.75,1.0
2025-03-01,1056,Rincon,Downcountry,3,2,9,7,7,0.7777777777777778,1.5
2025-04-01,1056,Rincon,Downcountry,3,7,12,5,5,0.4166666666666667,1.714
2025-05-01,1056,Rincon,Downcountry,3,12,15,3,3,0.2,1.473
2025-06-01,1056,Rincon,Downcountry,3,14,8,-6,6,0.75,1.13
2025-07-01,1056,Rincon,Downcountry,3,10,3,-7,7,2.3333333333333335,0.896
2025-08-01,1056,Rincon,Downcountry,3,7,9,2,2,0.2222222222222222,0.789
2025-09-01,1056,Rincon,Downcountry,3,5,4,-1,1,0.25,0.783
2025-10-01,1056,Rincon,Downcountry,3,4,4,0,0,0.0,0.738
2025-11-01,1056,Rincon,Downcountry,3,5,4,-1,1,0.25,0.906
2025-12-01,1056,Rincon,Downcountry,3,3,6,3,3,0.5,0.735
2022-04-01,1057,Rincon,Downcountry,3,14,14,0,0,0.0,1.714
2022-05-01,1057,Rincon,Downcountry,3,16,13,-3,3,0.23076923076923078,1.473
2022-06-01,1057,Rincon,Downcountry,3,14,7,-7,7,1.0,1.13
2022-07-01,1057,Rincon,Downcountry,3,10,11,1,1,0.09090909090909091,0.896
2022-08-01,1057,Rincon,Downcountry,3,8,3,-5,5,1.6666666666666667,0.789
2022-09-01,1057,Rincon,Downcountry,3,5,2,-3,3,1.5,0.783
2022-10-01,1057,Rincon,Downcountry,3,4,6,2,2,0.3333333333333333,0.738
2022-11-01,1057,Rincon,Downcountry,3,3,2,-1,1,0.5,0.906
2022-12-01,1057,Rincon,Downcountry,3,2,12,10,10,0.8333333333333334,0.735
2023-01-01,1057,Rincon,Downcountry,3,5,4,-1,1,0.25,0.767
2023-02-01,1057,Rincon,Downcountry,3,6,7,1,1,0.14285714285714285,1.0
2023-03-01,1057,Rincon,Downcountry,3,12,10,-2,2,0.2,1.5
2023-04-01,1057,Rincon,Downcountry,3,12,12,0,0,0.0,1.714
2023-05-01,1057,Rincon,Downcountry,3,14,21,7,7,0.3333333333333333,1.473
2023-06-01,1057,Rincon,Downcountry,3,16,8,-8,8,1.0,1.13
2023-07-01,1057,Rincon,Downcountry,3,12,27,15,15,0.5555555555555556,0.896
2023-08-01,1057,Rincon,Downcountry,3,15,18,3,3,0.16666666666666666,0.789
2023-09-01,1057,Rincon,Downcountry,3,14,5,-9,9,1.8,0.783
2023-10-01,1057,Rincon,Downcountry,3,12,7,-5,5,0.7142857142857143,0.738
2023-11-01,1057,Rincon,Downcountry,3,9,13,4,4,0.3076923076923077,0.906
2023-12-01,1057,Rincon,Downcountry,3,6,11,5,5,0.45454545454545453,0.735
2024-01-01,1057,Rincon,Downcountry,3,8,9,1,1,0.1111111111111111,0.767
2024-02-01,1057,Rincon,Downcountry,3,11,3,-8,8,2.6666666666666665,1.0
2024-03-01,1057,Rincon,Downcountry,3,12,16,4,4,0.25,1.5
2024-04-01,1057,Rincon,Downcountry,3,16,16,0,0,0.0,1.714
2024-05-01,1057,Rincon,Downcountry,3,17,14,-3,3,0.21428571428571427,1.473
2024-06-01,1057,Rincon,Downcountry,3,17,14,-3,3,0.21428571428571427,1.13
2024-07-01,1057,Rincon,Downcountry,3,13,6,-7,7,1.1666666666666667,0.896
2024-08-01,1057,Rincon,Downcountry,3,9,11,2,2,0.18181818181818182,0.789
2024-09-01,1057,Rincon,Downcountry,3,8,9,1,1,0.1111111111111111,0.783
2024-10-01,1057,Rincon,Downcountry,3,6,3,-3,3,1.0,0.738
2024-11-01,1057,Rincon,Downcountry,3,7,4,-3,3,0.75,0.906
2024-12-01,1057,Rincon,Downcountry,3,4,4,0,0,0.0,0.735
2025-01-01,1057,Rincon,Downcountry,3,3,2,-1,1,0.5,0.767
2025-02-01,1057,Rincon,Downcountry,3,3,1,-2,2,2.0,1.0
2025-03-01,1057,Rincon,Downcountry,3,4,5,1,1,0.2,1.5
2025-04-01,1057,Rincon,Downcountry,3,5,30,25,25,0.8333333333333334,1.714
2025-05-01,1057,Rincon,Downcountry,3,18,12,-6,6,0.5,1.473
2025-06-01,1057,Rincon,Downcountry,3,18,12,-6,6,0.5,1.13
2025-07-01,1057,Rincon,Downcountry,3,16,6,-10,10,1.6666666666666667,0.896
2025-08-01,1057,Rincon,Downcountry,3,8,8,0,0,0.0,0.789
2025-09-01,1057,Rincon,Downcountry,3,7,4,-3,3,0.75,0.783
2025-10-01,1057,Rincon,Downcountry,3,4,11,7,7,0.6363636363636364,0.738
2025-11-01,1057,Rincon,Downcountry,3,7,3,-4,4,1.3333333333333333,0.906
2025-12-01,1057,Rincon,Downcountry,3,4,5,1,1,0.2,0.735
2022-04-01,1058,Rincon,Downcountry,3,9,3,-6,6,2.0,1.714
2022-05-01,1058,Rincon,Downcountry,3,6,14,8,8,0.5714285714285714,1.473
2022-06-01,1058,Rincon,Downcountry,3,9,21,12,12,0.5714285714285714,1.13
2022-07-01,1058,Rincon,Downcountry,3,11,2,-9,9,4.5,0.896
2022-08-01,1058,Rincon,Downcountry,3,10,9,-1,1,0.1111111111111111,0.789
2022-09-01,1058,Rincon,Downcountry,3,8,8,0,0,0.0,0.783
2022-10-01,1058,Rincon,Downcountry,3,5,7,2,2,0.2857142857142857,0.738
2022-11-01,1058,Rincon,Downcountry,3,7,2,-5,5,2.5,0.906
2022-12-01,1058,Rincon,Downcountry,3,4,7,3,3,0.42857142857142855,0.735
2023-01-01,1058,Rincon,Downcountry,3,4,0,-4,4,,0.767
2023-02-01,1058,Rincon,Downcountry,3,3,15,12,12,0.8,1.0
2023-03-01,1058,Rincon,Downcountry,3,11,1,-10,10,10.0,1.5
2023-04-01,1058,Rincon,Downcountry,3,9,11,2,2,0.18181818181818182,1.714
2023-05-01,1058,Rincon,Downcountry,3,13,12,-1,1,0.08333333333333333,1.473
2023-06-01,1058,Rincon,Downcountry,3,9,18,9,9,0.5,1.13
2023-07-01,1058,Rincon,Downcountry,3,12,11,-1,1,0.09090909090909091,0.896
2023-08-01,1058,Rincon,Downcountry,3,11,2,-9,9,4.5,0.789
2023-09-01,1058,Rincon,Downcountry,3,8,10,2,2,0.2,0.783
2023-10-01,1058,Rincon,Downcountry,3,6,8,2,2,0.25,0.738
2023-11-01,1058,Rincon,Downcountry,3,6,5,-1,1,0.2,0.906
2023-12-01,1058,Rincon,Downcountry,3,6,2,-4,4,2.0,0.735
2024-01-01,1058,Rincon,Downcountry,3,4,4,0,0,0.0,0.767
2024-02-01,1058,Rincon,Downcountry,3,4,3,-1,1,0.3333333333333333,1.0
2024-03-01,1058,Rincon,Downcountry,3,4,12,8,8,0.6666666666666666,1.5
2024-04-01,1058,Rincon,Downcountry,3,11,9,-2,2,0.2222222222222222,1.714
2024-05-01,1058,Rincon,Downcountry,3,12,14,2,2,0.14285714285714285,1.473
2024-06-01,1058,Rincon,Downcountry,3,13,9,-4,4,0.4444444444444444,1.13
2024-07-01,1058,Rincon,Downcountry,3,10,10,0,0,0.0,0.896
2024-08-01,1058,Rincon,Downcountry,3,9,8,-1,1,0.125,0.789
2024-09-01,1058,Rincon,Downcountry,3,7,13,6,6,0.46153846153846156,0.783
2024-10-01,1058,Rincon,Downcountry,3,8,2,-6,6,3.0,0.738
2024-11-01,1058,Rincon,Downcountry,3,7,16,9,9,0.5625,0.906
2024-12-01,1058,Rincon,Downcountry,3,8,7,-1,1,0.14285714285714285,0.735
2025-01-01,1058,Rincon,Downcountry,3,6,7,1,1,0.14285714285714285,0.767
2025-02-01,1058,Rincon,Downcountry,3,10,11,1,1,0.09090909090909091,1.0
2025-03-01,1058,Rincon,Downcountry,3,12,8,-4,4,0.5,1.5
2025-04-01,1058,Rincon,Downcountry,3,15,19,4,4,0.21052631578947367,1.714
2025-05-01,1058,Rincon,Downcountry,3,19,8,-11,11,1.375,1.473
2025-06-01,1058,Rincon,Downcountry,3,13,10,-3,3,0.3,1.13
2025-07-01,1058,Rincon,Downcountry,3,11,6,-5,5,0.8333333333333334,0.896
2025-08-01,1058,Rincon,Downcountry,3,6,20,14,14,0.7,0.789
2025-09-01,1058,Rincon,Downcountry,3,9,13,4,4,0.3076923076923077,0.783
2025-10-01,1058,Rincon,Downcountry,3,10,5,-5,5,1.0,0.738
2025-11-01,1058,Rincon,Downcountry,3,11,3,-8,8,2.6666666666666665,0.906
2025-12-01,1058,Rincon,Downcountry,3,5,1,-4,4,4.0,0.735
2022-04-01,1059,Rincon,Downcountry,3,15,9,-6,6,0.6666666666666666,1.714
2022-05-01,1059,Rincon,Downcountry,3,16,12,-4,4,0.3333333333333333,1.473
2022-06-01,1059,Rincon,Downcountry,3,14,7,-7,7,1.0,1.13
2022-07-01,1059,Rincon,Downcountry,3,8,13,5,5,0.38461538461538464,0.896
2022-08-01,1059,Rincon,Downcountry,3,8,7,-1,1,0.14285714285714285,0.789
2022-09-01,1059,Rincon,Downcountry,3,7,9,2,2,0.2222222222222222,0.783
2022-10-01,1059,Rincon,Downcountry,3,7,0,-7,7,,0.738
2022-11-01,1059,Rincon,Downcountry,3,5,8,3,3,0.375,0.906
2022-12-01,1059,Rincon,Downcountry,3,4,1,-3,3,3.0,0.735
2023-01-01,1059,Rincon,Downcountry,3,2,0,-2,2,,0.767
2023-02-01,1059,Rincon,Downcountry,3,3,5,2,2,0.4,1.0
2023-03-01,1059,Rincon,Downcountry,3,3,8,5,5,0.625,1.5
2023-04-01,1059,Rincon,Downcountry,3,7,9,2,2,0.2222222222222222,1.714
2023-05-01,1059,Rincon,Downcountry,3,11,13,2,2,0.15384615384615385,1.473
2023-06-01,1059,Rincon,Downcountry,3,11,5,-6,6,1.2,1.13
2023-07-01,1059,Rincon,Downcountry,3,8,16,8,8,0.5,0.896
2023-08-01,1059,Rincon,Downcountry,3,9,3,-6,6,2.0,0.789
2023-09-01,1059,Rincon,Downcountry,3,6,5,-1,1,0.2,0.783
2023-10-01,1059,Rincon,Downcountry,3,6,10,4,4,0.4,0.738
2023-11-01,1059,Rincon,Downcountry,3,5,6,1,1,0.16666666666666666,0.906
2023-12-01,1059,Rincon,Downcountry,3,5,12,7,7,0.5833333333333334,0.735
2024-01-01,1059,Rincon,Downcountry,3,7,2,-5,5,2.5,0.767
2024-02-01,1059,Rincon,Downcountry,3,7,9,2,2,0.2222222222222222,1.0
2024-03-01,1059,Rincon,Downcountry,3,12,0,-12,12,,1.5
2024-04-01,1059,Rincon,Downcountry,3,6,12,6,6,0.5,1.714
2024-05-01,1059,Rincon,Downcountry,3,10,16,6,6,0.375,1.473
2024-06-01,1059,Rincon,Downcountry,3,11,20,9,9,0.45,1.13
2024-07-01,1059,Rincon,Downcountry,3,14,2,-12,12,6.0,0.896
2024-08-01,1059,Rincon,Downcountry,3,10,12,2,2,0.16666666666666666,0.789
2024-09-01,1059,Rincon,Downcountry,3,9,11,2,2,0.18181818181818182,0.783
2024-10-01,1059,Rincon,Downcountry,3,6,7,1,1,0.14285714285714285,0.738
2024-11-01,1059,Rincon,Downcountry,3,9,1,-8,8,8.0,0.906
2024-12-01,1059,Rincon,Downcountry,3,5,11,6,6,0.5454545454545454,0.735
2025-01-01,1059,Rincon,Downcountry,3,5,0,-5,5,,0.767
2025-02-01,1059,Rincon,Downcountry,3,4,7,3,3,0.42857142857142855,1.0
2025-03-01,1059,Rincon,Downcountry,3,9,7,-2,2,0.2857142857142857,1.5
2025-04-01,1059,Rincon,Downcountry,3,8,21,13,13,0.6190476190476191,1.714
2025-05-01,1059,Rincon,Downcountry,3,17,8,-9,9,1.125,1.473
2025-06-01,1059,Rincon,Downcountry,3,14,6,-8,8,1.3333333333333333,1.13
2025-07-01,1059,Rincon,Downcountry,3,10,13,3,3,0.23076923076923078,0.896
2025-08-01,1059,Rincon,Downcountry,3,7,12,5,5,0.4166666666666667,0.789
2025-09-01,1059,Rincon,Downcountry,3,8,13,5,5,0.38461538461538464,0.783
2025-10-01,1059,Rincon,Downcountry,3,9,7,-2,2,0.2857142857142857,0.738
2025-11-01,1059,Rincon,Downcountry,3,10,10,0,0,0.0,0.906
2025-12-01,1059,Rincon,Downcountry,3,7,16,9,9,0.5625,0.735
2022-04-01,1060,Rincon,Downcountry,3,10,24,14,14,0.5833333333333334,1.714
2022-05-01,1060,Rincon,Downcountry,3,20,7,-13,13,1.8571428571428572,1.473
2022-06-01,1060,Rincon,Downcountry,3,16,9,-7,7,0.7777777777777778,1.13
2022-07-01,1060,Rincon,Downcountry,3,12,7,-5,5,0.7142857142857143,0.896
2022-08-01,1060,Rincon,Downcountry,3,6,12,6,6,0.5,0.789
2022-09-01,1060,Rincon,Downcountry,3,7,7,0,0,0.0,0.783
2022-10-01,1060,Rincon,Downcountry,3,6,7,1,1,0.14285714285714285,0.738
2022-11-01,1060,Rincon,Downcountry,3,8,11,3,3,0.2727272727272727,0.906
2022-12-01,1060,Rincon,Downcountry,3,6,11,5,5,0.45454545454545453,0.735
2023-01-01,1060,Rincon,Downcountry,3,7,7,0,0,0.0,0.767
2023-02-01,1060,Rincon,Downcountry,3,10,10,0,0,0.0,1.0
2023-03-01,1060,Rincon,Downcountry,3,14,10,-4,4,0.4,1.5
2023-04-01,1060,Rincon,Downcountry,3,15,16,1,1,0.0625,1.714
2023-05-01,1060,Rincon,Downcountry,3,18,14,-4,4,0.2857142857142857,1.473
2023-06-01,1060,Rincon,Downcountry,3,15,22,7,7,0.3181818181818182,1.13
2023-07-01,1060,Rincon,Downcountry,3,16,15,-1,1,0.06666666666666667,0.896
2023-08-01,1060,Rincon,Downcountry,3,13,7,-6,6,0.8571428571428571,0.789
2023-09-01,1060,Rincon,Downcountry,3,11,1,-10,10,10.0,0.783
2023-10-01,1060,Rincon,Downcountry,3,6,3,-3,3,1.0,0.738
2023-11-01,1060,Rincon,Downcountry,3,3,18,15,15,0.8333333333333334,0.906
2023-12-01,1060,Rincon,Downcountry,3,5,1,-4,4,4.0,0.735
2024-01-01,1060,Rincon,Downcountry,3,6,7,1,1,0.14285714285714285,0.767
2024-02-01,1060,Rincon,Downcountry,3,9,3,-6,6,2.0,1.0
2024-03-01,1060,Rincon,Downcountry,3,6,12,6,6,0.5,1.5
2024-04-01,1060,Rincon,Downcountry,3,13,10,-3,3,0.3,1.714
2024-05-01,1060,Rincon,Downcountry,3,12,13,1,1,0.07692307692307693,1.473
2024-06-01,1060,Rincon,Downcountry,3,13,2,-11,11,5.5,1.13
2024-07-01,1060,Rincon,Downcountry,3,7,14,7,7,0.5,0.896
2024-08-01,1060,Rincon,Downcountry,3,8,6,-2,2,0.3333333333333333,0.789
2024-09-01,1060,Rincon,Downcountry,3,6,9,3,3,0.3333333333333333,0.783
2024-10-01,1060,Rincon,Downcountry,3,7,13,6,6,0.46153846153846156,0.738
2024-11-01,1060,Rincon,Downcountry,3,8,3,-5,5,1.6666666666666667,0.906
2024-12-01,1060,Rincon,Downcountry,3,6,7,1,1,0.14285714285714285,0.735
2025-01-01,1060,Rincon,Downcountry,3,6,6,0,0,0.0,0.767
2025-02-01,1060,Rincon,Downcountry,3,5,8,3,3,0.375,1.0
2025-03-01,1060,Rincon,Downcountry,3,10,5,-5,5,1.0,1.5
2025-04-01,1060,Rincon,Downcountry,3,11,5,-6,6,1.2,1.714
2025-05-01,1060,Rincon,Downcountry,3,9,17,8,8,0.47058823529411764,1.473
2025-06-01,1060,Rincon,Downcountry,3,10,9,-1,1,0.1111111111111111,1.13
2025-07-01,1060,Rincon,Downcountry,3,9,10,1,1,0.1,0.896
2025-08-01,1060,Rincon,Downcountry,3,9,4,-5,5,1.25,0.789
2025-09-01,1060,Rincon,Downcountry,3,6,20,14,14,0.7,0.783
2025-10-01,1060,Rincon,Downcountry,3,8,10,2,2,0.2,0.738
2025-11-01,1060,Rincon,Downcountry,3,10,11,1,1,0.09090909090909091,0.906
2025-12-01,1060,Rincon,Downcountry,3,10,14,4,4,0.2857142857142857,0.735
2022-04-01,1061,Sabino,Trail,3,14,19,5,5,0.2631578947368421,1.714
2022-05-01,1061,Sabino,Trail,3,19,6,-13,13,2.1666666666666665,1.473
2022-06-01,1061,Sabino,Trail,3,14,17,3,3,0.17647058823529413,1.13
2022-07-01,1061,Sabino,Trail,3,13,11,-2,2,0.18181818181818182,0.896
2022-08-01,1061,Sabino,Trail,3,9,15,6,6,0.4,0.789
2022-09-01,1061,Sabino,Trail,3,11,3,-8,8,2.6666666666666665,0.783
2022-10-01,1061,Sabino,Trail,3,7,15,8,8,0.5333333333333333,0.738
2022-11-01,1061,Sabino,Trail,3,10,10,0,0,0.0,0.906
2022-12-01,1061,Sabino,Trail,3,7,3,-4,4,1.3333333333333333,0.735
2023-01-01,1061,Sabino,Trail,3,7,4,-3,3,0.75,0.767
2023-02-01,1061,Sabino,Trail,3,6,6,0,0,0.0,1.0
2023-03-01,1061,Sabino,Trail,3,6,17,11,11,0.6470588235294118,1.5
2023-04-01,1061,Sabino,Trail,3,15,3,-12,12,4.0,1.714
2023-05-01,1061,Sabino,Trail,3,13,11,-2,2,0.18181818181818182,1.473
2023-06-01,1061,Sabino,Trail,3,12,14,2,2,0.14285714285714285,1.13
2023-07-01,1061,Sabino,Trail,3,8,15,7,7,0.4666666666666667,0.896
2023-08-01,1061,Sabino,Trail,3,11,9,-2,2,0.2222222222222222,0.789
2023-09-01,1061,Sabino,Trail,3,10,2,-8,8,4.0,0.783
2023-10-01,1061,Sabino,Trail,3,6,11,5,5,0.45454545454545453,0.738
2023-11-01,1061,Sabino,Trail,3,7,10,3,3,0.3,0.906
2023-12-01,1061,Sabino,Trail,3,6,10,4,4,0.4,0.735
2024-01-01,1061,Sabino,Trail,3,8,1,-7,7,7.0,0.767
2024-02-01,1061,Sabino,Trail,3,7,5,-2,2,0.4,1.0
2024-03-01,1061,Sabino,Trail,3,8,11,3,3,0.2727272727272727,1.5
2024-04-01,1061,Sabino,Trail,3,10,6,-4,4,0.6666666666666666,1.714
2024-05-01,1061,Sabino,Trail,3,11,13,2,2,0.15384615384615385,1.473
2024-06-01,1061,Sabino,Trail,3,11,12,1,1,0.08333333333333333,1.13
2024-07-01,1061,Sabino,Trail,3,9,11,2,2,0.18181818181818182,0.896
2024-08-01,1061,Sabino,Trail,3,9,27,18,18,0.6666666666666666,0.789
2024-09-01,1061,Sabino,Trail,3,13,17,4,4,0.23529411764705882,0.783
2024-10-01,1061,Sabino,Trail,3,14,9,-5,5,0.5555555555555556,0.738
2024-11-01,1061,Sabino,Trail,3,16,7,-9,9,1.2857142857142858,0.906
2024-12-01,1061,Sabino,Trail,3,8,12,4,4,0.3333333333333333,0.735
2025-01-01,1061,Sabino,Trail,3,7,9,2,2,0.2222222222222222,0.767
2025-02-01,1061,Sabino,Trail,3,9,4,-5,5,1.25,1.0
2025-03-01,1061,Sabino,Trail,3,12,13,1,1,0.07692307692307693,1.5
2025-04-01,1061,Sabino,Trail,3,15,20,5,5,0.25,1.714
2025-05-01,1061,Sabino,Trail,3,18,3,-15,15,5.0,1.473
2025-06-01,1061,Sabino,Trail,3,14,25,11,11,0.44,1.13
2025-07-01,1061,Sabino,Trail,3,14,9,-5,5,0.5555555555555556,0.896
2025-08-01,1061,Sabino,Trail,3,10,4,-6,6,1.5,0.789
2025-09-01,1061,Sabino,Trail,3,10,9,-1,1,0.1111111111111111,0.783
2025-10-01,1061,Sabino,Trail,3,5,12,7,7,0.5833333333333334,0.738
2025-11-01,1061,Sabino,Trail,3,8,16,8,8,0.5,0.906
2025-12-01,1061,Sabino,Trail,3,9,6,-3,3,0.5,0.735
2022-04-01,1062,Sabino,Trail,3,15,14,-1,1,0.07142857142857142,1.714
2022-05-01,1062,Sabino,Trail,3,18,7,-11,11,1.5714285714285714,1.473
2022-06-01,1062,Sabino,Trail,3,14,24,10,10,0.4166666666666667,1.13
2022-07-01,1062,Sabino,Trail,3,13,23,10,10,0.43478260869565216,0.896
2022-08-01,1062,Sabino,Trail,3,14,16,2,2,0.125,0.789
2022-09-01,1062,Sabino,Trail,3,16,6,-10,10,1.6666666666666667,0.783
2022-10-01,1062,Sabino,Trail,3,11,5,-6,6,1.2,0.738
2022-11-01,1062,Sabino,Trail,3,8,8,0,0,0.0,0.906
2022-12-01,1062,Sabino,Trail,3,5,6,1,1,0.16666666666666666,0.735
2023-01-01,1062,Sabino,Trail,3,5,3,-2,2,0.6666666666666666,0.767
2023-02-01,1062,Sabino,Trail,3,6,4,-2,2,0.5,1.0
2023-03-01,1062,Sabino,Trail,3,6,6,0,0,0.0,1.5
2023-04-01,1062,Sabino,Trail,3,7,20,13,13,0.65,1.714
2023-05-01,1062,Sabino,Trail,3,15,11,-4,4,0.36363636363636365,1.473
2023-06-01,1062,Sabino,Trail,3,14,11,-3,3,0.2727272727272727,1.13
2023-07-01,1062,Sabino,Trail,3,13,15,2,2,0.13333333333333333,0.896
2023-08-01,1062,Sabino,Trail,3,10,9,-1,1,0.1111111111111111,0.789
2023-09-01,1062,Sabino,Trail,3,9,12,3,3,0.25,0.783
2023-10-01,1062,Sabino,Trail,3,9,3,-6,6,2.0,0.738
2023-11-01,1062,Sabino,Trail,3,7,3,-4,4,1.3333333333333333,0.906
2023-12-01,1062,Sabino,Trail,3,4,4,0,0,0.0,0.735
2024-01-01,1062,Sabino,Trail,3,3,4,1,1,0.25,0.767
2024-02-01,1062,Sabino,Trail,3,4,8,4,4,0.5,1.0
2024-03-01,1062,Sabino,Trail,3,8,4,-4,4,1.0,1.5
2024-04-01,1062,Sabino,Trail,3,9,17,8,8,0.47058823529411764,1.714
2024-05-01,1062,Sabino,Trail,3,14,20,6,6,0.3,1.473
2024-06-01,1062,Sabino,Trail,3,15,11,-4,4,0.36363636363636365,1.13
2024-07-01,1062,Sabino,Trail,3,14,14,0,0,0.0,0.896
2024-08-01,1062,Sabino,Trail,3,12,5,-7,7,1.4,0.789
2024-09-01,1062,Sabino,Trail,3,8,16,8,8,0.5,0.783
2024-10-01,1062,Sabino,Trail,3,9,9,0,0,0.0,0.738
2024-11-01,1062,Sabino,Trail,3,9,5,-4,4,0.8,0.906
2024-12-01,1062,Sabino,Trail,3,7,5,-2,2,0.4,0.735
2025-01-01,1062,Sabino,Trail,3,5,5,0,0,0.0,0.767
2025-02-01,1062,Sabino,Trail,3,5,16,11,11,0.6875,1.0
2025-03-01,1062,Sabino,Trail,3,13,11,-2,2,0.18181818181818182,1.5
2025-04-01,1062,Sabino,Trail,3,18,13,-5,5,0.38461538461538464,1.714
2025-05-01,1062,Sabino,Trail,3,20,18,-2,2,0.1111111111111111,1.473
2025-06-01,1062,Sabino,Trail,3,16,14,-2,2,0.14285714285714285,1.13
2025-07-01,1062,Sabino,Trail,3,13,11,-2,2,0.18181818181818182,0.896
2025-08-01,1062,Sabino,Trail,3,11,15,4,4,0.26666666666666666,0.789
2025-09-01,1062,Sabino,Trail,3,10,22,12,12,0.5454545454545454,0.783
2025-10-01,1062,Sabino,Trail,3,12,3,-9,9,3.0,0.738
2025-11-01,1062,Sabino,Trail,3,12,3,-9,9,3.0,0.906
2025-12-01,1062,Sabino,Trail,3,7,5,-2,2,0.4,0.735
2022-04-01,1063,Sabino,Trail,3,12,17,5,5,0.29411764705882354,1.714
2022-05-01,1063,Sabino,Trail,3,17,11,-6,6,0.5454545454545454,1.473
2022-06-01,1063,Sabino,Trail,3,16,8,-8,8,1.0,1.13
2022-07-01,1063,Sabino,Trail,3,11,10,-1,1,0.1,0.896
2022-08-01,1063,Sabino,Trail,3,8,7,-1,1,0.14285714285714285,0.789
2022-09-01,1063,Sabino,Trail,3,7,17,10,10,0.5882352941176471,0.783
2022-10-01,1063,Sabino,Trail,3,8,1,-7,7,7.0,0.738
2022-11-01,1063,Sabino,Trail,3,8,6,-2,2,0.3333333333333333,0.906
2022-12-01,1063,Sabino,Trail,3,6,0,-6,6,,0.735
2023-01-01,1063,Sabino,Trail,3,2,5,3,3,0.6,0.767
2023-02-01,1063,Sabino,Trail,3,4,7,3,3,0.42857142857142855,1.0
2023-03-01,1063,Sabino,Trail,3,6,9,3,3,0.3333333333333333,1.5
2023-04-01,1063,Sabino,Trail,3,12,18,6,6,0.3333333333333333,1.714
2023-05-01,1063,Sabino,Trail,3,17,22,5,5,0.22727272727272727,1.473
2023-06-01,1063,Sabino,Trail,3,18,10,-8,8,0.8,1.13
2023-07-01,1063,Sabino,Trail,3,15,18,3,3,0.16666666666666666,0.896
2023-08-01,1063,Sabino,Trail,3,13,7,-6,6,0.8571428571428571,0.789
2023-09-01,1063,Sabino,Trail,3,9,9,0,0,0.0,0.783
2023-10-01,1063,Sabino,Trail,3,8,7,-1,1,0.14285714285714285,0.738
2023-11-01,1063,Sabino,Trail,3,7,7,0,0,0.0,0.906
2023-12-01,1063,Sabino,Trail,3,6,3,-3,3,1.0,0.735
2024-01-01,1063,Sabino,Trail,3,4,10,6,6,0.6,0.767
2024-02-01,1063,Sabino,Trail,3,7,5,-2,2,0.4,1.0
2024-03-01,1063,Sabino,Trail,3,9,3,-6,6,2.0,1.5
2024-04-01,1063,Sabino,Trail,3,10,11,1,1,0.09090909090909091,1.714
2024-05-01,1063,Sabino,Trail,3,9,6,-3,3,0.5,1.473
2024-06-01,1063,Sabino,Trail,3,8,17,9,9,0.5294117647058824,1.13
2024-07-01,1063,Sabino,Trail,3,10,15,5,5,0.3333333333333333,0.896
2024-08-01,1063,Sabino,Trail,3,10,7,-3,3,0.42857142857142855,0.789
2024-09-01,1063,Sabino,Trail,3,10,9,-1,1,0.1111111111111111,0.783
2024-10-01,1063,Sabino,Trail,3,8,13,5,5,0.38461538461538464,0.738
2024-11-01,1063,Sabino,Trail,3,9,8,-1,1,0.125,0.906
2024-12-01,1063,Sabino,Trail,3,7,11,4,4,0.36363636363636365,0.735
2025-01-01,1063,Sabino,Trail,3,8,8,0,0,0.0,0.767
2025-02-01,1063,Sabino,Trail,3,9,10,1,1,0.1,1.0
2025-03-01,1063,Sabino,Trail,3,14,4,-10,10,2.5,1.5
2025-04-01,1063,Sabino,Trail,3,13,7,-6,6,0.8571428571428571,1.714
2025-05-01,1063,Sabino,Trail,3,10,5,-5,5,1.0,1.473
2025-06-01,1063,Sabino,Trail,3,6,14,8,8,0.5714285714285714,1.13
2025-07-01,1063,Sabino,Trail,3,8,16,8,8,0.5,0.896
2025-08-01,1063,Sabino,Trail,3,9,8,-1,1,0.125,0.789
2025-09-01,1063,Sabino,Trail,3,10,3,-7,7,2.3333333333333335,0.783
2025-10-01,1063,Sabino,Trail,3,7,7,0,0,0.0,0.738
2025-11-01,1063,Sabino,Trail,3,5,7,2,2,0.2857142857142857,0.906
2025-12-01,1063,Sabino,Trail,3,4,15,11,11,0.7333333333333333,0.735
2022-04-01,1064,Sabino,Trail,3,15,23,8,8,0.34782608695652173,1.714
2022-05-01,1064,Sabino,Trail,3,20,18,-2,2,0.1111111111111111,1.473
2022-06-01,1064,Sabino,Trail,3,18,1,-17,17,17.0,1.13
2022-07-01,1064,Sabino,Trail,3,13,8,-5,5,0.625,0.896
2022-08-01,1064,Sabino,Trail,3,7,6,-1,1,0.16666666666666666,0.789
2022-09-01,1064,Sabino,Trail,3,4,7,3,3,0.42857142857142855,0.783
2022-10-01,1064,Sabino,Trail,3,5,9,4,4,0.4444444444444444,0.738
2022-11-01,1064,Sabino,Trail,3,7,2,-5,5,2.5,0.906
2022-12-01,1064,Sabino,Trail,3,4,9,5,5,0.5555555555555556,0.735
2023-01-01,1064,Sabino,Trail,3,5,1,-4,4,4.0,0.767
2023-02-01,1064,Sabino,Trail,3,4,8,4,4,0.5,1.0
2023-03-01,1064,Sabino,Trail,3,9,16,7,7,0.4375,1.5
2023-04-01,1064,Sabino,Trail,3,14,9,-5,5,0.5555555555555556,1.714
2023-05-01,1064,Sabino,Trail,3,16,9,-7,7,0.7777777777777778,1.473
2023-06-01,1064,Sabino,Trail,3,13,10,-3,3,0.3,1.13
2023-07-01,1064,Sabino,Trail,3,8,15,7,7,0.4666666666666667,0.896
2023-08-01,1064,Sabino,Trail,3,9,17,8,8,0.47058823529411764,0.789
2023-09-01,1064,Sabino,Trail,3,11,9,-2,2,0.2222222222222222,0.783
2023-10-01,1064,Sabino,Trail,3,10,9,-1,1,0.1111111111111111,0.738
2023-11-01,1064,Sabino,Trail,3,11,7,-4,4,0.5714285714285714,0.906
2023-12-01,1064,Sabino,Trail,3,6,6,0,0,0.0,0.735
2024-01-01,1064,Sabino,Trail,3,6,4,-2,2,0.5,0.767
2024-02-01,1064,Sabino,Trail,3,6,9,3,3,0.3333333333333333,1.0
2024-03-01,1064,Sabino,Trail,3,10,11,1,1,0.09090909090909091,1.5
2024-04-01,1064,Sabino,Trail,3,14,13,-1,1,0.07692307692307693,1.714
2024-05-01,1064,Sabino,Trail,3,16,12,-4,4,0.3333333333333333,1.473
2024-06-01,1064,Sabino,Trail,3,14,24,10,10,0.4166666666666667,1.13
2024-07-01,1064,Sabino,Trail,3,15,9,-6,6,0.6666666666666666,0.896
2024-08-01,1064,Sabino,Trail,3,12,2,-10,10,5.0,0.789
2024-09-01,1064,Sabino,Trail,3,9,7,-2,2,0.2857142857142857,0.783
2024-10-01,1064,Sabino,Trail,3,4,6,2,2,0.3333333333333333,0.738
2024-11-01,1064,Sabino,Trail,3,5,12,7,7,0.5833333333333334,0.906
2024-12-01,1064,Sabino,Trail,3,6,8,2,2,0.25,0.735
2025-01-01,1064,Sabino,Trail,3,7,10,3,3,0.3,0.767
2025-02-01,1064,Sabino,Trail,3,10,4,-6,6,1.5,1.0
2025-03-01,1064,Sabino,Trail,3,11,16,5,5,0.3125,1.5
2025-04-01,1064,Sabino,Trail,3,17,15,-2,2,0.13333333333333333,1.714
2025-05-01,1064,Sabino,Trail,3,17,10,-7,7,0.7,1.473
2025-06-01,1064,Sabino,Trail,3,15,13,-2,2,0.15384615384615385,1.13
2025-07-01,1064,Sabino,Trail,3,11,21,10,10,0.47619047619047616,0.896
2025-08-01,1064,Sabino,Trail,3,12,7,-5,5,0.7142857142857143,0.789
2025-09-01,1064,Sabino,Trail,3,11,13,2,2,0.15384615384615385,0.783
2025-10-01,1064,Sabino,Trail,3,10,14,4,4,0.2857142857142857,0.738
2025-11-01,1064,Sabino,Trail,3,10,6,-4,4,0.6666666666666666,0.906
2025-12-01,1064,Sabino,Trail,3,8,3,-5,5,1.6666666666666667,0.735
2022-04-01,1065,Sabino,Trail,3,6,9,3,3,0.3333333333333333,1.714
2022-05-01,1065,Sabino,Trail,3,9,7,-2,2,0.2857142857142857,1.473
2022-06-01,1065,Sabino,Trail,3,9,10,1,1,0.1,1.13
2022-07-01,1065,Sabino,Trail,3,8,10,2,2,0.2,0.896
2022-08-01,1065,Sabino,Trail,3,7,15,8,8,0.5333333333333333,0.789
2022-09-01,1065,Sabino,Trail,3,9,10,1,1,0.1,0.783
2022-10-01,1065,Sabino,Trail,3,9,12,3,3,0.25,0.738
2022-11-01,1065,Sabino,Trail,3,11,4,-7,7,1.75,0.906
2022-12-01,1065,Sabino,Trail,3,6,4,-2,2,0.5,0.735
2023-01-01,1065,Sabino,Trail,3,5,6,1,1,0.16666666666666666,0.767
2023-02-01,1065,Sabino,Trail,3,5,1,-4,4,4.0,1.0
2023-03-01,1065,Sabino,Trail,3,6,12,6,6,0.5,1.5
2023-04-01,1065,Sabino,Trail,3,11,6,-5,5,0.8333333333333334,1.714
2023-05-01,1065,Sabino,Trail,3,9,28,19,19,0.6785714285714286,1.473
2023-06-01,1065,Sabino,Trail,3,17,12,-5,5,0.4166666666666667,1.13
2023-07-01,1065,Sabino,Trail,3,14,15,1,1,0.06666666666666667,0.896
2023-08-01,1065,Sabino,Trail,3,14,16,2,2,0.125,0.789
2023-09-01,1065,Sabino,Trail,3,11,16,5,5,0.3125,0.783
2023-10-01,1065,Sabino,Trail,3,12,7,-5,5,0.7142857142857143,0.738
2023-11-01,1065,Sabino,Trail,3,12,7,-5,5,0.7142857142857143,0.906
2023-12-01,1065,Sabino,Trail,3,7,10,3,3,0.3,0.735
2024-01-01,1065,Sabino,Trail,3,6,5,-1,1,0.2,0.767
2024-02-01,1065,Sabino,Trail,3,7,0,-7,7,,1.0
2024-03-01,1065,Sabino,Trail,3,8,16,8,8,0.5,1.5
2024-04-01,1065,Sabino,Trail,3,12,4,-8,8,2.0,1.714
2024-05-01,1065,Sabino,Trail,3,10,18,8,8,0.4444444444444444,1.473
2024-06-01,1065,Sabino,Trail,3,14,13,-1,1,0.07692307692307693,1.13
2024-07-01,1065,Sabino,Trail,3,10,13,3,3,0.23076923076923078,0.896
2024-08-01,1065,Sabino,Trail,3,12,8,-4,4,0.5,0.789
2024-09-01,1065,Sabino,Trail,3,9,5,-4,4,0.8,0.783
2024-10-01,1065,Sabino,Trail,3,6,7,1,1,0.14285714285714285,0.738
2024-11-01,1065,Sabino,Trail,3,6,11,5,5,0.45454545454545453,0.906
2024-12-01,1065,Sabino,Trail,3,6,9,3,3,0.3333333333333333,0.735
2025-01-01,1065,Sabino,Trail,3,7,9,2,2,0.2222222222222222,0.767
2025-02-01,1065,Sabino,Trail,3,10,2,-8,8,4.0,1.0
2025-03-01,1065,Sabino,Trail,3,10,7,-3,3,0.42857142857142855,1.5
2025-04-01,1065,Sabino,Trail,3,10,16,6,6,0.375,1.714
2025-05-01,1065,Sabino,Trail,3,12,14,2,2,0.14285714285714285,1.473
2025-06-01,1065,Sabino,Trail,3,14,9,-5,5,0.5555555555555556,1.13
2025-07-01,1065,Sabino,Trail,3,12,8,-4,4,0.5,0.896
2025-08-01,1065,Sabino,Trail,3,8,10,2,2,0.2,0.789
2025-09-01,1065,Sabino,Trail,3,7,8,1,1,0.125,0.783
2025-10-01,1065,Sabino,Trail,3,6,6,0,0,0.0,0.738
2025-11-01,1065,Sabino,Trail,3,7,12,5,5,0.4166666666666667,0.906
2025-12-01,1065,Sabino,Trail,3,6,11,5,5,0.45454545454545453,0.735
2022-04-01,1066,Sabino,Trail,3,18,20,2,2,0.1,1.714
2022-05-01,1066,Sabino,Trail,3,21,22,1,1,0.045454545454545456,1.473
2022-06-01,1066,Sabino,Trail,3,22,11,-11,11,1.0,1.13
2022-07-01,1066,Sabino,Trail,3,16,12,-4,4,0.3333333333333333,0.896
2022-08-01,1066,Sabino,Trail,3,12,2,-10,10,5.0,0.789
2022-09-01,1066,Sabino,Trail,3,7,7,0,0,0.0,0.783
2022-10-01,1066,Sabino,Trail,3,5,4,-1,1,0.25,0.738
2022-11-01,1066,Sabino,Trail,3,4,10,6,6,0.6,0.906
2022-12-01,1066,Sabino,Trail,3,5,10,5,5,0.5,0.735
2023-01-01,1066,Sabino,Trail,3,6,4,-2,2,0.5,0.767
2023-02-01,1066,Sabino,Trail,3,8,6,-2,2,0.3333333333333333,1.0
2023-03-01,1066,Sabino,Trail,3,10,9,-1,1,0.1111111111111111,1.5
2023-04-01,1066,Sabino,Trail,3,11,12,1,1,0.08333333333333333,1.714
2023-05-01,1066,Sabino,Trail,3,13,16,3,3,0.1875,1.473
2023-06-01,1066,Sabino,Trail,3,14,23,9,9,0.391304347826087,1.13
2023-07-01,1066,Sabino,Trail,3,15,24,9,9,0.375,0.896
2023-08-01,1066,Sabino,Trail,3,17,17,0,0,0.0,0.789
2023-09-01,1066,Sabino,Trail,3,17,2,-15,15,7.5,0.783
2023-10-01,1066,Sabino,Trail,3,11,11,0,0,0.0,0.738
2023-11-01,1066,Sabino,Trail,3,9,13,4,4,0.3076923076923077,0.906
2023-12-01,1066,Sabino,Trail,3,6,10,4,4,0.4,0.735
2024-01-01,1066,Sabino,Trail,3,9,2,-7,7,3.5,0.767
2024-02-01,1066,Sabino,Trail,3,8,15,7,7,0.4666666666666667,1.0
2024-03-01,1066,Sabino,Trail,3,14,16,2,2,0.125,1.5
2024-04-01,1066,Sabino,Trail,3,19,16,-3,3,0.1875,1.714
2024-05-01,1066,Sabino,Trail,3,23,23,0,0,0.0,1.473
2024-06-01,1066,Sabino,Trail,3,21,31,10,10,0.3225806451612903,1.13
2024-07-01,1066,Sabino,Trail,3,21,18,-3,3,0.16666666666666666,0.896
2024-08-01,1066,Sabino,Trail,3,19,6,-13,13,2.1666666666666665,0.789
2024-09-01,1066,Sabino,Trail,3,14,7,-7,7,1.0,0.783
2024-10-01,1066,Sabino,Trail,3,8,9,1,1,0.1111111111111111,0.738
2024-11-01,1066,Sabino,Trail,3,7,21,14,14,0.6666666666666666,0.906
2024-12-01,1066,Sabino,Trail,3,9,1,-8,8,8.0,0.735
2025-01-01,1066,Sabino,Trail,3,8,0,-8,8,,0.767
2025-02-01,1066,Sabino,Trail,3,7,22,15,15,0.6818181818181818,1.0
2025-03-01,1066,Sabino,Trail,3,12,10,-2,2,0.2,1.5
2025-04-01,1066,Sabino,Trail,3,18,12,-6,6,0.5,1.714
2025-05-01,1066,Sabino,Trail,3,22,12,-10,10,0.8333333333333334,1.473
2025-06-01,1066,Sabino,Trail,3,13,24,11,11,0.4583333333333333,1.13
2025-07-01,1066,Sabino,Trail,3,14,7,-7,7,1.0,0.896
2025-08-01,1066,Sabino,Trail,3,11,16,5,5,0.3125,0.789
2025-09-01,1066,Sabino,Trail,3,12,13,1,1,0.07692307692307693,0.783
2025-10-01,1066,Sabino,Trail,3,9,8,-1,1,0.125,0.738
2025-11-01,1066,Sabino,Trail,3,11,6,-5,5,0.8333333333333334,0.906
2025-12-01,1066,Sabino,Trail,3,7,9,2,2,0.2222222222222222,0.735
2022-04-01,1067,Sabino,Trail,3,40,30,-10,10,0.3333333333333333,1.714
2022-05-01,1067,Sabino,Trail,3,29,35,6,6,0.17142857142857143,1.473
2022-06-01,1067,Sabino,Trail,3,32,42,10,10,0.23809523809523808,1.13
2022-07-01,1067,Sabino,Trail,3,32,42,10,10,0.23809523809523808,0.896
2022-08-01,1067,Sabino,Trail,3,31,28,-3,3,0.10714285714285714,0.789
2022-09-01,1067,Sabino,Trail,3,29,37,8,8,0.21621621621621623,0.783
2022-10-01,1067,Sabino,Trail,3,26,7,-19,19,2.7142857142857144,0.738
2022-11-01,1067,Sabino,Trail,3,22,35,13,13,0.37142857142857144,0.906
2022-12-01,1067,Sabino,Trail,3,19,25,6,6,0.24,0.735
2023-01-01,1067,Sabino,Trail,3,17,25,8,8,0.32,0.767
2023-02-01,1067,Sabino,Trail,3,28,14,-14,14,1.0,1.0
2023-03-01,1067,Sabino,Trail,3,32,43,11,11,0.2558139534883721,1.5
2023-04-01,1067,Sabino,Trail,3,47,52,5,5,0.09615384615384616,1.714
2023-05-01,1067,Sabino,Trail,3,54,62,8,8,0.12903225806451613,1.473
2023-06-01,1067,Sabino,Trail,3,59,42,-17,17,0.40476190476190477,1.13
2023-07-01,1067,Sabino,Trail,3,47,46,-1,1,0.021739130434782608,0.896
2023-08-01,1067,Sabino,Trail,3,39,36,-3,3,0.08333333333333333,0.789
2023-09-01,1067,Sabino,Trail,3,32,32,0,0,0.0,0.783
2023-10-01,1067,Sabino,Trail,3,28,31,3,3,0.0967741935483871,0.738
2023-11-01,1067,Sabino,Trail,3,30,23,-7,7,0.30434782608695654,0.906
2023-12-01,1067,Sabino,Trail,3,21,24,3,3,0.125,0.735
2024-01-01,1067,Sabino,Trail,3,20,18,-2,2,0.1111111111111111,0.767
2024-02-01,1067,Sabino,Trail,3,22,20,-2,2,0.1,1.0
2024-03-01,1067,Sabino,Trail,3,31,34,3,3,0.08823529411764706,1.5
2024-04-01,1067,Sabino,Trail,3,41,30,-11,11,0.36666666666666664,1.714
2024-05-01,1067,Sabino,Trail,3,41,54,13,13,0.24074074074074073,1.473
2024-06-01,1067,Sabino,Trail,3,44,24,-20,20,0.8333333333333334,1.13
2024-07-01,1067,Sabino,Trail,3,32,56,24,24,0.42857142857142855,0.896
2024-08-01,1067,Sabino,Trail,3,35,36,1,1,0.027777777777777776,0.789
2024-09-01,1067,Sabino,Trail,3,30,38,8,8,0.21052631578947367,0.783
2024-10-01,1067,Sabino,Trail,3,32,23,-9,9,0.391304347826087,0.738
2024-11-01,1067,Sabino,Trail,3,29,27,-2,2,0.07407407407407407,0.906
2024-12-01,1067,Sabino,Trail,3,22,28,6,6,0.21428571428571427,0.735
2025-01-01,1067,Sabino,Trail,3,20,15,-5,5,0.3333333333333333,0.767
2025-02-01,1067,Sabino,Trail,3,23,14,-9,9,0.6428571428571429,1.0
2025-03-01,1067,Sabino,Trail,3,28,29,1,1,0.034482758620689655,1.5
2025-04-01,1067,Sabino,Trail,3,33,34,1,1,0.029411764705882353,1.714
2025-05-01,1067,Sabino,Trail,3,38,48,10,10,0.20833333333333334,1.473
2025-06-01,1067,Sabino,Trail,3,42,17,-25,25,1.4705882352941178,1.13
2025-07-01,1067,Sabino,Trail,3,30,41,11,11,0.2682926829268293,0.896
2025-08-01,1067,Sabino,Trail,3,28,41,13,13,0.3170731707317073,0.789
2025-09-01,1067,Sabino,Trail,3,26,19,-7,7,0.3684210526315789,0.783
2025-10-01,1067,Sabino,Trail,3,25,29,4,4,0.13793103448275862,0.738
2025-11-01,1067,Sabino,Trail,3,27,20,-7,7,0.35,0.906
2025-12-01,1067,Sabino,Trail,3,17,13,-4,4,0.3076923076923077,0.735
2022-04-01,1068,Sabino,Trail,3,47,45,-2,2,0.044444444444444446,1.714
2022-05-01,1068,Sabino,Trail,3,53,40,-13,13,0.325,1.473
2022-06-01,1068,Sabino,Trail,3,49,32,-17,17,0.53125,1.13
2022-07-01,1068,Sabino,Trail,3,35,42,7,7,0.16666666666666666,0.896
2022-08-01,1068,Sabino,Trail,3,30,28,-2,2,0.07142857142857142,0.789
2022-09-01,1068,Sabino,Trail,3,27,27,0,0,0.0,0.783
2022-10-01,1068,Sabino,Trail,3,24,15,-9,9,0.6,0.738
2022-11-01,1068,Sabino,Trail,3,21,21,0,0,0.0,0.906
2022-12-01,1068,Sabino,Trail,3,15,21,6,6,0.2857142857142857,0.735
2023-01-01,1068,Sabino,Trail,3,15,29,14,14,0.4827586206896552,0.767
2023-02-01,1068,Sabino,Trail,3,24,15,-9,9,0.6,1.0
2023-03-01,1068,Sabino,Trail,3,32,24,-8,8,0.3333333333333333,1.5
2023-04-01,1068,Sabino,Trail,3,39,23,-16,16,0.6956521739130435,1.714
2023-05-01,1068,Sabino,Trail,3,30,64,34,34,0.53125,1.473
2023-06-01,1068,Sabino,Trail,3,42,49,7,7,0.14285714285714285,1.13
2023-07-01,1068,Sabino,Trail,3,41,27,-14,14,0.5185185185185185,0.896
2023-08-01,1068,Sabino,Trail,3,37,28,-9,9,0.32142857142857145,0.789
2023-09-01,1068,Sabino,Trail,3,27,19,-8,8,0.42105263157894735,0.783
2023-10-01,1068,Sabino,Trail,3,18,21,3,3,0.14285714285714285,0.738
2023-11-01,1068,Sabino,Trail,3,21,25,4,4,0.16,0.906
2023-12-01,1068,Sabino,Trail,3,16,31,15,15,0.4838709677419355,0.735
2024-01-01,1068,Sabino,Trail,3,20,19,-1,1,0.05263157894736842,0.767
2024-02-01,1068,Sabino,Trail,3,25,9,-16,16,1.7777777777777777,1.0
2024-03-01,1068,Sabino,Trail,3,30,18,-12,12,0.6666666666666666,1.5
2024-04-01,1068,Sabino,Trail,3,26,32,6,6,0.1875,1.714
2024-05-01,1068,Sabino,Trail,3,29,27,-2,2,0.07407407407407407,1.473
2024-06-01,1068,Sabino,Trail,3,29,53,24,24,0.4528301886792453,1.13
2024-07-01,1068,Sabino,Trail,3,33,27,-6,6,0.2222222222222222,0.896
2024-08-01,1068,Sabino,Trail,3,28,32,4,4,0.125,0.789
2024-09-01,1068,Sabino,Trail,3,29,29,0,0,0.0,0.783
2024-10-01,1068,Sabino,Trail,3,22,25,3,3,0.12,0.738
2024-11-01,1068,Sabino,Trail,3,26,33,7,7,0.21212121212121213,0.906
2024-12-01,1068,Sabino,Trail,3,21,14,-7,7,0.5,0.735
2025-01-01,1068,Sabino,Trail,3,18,15,-3,3,0.2,0.767
2025-02-01,1068,Sabino,Trail,3,21,17,-4,4,0.23529411764705882,1.0
2025-03-01,1068,Sabino,Trail,3,23,29,6,6,0.20689655172413793,1.5
2025-04-01,1068,Sabino,Trail,3,35,44,9,9,0.20454545454545456,1.714
2025-05-01,1068,Sabino,Trail,3,44,41,-3,3,0.07317073170731707,1.473
2025-06-01,1068,Sabino,Trail,3,43,35,-8,8,0.22857142857142856,1.13
2025-07-01,1068,Sabino,Trail,3,36,40,4,4,0.1,0.896
2025-08-01,1068,Sabino,Trail,3,31,30,-1,1,0.03333333333333333,0.789
2025-09-01,1068,Sabino,Trail,3,27,22,-5,5,0.22727272727272727,0.783
2025-10-01,1068,Sabino,Trail,3,23,25,2,2,0.08,0.738
2025-11-01,1068,Sabino,Trail,3,23,20,-3,3,0.15,0.906
2025-12-01,1068,Sabino,Trail,3,16,17,1,1,0.058823529411764705,0.735
2022-04-01,1069,Sabino,Trail,3,30,51,21,21,0.4117647058823529,1.714
2022-05-01,1069,Sabino,Trail,3,42,31,-11,11,0.3548387096774194,1.473
2022-06-01,1069,Sabino,Trail,3,40,44,4,4,0.09090909090909091,1.13
2022-07-01,1069,Sabino,Trail,3,38,37,-1,1,0.02702702702702703,0.896
2022-08-01,1069,Sabino,Trail,3,29,33,4,4,0.12121212121212122,0.789
2022-09-01,1069,Sabino,Trail,3,30,37,7,7,0.1891891891891892,0.783
2022-10-01,1069,Sabino,Trail,3,26,27,1,1,0.037037037037037035,0.738
2022-11-01,1069,Sabino,Trail,3,29,18,-11,11,0.6111111111111112,0.906
2022-12-01,1069,Sabino,Trail,3,20,21,1,1,0.047619047619047616,0.735
2023-01-01,1069,Sabino,Trail,3,17,17,0,0,0.0,0.767
2023-02-01,1069,Sabino,Trail,3,19,28,9,9,0.32142857142857145,1.0
2023-03-01,1069,Sabino,Trail,3,33,24,-9,9,0.375,1.5
2023-04-01,1069,Sabino,Trail,3,39,35,-4,4,0.11428571428571428,1.714
2023-05-01,1069,Sabino,Trail,3,43,55,12,12,0.21818181818181817,1.473
2023-06-01,1069,Sabino,Trail,3,43,52,9,9,0.17307692307692307,1.13
2023-07-01,1069,Sabino,Trail,3,42,30,-12,12,0.4,0.896
2023-08-01,1069,Sabino,Trail,3,36,24,-12,12,0.5,0.789
2023-09-01,1069,Sabino,Trail,3,28,25,-3,3,0.12,0.783
2023-10-01,1069,Sabino,Trail,3,19,31,12,12,0.3870967741935484,0.738
2023-11-01,1069,Sabino,Trail,3,24,21,-3,3,0.14285714285714285,0.906
2023-12-01,1069,Sabino,Trail,3,19,16,-3,3,0.1875,0.735
2024-01-01,1069,Sabino,Trail,3,17,25,8,8,0.32,0.767
2024-02-01,1069,Sabino,Trail,3,21,23,2,2,0.08695652173913043,1.0
2024-03-01,1069,Sabino,Trail,3,32,27,-5,5,0.18518518518518517,1.5
2024-04-01,1069,Sabino,Trail,3,43,29,-14,14,0.4827586206896552,1.714
2024-05-01,1069,Sabino,Trail,3,39,36,-3,3,0.08333333333333333,1.473
2024-06-01,1069,Sabino,Trail,3,35,47,12,12,0.2553191489361702,1.13
2024-07-01,1069,Sabino,Trail,3,33,42,9,9,0.21428571428571427,0.896
2024-08-01,1069,Sabino,Trail,3,33,19,-14,14,0.7368421052631579,0.789
2024-09-01,1069,Sabino,Trail,3,28,27,-1,1,0.037037037037037035,0.783
2024-10-01,1069,Sabino,Trail,3,22,22,0,0,0.0,0.738
2024-11-01,1069,Sabino,Trail,3,21,35,14,14,0.4,0.906
2024-12-01,1069,Sabino,Trail,3,21,30,9,9,0.3,0.735
2025-01-01,1069,Sabino,Trail,3,22,18,-4,4,0.2222222222222222,0.767
2025-02-01,1069,Sabino,Trail,3,28,12,-16,16,1.3333333333333333,1.0
2025-03-01,1069,Sabino,Trail,3,30,18,-12,12,0.6666666666666666,1.5
2025-04-01,1069,Sabino,Trail,3,27,25,-2,2,0.08,1.714
2025-05-01,1069,Sabino,Trail,3,27,35,8,8,0.22857142857142856,1.473
2025-06-01,1069,Sabino,Trail,3,29,37,8,8,0.21621621621621623,1.13
2025-07-01,1069,Sabino,Trail,3,29,31,2,2,0.06451612903225806,0.896
2025-08-01,1069,Sabino,Trail,3,27,22,-5,5,0.22727272727272727,0.789
2025-09-01,1069,Sabino,Trail,3,23,28,5,5,0.17857142857142858,0.783
2025-10-01,1069,Sabino,Trail,3,20,25,5,5,0.2,0.738
2025-11-01,1069,Sabino,Trail,3,23,14,-9,9,0.6428571428571429,0.906
2025-12-01,1069,Sabino,Trail,3,16,13,-3,3,0.23076923076923078,0.735
2022-04-01,1070,Sabino,Trail,3,27,28,1,1,0.03571428571428571,1.714
2022-05-01,1070,Sabino,Trail,3,34,46,12,12,0.2608695652173913,1.473
2022-06-01,1070,Sabino,Trail,3,36,24,-12,12,0.5,1.13
2022-07-01,1070,Sabino,Trail,3,29,37,8,8,0.21621621621621623,0.896
2022-08-01,1070,Sabino,Trail,3,28,33,5,5,0.15151515151515152,0.789
2022-09-01,1070,Sabino,Trail,3,25,28,3,3,0.10714285714285714,0.783
2022-10-01,1070,Sabino,Trail,3,24,36,12,12,0.3333333333333333,0.738
2022-11-01,1070,Sabino,Trail,3,29,19,-10,10,0.5263157894736842,0.906
2022-12-01,1070,Sabino,Trail,3,20,9,-11,11,1.2222222222222223,0.735
2023-01-01,1070,Sabino,Trail,3,16,19,3,3,0.15789473684210525,0.767
2023-02-01,1070,Sabino,Trail,3,16,27,11,11,0.4074074074074074,1.0
2023-03-01,1070,Sabino,Trail,3,28,34,6,6,0.17647058823529413,1.5
2023-04-01,1070,Sabino,Trail,3,46,35,-11,11,0.3142857142857143,1.714
2023-05-01,1070,Sabino,Trail,3,47,35,-12,12,0.34285714285714286,1.473
2023-06-01,1070,Sabino,Trail,3,39,38,-1,1,0.02631578947368421,1.13
2023-07-01,1070,Sabino,Trail,3,32,43,11,11,0.2558139534883721,0.896
2023-08-01,1070,Sabino,Trail,3,31,39,8,8,0.20512820512820512,0.789
2023-09-01,1070,Sabino,Trail,3,31,27,-4,4,0.14814814814814814,0.783
2023-10-01,1070,Sabino,Trail,3,27,31,4,4,0.12903225806451613,0.738
2023-11-01,1070,Sabino,Trail,3,29,19,-10,10,0.5263157894736842,0.906
2023-12-01,1070,Sabino,Trail,3,19,17,-2,2,0.11764705882352941,0.735
2024-01-01,1070,Sabino,Trail,3,17,11,-6,6,0.5454545454545454,0.767
2024-02-01,1070,Sabino,Trail,3,16,28,12,12,0.42857142857142855,1.0
2024-03-01,1070,Sabino,Trail,3,28,43,15,15,0.3488372093023256,1.5
2024-04-01,1070,Sabino,Trail,3,47,48,1,1,0.020833333333333332,1.714
2024-05-01,1070,Sabino,Trail,3,58,44,-14,14,0.3181818181818182,1.473
2024-06-01,1070,Sabino,Trail,3,51,38,-13,13,0.34210526315789475,1.13
2024-07-01,1070,Sabino,Trail,3,39,43,4,4,0.09302325581395349,0.896
2024-08-01,1070,Sabino,Trail,3,33,16,-17,17,1.0625,0.789
2024-09-01,1070,Sabino,Trail,3,25,35,10,10,0.2857142857142857,0.783
2024-10-01,1070,Sabino,Trail,3,23,28,5,5,0.17857142857142858,0.738
2024-11-01,1070,Sabino,Trail,3,24,24,0,0,0.0,0.906
2024-12-01,1070,Sabino,Trail,3,21,12,-9,9,0.75,0.735
2025-01-01,1070,Sabino,Trail,3,16,16,0,0,0.0,0.767
2025-02-01,1070,Sabino,Trail,3,17,23,6,6,0.2608695652173913,1.0
2025-03-01,1070,Sabino,Trail,3,26,32,6,6,0.1875,1.5
2025-04-01,1070,Sabino,Trail,3,41,26,-15,15,0.5769230769230769,1.714
2025-05-01,1070,Sabino,Trail,3,40,33,-7,7,0.21212121212121213,1.473
2025-06-01,1070,Sabino,Trail,3,34,49,15,15,0.30612244897959184,1.13
2025-07-01,1070,Sabino,Trail,3,32,24,-8,8,0.3333333333333333,0.896
2025-08-01,1070,Sabino,Trail,3,28,27,-1,1,0.037037037037037035,0.789
2025-09-01,1070,Sabino,Trail,3,26,25,-1,1,0.04,0.783
2025-10-01,1070,Sabino,Trail,3,19,31,12,12,0.3870967741935484,0.738
2025-11-01,1070,Sabino,Trail,3,25,27,2,2,0.07407407407407407,0.906
2025-12-01,1070,Sabino,Trail,3,20,11,-9,9,0.8181818181818182,0.735
2022-04-01,1071,Sabino,Trail,3,41,38,-3,3,0.07894736842105263,1.714
2022-05-01,1071,Sabino,Trail,3,45,40,-5,5,0.125,1.473
2022-06-01,1071,Sabino,Trail,3,43,47,4,4,0.0851063829787234,1.13
2022-07-01,1071,Sabino,Trail,3,37,17,-20,20,1.1764705882352942,0.896
2022-08-01,1071,Sabino,Trail,3,27,42,15,15,0.35714285714285715,0.789
2022-09-01,1071,Sabino,Trail,3,28,29,1,1,0.034482758620689655,0.783
2022-10-01,1071,Sabino,Trail,3,22,25,3,3,0.12,0.738
2022-11-01,1071,Sabino,Trail,3,29,27,-2,2,0.07407407407407407,0.906
2022-12-01,1071,Sabino,Trail,3,20,15,-5,5,0.3333333333333333,0.735
2023-01-01,1071,Sabino,Trail,3,17,10,-7,7,0.7,0.767
2023-02-01,1071,Sabino,Trail,3,17,7,-10,10,1.4285714285714286,1.0
2023-03-01,1071,Sabino,Trail,3,16,13,-3,3,0.23076923076923078,1.5
2023-04-01,1071,Sabino,Trail,3,17,40,23,23,0.575,1.714
2023-05-01,1071,Sabino,Trail,3,29,36,7,7,0.19444444444444445,1.473
2023-06-01,1071,Sabino,Trail,3,34,56,22,22,0.39285714285714285,1.13
2023-07-01,1071,Sabino,Trail,3,39,32,-7,7,0.21875,0.896
2023-08-01,1071,Sabino,Trail,3,33,35,2,2,0.05714285714285714,0.789
2023-09-01,1071,Sabino,Trail,3,32,21,-11,11,0.5238095238095238,0.783
2023-10-01,1071,Sabino,Trail,3,22,12,-10,10,0.8333333333333334,0.738
2023-11-01,1071,Sabino,Trail,3,21,25,4,4,0.16,0.906
2023-12-01,1071,Sabino,Trail,3,14,14,0,0,0.0,0.735
2024-01-01,1071,Sabino,Trail,3,13,13,0,0,0.0,0.767
2024-02-01,1071,Sabino,Trail,3,17,13,-4,4,0.3076923076923077,1.0
2024-03-01,1071,Sabino,Trail,3,20,32,12,12,0.375,1.5
2024-04-01,1071,Sabino,Trail,3,33,60,27,27,0.45,1.714
2024-05-01,1071,Sabino,Trail,3,52,43,-9,9,0.20930232558139536,1.473
2024-06-01,1071,Sabino,Trail,3,51,26,-25,25,0.9615384615384616,1.13
2024-07-01,1071,Sabino,Trail,3,39,32,-7,7,0.21875,0.896
2024-08-01,1071,Sabino,Trail,3,27,32,5,5,0.15625,0.789
2024-09-01,1071,Sabino,Trail,3,23,29,6,6,0.20689655172413793,0.783
2024-10-01,1071,Sabino,Trail,3,23,10,-13,13,1.3,0.738
2024-11-01,1071,Sabino,Trail,3,21,15,-6,6,0.4,0.906
2024-12-01,1071,Sabino,Trail,3,13,23,10,10,0.43478260869565216,0.735
2025-01-01,1071,Sabino,Trail,3,12,14,2,2,0.14285714285714285,0.767
2025-02-01,1071,Sabino,Trail,3,17,20,3,3,0.15,1.0
2025-03-01,1071,Sabino,Trail,3,28,31,3,3,0.0967741935483871,1.5
2025-04-01,1071,Sabino,Trail,3,37,33,-4,4,0.12121212121212122,1.714
2025-05-01,1071,Sabino,Trail,3,41,30,-11,11,0.36666666666666664,1.473
2025-06-01,1071,Sabino,Trail,3,35,38,3,3,0.07894736842105263,1.13
2025-07-01,1071,Sabino,Trail,3,30,54,24,24,0.4444444444444444,0.896
2025-08-01,1071,Sabino,Trail,3,32,35,3,3,0.08571428571428572,0.789
2025-09-01,1071,Sabino,Trail,3,33,37,4,4,0.10810810810810811,0.783
2025-10-01,1071,Sabino,Trail,3,31,16,-15,15,0.9375,0.738
2025-11-01,1071,Sabino,Trail,3,27,25,-2,2,0.08,0.906
2025-12-01,1071,Sabino,Trail,3,19,17,-2,2,0.11764705882352941,0.735
2022-04-01,1072,Sabino,Trail,3,33,34,1,1,0.029411764705882353,1.714
2022-05-01,1072,Sabino,Trail,3,39,60,21,21,0.35,1.473
2022-06-01,1072,Sabino,Trail,3,44,48,4,4,0.08333333333333333,1.13
2022-07-01,1072,Sabino,Trail,3,42,39,-3,3,0.07692307692307693,0.896
2022-08-01,1072,Sabino,Trail,3,39,36,-3,3,0.08333333333333333,0.789
2022-09-01,1072,Sabino,Trail,3,32,27,-5,5,0.18518518518518517,0.783
2022-10-01,1072,Sabino,Trail,3,25,19,-6,6,0.3157894736842105,0.738
2022-11-01,1072,Sabino,Trail,3,25,22,-3,3,0.13636363636363635,0.906
2022-12-01,1072,Sabino,Trail,3,17,17,0,0,0.0,0.735
2023-01-01,1072,Sabino,Trail,3,15,24,9,9,0.375,0.767
2023-02-01,1072,Sabino,Trail,3,21,25,4,4,0.16,1.0
2023-03-01,1072,Sabino,Trail,3,33,37,4,4,0.10810810810810811,1.5
2023-04-01,1072,Sabino,Trail,3,49,46,-3,3,0.06521739130434782,1.714
2023-05-01,1072,Sabino,Trail,3,53,46,-7,7,0.15217391304347827,1.473
2023-06-01,1072,Sabino,Trail,3,49,30,-19,19,0.6333333333333333,1.13
2023-07-01,1072,Sabino,Trail,3,36,41,5,5,0.12195121951219512,0.896
2023-08-01,1072,Sabino,Trail,3,31,25,-6,6,0.24,0.789
2023-09-01,1072,Sabino,Trail,3,25,11,-14,14,1.2727272727272727,0.783
2023-10-01,1072,Sabino,Trail,3,19,23,4,4,0.17391304347826086,0.738
2023-11-01,1072,Sabino,Trail,3,18,30,12,12,0.4,0.906
2023-12-01,1072,Sabino,Trail,3,16,21,5,5,0.23809523809523808,0.735
2024-01-01,1072,Sabino,Trail,3,19,22,3,3,0.13636363636363635,0.767
2024-02-01,1072,Sabino,Trail,3,24,16,-8,8,0.5,1.0
2024-03-01,1072,Sabino,Trail,3,30,34,4,4,0.11764705882352941,1.5
2024-04-01,1072,Sabino,Trail,3,41,45,4,4,0.08888888888888889,1.714
2024-05-01,1072,Sabino,Trail,3,47,58,11,11,0.1896551724137931,1.473
2024-06-01,1072,Sabino,Trail,3,52,31,-21,21,0.6774193548387096,1.13
2024-07-01,1072,Sabino,Trail,3,40,49,9,9,0.1836734693877551,0.896
2024-08-01,1072,Sabino,Trail,3,36,26,-10,10,0.38461538461538464,0.789
2024-09-01,1072,Sabino,Trail,3,28,24,-4,4,0.16666666666666666,0.783
2024-10-01,1072,Sabino,Trail,3,24,32,8,8,0.25,0.738
2024-11-01,1072,Sabino,Trail,3,25,22,-3,3,0.13636363636363635,0.906
2024-12-01,1072,Sabino,Trail,3,19,36,17,17,0.4722222222222222,0.735
2025-01-01,1072,Sabino,Trail,3,23,28,5,5,0.17857142857142858,0.767
2025-02-01,1072,Sabino,Trail,3,29,18,-11,11,0.6111111111111112,1.0
2025-03-01,1072,Sabino,Trail,3,41,36,-5,5,0.1388888888888889,1.5
2025-04-01,1072,Sabino,Trail,3,47,43,-4,4,0.09302325581395349,1.714
2025-05-01,1072,Sabino,Trail,3,48,51,3,3,0.058823529411764705,1.473
2025-06-01,1072,Sabino,Trail,3,49,40,-9,9,0.225,1.13
2025-07-01,1072,Sabino,Trail,3,40,25,-15,15,0.6,0.896
2025-08-01,1072,Sabino,Trail,3,31,31,0,0,0.0,0.789
2025-09-01,1072,Sabino,Trail,3,25,26,1,1,0.038461538461538464,0.783
2025-10-01,1072,Sabino,Trail,3,20,23,3,3,0.13043478260869565,0.738
2025-11-01,1072,Sabino,Trail,3,24,31,7,7,0.22580645161290322,0.906
2025-12-01,1072,Sabino,Trail,3,20,17,-3,3,0.17647058823529413,0.735
2022-04-01,1073,Sabino,Trail,3,75,87,12,12,0.13793103448275862,1.714
2022-05-01,1073,Sabino,Trail,3,87,99,12,12,0.12121212121212122,1.473
2022-06-01,1073,Sabino,Trail,3,91,90,-1,1,0.011111111111111112,1.13
2022-07-01,1073,Sabino,Trail,3,82,93,11,11,0.11827956989247312,0.896
2022-08-01,1073,Sabino,Trail,3,74,72,-2,2,0.027777777777777776,0.789
2022-09-01,1073,Sabino,Trail,3,67,70,3,3,0.04285714285714286,0.783
2022-10-01,1073,Sabino,Trail,3,58,68,10,10,0.14705882352941177,0.738
2022-11-01,1073,Sabino,Trail,3,63,57,-6,6,0.10526315789473684,0.906
2022-12-01,1073,Sabino,Trail,3,48,30,-18,18,0.6,0.735
2023-01-01,1073,Sabino,Trail,3,40,41,1,1,0.024390243902439025,0.767
2023-02-01,1073,Sabino,Trail,3,43,47,4,4,0.0851063829787234,1.0
2023-03-01,1073,Sabino,Trail,3,59,62,3,3,0.04838709677419355,1.5
2023-04-01,1073,Sabino,Trail,3,86,81,-5,5,0.06172839506172839,1.714
2023-05-01,1073,Sabino,Trail,3,93,100,7,7,0.07,1.473
2023-06-01,1073,Sabino,Trail,3,92,108,16,16,0.14814814814814814,1.13
2023-07-01,1073,Sabino,Trail,3,86,77,-9,9,0.11688311688311688,0.896
2023-08-01,1073,Sabino,Trail,3,75,68,-7,7,0.10294117647058823,0.789
2023-09-01,1073,Sabino,Trail,3,66,73,7,7,0.0958904109589041,0.783
2023-10-01,1073,Sabino,Trail,3,54,61,7,7,0.11475409836065574,0.738
2023-11-01,1073,Sabino,Trail,3,61,51,-10,10,0.19607843137254902,0.906
2023-12-01,1073,Sabino,Trail,3,45,40,-5,5,0.125,0.735
2024-01-01,1073,Sabino,Trail,3,39,64,25,25,0.390625,0.767
2024-02-01,1073,Sabino,Trail,3,52,50,-2,2,0.04,1.0
2024-03-01,1073,Sabino,Trail,3,77,32,-45,45,1.40625,1.5
2024-04-01,1073,Sabino,Trail,3,83,93,10,10,0.10752688172043011,1.714
2024-05-01,1073,Sabino,Trail,3,86,98,12,12,0.12244897959183673,1.473
2024-06-01,1073,Sabino,Trail,3,84,63,-21,21,0.3333333333333333,1.13
2024-07-01,1073,Sabino,Trail,3,76,79,3,3,0.0379746835443038,0.896
2024-08-01,1073,Sabino,Trail,3,63,73,10,10,0.136986301369863,0.789
2024-09-01,1073,Sabino,Trail,3,56,63,7,7,0.1111111111111111,0.783
2024-10-01,1073,Sabino,Trail,3,53,35,-18,18,0.5142857142857142,0.738
2024-11-01,1073,Sabino,Trail,3,52,66,14,14,0.21212121212121213,0.906
2024-12-01,1073,Sabino,Trail,3,40,49,9,9,0.1836734693877551,0.735
2025-01-01,1073,Sabino,Trail,3,38,46,8,8,0.17391304347826086,0.767
2025-02-01,1073,Sabino,Trail,3,54,44,-10,10,0.22727272727272727,1.0
2025-03-01,1073,Sabino,Trail,3,70,61,-9,9,0.14754098360655737,1.5
2025-04-01,1073,Sabino,Trail,3,86,70,-16,16,0.22857142857142856,1.714
2025-05-01,1073,Sabino,Trail,3,86,97,11,11,0.1134020618556701,1.473
2025-06-01,1073,Sabino,Trail,3,86,87,1,1,0.011494252873563218,1.13
2025-07-01,1073,Sabino,Trail,3,76,94,18,18,0.19148936170212766,0.896
2025-08-01,1073,Sabino,Trail,3,73,78,5,5,0.0641025641025641,0.789
2025-09-01,1073,Sabino,Trail,3,68,49,-19,19,0.3877551020408163,0.783
2025-10-01,1073,Sabino,Trail,3,54,47,-7,7,0.14893617021276595,0.738
2025-11-01,1073,Sabino,Trail,3,53,55,2,2,0.03636363636363636,0.906
2025-12-01,1073,Sabino,Trail,3,37,44,7,7,0.1590909090909091,0.735
2022-04-01,1074,Sabino,Trail,3,83,88,5,5,0.056818181818181816,1.714
2022-05-01,1074,Sabino,Trail,3,104,121,17,17,0.14049586776859505,1.473
2022-06-01,1074,Sabino,Trail,3,113,82,-31,31,0.3780487804878049,1.13
2022-07-01,1074,Sabino,Trail,3,87,78,-9,9,0.11538461538461539,0.896
2022-08-01,1074,Sabino,Trail,3,74,98,24,24,0.24489795918367346,0.789
2022-09-01,1074,Sabino,Trail,3,67,63,-4,4,0.06349206349206349,0.783
2022-10-01,1074,Sabino,Trail,3,59,34,-25,25,0.7352941176470589,0.738
2022-11-01,1074,Sabino,Trail,3,59,51,-8,8,0.1568627450980392,0.906
2022-12-01,1074,Sabino,Trail,3,36,44,8,8,0.18181818181818182,0.735
2023-01-01,1074,Sabino,Trail,3,33,21,-12,12,0.5714285714285714,0.767
2023-02-01,1074,Sabino,Trail,3,39,33,-6,6,0.18181818181818182,1.0
2023-03-01,1074,Sabino,Trail,3,49,79,30,30,0.379746835443038,1.5
2023-04-01,1074,Sabino,Trail,3,76,81,5,5,0.06172839506172839,1.714
2023-05-01,1074,Sabino,Trail,3,95,124,29,29,0.23387096774193547,1.473
2023-06-01,1074,Sabino,Trail,3,107,90,-17,17,0.18888888888888888,1.13
2023-07-01,1074,Sabino,Trail,3,88,70,-18,18,0.2571428571428571,0.896
2023-08-01,1074,Sabino,Trail,3,75,97,22,22,0.2268041237113402,0.789
2023-09-01,1074,Sabino,Trail,3,67,87,20,20,0.22988505747126436,0.783
2023-10-01,1074,Sabino,Trail,3,62,63,1,1,0.015873015873015872,0.738
2023-11-01,1074,Sabino,Trail,3,75,41,-34,34,0.8292682926829268,0.906
2023-12-01,1074,Sabino,Trail,3,47,22,-25,25,1.1363636363636365,0.735
2024-01-01,1074,Sabino,Trail,3,32,46,14,14,0.30434782608695654,0.767
2024-02-01,1074,Sabino,Trail,3,36,44,8,8,0.18181818181818182,1.0
2024-03-01,1074,Sabino,Trail,3,56,92,36,36,0.391304347826087,1.5
2024-04-01,1074,Sabino,Trail,3,104,89,-15,15,0.16853932584269662,1.714
2024-05-01,1074,Sabino,Trail,3,110,81,-29,29,0.35802469135802467,1.473
2024-06-01,1074,Sabino,Trail,3,99,85,-14,14,0.16470588235294117,1.13
2024-07-01,1074,Sabino,Trail,3,76,72,-4,4,0.05555555555555555,0.896
2024-08-01,1074,Sabino,Trail,3,63,94,31,31,0.32978723404255317,0.789
2024-09-01,1074,Sabino,Trail,3,65,41,-24,24,0.5853658536585366,0.783
2024-10-01,1074,Sabino,Trail,3,51,58,7,7,0.1206896551724138,0.738
2024-11-01,1074,Sabino,Trail,3,58,37,-21,21,0.5675675675675675,0.906
2024-12-01,1074,Sabino,Trail,3,33,29,-4,4,0.13793103448275862,0.735
2025-01-01,1074,Sabino,Trail,3,32,28,-4,4,0.14285714285714285,0.767
2025-02-01,1074,Sabino,Trail,3,31,37,6,6,0.16216216216216217,1.0
2025-03-01,1074,Sabino,Trail,3,47,45,-2,2,0.044444444444444446,1.5
2025-04-01,1074,Sabino,Trail,3,63,92,29,29,0.31521739130434784,1.714
2025-05-01,1074,Sabino,Trail,3,85,128,43,43,0.3359375,1.473
2025-06-01,1074,Sabino,Trail,3,100,80,-20,20,0.25,1.13
2025-07-01,1074,Sabino,Trail,3,90,111,21,21,0.1891891891891892,0.896
2025-08-01,1074,Sabino,Trail,3,84,56,-28,28,0.5,0.789
2025-09-01,1074,Sabino,Trail,3,64,55,-9,9,0.16363636363636364,0.783
2025-10-01,1074,Sabino,Trail,3,55,41,-14,14,0.34146341463414637,0.738
2025-11-01,1074,Sabino,Trail,3,46,26,-20,20,0.7692307692307693,0.906
2025-12-01,1074,Sabino,Trail,3,30,36,6,6,0.16666666666666666,0.735
2022-04-01,1075,Sabino,Trail,3,90,72,-18,18,0.25,1.714
2022-05-01,1075,Sabino,Trail,3,96,83,-13,13,0.1566265060240964,1.473
2022-06-01,1075,Sabino,Trail,3,85,103,18,18,0.17475728155339806,1.13
2022-07-01,1075,Sabino,Trail,3,77,91,14,14,0.15384615384615385,0.896
2022-08-01,1075,Sabino,Trail,3,73,57,-16,16,0.2807017543859649,0.789
2022-09-01,1075,Sabino,Trail,3,65,63,-2,2,0.031746031746031744,0.783
2022-10-01,1075,Sabino,Trail,3,52,63,11,11,0.1746031746031746,0.738
2022-11-01,1075,Sabino,Trail,3,55,57,2,2,0.03508771929824561,0.906
2022-12-01,1075,Sabino,Trail,3,45,45,0,0,0.0,0.735
2023-01-01,1075,Sabino,Trail,3,42,53,11,11,0.20754716981132076,0.767
2023-02-01,1075,Sabino,Trail,3,52,30,-22,22,0.7333333333333333,1.0
2023-03-01,1075,Sabino,Trail,3,64,45,-19,19,0.4222222222222222,1.5
2023-04-01,1075,Sabino,Trail,3,73,84,11,11,0.13095238095238096,1.714
2023-05-01,1075,Sabino,Trail,3,78,106,28,28,0.2641509433962264,1.473
2023-06-01,1075,Sabino,Trail,3,89,91,2,2,0.02197802197802198,1.13
2023-07-01,1075,Sabino,Trail,3,84,74,-10,10,0.13513513513513514,0.896
2023-08-01,1075,Sabino,Trail,3,71,53,-18,18,0.33962264150943394,0.789
2023-09-01,1075,Sabino,Trail,3,57,35,-22,22,0.6285714285714286,0.783
2023-10-01,1075,Sabino,Trail,3,40,40,0,0,0.0,0.738
2023-11-01,1075,Sabino,Trail,3,39,88,49,49,0.5568181818181818,0.906
2023-12-01,1075,Sabino,Trail,3,40,39,-1,1,0.02564102564102564,0.735
2024-01-01,1075,Sabino,Trail,3,43,37,-6,6,0.16216216216216217,0.767
2024-02-01,1075,Sabino,Trail,3,55,52,-3,3,0.057692307692307696,1.0
2024-03-01,1075,Sabino,Trail,3,64,57,-7,7,0.12280701754385964,1.5
2024-04-01,1075,Sabino,Trail,3,83,115,32,32,0.2782608695652174,1.714
2024-05-01,1075,Sabino,Trail,3,110,120,10,10,0.08333333333333333,1.473
2024-06-01,1075,Sabino,Trail,3,110,71,-39,39,0.5492957746478874,1.13
2024-07-01,1075,Sabino,Trail,3,91,72,-19,19,0.2638888888888889,0.896
2024-08-01,1075,Sabino,Trail,3,69,79,10,10,0.12658227848101267,0.789
2024-09-01,1075,Sabino,Trail,3,58,62,4,4,0.06451612903225806,0.783
2024-10-01,1075,Sabino,Trail,3,52,52,0,0,0.0,0.738
2024-11-01,1075,Sabino,Trail,3,58,61,3,3,0.04918032786885246,0.906
2024-12-01,1075,Sabino,Trail,3,43,43,0,0,0.0,0.735
2025-01-01,1075,Sabino,Trail,3,40,37,-3,3,0.08108108108108109,0.767
2025-02-01,1075,Sabino,Trail,3,47,35,-12,12,0.34285714285714286,1.0
2025-03-01,1075,Sabino,Trail,3,58,66,8,8,0.12121212121212122,1.5
2025-04-01,1075,Sabino,Trail,3,79,87,8,8,0.09195402298850575,1.714
2025-05-01,1075,Sabino,Trail,3,92,102,10,10,0.09803921568627451,1.473
2025-06-01,1075,Sabino,Trail,3,96,51,-45,45,0.8823529411764706,1.13
2025-07-01,1075,Sabino,Trail,3,72,81,9,9,0.1111111111111111,0.896
2025-08-01,1075,Sabino,Trail,3,62,73,11,11,0.1506849315068493,0.789
2025-09-01,1075,Sabino,Trail,3,53,83,30,30,0.3614457831325301,0.783
2025-10-01,1075,Sabino,Trail,3,58,49,-9,9,0.1836734693877551,0.738
2025-11-01,1075,Sabino,Trail,3,62,53,-9,9,0.16981132075471697,0.906
2025-12-01,1075,Sabino,Trail,3,45,32,-13,13,0.40625,0.735
2022-04-01,1076,Sabino,Trail,3,100,90,-10,10,0.1111111111111111,1.714
2022-05-01,1076,Sabino,Trail,3,111,98,-13,13,0.1326530612244898,1.473
2022-06-01,1076,Sabino,Trail,3,105,91,-14,14,0.15384615384615385,1.13
2022-07-01,1076,Sabino,Trail,3,83,97,14,14,0.14432989690721648,0.896
2022-08-01,1076,Sabino,Trail,3,75,63,-12,12,0.19047619047619047,0.789
2022-09-01,1076,Sabino,Trail,3,65,76,11,11,0.14473684210526316,0.783
2022-10-01,1076,Sabino,Trail,3,58,47,-11,11,0.23404255319148937,0.738
2022-11-01,1076,Sabino,Trail,3,56,52,-4,4,0.07692307692307693,0.906
2022-12-01,1076,Sabino,Trail,3,43,32,-11,11,0.34375,0.735
2023-01-01,1076,Sabino,Trail,3,34,34,0,0,0.0,0.767
2023-02-01,1076,Sabino,Trail,3,39,43,4,4,0.09302325581395349,1.0
2023-03-01,1076,Sabino,Trail,3,54,72,18,18,0.25,1.5
2023-04-01,1076,Sabino,Trail,3,85,98,13,13,0.1326530612244898,1.714
2023-05-01,1076,Sabino,Trail,3,105,99,-6,6,0.06060606060606061,1.473
2023-06-01,1076,Sabino,Trail,3,101,91,-10,10,0.10989010989010989,1.13
2023-07-01,1076,Sabino,Trail,3,86,70,-16,16,0.22857142857142856,0.896
2023-08-01,1076,Sabino,Trail,3,68,68,0,0,0.0,0.789
2023-09-01,1076,Sabino,Trail,3,60,65,5,5,0.07692307692307693,0.783
2023-10-01,1076,Sabino,Trail,3,50,42,-8,8,0.19047619047619047,0.738
2023-11-01,1076,Sabino,Trail,3,53,73,20,20,0.273972602739726,0.906
2023-12-01,1076,Sabino,Trail,3,44,54,10,10,0.18518518518518517,0.735
2024-01-01,1076,Sabino,Trail,3,43,54,11,11,0.2037037037037037,0.767
2024-02-01,1076,Sabino,Trail,3,60,30,-30,30,1.0,1.0
2024-03-01,1076,Sabino,Trail,3,69,45,-24,24,0.5333333333333333,1.5
2024-04-01,1076,Sabino,Trail,3,74,81,7,7,0.08641975308641975,1.714
2024-05-01,1076,Sabino,Trail,3,77,109,32,32,0.29357798165137616,1.473
2024-06-01,1076,Sabino,Trail,3,89,58,-31,31,0.5344827586206896,1.13
2024-07-01,1076,Sabino,Trail,3,74,103,29,29,0.2815533980582524,0.896
2024-08-01,1076,Sabino,Trail,3,71,63,-8,8,0.12698412698412698,0.789
2024-09-01,1076,Sabino,Trail,3,58,67,9,9,0.13432835820895522,0.783
2024-10-01,1076,Sabino,Trail,3,57,49,-8,8,0.16326530612244897,0.738
2024-11-01,1076,Sabino,Trail,3,54,65,11,11,0.16923076923076924,0.906
2024-12-01,1076,Sabino,Trail,3,44,66,22,22,0.3333333333333333,0.735
2025-01-01,1076,Sabino,Trail,3,46,29,-17,17,0.5862068965517241,0.767
2025-02-01,1076,Sabino,Trail,3,53,39,-14,14,0.358974358974359,1.0
2025-03-01,1076,Sabino,Trail,3,67,68,1,1,0.014705882352941176,1.5
2025-04-01,1076,Sabino,Trail,3,78,103,25,25,0.24271844660194175,1.714
2025-05-01,1076,Sabino,Trail,3,103,122,19,19,0.1557377049180328,1.473
2025-06-01,1076,Sabino,Trail,3,110,109,-1,1,0.009174311926605505,1.13
2025-07-01,1076,Sabino,Trail,3,100,83,-17,17,0.20481927710843373,0.896
2025-08-01,1076,Sabino,Trail,3,83,65,-18,18,0.27692307692307694,0.789
2025-09-01,1076,Sabino,Trail,3,67,78,11,11,0.14102564102564102,0.783
2025-10-01,1076,Sabino,Trail,3,56,47,-9,9,0.19148936170212766,0.738
2025-11-01,1076,Sabino,Trail,3,57,50,-7,7,0.14,0.906
2025-12-01,1076,Sabino,Trail,3,43,83,40,40,0.4819277108433735,0.735
2022-04-01,1077,Sabino,Trail,3,86,87,1,1,0.011494252873563218,1.714
2022-05-01,1077,Sabino,Trail,3,94,93,-1,1,0.010752688172043012,1.473
2022-06-01,1077,Sabino,Trail,3,95,102,7,7,0.06862745098039216,1.13
2022-07-01,1077,Sabino,Trail,3,84,60,-24,24,0.4,0.896
2022-08-01,1077,Sabino,Trail,3,67,69,2,2,0.028985507246376812,0.789
2022-09-01,1077,Sabino,Trail,3,60,87,27,27,0.3103448275862069,0.783
2022-10-01,1077,Sabino,Trail,3,53,55,2,2,0.03636363636363636,0.738
2022-11-01,1077,Sabino,Trail,3,64,55,-9,9,0.16363636363636364,0.906
2022-12-01,1077,Sabino,Trail,3,48,43,-5,5,0.11627906976744186,0.735
2023-01-01,1077,Sabino,Trail,3,39,41,2,2,0.04878048780487805,0.767
2023-02-01,1077,Sabino,Trail,3,46,45,-1,1,0.022222222222222223,1.0
2023-03-01,1077,Sabino,Trail,3,64,85,21,21,0.24705882352941178,1.5
2023-04-01,1077,Sabino,Trail,3,98,74,-24,24,0.32432432432432434,1.714
2023-05-01,1077,Sabino,Trail,3,100,122,22,22,0.18032786885245902,1.473
2023-06-01,1077,Sabino,Trail,3,106,88,-18,18,0.20454545454545456,1.13
2023-07-01,1077,Sabino,Trail,3,85,61,-24,24,0.39344262295081966,0.896
2023-08-01,1077,Sabino,Trail,3,71,65,-6,6,0.09230769230769231,0.789
2023-09-01,1077,Sabino,Trail,3,56,54,-2,2,0.037037037037037035,0.783
2023-10-01,1077,Sabino,Trail,3,44,58,14,14,0.2413793103448276,0.738
2023-11-01,1077,Sabino,Trail,3,53,57,4,4,0.07017543859649122,0.906
2023-12-01,1077,Sabino,Trail,3,41,41,0,0,0.0,0.735
2024-01-01,1077,Sabino,Trail,3,40,51,11,11,0.21568627450980393,0.767
2024-02-01,1077,Sabino,Trail,3,50,45,-5,5,0.1111111111111111,1.0
2024-03-01,1077,Sabino,Trail,3,68,63,-5,5,0.07936507936507936,1.5
2024-04-01,1077,Sabino,Trail,3,91,101,10,10,0.09900990099009901,1.714
2024-05-01,1077,Sabino,Trail,3,103,104,1,1,0.009615384615384616,1.473
2024-06-01,1077,Sabino,Trail,3,101,85,-16,16,0.18823529411764706,1.13
2024-07-01,1077,Sabino,Trail,3,87,84,-3,3,0.03571428571428571,0.896
2024-08-01,1077,Sabino,Trail,3,72,66,-6,6,0.09090909090909091,0.789
2024-09-01,1077,Sabino,Trail,3,61,72,11,11,0.1527777777777778,0.783
2024-10-01,1077,Sabino,Trail,3,55,48,-7,7,0.14583333333333334,0.738
2024-11-01,1077,Sabino,Trail,3,56,49,-7,7,0.14285714285714285,0.906
2024-12-01,1077,Sabino,Trail,3,41,31,-10,10,0.3225806451612903,0.735
2025-01-01,1077,Sabino,Trail,3,33,32,-1,1,0.03125,0.767
2025-02-01,1077,Sabino,Trail,3,37,32,-5,5,0.15625,1.0
2025-03-01,1077,Sabino,Trail,3,48,70,22,22,0.3142857142857143,1.5
2025-04-01,1077,Sabino,Trail,3,77,112,35,35,0.3125,1.714
2025-05-01,1077,Sabino,Trail,3,105,89,-16,16,0.1797752808988764,1.473
2025-06-01,1077,Sabino,Trail,3,102,98,-4,4,0.04081632653061224,1.13
2025-07-01,1077,Sabino,Trail,3,89,59,-30,30,0.5084745762711864,0.896
2025-08-01,1077,Sabino,Trail,3,65,77,12,12,0.15584415584415584,0.789
2025-09-01,1077,Sabino,Trail,3,61,77,16,16,0.2077922077922078,0.783
2025-10-01,1077,Sabino,Trail,3,52,45,-7,7,0.15555555555555556,0.738
2025-11-01,1077,Sabino,Trail,3,60,53,-7,7,0.1320754716981132,0.906
2025-12-01,1077,Sabino,Trail,3,43,49,6,6,0.12244897959183673,0.735
2022-04-01,1078,Sabino,Trail,3,83,62,-21,21,0.3387096774193548,1.714
2022-05-01,1078,Sabino,Trail,3,89,104,15,15,0.14423076923076922,1.473
2022-06-01,1078,Sabino,Trail,3,92,82,-10,10,0.12195121951219512,1.13
2022-07-01,1078,Sabino,Trail,3,74,84,10,10,0.11904761904761904,0.896
2022-08-01,1078,Sabino,Trail,3,71,90,19,19,0.2111111111111111,0.789
2022-09-01,1078,Sabino,Trail,3,67,67,0,0,0.0,0.783
2022-10-01,1078,Sabino,Trail,3,59,67,8,8,0.11940298507462686,0.738
2022-11-01,1078,Sabino,Trail,3,68,56,-12,12,0.21428571428571427,0.906
2022-12-01,1078,Sabino,Trail,3,47,34,-13,13,0.38235294117647056,0.735
2023-01-01,1078,Sabino,Trail,3,40,43,3,3,0.06976744186046512,0.767
2023-02-01,1078,Sabino,Trail,3,44,56,12,12,0.21428571428571427,1.0
2023-03-01,1078,Sabino,Trail,3,66,72,6,6,0.08333333333333333,1.5
2023-04-01,1078,Sabino,Trail,3,98,105,7,7,0.06666666666666667,1.714
2023-05-01,1078,Sabino,Trail,3,114,109,-5,5,0.045871559633027525,1.473
2023-06-01,1078,Sabino,Trail,3,108,61,-47,47,0.7704918032786885,1.13
2023-07-01,1078,Sabino,Trail,3,82,92,10,10,0.10869565217391304,0.896
2023-08-01,1078,Sabino,Trail,3,69,56,-13,13,0.23214285714285715,0.789
2023-09-01,1078,Sabino,Trail,3,55,65,10,10,0.15384615384615385,0.783
2023-10-01,1078,Sabino,Trail,3,52,41,-11,11,0.2682926829268293,0.738
2023-11-01,1078,Sabino,Trail,3,49,48,-1,1,0.020833333333333332,0.906
2023-12-01,1078,Sabino,Trail,3,38,22,-16,16,0.7272727272727273,0.735
2024-01-01,1078,Sabino,Trail,3,28,37,9,9,0.24324324324324326,0.767
2024-02-01,1078,Sabino,Trail,3,36,35,-1,1,0.02857142857142857,1.0
2024-03-01,1078,Sabino,Trail,3,47,58,11,11,0.1896551724137931,1.5
2024-04-01,1078,Sabino,Trail,3,74,84,10,10,0.11904761904761904,1.714
2024-05-01,1078,Sabino,Trail,3,87,99,12,12,0.12121212121212122,1.473
2024-06-01,1078,Sabino,Trail,3,91,71,-20,20,0.28169014084507044,1.13
2024-07-01,1078,Sabino,Trail,3,76,80,4,4,0.05,0.896
2024-08-01,1078,Sabino,Trail,3,66,44,-22,22,0.5,0.789
2024-09-01,1078,Sabino,Trail,3,51,54,3,3,0.05555555555555555,0.783
2024-10-01,1078,Sabino,Trail,3,44,64,20,20,0.3125,0.738
2024-11-01,1078,Sabino,Trail,3,49,46,-3,3,0.06521739130434782,0.906
2024-12-01,1078,Sabino,Trail,3,40,36,-4,4,0.1111111111111111,0.735
2025-01-01,1078,Sabino,Trail,3,37,26,-11,11,0.4230769230769231,0.767
2025-02-01,1078,Sabino,Trail,3,36,46,10,10,0.21739130434782608,1.0
2025-03-01,1078,Sabino,Trail,3,54,49,-5,5,0.10204081632653061,1.5
2025-04-01,1078,Sabino,Trail,3,69,71,2,2,0.028169014084507043,1.714
2025-05-01,1078,Sabino,Trail,3,81,85,4,4,0.047058823529411764,1.473
2025-06-01,1078,Sabino,Trail,3,77,68,-9,9,0.1323529411764706,1.13
2025-07-01,1078,Sabino,Trail,3,67,108,41,41,0.37962962962962965,0.896
2025-08-01,1078,Sabino,Trail,3,69,63,-6,6,0.09523809523809523,0.789
2025-09-01,1078,Sabino,Trail,3,62,59,-3,3,0.05084745762711865,0.783
2025-10-01,1078,Sabino,Trail,3,57,58,1,1,0.017241379310344827,0.738
2025-11-01,1078,Sabino,Trail,3,54,56,2,2,0.03571428571428571,0.906
2025-12-01,1078,Sabino,Trail,3,42,52,10,10,0.19230769230769232,0.735
2022-04-01,1079,Sabino,Trail,3,79,73,-6,6,0.0821917808219178,1.714
2022-05-01,1079,Sabino,Trail,3,84,84,0,0,0.0,1.473
2022-06-01,1079,Sabino,Trail,3,89,74,-15,15,0.20270270270270271,1.13
2022-07-01,1079,Sabino,Trail,3,69,82,13,13,0.15853658536585366,0.896
2022-08-01,1079,Sabino,Trail,3,63,68,5,5,0.07352941176470588,0.789
2022-09-01,1079,Sabino,Trail,3,58,72,14,14,0.19444444444444445,0.783
2022-10-01,1079,Sabino,Trail,3,55,41,-14,14,0.34146341463414637,0.738
2022-11-01,1079,Sabino,Trail,3,55,43,-12,12,0.27906976744186046,0.906
2022-12-01,1079,Sabino,Trail,3,38,35,-3,3,0.08571428571428572,0.735
2023-01-01,1079,Sabino,Trail,3,30,21,-9,9,0.42857142857142855,0.767
2023-02-01,1079,Sabino,Trail,3,33,27,-6,6,0.2222222222222222,1.0
2023-03-01,1079,Sabino,Trail,3,42,54,12,12,0.2222222222222222,1.5
2023-04-01,1079,Sabino,Trail,3,58,80,22,22,0.275,1.714
2023-05-01,1079,Sabino,Trail,3,79,81,2,2,0.024691358024691357,1.473
2023-06-01,1079,Sabino,Trail,3,81,96,15,15,0.15625,1.13
2023-07-01,1079,Sabino,Trail,3,77,56,-21,21,0.375,0.896
2023-08-01,1079,Sabino,Trail,3,61,81,20,20,0.24691358024691357,0.789
2023-09-01,1079,Sabino,Trail,3,61,52,-9,9,0.17307692307692307,0.783
2023-10-01,1079,Sabino,Trail,3,46,39,-7,7,0.1794871794871795,0.738
2023-11-01,1079,Sabino,Trail,3,52,91,39,39,0.42857142857142855,0.906
2023-12-01,1079,Sabino,Trail,3,45,37,-8,8,0.21621621621621623,0.735
2024-01-01,1079,Sabino,Trail,3,43,37,-6,6,0.16216216216216217,0.767
2024-02-01,1079,Sabino,Trail,3,55,37,-18,18,0.4864864864864865,1.0
2024-03-01,1079,Sabino,Trail,3,56,84,28,28,0.3333333333333333,1.5
2024-04-01,1079,Sabino,Trail,3,90,65,-25,25,0.38461538461538464,1.714
2024-05-01,1079,Sabino,Trail,3,91,83,-8,8,0.0963855421686747,1.473
2024-06-01,1079,Sabino,Trail,3,87,56,-31,31,0.5535714285714286,1.13
2024-07-01,1079,Sabino,Trail,3,61,56,-5,5,0.08928571428571429,0.896
2024-08-01,1079,Sabino,Trail,3,51,73,22,22,0.3013698630136986,0.789
2024-09-01,1079,Sabino,Trail,3,48,37,-11,11,0.2972972972972973,0.783
2024-10-01,1079,Sabino,Trail,3,41,59,18,18,0.3050847457627119,0.738
2024-11-01,1079,Sabino,Trail,3,51,50,-1,1,0.02,0.906
2024-12-01,1079,Sabino,Trail,3,36,31,-5,5,0.16129032258064516,0.735
2025-01-01,1079,Sabino,Trail,3,36,48,12,12,0.25,0.767
2025-02-01,1079,Sabino,Trail,3,43,30,-13,13,0.43333333333333335,1.0
2025-03-01,1079,Sabino,Trail,3,54,52,-2,2,0.038461538461538464,1.5
2025-04-01,1079,Sabino,Trail,3,74,91,17,17,0.18681318681318682,1.714
2025-05-01,1079,Sabino,Trail,3,85,84,-1,1,0.011904761904761904,1.473
2025-06-01,1079,Sabino,Trail,3,86,89,3,3,0.033707865168539325,1.13
2025-07-01,1079,Sabino,Trail,3,79,74,-5,5,0.06756756756756757,0.896
2025-08-01,1079,Sabino,Trail,3,65,59,-6,6,0.1016949152542373,0.789
2025-09-01,1079,Sabino,Trail,3,58,55,-3,3,0.05454545454545454,0.783
2025-10-01,1079,Sabino,Trail,3,46,42,-4,4,0.09523809523809523,0.738
2025-11-01,1079,Sabino,Trail,3,47,42,-5,5,0.11904761904761904,0.906
2025-12-01,1079,Sabino,Trail,3,34,26,-8,8,0.3076923076923077,0.735
2022-04-01,1080,Sabino,Trail,3,89,57,-32,32,0.5614035087719298,1.714
2022-05-01,1080,Sabino,Trail,3,81,100,19,19,0.19,1.473
2022-06-01,1080,Sabino,Trail,3,87,80,-7,7,0.0875,1.13
2022-07-01,1080,Sabino,Trail,3,71,63,-8,8,0.12698412698412698,0.896
2022-08-01,1080,Sabino,Trail,3,64,76,12,12,0.15789473684210525,0.789
2022-09-01,1080,Sabino,Trail,3,57,53,-4,4,0.07547169811320754,0.783
2022-10-01,1080,Sabino,Trail,3,47,53,6,6,0.11320754716981132,0.738
2022-11-01,1080,Sabino,Trail,3,55,35,-20,20,0.5714285714285714,0.906
2022-12-01,1080,Sabino,Trail,3,35,47,12,12,0.2553191489361702,0.735
2023-01-01,1080,Sabino,Trail,3,35,31,-4,4,0.12903225806451613,0.767
2023-02-01,1080,Sabino,Trail,3,38,37,-1,1,0.02702702702702703,1.0
2023-03-01,1080,Sabino,Trail,3,58,42,-16,16,0.38095238095238093,1.5
2023-04-01,1080,Sabino,Trail,3,63,79,16,16,0.20253164556962025,1.714
2023-05-01,1080,Sabino,Trail,3,78,105,27,27,0.2571428571428571,1.473
2023-06-01,1080,Sabino,Trail,3,85,64,-21,21,0.328125,1.13
2023-07-01,1080,Sabino,Trail,3,74,56,-18,18,0.32142857142857145,0.896
2023-08-01,1080,Sabino,Trail,3,59,31,-28,28,0.9032258064516129,0.789
2023-09-01,1080,Sabino,Trail,3,39,43,4,4,0.09302325581395349,0.783
2023-10-01,1080,Sabino,Trail,3,32,45,13,13,0.28888888888888886,0.738
2023-11-01,1080,Sabino,Trail,3,36,63,27,27,0.42857142857142855,0.906
2023-12-01,1080,Sabino,Trail,3,37,29,-8,8,0.27586206896551724,0.735
2024-01-01,1080,Sabino,Trail,3,35,44,9,9,0.20454545454545456,0.767
2024-02-01,1080,Sabino,Trail,3,45,37,-8,8,0.21621621621621623,1.0
2024-03-01,1080,Sabino,Trail,3,55,38,-17,17,0.4473684210526316,1.5
2024-04-01,1080,Sabino,Trail,3,68,74,6,6,0.08108108108108109,1.714
2024-05-01,1080,Sabino,Trail,3,73,111,38,38,0.34234234234234234,1.473
2024-06-01,1080,Sabino,Trail,3,84,78,-6,6,0.07692307692307693,1.13
2024-07-01,1080,Sabino,Trail,3,79,77,-2,2,0.025974025974025976,0.896
2024-08-01,1080,Sabino,Trail,3,70,56,-14,14,0.25,0.789
2024-09-01,1080,Sabino,Trail,3,55,54,-1,1,0.018518518518518517,0.783
2024-10-01,1080,Sabino,Trail,3,46,48,2,2,0.041666666666666664,0.738
2024-11-01,1080,Sabino,Trail,3,48,35,-13,13,0.37142857142857144,0.906
2024-12-01,1080,Sabino,Trail,3,34,43,9,9,0.20930232558139536,0.735
2025-01-01,1080,Sabino,Trail,3,32,49,17,17,0.3469387755102041,0.767
2025-02-01,1080,Sabino,Trail,3,42,37,-5,5,0.13513513513513514,1.0
2025-03-01,1080,Sabino,Trail,3,64,61,-3,3,0.04918032786885246,1.5
2025-04-01,1080,Sabino,Trail,3,84,76,-8,8,0.10526315789473684,1.714
2025-05-01,1080,Sabino,Trail,3,85,74,-11,11,0.14864864864864866,1.473
2025-06-01,1080,Sabino,Trail,3,80,53,-27,27,0.5094339622641509,1.13
2025-07-01,1080,Sabino,Trail,3,61,60,-1,1,0.016666666666666666,0.896
2025-08-01,1080,Sabino,Trail,3,49,63,14,14,0.2222222222222222,0.789
2025-09-01,1080,Sabino,Trail,3,46,58,12,12,0.20689655172413793,0.783
2025-10-01,1080,Sabino,Trail,3,45,51,6,6,0.11764705882352941,0.738
2025-11-01,1080,Sabino,Trail,3,52,48,-4,4,0.08333333333333333,0.906
2025-12-01,1080,Sabino,Trail,3,38,16,-22,22,1.375,0.735
2022-04-01,1081,Sabino,Trail,3,70,55,-15,15,0.2727272727272727,1.714
2022-05-01,1081,Sabino,Trail,3,71,72,1,1,0.013888888888888888,1.473
2022-06-01,1081,Sabino,Trail,3,67,77,10,10,0.12987012987012986,1.13
2022-07-01,1081,Sabino,Trail,3,61,58,-3,3,0.05172413793103448,0.896
2022-08-01,1081,Sabino,Trail,3,54,58,4,4,0.06896551724137931,0.789
2022-09-01,1081,Sabino,Trail,3,50,47,-3,3,0.06382978723404255,0.783
2022-10-01,1081,Sabino,Trail,3,40,62,22,22,0.3548387096774194,0.738
2022-11-01,1081,Sabino,Trail,3,50,48,-2,2,0.041666666666666664,0.906
2022-12-01,1081,Sabino,Trail,3,38,36,-2,2,0.05555555555555555,0.735
2023-01-01,1081,Sabino,Trail,3,37,23,-14,14,0.6086956521739131,0.767
2023-02-01,1081,Sabino,Trail,3,36,46,10,10,0.21739130434782608,1.0
2023-03-01,1081,Sabino,Trail,3,52,43,-9,9,0.20930232558139536,1.5
2023-04-01,1081,Sabino,Trail,3,64,71,7,7,0.09859154929577464,1.714
2023-05-01,1081,Sabino,Trail,3,79,91,12,12,0.13186813186813187,1.473
2023-06-01,1081,Sabino,Trail,3,77,112,35,35,0.3125,1.13
2023-07-01,1081,Sabino,Trail,3,82,77,-5,5,0.06493506493506493,0.896
2023-08-01,1081,Sabino,Trail,3,74,64,-10,10,0.15625,0.789
2023-09-01,1081,Sabino,Trail,3,66,30,-36,36,1.2,0.783
2023-10-01,1081,Sabino,Trail,3,42,42,0,0,0.0,0.738
2023-11-01,1081,Sabino,Trail,3,41,52,11,11,0.21153846153846154,0.906
2023-12-01,1081,Sabino,Trail,3,30,34,4,4,0.11764705882352941,0.735
2024-01-01,1081,Sabino,Trail,3,33,42,9,9,0.21428571428571427,0.767
2024-02-01,1081,Sabino,Trail,3,43,35,-8,8,0.22857142857142856,1.0
2024-03-01,1081,Sabino,Trail,3,56,74,18,18,0.24324324324324326,1.5
2024-04-01,1081,Sabino,Trail,3,86,88,2,2,0.022727272727272728,1.714
2024-05-01,1081,Sabino,Trail,3,97,96,-1,1,0.010416666666666666,1.473
2024-06-01,1081,Sabino,Trail,3,97,42,-55,55,1.3095238095238095,1.13
2024-07-01,1081,Sabino,Trail,3,68,97,29,29,0.29896907216494845,0.896
2024-08-01,1081,Sabino,Trail,3,62,69,7,7,0.10144927536231885,0.789
2024-09-01,1081,Sabino,Trail,3,54,33,-21,21,0.6363636363636364,0.783
2024-10-01,1081,Sabino,Trail,3,49,48,-1,1,0.020833333333333332,0.738
2024-11-01,1081,Sabino,Trail,3,45,56,11,11,0.19642857142857142,0.906
2024-12-01,1081,Sabino,Trail,3,34,34,0,0,0.0,0.735
2025-01-01,1081,Sabino,Trail,3,35,29,-6,6,0.20689655172413793,0.767
2025-02-01,1081,Sabino,Trail,3,40,51,11,11,0.21568627450980393,1.0
2025-03-01,1081,Sabino,Trail,3,57,56,-1,1,0.017857142857142856,1.5
2025-04-01,1081,Sabino,Trail,3,78,79,1,1,0.012658227848101266,1.714
2025-05-01,1081,Sabino,Trail,3,91,96,5,5,0.052083333333333336,1.473
2025-06-01,1081,Sabino,Trail,3,87,70,-17,17,0.24285714285714285,1.13
2025-07-01,1081,Sabino,Trail,3,73,82,9,9,0.10975609756097561,0.896
2025-08-01,1081,Sabino,Trail,3,65,53,-12,12,0.22641509433962265,0.789
2025-09-01,1081,Sabino,Trail,3,53,38,-15,15,0.39473684210526316,0.783
2025-10-01,1081,Sabino,Trail,3,43,36,-7,7,0.19444444444444445,0.738
2025-11-01,1081,Sabino,Trail,3,38,53,15,15,0.2830188679245283,0.906
2025-12-01,1081,Sabino,Trail,3,31,60,29,29,0.48333333333333334,0.735
2022-04-01,1082,Sabino,Trail,3,66,68,2,2,0.029411764705882353,1.714
2022-05-01,1082,Sabino,Trail,3,76,72,-4,4,0.05555555555555555,1.473
2022-06-01,1082,Sabino,Trail,3,75,83,8,8,0.0963855421686747,1.13
2022-07-01,1082,Sabino,Trail,3,67,55,-12,12,0.21818181818181817,0.896
2022-08-01,1082,Sabino,Trail,3,55,63,8,8,0.12698412698412698,0.789
2022-09-01,1082,Sabino,Trail,3,52,44,-8,8,0.18181818181818182,0.783
2022-10-01,1082,Sabino,Trail,3,40,53,13,13,0.24528301886792453,0.738
2022-11-01,1082,Sabino,Trail,3,48,60,12,12,0.2,0.906
2022-12-01,1082,Sabino,Trail,3,38,27,-11,11,0.4074074074074074,0.735
2023-01-01,1082,Sabino,Trail,3,36,38,2,2,0.05263157894736842,0.767
2023-02-01,1082,Sabino,Trail,3,42,46,4,4,0.08695652173913043,1.0
2023-03-01,1082,Sabino,Trail,3,56,58,2,2,0.034482758620689655,1.5
2023-04-01,1082,Sabino,Trail,3,81,47,-34,34,0.723404255319149,1.714
2023-05-01,1082,Sabino,Trail,3,74,115,41,41,0.3565217391304348,1.473
2023-06-01,1082,Sabino,Trail,3,83,73,-10,10,0.136986301369863,1.13
2023-07-01,1082,Sabino,Trail,3,70,72,2,2,0.027777777777777776,0.896
2023-08-01,1082,Sabino,Trail,3,68,84,16,16,0.19047619047619047,0.789
2023-09-01,1082,Sabino,Trail,3,60,52,-8,8,0.15384615384615385,0.783
2023-10-01,1082,Sabino,Trail,3,51,50,-1,1,0.02,0.738
2023-11-01,1082,Sabino,Trail,3,56,42,-14,14,0.3333333333333333,0.906
2023-12-01,1082,Sabino,Trail,3,35,32,-3,3,0.09375,0.735
2024-01-01,1082,Sabino,Trail,3,32,16,-16,16,1.0,0.767
2024-02-01,1082,Sabino,Trail,3,30,37,7,7,0.1891891891891892,1.0
2024-03-01,1082,Sabino,Trail,3,42,40,-2,2,0.05,1.5
2024-04-01,1082,Sabino,Trail,3,53,82,29,29,0.35365853658536583,1.714
2024-05-01,1082,Sabino,Trail,3,78,87,9,9,0.10344827586206896,1.473
2024-06-01,1082,Sabino,Trail,3,79,59,-20,20,0.3389830508474576,1.13
2024-07-01,1082,Sabino,Trail,3,68,80,12,12,0.15,0.896
2024-08-01,1082,Sabino,Trail,3,59,51,-8,8,0.1568627450980392,0.789
2024-09-01,1082,Sabino,Trail,3,50,44,-6,6,0.13636363636363635,0.783
2024-10-01,1082,Sabino,Trail,3,43,47,4,4,0.0851063829787234,0.738
2024-11-01,1082,Sabino,Trail,3,43,49,6,6,0.12244897959183673,0.906
2024-12-01,1082,Sabino,Trail,3,34,43,9,9,0.20930232558139536,0.735
2025-01-01,1082,Sabino,Trail,3,36,46,10,10,0.21739130434782608,0.767
2025-02-01,1082,Sabino,Trail,3,46,45,-1,1,0.022222222222222223,1.0
2025-03-01,1082,Sabino,Trail,3,67,48,-19,19,0.3958333333333333,1.5
2025-04-01,1082,Sabino,Trail,3,79,74,-5,5,0.06756756756756757,1.714
2025-05-01,1082,Sabino,Trail,3,82,67,-15,15,0.22388059701492538,1.473
2025-06-01,1082,Sabino,Trail,3,71,79,8,8,0.10126582278481013,1.13
2025-07-01,1082,Sabino,Trail,3,66,56,-10,10,0.17857142857142858,0.896
2025-08-01,1082,Sabino,Trail,3,53,54,1,1,0.018518518518518517,0.789
2025-09-01,1082,Sabino,Trail,3,49,47,-2,2,0.0425531914893617,0.783
2025-10-01,1082,Sabino,Trail,3,39,73,34,34,0.4657534246575342,0.738
2025-11-01,1082,Sabino,Trail,3,53,33,-20,20,0.6060606060606061,0.906
2025-12-01,1082,Sabino,Trail,3,37,49,12,12,0.24489795918367346,0.735
2022-04-01,1083,Sabino,Trail,3,71,92,21,21,0.22826086956521738,1.714
2022-05-01,1083,Sabino,Trail,3,90,94,4,4,0.0425531914893617,1.473
2022-06-01,1083,Sabino,Trail,3,92,84,-8,8,0.09523809523809523,1.13
2022-07-01,1083,Sabino,Trail,3,81,79,-2,2,0.02531645569620253,0.896
2022-08-01,1083,Sabino,Trail,3,68,74,6,6,0.08108108108108109,0.789
2022-09-01,1083,Sabino,Trail,3,62,45,-17,17,0.37777777777777777,0.783
2022-10-01,1083,Sabino,Trail,3,49,52,3,3,0.057692307692307696,0.738
2022-11-01,1083,Sabino,Trail,3,52,29,-23,23,0.7931034482758621,0.906
2022-12-01,1083,Sabino,Trail,3,31,46,15,15,0.32608695652173914,0.735
2023-01-01,1083,Sabino,Trail,3,32,18,-14,14,0.7777777777777778,0.767
2023-02-01,1083,Sabino,Trail,3,31,51,20,20,0.39215686274509803,1.0
2023-03-01,1083,Sabino,Trail,3,58,55,-3,3,0.05454545454545454,1.5
2023-04-01,1083,Sabino,Trail,3,71,65,-6,6,0.09230769230769231,1.714
2023-05-01,1083,Sabino,Trail,3,84,81,-3,3,0.037037037037037035,1.473
2023-06-01,1083,Sabino,Trail,3,76,58,-18,18,0.3103448275862069,1.13
2023-07-01,1083,Sabino,Trail,3,61,85,24,24,0.2823529411764706,0.896
2023-08-01,1083,Sabino,Trail,3,59,64,5,5,0.078125,0.789
2023-09-01,1083,Sabino,Trail,3,54,46,-8,8,0.17391304347826086,0.783
2023-10-01,1083,Sabino,Trail,3,48,52,4,4,0.07692307692307693,0.738
2023-11-01,1083,Sabino,Trail,3,49,44,-5,5,0.11363636363636363,0.906
2023-12-01,1083,Sabino,Trail,3,35,27,-8,8,0.2962962962962963,0.735
2024-01-01,1083,Sabino,Trail,3,31,34,3,3,0.08823529411764706,0.767
2024-02-01,1083,Sabino,Trail,3,35,59,24,24,0.4067796610169492,1.0
2024-03-01,1083,Sabino,Trail,3,60,41,-19,19,0.4634146341463415,1.5
2024-04-01,1083,Sabino,Trail,3,77,83,6,6,0.07228915662650602,1.714
2024-05-01,1083,Sabino,Trail,3,90,101,11,11,0.10891089108910891,1.473
2024-06-01,1083,Sabino,Trail,3,85,77,-8,8,0.1038961038961039,1.13
2024-07-01,1083,Sabino,Trail,3,78,66,-12,12,0.18181818181818182,0.896
2024-08-01,1083,Sabino,Trail,3,64,72,8,8,0.1111111111111111,0.789
2024-09-01,1083,Sabino,Trail,3,56,45,-11,11,0.24444444444444444,0.783
2024-10-01,1083,Sabino,Trail,3,45,35,-10,10,0.2857142857142857,0.738
2024-11-01,1083,Sabino,Trail,3,46,79,33,33,0.4177215189873418,0.906
2024-12-01,1083,Sabino,Trail,3,39,25,-14,14,0.56,0.735
2025-01-01,1083,Sabino,Trail,3,36,56,20,20,0.35714285714285715,0.767
2025-02-01,1083,Sabino,Trail,3,53,34,-19,19,0.5588235294117647,1.0
2025-03-01,1083,Sabino,Trail,3,58,45,-13,13,0.28888888888888886,1.5
2025-04-01,1083,Sabino,Trail,3,77,67,-10,10,0.14925373134328357,1.714
2025-05-01,1083,Sabino,Trail,3,72,82,10,10,0.12195121951219512,1.473
2025-06-01,1083,Sabino,Trail,3,73,79,6,6,0.0759493670886076,1.13
2025-07-01,1083,Sabino,Trail,3,68,74,6,6,0.08108108108108109,0.896
2025-08-01,1083,Sabino,Trail,3,62,56,-6,6,0.10714285714285714,0.789
2025-09-01,1083,Sabino,Trail,3,55,40,-15,15,0.375,0.783
2025-10-01,1083,Sabino,Trail,3,42,52,10,10,0.19230769230769232,0.738
2025-11-01,1083,Sabino,Trail,3,45,44,-1,1,0.022727272727272728,0.906
2025-12-01,1083,Sabino,Trail,3,33,58,25,25,0.43103448275862066,0.735
2022-04-01,1084,Sabino,Trail,3,86,72,-14,14,0.19444444444444445,1.714
2022-05-01,1084,Sabino,Trail,3,97,79,-18,18,0.22784810126582278,1.473
2022-06-01,1084,Sabino,Trail,3,87,82,-5,5,0.06097560975609756,1.13
2022-07-01,1084,Sabino,Trail,3,70,75,5,5,0.06666666666666667,0.896
2022-08-01,1084,Sabino,Trail,3,62,71,9,9,0.1267605633802817,0.789
2022-09-01,1084,Sabino,Trail,3,59,55,-4,4,0.07272727272727272,0.783
2022-10-01,1084,Sabino,Trail,3,49,53,4,4,0.07547169811320754,0.738
2022-11-01,1084,Sabino,Trail,3,54,58,4,4,0.06896551724137931,0.906
2022-12-01,1084,Sabino,Trail,3,41,27,-14,14,0.5185185185185185,0.735
2023-01-01,1084,Sabino,Trail,3,35,25,-10,10,0.4,0.767
2023-02-01,1084,Sabino,Trail,3,37,48,11,11,0.22916666666666666,1.0
2023-03-01,1084,Sabino,Trail,3,50,62,12,12,0.1935483870967742,1.5
2023-04-01,1084,Sabino,Trail,3,77,62,-15,15,0.24193548387096775,1.714
2023-05-01,1084,Sabino,Trail,3,84,74,-10,10,0.13513513513513514,1.473
2023-06-01,1084,Sabino,Trail,3,75,105,30,30,0.2857142857142857,1.13
2023-07-01,1084,Sabino,Trail,3,72,85,13,13,0.15294117647058825,0.896
2023-08-01,1084,Sabino,Trail,3,69,78,9,9,0.11538461538461539,0.789
2023-09-01,1084,Sabino,Trail,3,70,52,-18,18,0.34615384615384615,0.783
2023-10-01,1084,Sabino,Trail,3,53,60,7,7,0.11666666666666667,0.738
2023-11-01,1084,Sabino,Trail,3,57,42,-15,15,0.35714285714285715,0.906
2023-12-01,1084,Sabino,Trail,3,38,36,-2,2,0.05555555555555555,0.735
2024-01-01,1084,Sabino,Trail,3,35,33,-2,2,0.06060606060606061,0.767
2024-02-01,1084,Sabino,Trail,3,37,52,15,15,0.28846153846153844,1.0
2024-03-01,1084,Sabino,Trail,3,60,37,-23,23,0.6216216216216216,1.5
2024-04-01,1084,Sabino,Trail,3,70,55,-15,15,0.2727272727272727,1.714
2024-05-01,1084,Sabino,Trail,3,71,81,10,10,0.12345679012345678,1.473
2024-06-01,1084,Sabino,Trail,3,65,79,14,14,0.17721518987341772,1.13
2024-07-01,1084,Sabino,Trail,3,64,62,-2,2,0.03225806451612903,0.896
2024-08-01,1084,Sabino,Trail,3,58,61,3,3,0.04918032786885246,0.789
2024-09-01,1084,Sabino,Trail,3,53,44,-9,9,0.20454545454545456,0.783
2024-10-01,1084,Sabino,Trail,3,41,70,29,29,0.4142857142857143,0.738
2024-11-01,1084,Sabino,Trail,3,53,53,0,0,0.0,0.906
2024-12-01,1084,Sabino,Trail,3,41,43,2,2,0.046511627906976744,0.735
2025-01-01,1084,Sabino,Trail,3,42,22,-20,20,0.9090909090909091,0.767
2025-02-01,1084,Sabino,Trail,3,39,24,-15,15,0.625,1.0
2025-03-01,1084,Sabino,Trail,3,44,68,24,24,0.35294117647058826,1.5
2025-04-01,1084,Sabino,Trail,3,65,57,-8,8,0.14035087719298245,1.714
2025-05-01,1084,Sabino,Trail,3,73,78,5,5,0.0641025641025641,1.473
2025-06-01,1084,Sabino,Trail,3,76,59,-17,17,0.288135593220339,1.13
2025-07-01,1084,Sabino,Trail,3,58,57,-1,1,0.017543859649122806,0.896
2025-08-01,1084,Sabino,Trail,3,51,51,0,0,0.0,0.789
2025-09-01,1084,Sabino,Trail,3,44,56,12,12,0.21428571428571427,0.783
2025-10-01,1084,Sabino,Trail,3,40,60,20,20,0.3333333333333333,0.738
2025-11-01,1084,Sabino,Trail,3,50,35,-15,15,0.42857142857142855,0.906
2025-12-01,1084,Sabino,Trail,3,37,40,3,3,0.075,0.735
2022-04-01,1085,Sabino,Trail,3,42,32,-10,10,0.3125,1.714
2022-05-01,1085,Sabino,Trail,3,49,28,-21,21,0.75,1.473
2022-06-01,1085,Sabino,Trail,3,42,39,-3,3,0.07692307692307693,1.13
2022-07-01,1085,Sabino,Trail,3,30,22,-8,8,0.36363636363636365,0.896
2022-08-01,1085,Sabino,Trail,3,23,35,12,12,0.34285714285714286,0.789
2022-09-01,1085,Sabino,Trail,3,25,20,-5,5,0.25,0.783
2022-10-01,1085,Sabino,Trail,3,19,17,-2,2,0.11764705882352941,0.738
2022-11-01,1085,Sabino,Trail,3,22,8,-14,14,1.75,0.906
2022-12-01,1085,Sabino,Trail,3,11,17,6,6,0.35294117647058826,0.735
2023-01-01,1085,Sabino,Trail,3,11,19,8,8,0.42105263157894735,0.767
2023-02-01,1085,Sabino,Trail,3,15,14,-1,1,0.07142857142857142,1.0
2023-03-01,1085,Sabino,Trail,3,25,26,1,1,0.038461538461538464,1.5
2023-04-01,1085,Sabino,Trail,3,34,39,5,5,0.1282051282051282,1.714
2023-05-01,1085,Sabino,Trail,3,39,41,2,2,0.04878048780487805,1.473
2023-06-01,1085,Sabino,Trail,3,40,33,-7,7,0.21212121212121213,1.13
2023-07-01,1085,Sabino,Trail,3,34,26,-8,8,0.3076923076923077,0.896
2023-08-01,1085,Sabino,Trail,3,26,32,6,6,0.1875,0.789
2023-09-01,1085,Sabino,Trail,3,24,23,-1,1,0.043478260869565216,0.783
2023-10-01,1085,Sabino,Trail,3,20,23,3,3,0.13043478260869565,0.738
2023-11-01,1085,Sabino,Trail,3,24,28,4,4,0.14285714285714285,0.906
2023-12-01,1085,Sabino,Trail,3,18,13,-5,5,0.38461538461538464,0.735
2024-01-01,1085,Sabino,Trail,3,16,22,6,6,0.2727272727272727,0.767
2024-02-01,1085,Sabino,Trail,3,21,25,4,4,0.16,1.0
2024-03-01,1085,Sabino,Trail,3,30,22,-8,8,0.36363636363636365,1.5
2024-04-01,1085,Sabino,Trail,3,39,42,3,3,0.07142857142857142,1.714
2024-05-01,1085,Sabino,Trail,3,44,35,-9,9,0.2571428571428571,1.473
2024-06-01,1085,Sabino,Trail,3,37,41,4,4,0.0975609756097561,1.13
2024-07-01,1085,Sabino,Trail,3,35,23,-12,12,0.5217391304347826,0.896
2024-08-01,1085,Sabino,Trail,3,26,41,15,15,0.36585365853658536,0.789
2024-09-01,1085,Sabino,Trail,3,27,37,10,10,0.2702702702702703,0.783
2024-10-01,1085,Sabino,Trail,3,25,18,-7,7,0.3888888888888889,0.738
2024-11-01,1085,Sabino,Trail,3,29,16,-13,13,0.8125,0.906
2024-12-01,1085,Sabino,Trail,3,17,30,13,13,0.43333333333333335,0.735
2025-01-01,1085,Sabino,Trail,3,16,19,3,3,0.15789473684210525,0.767
2025-02-01,1085,Sabino,Trail,3,22,9,-13,13,1.4444444444444444,1.0
2025-03-01,1085,Sabino,Trail,3,29,14,-15,15,1.0714285714285714,1.5
2025-04-01,1085,Sabino,Trail,3,24,32,8,8,0.25,1.714
2025-05-01,1085,Sabino,Trail,3,27,16,-11,11,0.6875,1.473
2025-06-01,1085,Sabino,Trail,3,23,40,17,17,0.425,1.13
2025-07-01,1085,Sabino,Trail,3,26,38,12,12,0.3157894736842105,0.896
2025-08-01,1085,Sabino,Trail,3,25,20,-5,5,0.25,0.789
2025-09-01,1085,Sabino,Trail,3,26,30,4,4,0.13333333333333333,0.783
2025-10-01,1085,Sabino,Trail,3,22,22,0,0,0.0,0.738
2025-11-01,1085,Sabino,Trail,3,22,17,-5,5,0.29411764705882354,0.906
2025-12-01,1085,Sabino,Trail,3,17,16,-1,1,0.0625,0.735
2022-04-01,1086,Sabino,Trail,3,30,54,24,24,0.4444444444444444,1.714
2022-05-01,1086,Sabino,Trail,3,48,39,-9,9,0.23076923076923078,1.473
2022-06-01,1086,Sabino,Trail,3,47,35,-12,12,0.34285714285714286,1.13
2022-07-01,1086,Sabino,Trail,3,38,48,10,10,0.20833333333333334,0.896
2022-08-01,1086,Sabino,Trail,3,32,21,-11,11,0.5238095238095238,0.789
2022-09-01,1086,Sabino,Trail,3,27,27,0,0,0.0,0.783
2022-10-01,1086,Sabino,Trail,3,24,23,-1,1,0.043478260869565216,0.738
2022-11-01,1086,Sabino,Trail,3,21,28,7,7,0.25,0.906
2022-12-01,1086,Sabino,Trail,3,19,10,-9,9,0.9,0.735
2023-01-01,1086,Sabino,Trail,3,16,14,-2,2,0.14285714285714285,0.767
2023-02-01,1086,Sabino,Trail,3,17,15,-2,2,0.13333333333333333,1.0
2023-03-01,1086,Sabino,Trail,3,20,27,7,7,0.25925925925925924,1.5
2023-04-01,1086,Sabino,Trail,3,32,47,15,15,0.3191489361702128,1.714
2023-05-01,1086,Sabino,Trail,3,44,40,-4,4,0.1,1.473
2023-06-01,1086,Sabino,Trail,3,43,25,-18,18,0.72,1.13
2023-07-01,1086,Sabino,Trail,3,33,27,-6,6,0.2222222222222222,0.896
2023-08-01,1086,Sabino,Trail,3,24,36,12,12,0.3333333333333333,0.789
2023-09-01,1086,Sabino,Trail,3,23,21,-2,2,0.09523809523809523,0.783
2023-10-01,1086,Sabino,Trail,3,21,24,3,3,0.125,0.738
2023-11-01,1086,Sabino,Trail,3,24,35,11,11,0.3142857142857143,0.906
2023-12-01,1086,Sabino,Trail,3,20,17,-3,3,0.17647058823529413,0.735
2024-01-01,1086,Sabino,Trail,3,19,17,-2,2,0.11764705882352941,0.767
2024-02-01,1086,Sabino,Trail,3,23,21,-2,2,0.09523809523809523,1.0
2024-03-01,1086,Sabino,Trail,3,28,28,0,0,0.0,1.5
2024-04-01,1086,Sabino,Trail,3,38,51,13,13,0.2549019607843137,1.714
2024-05-01,1086,Sabino,Trail,3,49,28,-21,21,0.75,1.473
2024-06-01,1086,Sabino,Trail,3,40,31,-9,9,0.2903225806451613,1.13
2024-07-01,1086,Sabino,Trail,3,33,33,0,0,0.0,0.896
2024-08-01,1086,Sabino,Trail,3,24,36,12,12,0.3333333333333333,0.789
2024-09-01,1086,Sabino,Trail,3,26,18,-8,8,0.4444444444444444,0.783
2024-10-01,1086,Sabino,Trail,3,21,22,1,1,0.045454545454545456,0.738
2024-11-01,1086,Sabino,Trail,3,23,24,1,1,0.041666666666666664,0.906
2024-12-01,1086,Sabino,Trail,3,16,15,-1,1,0.06666666666666667,0.735
2025-01-01,1086,Sabino,Trail,3,16,16,0,0,0.0,0.767
2025-02-01,1086,Sabino,Trail,3,18,7,-11,11,1.5714285714285714,1.0
2025-03-01,1086,Sabino,Trail,3,19,37,18,18,0.4864864864864865,1.5
2025-04-01,1086,Sabino,Trail,3,34,47,13,13,0.2765957446808511,1.714
2025-05-01,1086,Sabino,Trail,3,45,55,10,10,0.18181818181818182,1.473
2025-06-01,1086,Sabino,Trail,3,52,29,-23,23,0.7931034482758621,1.13
2025-07-01,1086,Sabino,Trail,3,39,39,0,0,0.0,0.896
2025-08-01,1086,Sabino,Trail,3,32,24,-8,8,0.3333333333333333,0.789
2025-09-01,1086,Sabino,Trail,3,24,26,2,2,0.07692307692307693,0.783
2025-10-01,1086,Sabino,Trail,3,22,34,12,12,0.35294117647058826,0.738
2025-11-01,1086,Sabino,Trail,3,25,27,2,2,0.07407407407407407,0.906
2025-12-01,1086,Sabino,Trail,3,21,16,-5,5,0.3125,0.735
2022-04-01,1087,Sabino,Trail,3,31,33,2,2,0.06060606060606061,1.714
2022-05-01,1087,Sabino,Trail,3,38,48,10,10,0.20833333333333334,1.473
2022-06-01,1087,Sabino,Trail,3,44,41,-3,3,0.07317073170731707,1.13
2022-07-01,1087,Sabino,Trail,3,36,29,-7,7,0.2413793103448276,0.896
2022-08-01,1087,Sabino,Trail,3,31,29,-2,2,0.06896551724137931,0.789
2022-09-01,1087,Sabino,Trail,3,26,22,-4,4,0.18181818181818182,0.783
2022-10-01,1087,Sabino,Trail,3,20,25,5,5,0.2,0.738
2022-11-01,1087,Sabino,Trail,3,23,24,1,1,0.041666666666666664,0.906
2022-12-01,1087,Sabino,Trail,3,17,23,6,6,0.2608695652173913,0.735
2023-01-01,1087,Sabino,Trail,3,18,9,-9,9,1.0,0.767
2023-02-01,1087,Sabino,Trail,3,19,13,-6,6,0.46153846153846156,1.0
2023-03-01,1087,Sabino,Trail,3,22,22,0,0,0.0,1.5
2023-04-01,1087,Sabino,Trail,3,25,30,5,5,0.16666666666666666,1.714
2023-05-01,1087,Sabino,Trail,3,32,33,1,1,0.030303030303030304,1.473
2023-06-01,1087,Sabino,Trail,3,32,19,-13,13,0.6842105263157895,1.13
2023-07-01,1087,Sabino,Trail,3,24,39,15,15,0.38461538461538464,0.896
2023-08-01,1087,Sabino,Trail,3,24,44,20,20,0.45454545454545453,0.789
2023-09-01,1087,Sabino,Trail,3,27,21,-6,6,0.2857142857142857,0.783
2023-10-01,1087,Sabino,Trail,3,26,13,-13,13,1.0,0.738
2023-11-01,1087,Sabino,Trail,3,24,34,10,10,0.29411764705882354,0.906
2023-12-01,1087,Sabino,Trail,3,17,33,16,16,0.48484848484848486,0.735
2024-01-01,1087,Sabino,Trail,3,20,25,5,5,0.2,0.767
2024-02-01,1087,Sabino,Trail,3,31,18,-13,13,0.7222222222222222,1.0
2024-03-01,1087,Sabino,Trail,3,38,25,-13,13,0.52,1.5
2024-04-01,1087,Sabino,Trail,3,39,59,20,20,0.3389830508474576,1.714
2024-05-01,1087,Sabino,Trail,3,50,37,-13,13,0.35135135135135137,1.473
2024-06-01,1087,Sabino,Trail,3,46,16,-30,30,1.875,1.13
2024-07-01,1087,Sabino,Trail,3,33,41,8,8,0.1951219512195122,0.896
2024-08-01,1087,Sabino,Trail,3,25,30,5,5,0.16666666666666666,0.789
2024-09-01,1087,Sabino,Trail,3,23,48,25,25,0.5208333333333334,0.783
2024-10-01,1087,Sabino,Trail,3,29,17,-12,12,0.7058823529411765,0.738
2024-11-01,1087,Sabino,Trail,3,29,21,-8,8,0.38095238095238093,0.906
2024-12-01,1087,Sabino,Trail,3,21,24,3,3,0.125,0.735
2025-01-01,1087,Sabino,Trail,3,16,15,-1,1,0.06666666666666667,0.767
2025-02-01,1087,Sabino,Trail,3,20,23,3,3,0.13043478260869565,1.0
2025-03-01,1087,Sabino,Trail,3,31,16,-15,15,0.9375,1.5
2025-04-01,1087,Sabino,Trail,3,31,42,11,11,0.2619047619047619,1.714
2025-05-01,1087,Sabino,Trail,3,40,34,-6,6,0.17647058823529413,1.473
2025-06-01,1087,Sabino,Trail,3,35,57,22,22,0.38596491228070173,1.13
2025-07-01,1087,Sabino,Trail,3,40,56,16,16,0.2857142857142857,0.896
2025-08-01,1087,Sabino,Trail,3,39,30,-9,9,0.3,0.789
2025-09-01,1087,Sabino,Trail,3,37,27,-10,10,0.37037037037037035,0.783
2025-10-01,1087,Sabino,Trail,3,28,34,6,6,0.17647058823529413,0.738
2025-11-01,1087,Sabino,Trail,3,27,29,2,2,0.06896551724137931,0.906
2025-12-01,1087,Sabino,Trail,3,22,27,5,5,0.18518518518518517,0.735
2022-04-01,1088,Sabino,Trail,3,49,35,-14,14,0.4,1.714
2022-05-01,1088,Sabino,Trail,3,50,45,-5,5,0.1111111111111111,1.473
2022-06-01,1088,Sabino,Trail,3,49,29,-20,20,0.6896551724137931,1.13
2022-07-01,1088,Sabino,Trail,3,33,27,-6,6,0.2222222222222222,0.896
2022-08-01,1088,Sabino,Trail,3,27,22,-5,5,0.22727272727272727,0.789
2022-09-01,1088,Sabino,Trail,3,20,38,18,18,0.47368421052631576,0.783
2022-10-01,1088,Sabino,Trail,3,21,27,6,6,0.2222222222222222,0.738
2022-11-01,1088,Sabino,Trail,3,26,21,-5,5,0.23809523809523808,0.906
2022-12-01,1088,Sabino,Trail,3,21,19,-2,2,0.10526315789473684,0.735
2023-01-01,1088,Sabino,Trail,3,17,16,-1,1,0.0625,0.767
2023-02-01,1088,Sabino,Trail,3,19,23,4,4,0.17391304347826086,1.0
2023-03-01,1088,Sabino,Trail,3,29,34,5,5,0.14705882352941177,1.5
2023-04-01,1088,Sabino,Trail,3,42,33,-9,9,0.2727272727272727,1.714
2023-05-01,1088,Sabino,Trail,3,44,49,5,5,0.10204081632653061,1.473
2023-06-01,1088,Sabino,Trail,3,44,58,14,14,0.2413793103448276,1.13
2023-07-01,1088,Sabino,Trail,3,42,31,-11,11,0.3548387096774194,0.896
2023-08-01,1088,Sabino,Trail,3,36,34,-2,2,0.058823529411764705,0.789
2023-09-01,1088,Sabino,Trail,3,32,12,-20,20,1.6666666666666667,0.783
2023-10-01,1088,Sabino,Trail,3,19,20,1,1,0.05,0.738
2023-11-01,1088,Sabino,Trail,3,20,26,6,6,0.23076923076923078,0.906
2023-12-01,1088,Sabino,Trail,3,14,25,11,11,0.44,0.735
2024-01-01,1088,Sabino,Trail,3,18,22,4,4,0.18181818181818182,0.767
2024-02-01,1088,Sabino,Trail,3,24,27,3,3,0.1111111111111111,1.0
2024-03-01,1088,Sabino,Trail,3,37,31,-6,6,0.1935483870967742,1.5
2024-04-01,1088,Sabino,Trail,3,46,47,1,1,0.02127659574468085,1.714
2024-05-01,1088,Sabino,Trail,3,52,45,-7,7,0.15555555555555556,1.473
2024-06-01,1088,Sabino,Trail,3,46,17,-29,29,1.7058823529411764,1.13
2024-07-01,1088,Sabino,Trail,3,33,35,2,2,0.05714285714285714,0.896
2024-08-01,1088,Sabino,Trail,3,26,21,-5,5,0.23809523809523808,0.789
2024-09-01,1088,Sabino,Trail,3,19,30,11,11,0.36666666666666664,0.783
2024-10-01,1088,Sabino,Trail,3,21,12,-9,9,0.75,0.738
2024-11-01,1088,Sabino,Trail,3,19,37,18,18,0.4864864864864865,0.906
2024-12-01,1088,Sabino,Trail,3,19,18,-1,1,0.05555555555555555,0.735
2025-01-01,1088,Sabino,Trail,3,17,21,4,4,0.19047619047619047,0.767
2025-02-01,1088,Sabino,Trail,3,25,12,-13,13,1.0833333333333333,1.0
2025-03-01,1088,Sabino,Trail,3,26,14,-12,12,0.8571428571428571,1.5
2025-04-01,1088,Sabino,Trail,3,27,35,8,8,0.22857142857142856,1.714
2025-05-01,1088,Sabino,Trail,3,30,47,17,17,0.3617021276595745,1.473
2025-06-01,1088,Sabino,Trail,3,36,36,0,0,0.0,1.13
2025-07-01,1088,Sabino,Trail,3,35,35,0,0,0.0,0.896
2025-08-01,1088,Sabino,Trail,3,31,32,1,1,0.03125,0.789
2025-09-01,1088,Sabino,Trail,3,27,25,-2,2,0.08,0.783
2025-10-01,1088,Sabino,Trail,3,23,23,0,0,0.0,0.738
2025-11-01,1088,Sabino,Trail,3,24,17,-7,7,0.4117647058823529,0.906
2025-12-01,1088,Sabino,Trail,3,16,7,-9,9,1.2857142857142858,0.735
2022-04-01,1089,Sabino,Trail,3,36,30,-6,6,0.2,1.714
2022-05-01,1089,Sabino,Trail,3,40,41,1,1,0.024390243902439025,1.473
2022-06-01,1089,Sabino,Trail,3,38,42,4,4,0.09523809523809523,1.13
2022-07-01,1089,Sabino,Trail,3,34,34,0,0,0.0,0.896
2022-08-01,1089,Sabino,Trail,3,31,23,-8,8,0.34782608695652173,0.789
2022-09-01,1089,Sabino,Trail,3,26,16,-10,10,0.625,0.783
2022-10-01,1089,Sabino,Trail,3,18,18,0,0,0.0,0.738
2022-11-01,1089,Sabino,Trail,3,17,22,5,5,0.22727272727272727,0.906
2022-12-01,1089,Sabino,Trail,3,14,25,11,11,0.44,0.735
2023-01-01,1089,Sabino,Trail,3,17,10,-7,7,0.7,0.767
2023-02-01,1089,Sabino,Trail,3,19,17,-2,2,0.11764705882352941,1.0
2023-03-01,1089,Sabino,Trail,3,26,32,6,6,0.1875,1.5
2023-04-01,1089,Sabino,Trail,3,34,36,2,2,0.05555555555555555,1.714
2023-05-01,1089,Sabino,Trail,3,42,39,-3,3,0.07692307692307693,1.473
2023-06-01,1089,Sabino,Trail,3,40,38,-2,2,0.05263157894736842,1.13
2023-07-01,1089,Sabino,Trail,3,34,28,-6,6,0.21428571428571427,0.896
2023-08-01,1089,Sabino,Trail,3,28,19,-9,9,0.47368421052631576,0.789
2023-09-01,1089,Sabino,Trail,3,22,29,7,7,0.2413793103448276,0.783
2023-10-01,1089,Sabino,Trail,3,19,21,2,2,0.09523809523809523,0.738
2023-11-01,1089,Sabino,Trail,3,21,31,10,10,0.3225806451612903,0.906
2023-12-01,1089,Sabino,Trail,3,20,32,12,12,0.375,0.735
2024-01-01,1089,Sabino,Trail,3,21,15,-6,6,0.4,0.767
2024-02-01,1089,Sabino,Trail,3,26,22,-4,4,0.18181818181818182,1.0
2024-03-01,1089,Sabino,Trail,3,34,42,8,8,0.19047619047619047,1.5
2024-04-01,1089,Sabino,Trail,3,45,30,-15,15,0.5,1.714
2024-05-01,1089,Sabino,Trail,3,46,25,-21,21,0.84,1.473
2024-06-01,1089,Sabino,Trail,3,37,35,-2,2,0.05714285714285714,1.13
2024-07-01,1089,Sabino,Trail,3,27,36,9,9,0.25,0.896
2024-08-01,1089,Sabino,Trail,3,25,45,20,20,0.4444444444444444,0.789
2024-09-01,1089,Sabino,Trail,3,30,22,-8,8,0.36363636363636365,0.783
2024-10-01,1089,Sabino,Trail,3,25,15,-10,10,0.6666666666666666,0.738
2024-11-01,1089,Sabino,Trail,3,25,35,10,10,0.2857142857142857,0.906
2024-12-01,1089,Sabino,Trail,3,18,11,-7,7,0.6363636363636364,0.735
2025-01-01,1089,Sabino,Trail,3,16,31,15,15,0.4838709677419355,0.767
2025-02-01,1089,Sabino,Trail,3,26,32,6,6,0.1875,1.0
2025-03-01,1089,Sabino,Trail,3,37,20,-17,17,0.85,1.5
2025-04-01,1089,Sabino,Trail,3,47,32,-15,15,0.46875,1.714
2025-05-01,1089,Sabino,Trail,3,41,37,-4,4,0.10810810810810811,1.473
2025-06-01,1089,Sabino,Trail,3,34,42,8,8,0.19047619047619047,1.13
2025-07-01,1089,Sabino,Trail,3,33,43,10,10,0.23255813953488372,0.896
2025-08-01,1089,Sabino,Trail,3,32,26,-6,6,0.23076923076923078,0.789
2025-09-01,1089,Sabino,Trail,3,29,35,6,6,0.17142857142857143,0.783
2025-10-01,1089,Sabino,Trail,3,26,29,3,3,0.10344827586206896,0.738
2025-11-01,1089,Sabino,Trail,3,27,42,15,15,0.35714285714285715,0.906
2025-12-01,1089,Sabino,Trail,3,26,19,-7,7,0.3684210526315789,0.735
2022-04-01,1090,Sabino,Trail,3,33,28,-5,5,0.17857142857142858,1.714
2022-05-01,1090,Sabino,Trail,3,34,37,3,3,0.08108108108108109,1.473
2022-06-01,1090,Sabino,Trail,3,35,54,19,19,0.35185185185185186,1.13
2022-07-01,1090,Sabino,Trail,3,36,24,-12,12,0.5,0.896
2022-08-01,1090,Sabino,Trail,3,30,46,16,16,0.34782608695652173,0.789
2022-09-01,1090,Sabino,Trail,3,32,23,-9,9,0.391304347826087,0.783
2022-10-01,1090,Sabino,Trail,3,23,33,10,10,0.30303030303030304,0.738
2022-11-01,1090,Sabino,Trail,3,31,16,-15,15,0.9375,0.906
2022-12-01,1090,Sabino,Trail,3,18,8,-10,10,1.25,0.735
2023-01-01,1090,Sabino,Trail,3,15,7,-8,8,1.1428571428571428,0.767
2023-02-01,1090,Sabino,Trail,3,10,15,5,5,0.3333333333333333,1.0
2023-03-01,1090,Sabino,Trail,3,15,37,22,22,0.5945945945945946,1.5
2023-04-01,1090,Sabino,Trail,3,34,21,-13,13,0.6190476190476191,1.714
2023-05-01,1090,Sabino,Trail,3,36,38,2,2,0.05263157894736842,1.473
2023-06-01,1090,Sabino,Trail,3,36,21,-15,15,0.7142857142857143,1.13
2023-07-01,1090,Sabino,Trail,3,24,33,9,9,0.2727272727272727,0.896
2023-08-01,1090,Sabino,Trail,3,24,44,20,20,0.45454545454545453,0.789
2023-09-01,1090,Sabino,Trail,3,26,20,-6,6,0.3,0.783
2023-10-01,1090,Sabino,Trail,3,24,18,-6,6,0.3333333333333333,0.738
2023-11-01,1090,Sabino,Trail,3,25,11,-14,14,1.2727272727272727,0.906
2023-12-01,1090,Sabino,Trail,3,12,18,6,6,0.3333333333333333,0.735
2024-01-01,1090,Sabino,Trail,3,12,3,-9,9,3.0,0.767
2024-02-01,1090,Sabino,Trail,3,11,17,6,6,0.35294117647058826,1.0
2024-03-01,1090,Sabino,Trail,3,19,28,9,9,0.32142857142857145,1.5
2024-04-01,1090,Sabino,Trail,3,27,48,21,21,0.4375,1.714
2024-05-01,1090,Sabino,Trail,3,46,48,2,2,0.041666666666666664,1.473
2024-06-01,1090,Sabino,Trail,3,47,21,-26,26,1.2380952380952381,1.13
2024-07-01,1090,Sabino,Trail,3,35,47,12,12,0.2553191489361702,0.896
2024-08-01,1090,Sabino,Trail,3,31,27,-4,4,0.14814814814814814,0.789
2024-09-01,1090,Sabino,Trail,3,25,49,24,24,0.4897959183673469,0.783
2024-10-01,1090,Sabino,Trail,3,30,36,6,6,0.16666666666666666,0.738
2024-11-01,1090,Sabino,Trail,3,34,9,-25,25,2.7777777777777777,0.906
2024-12-01,1090,Sabino,Trail,3,23,15,-8,8,0.5333333333333333,0.735
2025-01-01,1090,Sabino,Trail,3,15,21,6,6,0.2857142857142857,0.767
2025-02-01,1090,Sabino,Trail,3,15,12,-3,3,0.25,1.0
2025-03-01,1090,Sabino,Trail,3,24,16,-8,8,0.5,1.5
2025-04-01,1090,Sabino,Trail,3,28,49,21,21,0.42857142857142855,1.714
2025-05-01,1090,Sabino,Trail,3,38,28,-10,10,0.35714285714285715,1.473
2025-06-01,1090,Sabino,Trail,3,35,28,-7,7,0.25,1.13
2025-07-01,1090,Sabino,Trail,3,31,33,2,2,0.06060606060606061,0.896
2025-08-01,1090,Sabino,Trail,3,23,33,10,10,0.30303030303030304,0.789
2025-09-01,1090,Sabino,Trail,3,25,34,9,9,0.2647058823529412,0.783
2025-10-01,1090,Sabino,Trail,3,25,27,2,2,0.07407407407407407,0.738
2025-11-01,1090,Sabino,Trail,3,28,18,-10,10,0.5555555555555556,0.906
2025-12-01,1090,Sabino,Trail,3,19,14,-5,5,0.35714285714285715,0.735
2022-04-01,1091,Romero,Aggressive Trail,3,15,9,-6,6,0.6666666666666666,1.714
2022-05-01,1091,Romero,Aggressive Trail,3,15,19,4,4,0.21052631578947367,1.473
2022-06-01,1091,Romero,Aggressive Trail,3,17,13,-4,4,0.3076923076923077,1.13
2022-07-01,1091,Romero,Aggressive Trail,3,12,11,-1,1,0.09090909090909091,0.896
2022-08-01,1091,Romero,Aggressive Trail,3,11,11,0,0,0.0,0.789
2022-09-01,1091,Romero,Aggressive Trail,3,9,4,-5,5,1.25,0.783
2022-10-01,1091,Romero,Aggressive Trail,3,6,6,0,0,0.0,0.738
2022-11-01,1091,Romero,Aggressive Trail,3,6,3,-3,3,1.0,0.906
2022-12-01,1091,Romero,Aggressive Trail,3,3,4,1,1,0.25,0.735
2023-01-01,1091,Romero,Aggressive Trail,3,3,4,1,1,0.25,0.767
2023-02-01,1091,Romero,Aggressive Trail,3,4,6,2,2,0.3333333333333333,1.0
2023-03-01,1091,Romero,Aggressive Trail,3,7,7,0,0,0.0,1.5
2023-04-01,1091,Romero,Aggressive Trail,3,10,24,14,14,0.5833333333333334,1.714
2023-05-01,1091,Romero,Aggressive Trail,3,18,10,-8,8,0.8,1.473
2023-06-01,1091,Romero,Aggressive Trail,3,15,5,-10,10,2.0,1.13
2023-07-01,1091,Romero,Aggressive Trail,3,12,4,-8,8,2.0,0.896
2023-08-01,1091,Romero,Aggressive Trail,3,5,4,-1,1,0.25,0.789
2023-09-01,1091,Romero,Aggressive Trail,3,3,9,6,6,0.6666666666666666,0.783
2023-10-01,1091,Romero,Aggressive Trail,3,4,10,6,6,0.6,0.738
2023-11-01,1091,Romero,Aggressive Trail,3,7,3,-4,4,1.3333333333333333,0.906
2023-12-01,1091,Romero,Aggressive Trail,3,5,6,1,1,0.16666666666666666,0.735
2024-01-01,1091,Romero,Aggressive Trail,3,5,5,0,0,0.0,0.767
2024-02-01,1091,Romero,Aggressive Trail,3,5,8,3,3,0.375,1.0
2024-03-01,1091,Romero,Aggressive Trail,3,10,4,-6,6,1.5,1.5
2024-04-01,1091,Romero,Aggressive Trail,3,10,12,2,2,0.16666666666666666,1.714
2024-05-01,1091,Romero,Aggressive Trail,3,12,24,12,12,0.5,1.473
2024-06-01,1091,Romero,Aggressive Trail,3,15,8,-7,7,0.875,1.13
2024-07-01,1091,Romero,Aggressive Trail,3,13,15,2,2,0.13333333333333333,0.896
2024-08-01,1091,Romero,Aggressive Trail,3,12,9,-3,3,0.3333333333333333,0.789
2024-09-01,1091,Romero,Aggressive Trail,3,8,6,-2,2,0.3333333333333333,0.783
2024-10-01,1091,Romero,Aggressive Trail,3,7,10,3,3,0.3,0.738
2024-11-01,1091,Romero,Aggressive Trail,3,8,1,-7,7,7.0,0.906
2024-12-01,1091,Romero,Aggressive Trail,3,4,7,3,3,0.42857142857142855,0.735
2025-01-01,1091,Romero,Aggressive Trail,3,5,1,-4,4,4.0,0.767
2025-02-01,1091,Romero,Aggressive Trail,3,3,7,4,4,0.5714285714285714,1.0
2025-03-01,1091,Romero,Aggressive Trail,3,8,14,6,6,0.42857142857142855,1.5
2025-04-01,1091,Romero,Aggressive Trail,3,13,14,1,1,0.07142857142857142,1.714
2025-05-01,1091,Romero,Aggressive Trail,3,17,6,-11,11,1.8333333333333333,1.473
2025-06-01,1091,Romero,Aggressive Trail,3,13,7,-6,6,0.8571428571428571,1.13
2025-07-01,1091,Romero,Aggressive Trail,3,8,4,-4,4,1.0,0.896
2025-08-01,1091,Romero,Aggressive Trail,3,4,11,7,7,0.6363636363636364,0.789
2025-09-01,1091,Romero,Aggressive Trail,3,6,13,7,7,0.5384615384615384,0.783
2025-10-01,1091,Romero,Aggressive Trail,3,7,2,-5,5,2.5,0.738
2025-11-01,1091,Romero,Aggressive Trail,3,8,4,-4,4,1.0,0.906
2025-12-01,1091,Romero,Aggressive Trail,3,5,5,0,0,0.0,0.735
2022-04-01,1092,Romero,Aggressive Trail,3,13,11,-2,2,0.18181818181818182,1.714
2022-05-01,1092,Romero,Aggressive Trail,3,15,6,-9,9,1.5,1.473
2022-06-01,1092,Romero,Aggressive Trail,3,12,1,-11,11,11.0,1.13
2022-07-01,1092,Romero,Aggressive Trail,3,5,12,7,7,0.5833333333333334,0.896
2022-08-01,1092,Romero,Aggressive Trail,3,5,9,4,4,0.4444444444444444,0.789
2022-09-01,1092,Romero,Aggressive Trail,3,6,8,2,2,0.25,0.783
2022-10-01,1092,Romero,Aggressive Trail,3,7,12,5,5,0.4166666666666667,0.738
2022-11-01,1092,Romero,Aggressive Trail,3,9,4,-5,5,1.25,0.906
2022-12-01,1092,Romero,Aggressive Trail,3,6,8,2,2,0.25,0.735
2023-01-01,1092,Romero,Aggressive Trail,3,6,12,6,6,0.5,0.767
2023-02-01,1092,Romero,Aggressive Trail,3,8,5,-3,3,0.6,1.0
2023-03-01,1092,Romero,Aggressive Trail,3,12,8,-4,4,0.5,1.5
2023-04-01,1092,Romero,Aggressive Trail,3,14,13,-1,1,0.07692307692307693,1.714
2023-05-01,1092,Romero,Aggressive Trail,3,13,27,14,14,0.5185185185185185,1.473
2023-06-01,1092,Romero,Aggressive Trail,3,18,31,13,13,0.41935483870967744,1.13
2023-07-01,1092,Romero,Aggressive Trail,3,21,8,-13,13,1.625,0.896
2023-08-01,1092,Romero,Aggressive Trail,3,17,18,1,1,0.05555555555555555,0.789
2023-09-01,1092,Romero,Aggressive Trail,3,15,6,-9,9,1.5,0.783
2023-10-01,1092,Romero,Aggressive Trail,3,8,15,7,7,0.4666666666666667,0.738
2023-11-01,1092,Romero,Aggressive Trail,3,12,10,-2,2,0.2,0.906
2023-12-01,1092,Romero,Aggressive Trail,3,8,8,0,0,0.0,0.735
2024-01-01,1092,Romero,Aggressive Trail,3,8,15,7,7,0.4666666666666667,0.767
2024-02-01,1092,Romero,Aggressive Trail,3,11,13,2,2,0.15384615384615385,1.0
2024-03-01,1092,Romero,Aggressive Trail,3,18,9,-9,9,1.0,1.5
2024-04-01,1092,Romero,Aggressive Trail,3,21,14,-7,7,0.5,1.714
2024-05-01,1092,Romero,Aggressive Trail,3,18,19,1,1,0.05263157894736842,1.473
2024-06-01,1092,Romero,Aggressive Trail,3,16,2,-14,14,7.0,1.13
2024-07-01,1092,Romero,Aggressive Trail,3,10,11,1,1,0.09090909090909091,0.896
2024-08-01,1092,Romero,Aggressive Trail,3,8,6,-2,2,0.3333333333333333,0.789
2024-09-01,1092,Romero,Aggressive Trail,3,5,18,13,13,0.7222222222222222,0.783
2024-10-01,1092,Romero,Aggressive Trail,3,9,14,5,5,0.35714285714285715,0.738
2024-11-01,1092,Romero,Aggressive Trail,3,11,6,-5,5,0.8333333333333334,0.906
2024-12-01,1092,Romero,Aggressive Trail,3,9,6,-3,3,0.5,0.735
2025-01-01,1092,Romero,Aggressive Trail,3,7,8,1,1,0.125,0.767
2025-02-01,1092,Romero,Aggressive Trail,3,7,6,-1,1,0.16666666666666666,1.0
2025-03-01,1092,Romero,Aggressive Trail,3,10,11,1,1,0.09090909090909091,1.5
2025-04-01,1092,Romero,Aggressive Trail,3,14,8,-6,6,0.75,1.714
2025-05-01,1092,Romero,Aggressive Trail,3,12,9,-3,3,0.3333333333333333,1.473
2025-06-01,1092,Romero,Aggressive Trail,3,11,9,-2,2,0.2222222222222222,1.13
2025-07-01,1092,Romero,Aggressive Trail,3,8,17,9,9,0.5294117647058824,0.896
2025-08-01,1092,Romero,Aggressive Trail,3,9,15,6,6,0.4,0.789
2025-09-01,1092,Romero,Aggressive Trail,3,11,13,2,2,0.15384615384615385,0.783
2025-10-01,1092,Romero,Aggressive Trail,3,11,12,1,1,0.08333333333333333,0.738
2025-11-01,1092,Romero,Aggressive Trail,3,12,14,2,2,0.14285714285714285,0.906
2025-12-01,1092,Romero,Aggressive Trail,3,10,13,3,3,0.23076923076923078,0.735
2022-04-01,1093,Romero,Aggressive Trail,3,7,19,12,12,0.631578947368421,1.714
2022-05-01,1093,Romero,Aggressive Trail,3,11,8,-3,3,0.375,1.473
2022-06-01,1093,Romero,Aggressive Trail,3,11,15,4,4,0.26666666666666666,1.13
2022-07-01,1093,Romero,Aggressive Trail,3,13,11,-2,2,0.18181818181818182,0.896
2022-08-01,1093,Romero,Aggressive Trail,3,9,7,-2,2,0.2857142857142857,0.789
2022-09-01,1093,Romero,Aggressive Trail,3,9,1,-8,8,8.0,0.783
2022-10-01,1093,Romero,Aggressive Trail,3,5,14,9,9,0.6428571428571429,0.738
2022-11-01,1093,Romero,Aggressive Trail,3,7,11,4,4,0.36363636363636365,0.906
2022-12-01,1093,Romero,Aggressive Trail,3,6,4,-2,2,0.5,0.735
2023-01-01,1093,Romero,Aggressive Trail,3,7,3,-4,4,1.3333333333333333,0.767
2023-02-01,1093,Romero,Aggressive Trail,3,6,8,2,2,0.25,1.0
2023-03-01,1093,Romero,Aggressive Trail,3,8,5,-3,3,0.6,1.5
2023-04-01,1093,Romero,Aggressive Trail,3,9,13,4,4,0.3076923076923077,1.714
2023-05-01,1093,Romero,Aggressive Trail,3,13,13,0,0,0.0,1.473
2023-06-01,1093,Romero,Aggressive Trail,3,12,26,14,14,0.5384615384615384,1.13
2023-07-01,1093,Romero,Aggressive Trail,3,16,5,-11,11,2.2,0.896
2023-08-01,1093,Romero,Aggressive Trail,3,12,8,-4,4,0.5,0.789
2023-09-01,1093,Romero,Aggressive Trail,3,10,7,-3,3,0.42857142857142855,0.783
2023-10-01,1093,Romero,Aggressive Trail,3,5,4,-1,1,0.25,0.738
2023-11-01,1093,Romero,Aggressive Trail,3,6,18,12,12,0.6666666666666666,0.906
2023-12-01,1093,Romero,Aggressive Trail,3,7,17,10,10,0.5882352941176471,0.735
2024-01-01,1093,Romero,Aggressive Trail,3,10,8,-2,2,0.25,0.767
2024-02-01,1093,Romero,Aggressive Trail,3,14,2,-12,12,6.0,1.0
2024-03-01,1093,Romero,Aggressive Trail,3,14,19,5,5,0.2631578947368421,1.5
2024-04-01,1093,Romero,Aggressive Trail,3,17,4,-13,13,3.25,1.714
2024-05-01,1093,Romero,Aggressive Trail,3,12,34,22,22,0.6470588235294118,1.473
2024-06-01,1093,Romero,Aggressive Trail,3,21,11,-10,10,0.9090909090909091,1.13
2024-07-01,1093,Romero,Aggressive Trail,3,15,11,-4,4,0.36363636363636365,0.896
2024-08-01,1093,Romero,Aggressive Trail,3,15,12,-3,3,0.25,0.789
2024-09-01,1093,Romero,Aggressive Trail,3,9,10,1,1,0.1,0.783
2024-10-01,1093,Romero,Aggressive Trail,3,8,17,9,9,0.5294117647058824,0.738
2024-11-01,1093,Romero,Aggressive Trail,3,12,2,-10,10,5.0,0.906
2024-12-01,1093,Romero,Aggressive Trail,3,7,3,-4,4,1.3333333333333333,0.735
2025-01-01,1093,Romero,Aggressive Trail,3,6,8,2,2,0.25,0.767
2025-02-01,1093,Romero,Aggressive Trail,3,4,3,-1,1,0.3333333333333333,1.0
2025-03-01,1093,Romero,Aggressive Trail,3,7,10,3,3,0.3,1.5
2025-04-01,1093,Romero,Aggressive Trail,3,12,12,0,0,0.0,1.714
2025-05-01,1093,Romero,Aggressive Trail,3,12,8,-4,4,0.5,1.473
2025-06-01,1093,Romero,Aggressive Trail,3,11,6,-5,5,0.8333333333333334,1.13
2025-07-01,1093,Romero,Aggressive Trail,3,8,20,12,12,0.6,0.896
2025-08-01,1093,Romero,Aggressive Trail,3,9,4,-5,5,1.25,0.789
2025-09-01,1093,Romero,Aggressive Trail,3,8,8,0,0,0.0,0.783
2025-10-01,1093,Romero,Aggressive Trail,3,8,6,-2,2,0.3333333333333333,0.738
2025-11-01,1093,Romero,Aggressive Trail,3,5,8,3,3,0.375,0.906
2025-12-01,1093,Romero,Aggressive Trail,3,5,5,0,0,0.0,0.735
2022-04-01,1094,Romero,Aggressive Trail,3,10,7,-3,3,0.42857142857142855,1.714
2022-05-01,1094,Romero,Aggressive Trail,3,11,9,-2,2,0.2222222222222222,1.473
2022-06-01,1094,Romero,Aggressive Trail,3,8,9,1,1,0.1111111111111111,1.13
2022-07-01,1094,Romero,Aggressive Trail,3,7,19,12,12,0.631578947368421,0.896
2022-08-01,1094,Romero,Aggressive Trail,3,10,7,-3,3,0.42857142857142855,0.789
2022-09-01,1094,Romero,Aggressive Trail,3,9,14,5,5,0.35714285714285715,0.783
2022-10-01,1094,Romero,Aggressive Trail,3,10,5,-5,5,1.0,0.738
2022-11-01,1094,Romero,Aggressive Trail,3,8,6,-2,2,0.3333333333333333,0.906
2022-12-01,1094,Romero,Aggressive Trail,3,6,6,0,0,0.0,0.735
2023-01-01,1094,Romero,Aggressive Trail,3,4,9,5,5,0.5555555555555556,0.767
2023-02-01,1094,Romero,Aggressive Trail,3,7,0,-7,7,,1.0
2023-03-01,1094,Romero,Aggressive Trail,3,8,8,0,0,0.0,1.5
2023-04-01,1094,Romero,Aggressive Trail,3,10,7,-3,3,0.42857142857142855,1.714
2023-05-01,1094,Romero,Aggressive Trail,3,7,9,2,2,0.2222222222222222,1.473
2023-06-01,1094,Romero,Aggressive Trail,3,9,13,4,4,0.3076923076923077,1.13
2023-07-01,1094,Romero,Aggressive Trail,3,9,7,-2,2,0.2857142857142857,0.896
2023-08-01,1094,Romero,Aggressive Trail,3,8,17,9,9,0.5294117647058824,0.789
2023-09-01,1094,Romero,Aggressive Trail,3,10,20,10,10,0.5,0.783
2023-10-01,1094,Romero,Aggressive Trail,3,11,9,-2,2,0.2222222222222222,0.738
2023-11-01,1094,Romero,Aggressive Trail,3,14,18,4,4,0.2222222222222222,0.906
2023-12-01,1094,Romero,Aggressive Trail,3,12,8,-4,4,0.5,0.735
2024-01-01,1094,Romero,Aggressive Trail,3,9,5,-4,4,0.8,0.767
2024-02-01,1094,Romero,Aggressive Trail,3,10,8,-2,2,0.25,1.0
2024-03-01,1094,Romero,Aggressive Trail,3,10,7,-3,3,0.42857142857142855,1.5
2024-04-01,1094,Romero,Aggressive Trail,3,11,8,-3,3,0.375,1.714
2024-05-01,1094,Romero,Aggressive Trail,3,11,14,3,3,0.21428571428571427,1.473
2024-06-01,1094,Romero,Aggressive Trail,3,11,13,2,2,0.15384615384615385,1.13
2024-07-01,1094,Romero,Aggressive Trail,3,10,19,9,9,0.47368421052631576,0.896
2024-08-01,1094,Romero,Aggressive Trail,3,12,4,-8,8,2.0,0.789
2024-09-01,1094,Romero,Aggressive Trail,3,9,9,0,0,0.0,0.783
2024-10-01,1094,Romero,Aggressive Trail,3,8,4,-4,4,1.0,0.738
2024-11-01,1094,Romero,Aggressive Trail,3,5,9,4,4,0.4444444444444444,0.906
2024-12-01,1094,Romero,Aggressive Trail,3,5,4,-1,1,0.25,0.735
2025-01-01,1094,Romero,Aggressive Trail,3,4,4,0,0,0.0,0.767
2025-02-01,1094,Romero,Aggressive Trail,3,6,8,2,2,0.25,1.0
2025-03-01,1094,Romero,Aggressive Trail,3,8,10,2,2,0.2,1.5
2025-04-01,1094,Romero,Aggressive Trail,3,13,5,-8,8,1.6,1.714
2025-05-01,1094,Romero,Aggressive Trail,3,11,15,4,4,0.26666666666666666,1.473
2025-06-01,1094,Romero,Aggressive Trail,3,11,12,1,1,0.08333333333333333,1.13
2025-07-01,1094,Romero,Aggressive Trail,3,10,15,5,5,0.3333333333333333,0.896
2025-08-01,1094,Romero,Aggressive Trail,3,11,18,7,7,0.3888888888888889,0.789
2025-09-01,1094,Romero,Aggressive Trail,3,12,14,2,2,0.14285714285714285,0.783
2025-10-01,1094,Romero,Aggressive Trail,3,12,8,-4,4,0.5,0.738
2025-11-01,1094,Romero,Aggressive Trail,3,12,13,1,1,0.07692307692307693,0.906
2025-12-01,1094,Romero,Aggressive Trail,3,9,10,1,1,0.1,0.735
2022-04-01,1095,Romero,Aggressive Trail,3,13,10,-3,3,0.3,1.714
2022-05-01,1095,Romero,Aggressive Trail,3,14,20,6,6,0.3,1.473
2022-06-01,1095,Romero,Aggressive Trail,3,15,12,-3,3,0.25,1.13
2022-07-01,1095,Romero,Aggressive Trail,3,13,16,3,3,0.1875,0.896
2022-08-01,1095,Romero,Aggressive Trail,3,13,12,-1,1,0.08333333333333333,0.789
2022-09-01,1095,Romero,Aggressive Trail,3,10,12,2,2,0.16666666666666666,0.783
2022-10-01,1095,Romero,Aggressive Trail,3,10,7,-3,3,0.42857142857142855,0.738
2022-11-01,1095,Romero,Aggressive Trail,3,9,3,-6,6,2.0,0.906
2022-12-01,1095,Romero,Aggressive Trail,3,5,3,-2,2,0.6666666666666666,0.735
2023-01-01,1095,Romero,Aggressive Trail,3,3,3,0,0,0.0,0.767
2023-02-01,1095,Romero,Aggressive Trail,3,3,5,2,2,0.4,1.0
2023-03-01,1095,Romero,Aggressive Trail,3,6,11,5,5,0.45454545454545453,1.5
2023-04-01,1095,Romero,Aggressive Trail,3,11,17,6,6,0.35294117647058826,1.714
2023-05-01,1095,Romero,Aggressive Trail,3,16,31,15,15,0.4838709677419355,1.473
2023-06-01,1095,Romero,Aggressive Trail,3,22,14,-8,8,0.5714285714285714,1.13
2023-07-01,1095,Romero,Aggressive Trail,3,19,11,-8,8,0.7272727272727273,0.896
2023-08-01,1095,Romero,Aggressive Trail,3,15,13,-2,2,0.15384615384615385,0.789
2023-09-01,1095,Romero,Aggressive Trail,3,10,8,-2,2,0.25,0.783
2023-10-01,1095,Romero,Aggressive Trail,3,8,6,-2,2,0.3333333333333333,0.738
2023-11-01,1095,Romero,Aggressive Trail,3,8,8,0,0,0.0,0.906
2023-12-01,1095,Romero,Aggressive Trail,3,5,9,4,4,0.4444444444444444,0.735
2024-01-01,1095,Romero,Aggressive Trail,3,6,12,6,6,0.5,0.767
2024-02-01,1095,Romero,Aggressive Trail,3,10,5,-5,5,1.0,1.0
2024-03-01,1095,Romero,Aggressive Trail,3,13,10,-3,3,0.3,1.5
2024-04-01,1095,Romero,Aggressive Trail,3,15,24,9,9,0.375,1.714
2024-05-01,1095,Romero,Aggressive Trail,3,19,17,-2,2,0.11764705882352941,1.473
2024-06-01,1095,Romero,Aggressive Trail,3,19,1,-18,18,18.0,1.13
2024-07-01,1095,Romero,Aggressive Trail,3,13,5,-8,8,1.6,0.896
2024-08-01,1095,Romero,Aggressive Trail,3,6,13,7,7,0.5384615384615384,0.789
2024-09-01,1095,Romero,Aggressive Trail,3,5,5,0,0,0.0,0.783
2024-10-01,1095,Romero,Aggressive Trail,3,6,9,3,3,0.3333333333333333,0.738
2024-11-01,1095,Romero,Aggressive Trail,3,8,5,-3,3,0.6,0.906
2024-12-01,1095,Romero,Aggressive Trail,3,5,6,1,1,0.16666666666666666,0.735
2025-01-01,1095,Romero,Aggressive Trail,3,5,7,2,2,0.2857142857142857,0.767
2025-02-01,1095,Romero,Aggressive Trail,3,6,9,3,3,0.3333333333333333,1.0
2025-03-01,1095,Romero,Aggressive Trail,3,11,7,-4,4,0.5714285714285714,1.5
2025-04-01,1095,Romero,Aggressive Trail,3,13,3,-10,10,3.3333333333333335,1.714
2025-05-01,1095,Romero,Aggressive Trail,3,9,16,7,7,0.4375,1.473
2025-06-01,1095,Romero,Aggressive Trail,3,10,10,0,0,0.0,1.13
2025-07-01,1095,Romero,Aggressive Trail,3,9,16,7,7,0.4375,0.896
2025-08-01,1095,Romero,Aggressive Trail,3,11,5,-6,6,1.2,0.789
2025-09-01,1095,Romero,Aggressive Trail,3,8,6,-2,2,0.3333333333333333,0.783
2025-10-01,1095,Romero,Aggressive Trail,3,7,0,-7,7,,0.738
2025-11-01,1095,Romero,Aggressive Trail,3,3,13,10,10,0.7692307692307693,0.906
2025-12-01,1095,Romero,Aggressive Trail,3,5,5,0,0,0.0,0.735
2022-04-01,1096,Romero,Aggressive Trail,3,6,15,9,9,0.6,1.714
2022-05-01,1096,Romero,Aggressive Trail,3,10,3,-7,7,2.3333333333333335,1.473
2022-06-01,1096,Romero,Aggressive Trail,3,8,9,1,1,0.1111111111111111,1.13
2022-07-01,1096,Romero,Aggressive Trail,3,8,15,7,7,0.4666666666666667,0.896
2022-08-01,1096,Romero,Aggressive Trail,3,7,6,-1,1,0.16666666666666666,0.789
2022-09-01,1096,Romero,Aggressive Trail,3,8,1,-7,7,7.0,0.783
2022-10-01,1096,Romero,Aggressive Trail,3,5,12,7,7,0.5833333333333334,0.738
2022-11-01,1096,Romero,Aggressive Trail,3,6,0,-6,6,,0.906
2022-12-01,1096,Romero,Aggressive Trail,3,3,5,2,2,0.4,0.735
2023-01-01,1096,Romero,Aggressive Trail,3,4,4,0,0,0.0,0.767
2023-02-01,1096,Romero,Aggressive Trail,3,3,4,1,1,0.25,1.0
2023-03-01,1096,Romero,Aggressive Trail,3,6,14,8,8,0.5714285714285714,1.5
2023-04-01,1096,Romero,Aggressive Trail,3,13,21,8,8,0.38095238095238093,1.714
2023-05-01,1096,Romero,Aggressive Trail,3,19,13,-6,6,0.46153846153846156,1.473
2023-06-01,1096,Romero,Aggressive Trail,3,18,6,-12,12,2.0,1.13
2023-07-01,1096,Romero,Aggressive Trail,3,12,15,3,3,0.2,0.896
2023-08-01,1096,Romero,Aggressive Trail,3,9,6,-3,3,0.5,0.789
2023-09-01,1096,Romero,Aggressive Trail,3,7,3,-4,4,1.3333333333333333,0.783
2023-10-01,1096,Romero,Aggressive Trail,3,6,8,2,2,0.25,0.738
2023-11-01,1096,Romero,Aggressive Trail,3,5,9,4,4,0.4444444444444444,0.906
2023-12-01,1096,Romero,Aggressive Trail,3,5,3,-2,2,0.6666666666666666,0.735
2024-01-01,1096,Romero,Aggressive Trail,3,5,6,1,1,0.16666666666666666,0.767
2024-02-01,1096,Romero,Aggressive Trail,3,6,9,3,3,0.3333333333333333,1.0
2024-03-01,1096,Romero,Aggressive Trail,3,9,9,0,0,0.0,1.5
2024-04-01,1096,Romero,Aggressive Trail,3,14,12,-2,2,0.16666666666666666,1.714
2024-05-01,1096,Romero,Aggressive Trail,3,15,15,0,0,0.0,1.473
2024-06-01,1096,Romero,Aggressive Trail,3,14,11,-3,3,0.2727272727272727,1.13
2024-07-01,1096,Romero,Aggressive Trail,3,11,10,-1,1,0.1,0.896
2024-08-01,1096,Romero,Aggressive Trail,3,9,5,-4,4,0.8,0.789
2024-09-01,1096,Romero,Aggressive Trail,3,7,9,2,2,0.2222222222222222,0.783
2024-10-01,1096,Romero,Aggressive Trail,3,6,10,4,4,0.4,0.738
2024-11-01,1096,Romero,Aggressive Trail,3,7,11,4,4,0.36363636363636365,0.906
2024-12-01,1096,Romero,Aggressive Trail,3,7,2,-5,5,2.5,0.735
2025-01-01,1096,Romero,Aggressive Trail,3,6,11,5,5,0.45454545454545453,0.767
2025-02-01,1096,Romero,Aggressive Trail,3,8,12,4,4,0.3333333333333333,1.0
2025-03-01,1096,Romero,Aggressive Trail,3,12,14,2,2,0.14285714285714285,1.5
2025-04-01,1096,Romero,Aggressive Trail,3,21,11,-10,10,0.9090909090909091,1.714
2025-05-01,1096,Romero,Aggressive Trail,3,18,4,-14,14,3.5,1.473
2025-06-01,1096,Romero,Aggressive Trail,3,11,10,-1,1,0.1,1.13
2025-07-01,1096,Romero,Aggressive Trail,3,7,16,9,9,0.5625,0.896
2025-08-01,1096,Romero,Aggressive Trail,3,8,11,3,3,0.2727272727272727,0.789
2025-09-01,1096,Romero,Aggressive Trail,3,10,0,-10,10,,0.783
2025-10-01,1096,Romero,Aggressive Trail,3,7,11,4,4,0.36363636363636365,0.738
2025-11-01,1096,Romero,Aggressive Trail,3,7,13,6,6,0.46153846153846156,0.906
2025-12-01,1096,Romero,Aggressive Trail,3,6,5,-1,1,0.2,0.735
2022-04-01,1097,Romero,Aggressive Trail,3,31,44,13,13,0.29545454545454547,1.714
2022-05-01,1097,Romero,Aggressive Trail,3,42,34,-8,8,0.23529411764705882,1.473
2022-06-01,1097,Romero,Aggressive Trail,3,40,28,-12,12,0.42857142857142855,1.13
2022-07-01,1097,Romero,Aggressive Trail,3,32,25,-7,7,0.28,0.896
2022-08-01,1097,Romero,Aggressive Trail,3,23,30,7,7,0.23333333333333334,0.789
2022-09-01,1097,Romero,Aggressive Trail,3,22,23,1,1,0.043478260869565216,0.783
2022-10-01,1097,Romero,Aggressive Trail,3,19,25,6,6,0.24,0.738
2022-11-01,1097,Romero,Aggressive Trail,3,24,24,0,0,0.0,0.906
2022-12-01,1097,Romero,Aggressive Trail,3,18,26,8,8,0.3076923076923077,0.735
2023-01-01,1097,Romero,Aggressive Trail,3,19,23,4,4,0.17391304347826086,0.767
2023-02-01,1097,Romero,Aggressive Trail,3,24,20,-4,4,0.2,1.0
2023-03-01,1097,Romero,Aggressive Trail,3,34,23,-11,11,0.4782608695652174,1.5
2023-04-01,1097,Romero,Aggressive Trail,3,38,38,0,0,0.0,1.714
2023-05-01,1097,Romero,Aggressive Trail,3,40,45,5,5,0.1111111111111111,1.473
2023-06-01,1097,Romero,Aggressive Trail,3,40,51,11,11,0.21568627450980393,1.13
2023-07-01,1097,Romero,Aggressive Trail,3,40,22,-18,18,0.8181818181818182,0.896
2023-08-01,1097,Romero,Aggressive Trail,3,31,32,1,1,0.03125,0.789
2023-09-01,1097,Romero,Aggressive Trail,3,27,22,-5,5,0.22727272727272727,0.783
2023-10-01,1097,Romero,Aggressive Trail,3,19,15,-4,4,0.26666666666666666,0.738
2023-11-01,1097,Romero,Aggressive Trail,3,21,24,3,3,0.125,0.906
2023-12-01,1097,Romero,Aggressive Trail,3,15,8,-7,7,0.875,0.735
2024-01-01,1097,Romero,Aggressive Trail,3,12,17,5,5,0.29411764705882354,0.767
2024-02-01,1097,Romero,Aggressive Trail,3,16,15,-1,1,0.06666666666666667,1.0
2024-03-01,1097,Romero,Aggressive Trail,3,20,12,-8,8,0.6666666666666666,1.5
2024-04-01,1097,Romero,Aggressive Trail,3,25,37,12,12,0.32432432432432434,1.714
2024-05-01,1097,Romero,Aggressive Trail,3,31,46,15,15,0.32608695652173914,1.473
2024-06-01,1097,Romero,Aggressive Trail,3,36,32,-4,4,0.125,1.13
2024-07-01,1097,Romero,Aggressive Trail,3,34,15,-19,19,1.2666666666666666,0.896
2024-08-01,1097,Romero,Aggressive Trail,3,24,20,-4,4,0.2,0.789
2024-09-01,1097,Romero,Aggressive Trail,3,17,26,9,9,0.34615384615384615,0.783
2024-10-01,1097,Romero,Aggressive Trail,3,15,31,16,16,0.5161290322580645,0.738
2024-11-01,1097,Romero,Aggressive Trail,3,23,16,-7,7,0.4375,0.906
2024-12-01,1097,Romero,Aggressive Trail,3,18,18,0,0,0.0,0.735
2025-01-01,1097,Romero,Aggressive Trail,3,17,14,-3,3,0.21428571428571427,0.767
2025-02-01,1097,Romero,Aggressive Trail,3,16,13,-3,3,0.23076923076923078,1.0
2025-03-01,1097,Romero,Aggressive Trail,3,22,39,17,17,0.4358974358974359,1.5
2025-04-01,1097,Romero,Aggressive Trail,3,38,54,16,16,0.2962962962962963,1.714
2025-05-01,1097,Romero,Aggressive Trail,3,52,44,-8,8,0.18181818181818182,1.473
2025-06-01,1097,Romero,Aggressive Trail,3,52,29,-23,23,0.7931034482758621,1.13
2025-07-01,1097,Romero,Aggressive Trail,3,38,31,-7,7,0.22580645161290322,0.896
2025-08-01,1097,Romero,Aggressive Trail,3,27,33,6,6,0.18181818181818182,0.789
2025-09-01,1097,Romero,Aggressive Trail,3,24,21,-3,3,0.14285714285714285,0.783
2025-10-01,1097,Romero,Aggressive Trail,3,21,13,-8,8,0.6153846153846154,0.738
2025-11-01,1097,Romero,Aggressive Trail,3,20,8,-12,12,1.5,0.906
2025-12-01,1097,Romero,Aggressive Trail,3,10,14,4,4,0.2857142857142857,0.735
2022-04-01,1098,Romero,Aggressive Trail,3,44,19,-25,25,1.3157894736842106,1.714
2022-05-01,1098,Romero,Aggressive Trail,3,35,12,-23,23,1.9166666666666667,1.473
2022-06-01,1098,Romero,Aggressive Trail,3,18,46,28,28,0.6086956521739131,1.13
2022-07-01,1098,Romero,Aggressive Trail,3,23,26,3,3,0.11538461538461539,0.896
2022-08-01,1098,Romero,Aggressive Trail,3,22,35,13,13,0.37142857142857144,0.789
2022-09-01,1098,Romero,Aggressive Trail,3,28,21,-7,7,0.3333333333333333,0.783
2022-10-01,1098,Romero,Aggressive Trail,3,20,9,-11,11,1.2222222222222223,0.738
2022-11-01,1098,Romero,Aggressive Trail,3,20,22,2,2,0.09090909090909091,0.906
2022-12-01,1098,Romero,Aggressive Trail,3,13,18,5,5,0.2777777777777778,0.735
2023-01-01,1098,Romero,Aggressive Trail,3,13,13,0,0,0.0,0.767
2023-02-01,1098,Romero,Aggressive Trail,3,18,7,-11,11,1.5714285714285714,1.0
2023-03-01,1098,Romero,Aggressive Trail,3,19,24,5,5,0.20833333333333334,1.5
2023-04-01,1098,Romero,Aggressive Trail,3,25,32,7,7,0.21875,1.714
2023-05-01,1098,Romero,Aggressive Trail,3,31,30,-1,1,0.03333333333333333,1.473
2023-06-01,1098,Romero,Aggressive Trail,3,32,38,6,6,0.15789473684210525,1.13
2023-07-01,1098,Romero,Aggressive Trail,3,30,29,-1,1,0.034482758620689655,0.896
2023-08-01,1098,Romero,Aggressive Trail,3,26,22,-4,4,0.18181818181818182,0.789
2023-09-01,1098,Romero,Aggressive Trail,3,23,30,7,7,0.23333333333333334,0.783
2023-10-01,1098,Romero,Aggressive Trail,3,20,18,-2,2,0.1111111111111111,0.738
2023-11-01,1098,Romero,Aggressive Trail,3,21,9,-12,12,1.3333333333333333,0.906
2023-12-01,1098,Romero,Aggressive Trail,3,14,12,-2,2,0.16666666666666666,0.735
2024-01-01,1098,Romero,Aggressive Trail,3,10,8,-2,2,0.25,0.767
2024-02-01,1098,Romero,Aggressive Trail,3,10,21,11,11,0.5238095238095238,1.0
2024-03-01,1098,Romero,Aggressive Trail,3,20,16,-4,4,0.25,1.5
2024-04-01,1098,Romero,Aggressive Trail,3,26,22,-4,4,0.18181818181818182,1.714
2024-05-01,1098,Romero,Aggressive Trail,3,29,42,13,13,0.30952380952380953,1.473
2024-06-01,1098,Romero,Aggressive Trail,3,30,26,-4,4,0.15384615384615385,1.13
2024-07-01,1098,Romero,Aggressive Trail,3,27,25,-2,2,0.08,0.896
2024-08-01,1098,Romero,Aggressive Trail,3,24,48,24,24,0.5,0.789
2024-09-01,1098,Romero,Aggressive Trail,3,26,48,22,22,0.4583333333333333,0.783
2024-10-01,1098,Romero,Aggressive Trail,3,30,29,-1,1,0.034482758620689655,0.738
2024-11-01,1098,Romero,Aggressive Trail,3,38,16,-22,22,1.375,0.906
2024-12-01,1098,Romero,Aggressive Trail,3,23,9,-14,14,1.5555555555555556,0.735
2025-01-01,1098,Romero,Aggressive Trail,3,14,14,0,0,0.0,0.767
2025-02-01,1098,Romero,Aggressive Trail,3,13,14,1,1,0.07142857142857142,1.0
2025-03-01,1098,Romero,Aggressive Trail,3,18,21,3,3,0.14285714285714285,1.5
2025-04-01,1098,Romero,Aggressive Trail,3,28,35,7,7,0.2,1.714
2025-05-01,1098,Romero,Aggressive Trail,3,34,43,9,9,0.20930232558139536,1.473
2025-06-01,1098,Romero,Aggressive Trail,3,37,26,-11,11,0.4230769230769231,1.13
2025-07-01,1098,Romero,Aggressive Trail,3,31,41,10,10,0.24390243902439024,0.896
2025-08-01,1098,Romero,Aggressive Trail,3,29,32,3,3,0.09375,0.789
2025-09-01,1098,Romero,Aggressive Trail,3,26,31,5,5,0.16129032258064516,0.783
2025-10-01,1098,Romero,Aggressive Trail,3,26,19,-7,7,0.3684210526315789,0.738
2025-11-01,1098,Romero,Aggressive Trail,3,25,9,-16,16,1.7777777777777777,0.906
2025-12-01,1098,Romero,Aggressive Trail,3,14,10,-4,4,0.4,0.735
2022-04-01,1099,Romero,Aggressive Trail,3,31,46,15,15,0.32608695652173914,1.714
2022-05-01,1099,Romero,Aggressive Trail,3,43,30,-13,13,0.43333333333333335,1.473
2022-06-01,1099,Romero,Aggressive Trail,3,40,47,7,7,0.14893617021276595,1.13
2022-07-01,1099,Romero,Aggressive Trail,3,37,45,8,8,0.17777777777777778,0.896
2022-08-01,1099,Romero,Aggressive Trail,3,32,26,-6,6,0.23076923076923078,0.789
2022-09-01,1099,Romero,Aggressive Trail,3,31,17,-14,14,0.8235294117647058,0.783
2022-10-01,1099,Romero,Aggressive Trail,3,22,24,2,2,0.08333333333333333,0.738
2022-11-01,1099,Romero,Aggressive Trail,3,20,21,1,1,0.047619047619047616,0.906
2022-12-01,1099,Romero,Aggressive Trail,3,15,14,-1,1,0.07142857142857142,0.735
2023-01-01,1099,Romero,Aggressive Trail,3,15,15,0,0,0.0,0.767
2023-02-01,1099,Romero,Aggressive Trail,3,17,22,5,5,0.22727272727272727,1.0
2023-03-01,1099,Romero,Aggressive Trail,3,26,39,13,13,0.3333333333333333,1.5
2023-04-01,1099,Romero,Aggressive Trail,3,43,39,-4,4,0.10256410256410256,1.714
2023-05-01,1099,Romero,Aggressive Trail,3,49,35,-14,14,0.4,1.473
2023-06-01,1099,Romero,Aggressive Trail,3,43,32,-11,11,0.34375,1.13
2023-07-01,1099,Romero,Aggressive Trail,3,32,36,4,4,0.1111111111111111,0.896
2023-08-01,1099,Romero,Aggressive Trail,3,27,24,-3,3,0.125,0.789
2023-09-01,1099,Romero,Aggressive Trail,3,24,26,2,2,0.07692307692307693,0.783
2023-10-01,1099,Romero,Aggressive Trail,3,21,18,-3,3,0.16666666666666666,0.738
2023-11-01,1099,Romero,Aggressive Trail,3,21,27,6,6,0.2222222222222222,0.906
2023-12-01,1099,Romero,Aggressive Trail,3,17,16,-1,1,0.0625,0.735
2024-01-01,1099,Romero,Aggressive Trail,3,16,18,2,2,0.1111111111111111,0.767
2024-02-01,1099,Romero,Aggressive Trail,3,20,10,-10,10,1.0,1.0
2024-03-01,1099,Romero,Aggressive Trail,3,22,14,-8,8,0.5714285714285714,1.5
2024-04-01,1099,Romero,Aggressive Trail,3,24,27,3,3,0.1111111111111111,1.714
2024-05-01,1099,Romero,Aggressive Trail,3,25,25,0,0,0.0,1.473
2024-06-01,1099,Romero,Aggressive Trail,3,25,72,47,47,0.6527777777777778,1.13
2024-07-01,1099,Romero,Aggressive Trail,3,37,41,4,4,0.0975609756097561,0.896
2024-08-01,1099,Romero,Aggressive Trail,3,36,51,15,15,0.29411764705882354,0.789
2024-09-01,1099,Romero,Aggressive Trail,3,43,28,-15,15,0.5357142857142857,0.783
2024-10-01,1099,Romero,Aggressive Trail,3,30,26,-4,4,0.15384615384615385,0.738
2024-11-01,1099,Romero,Aggressive Trail,3,32,25,-7,7,0.28,0.906
2024-12-01,1099,Romero,Aggressive Trail,3,19,15,-4,4,0.26666666666666666,0.735
2025-01-01,1099,Romero,Aggressive Trail,3,17,11,-6,6,0.5454545454545454,0.767
2025-02-01,1099,Romero,Aggressive Trail,3,17,11,-6,6,0.5454545454545454,1.0
2025-03-01,1099,Romero,Aggressive Trail,3,18,20,2,2,0.1,1.5
2025-04-01,1099,Romero,Aggressive Trail,3,24,34,10,10,0.29411764705882354,1.714
2025-05-01,1099,Romero,Aggressive Trail,3,32,38,6,6,0.15789473684210525,1.473
2025-06-01,1099,Romero,Aggressive Trail,3,35,39,4,4,0.10256410256410256,1.13
2025-07-01,1099,Romero,Aggressive Trail,3,33,38,5,5,0.13157894736842105,0.896
2025-08-01,1099,Romero,Aggressive Trail,3,30,38,8,8,0.21052631578947367,0.789
2025-09-01,1099,Romero,Aggressive Trail,3,30,31,1,1,0.03225806451612903,0.783
2025-10-01,1099,Romero,Aggressive Trail,3,26,25,-1,1,0.04,0.738
2025-11-01,1099,Romero,Aggressive Trail,3,28,17,-11,11,0.6470588235294118,0.906
2025-12-01,1099,Romero,Aggressive Trail,3,18,19,1,1,0.05263157894736842,0.735
2022-04-01,1100,Romero,Aggressive Trail,3,32,34,2,2,0.058823529411764705,1.714
2022-05-01,1100,Romero,Aggressive Trail,3,37,32,-5,5,0.15625,1.473
2022-06-01,1100,Romero,Aggressive Trail,3,34,29,-5,5,0.1724137931034483,1.13
2022-07-01,1100,Romero,Aggressive Trail,3,28,30,2,2,0.06666666666666667,0.896
2022-08-01,1100,Romero,Aggressive Trail,3,24,20,-4,4,0.2,0.789
2022-09-01,1100,Romero,Aggressive Trail,3,21,19,-2,2,0.10526315789473684,0.783
2022-10-01,1100,Romero,Aggressive Trail,3,17,27,10,10,0.37037037037037035,0.738
2022-11-01,1100,Romero,Aggressive Trail,3,20,40,20,20,0.5,0.906
2022-12-01,1100,Romero,Aggressive Trail,3,21,33,12,12,0.36363636363636365,0.735
2023-01-01,1100,Romero,Aggressive Trail,3,26,17,-9,9,0.5294117647058824,0.767
2023-02-01,1100,Romero,Aggressive Trail,3,30,19,-11,11,0.5789473684210527,1.0
2023-03-01,1100,Romero,Aggressive Trail,3,34,24,-10,10,0.4166666666666667,1.5
2023-04-01,1100,Romero,Aggressive Trail,3,34,31,-3,3,0.0967741935483871,1.714
2023-05-01,1100,Romero,Aggressive Trail,3,36,50,14,14,0.28,1.473
2023-06-01,1100,Romero,Aggressive Trail,3,40,48,8,8,0.16666666666666666,1.13
2023-07-01,1100,Romero,Aggressive Trail,3,39,30,-9,9,0.3,0.896
2023-08-01,1100,Romero,Aggressive Trail,3,34,24,-10,10,0.4166666666666667,0.789
2023-09-01,1100,Romero,Aggressive Trail,3,27,24,-3,3,0.125,0.783
2023-10-01,1100,Romero,Aggressive Trail,3,19,27,8,8,0.2962962962962963,0.738
2023-11-01,1100,Romero,Aggressive Trail,3,23,33,10,10,0.30303030303030304,0.906
2023-12-01,1100,Romero,Aggressive Trail,3,21,14,-7,7,0.5,0.735
2024-01-01,1100,Romero,Aggressive Trail,3,19,19,0,0,0.0,0.767
2024-02-01,1100,Romero,Aggressive Trail,3,22,7,-15,15,2.142857142857143,1.0
2024-03-01,1100,Romero,Aggressive Trail,3,20,29,9,9,0.3103448275862069,1.5
2024-04-01,1100,Romero,Aggressive Trail,3,31,36,5,5,0.1388888888888889,1.714
2024-05-01,1100,Romero,Aggressive Trail,3,35,56,21,21,0.375,1.473
2024-06-01,1100,Romero,Aggressive Trail,3,46,24,-22,22,0.9166666666666666,1.13
2024-07-01,1100,Romero,Aggressive Trail,3,35,39,4,4,0.10256410256410256,0.896
2024-08-01,1100,Romero,Aggressive Trail,3,31,27,-4,4,0.14814814814814814,0.789
2024-09-01,1100,Romero,Aggressive Trail,3,23,26,3,3,0.11538461538461539,0.783
2024-10-01,1100,Romero,Aggressive Trail,3,23,36,13,13,0.3611111111111111,0.738
2024-11-01,1100,Romero,Aggressive Trail,3,27,33,6,6,0.18181818181818182,0.906
2024-12-01,1100,Romero,Aggressive Trail,3,23,10,-13,13,1.3,0.735
2025-01-01,1100,Romero,Aggressive Trail,3,20,22,2,2,0.09090909090909091,0.767
2025-02-01,1100,Romero,Aggressive Trail,3,22,13,-9,9,0.6923076923076923,1.0
2025-03-01,1100,Romero,Aggressive Trail,3,22,8,-14,14,1.75,1.5
2025-04-01,1100,Romero,Aggressive Trail,3,25,38,13,13,0.34210526315789475,1.714
2025-05-01,1100,Romero,Aggressive Trail,3,29,35,6,6,0.17142857142857143,1.473
2025-06-01,1100,Romero,Aggressive Trail,3,31,22,-9,9,0.4090909090909091,1.13
2025-07-01,1100,Romero,Aggressive Trail,3,28,29,1,1,0.034482758620689655,0.896
2025-08-01,1100,Romero,Aggressive Trail,3,23,16,-7,7,0.4375,0.789
2025-09-01,1100,Romero,Aggressive Trail,3,17,16,-1,1,0.0625,0.783
2025-10-01,1100,Romero,Aggressive Trail,3,15,35,20,20,0.5714285714285714,0.738
2025-11-01,1100,Romero,Aggressive Trail,3,20,21,1,1,0.047619047619047616,0.906
2025-12-01,1100,Romero,Aggressive Trail,3,18,16,-2,2,0.125,0.735
2022-04-01,1101,Romero,Aggressive Trail,3,33,45,12,12,0.26666666666666666,1.714
2022-05-01,1101,Romero,Aggressive Trail,3,45,39,-6,6,0.15384615384615385,1.473
2022-06-01,1101,Romero,Aggressive Trail,3,43,40,-3,3,0.075,1.13
2022-07-01,1101,Romero,Aggressive Trail,3,37,27,-10,10,0.37037037037037035,0.896
2022-08-01,1101,Romero,Aggressive Trail,3,28,20,-8,8,0.4,0.789
2022-09-01,1101,Romero,Aggressive Trail,3,23,24,1,1,0.041666666666666664,0.783
2022-10-01,1101,Romero,Aggressive Trail,3,17,8,-9,9,1.125,0.738
2022-11-01,1101,Romero,Aggressive Trail,3,16,18,2,2,0.1111111111111111,0.906
2022-12-01,1101,Romero,Aggressive Trail,3,12,18,6,6,0.3333333333333333,0.735
2023-01-01,1101,Romero,Aggressive Trail,3,11,12,1,1,0.08333333333333333,0.767
2023-02-01,1101,Romero,Aggressive Trail,3,16,14,-2,2,0.14285714285714285,1.0
2023-03-01,1101,Romero,Aggressive Trail,3,22,35,13,13,0.37142857142857144,1.5
2023-04-01,1101,Romero,Aggressive Trail,3,35,23,-12,12,0.5217391304347826,1.714
2023-05-01,1101,Romero,Aggressive Trail,3,35,50,15,15,0.3,1.473
2023-06-01,1101,Romero,Aggressive Trail,3,41,38,-3,3,0.07894736842105263,1.13
2023-07-01,1101,Romero,Aggressive Trail,3,33,48,15,15,0.3125,0.896
2023-08-01,1101,Romero,Aggressive Trail,3,36,31,-5,5,0.16129032258064516,0.789
2023-09-01,1101,Romero,Aggressive Trail,3,31,28,-3,3,0.10714285714285714,0.783
2023-10-01,1101,Romero,Aggressive Trail,3,26,27,1,1,0.037037037037037035,0.738
2023-11-01,1101,Romero,Aggressive Trail,3,26,22,-4,4,0.18181818181818182,0.906
2023-12-01,1101,Romero,Aggressive Trail,3,19,12,-7,7,0.5833333333333334,0.735
2024-01-01,1101,Romero,Aggressive Trail,3,16,14,-2,2,0.14285714285714285,0.767
2024-02-01,1101,Romero,Aggressive Trail,3,16,28,12,12,0.42857142857142855,1.0
2024-03-01,1101,Romero,Aggressive Trail,3,27,9,-18,18,2.0,1.5
2024-04-01,1101,Romero,Aggressive Trail,3,29,40,11,11,0.275,1.714
2024-05-01,1101,Romero,Aggressive Trail,3,38,37,-1,1,0.02702702702702703,1.473
2024-06-01,1101,Romero,Aggressive Trail,3,32,27,-5,5,0.18518518518518517,1.13
2024-07-01,1101,Romero,Aggressive Trail,3,31,35,4,4,0.11428571428571428,0.896
2024-08-01,1101,Romero,Aggressive Trail,3,26,30,4,4,0.13333333333333333,0.789
2024-09-01,1101,Romero,Aggressive Trail,3,24,37,13,13,0.35135135135135137,0.783
2024-10-01,1101,Romero,Aggressive Trail,3,25,24,-1,1,0.041666666666666664,0.738
2024-11-01,1101,Romero,Aggressive Trail,3,27,18,-9,9,0.5,0.906
2024-12-01,1101,Romero,Aggressive Trail,3,19,20,1,1,0.05,0.735
2025-01-01,1101,Romero,Aggressive Trail,3,16,9,-7,7,0.7777777777777778,0.767
2025-02-01,1101,Romero,Aggressive Trail,3,16,27,11,11,0.4074074074074074,1.0
2025-03-01,1101,Romero,Aggressive Trail,3,28,33,5,5,0.15151515151515152,1.5
2025-04-01,1101,Romero,Aggressive Trail,3,39,38,-1,1,0.02631578947368421,1.714
2025-05-01,1101,Romero,Aggressive Trail,3,48,18,-30,30,1.6666666666666667,1.473
2025-06-01,1101,Romero,Aggressive Trail,3,34,32,-2,2,0.0625,1.13
2025-07-01,1101,Romero,Aggressive Trail,3,26,32,6,6,0.1875,0.896
2025-08-01,1101,Romero,Aggressive Trail,3,22,27,5,5,0.18518518518518517,0.789
2025-09-01,1101,Romero,Aggressive Trail,3,24,26,2,2,0.07692307692307693,0.783
2025-10-01,1101,Romero,Aggressive Trail,3,21,34,13,13,0.38235294117647056,0.738
2025-11-01,1101,Romero,Aggressive Trail,3,26,7,-19,19,2.7142857142857144,0.906
2025-12-01,1101,Romero,Aggressive Trail,3,16,19,3,3,0.15789473684210525,0.735
2022-04-01,1102,Romero,Aggressive Trail,3,42,32,-10,10,0.3125,1.714
2022-05-01,1102,Romero,Aggressive Trail,3,42,15,-27,27,1.8,1.473
2022-06-01,1102,Romero,Aggressive Trail,3,29,38,9,9,0.23684210526315788,1.13
2022-07-01,1102,Romero,Aggressive Trail,3,25,19,-6,6,0.3157894736842105,0.896
2022-08-01,1102,Romero,Aggressive Trail,3,19,30,11,11,0.36666666666666664,0.789
2022-09-01,1102,Romero,Aggressive Trail,3,23,16,-7,7,0.4375,0.783
2022-10-01,1102,Romero,Aggressive Trail,3,16,16,0,0,0.0,0.738
2022-11-01,1102,Romero,Aggressive Trail,3,19,19,0,0,0.0,0.906
2022-12-01,1102,Romero,Aggressive Trail,3,12,34,22,22,0.6470588235294118,0.735
2023-01-01,1102,Romero,Aggressive Trail,3,18,24,6,6,0.25,0.767
2023-02-01,1102,Romero,Aggressive Trail,3,26,25,-1,1,0.04,1.0
2023-03-01,1102,Romero,Aggressive Trail,3,42,18,-24,24,1.3333333333333333,1.5
2023-04-01,1102,Romero,Aggressive Trail,3,38,33,-5,5,0.15151515151515152,1.714
2023-05-01,1102,Romero,Aggressive Trail,3,37,43,6,6,0.13953488372093023,1.473
2023-06-01,1102,Romero,Aggressive Trail,3,35,39,4,4,0.10256410256410256,1.13
2023-07-01,1102,Romero,Aggressive Trail,3,34,43,9,9,0.20930232558139536,0.896
2023-08-01,1102,Romero,Aggressive Trail,3,33,31,-2,2,0.06451612903225806,0.789
2023-09-01,1102,Romero,Aggressive Trail,3,29,21,-8,8,0.38095238095238093,0.783
2023-10-01,1102,Romero,Aggressive Trail,3,23,11,-12,12,1.0909090909090908,0.738
2023-11-01,1102,Romero,Aggressive Trail,3,19,22,3,3,0.13636363636363635,0.906
2023-12-01,1102,Romero,Aggressive Trail,3,13,12,-1,1,0.08333333333333333,0.735
2024-01-01,1102,Romero,Aggressive Trail,3,12,25,13,13,0.52,0.767
2024-02-01,1102,Romero,Aggressive Trail,3,20,17,-3,3,0.17647058823529413,1.0
2024-03-01,1102,Romero,Aggressive Trail,3,27,30,3,3,0.1,1.5
2024-04-01,1102,Romero,Aggressive Trail,3,41,32,-9,9,0.28125,1.714
2024-05-01,1102,Romero,Aggressive Trail,3,39,32,-7,7,0.21875,1.473
2024-06-01,1102,Romero,Aggressive Trail,3,35,38,3,3,0.07894736842105263,1.13
2024-07-01,1102,Romero,Aggressive Trail,3,30,27,-3,3,0.1111111111111111,0.896
2024-08-01,1102,Romero,Aggressive Trail,3,26,40,14,14,0.35,0.789
2024-09-01,1102,Romero,Aggressive Trail,3,27,23,-4,4,0.17391304347826086,0.783
2024-10-01,1102,Romero,Aggressive Trail,3,22,28,6,6,0.21428571428571427,0.738
2024-11-01,1102,Romero,Aggressive Trail,3,27,24,-3,3,0.125,0.906
2024-12-01,1102,Romero,Aggressive Trail,3,18,19,1,1,0.05263157894736842,0.735
2025-01-01,1102,Romero,Aggressive Trail,3,18,12,-6,6,0.5,0.767
2025-02-01,1102,Romero,Aggressive Trail,3,18,9,-9,9,1.0,1.0
2025-03-01,1102,Romero,Aggressive Trail,3,20,25,5,5,0.2,1.5
2025-04-01,1102,Romero,Aggressive Trail,3,26,25,-1,1,0.04,1.714
2025-05-01,1102,Romero,Aggressive Trail,3,29,68,39,39,0.5735294117647058,1.473
2025-06-01,1102,Romero,Aggressive Trail,3,44,39,-5,5,0.1282051282051282,1.13
2025-07-01,1102,Romero,Aggressive Trail,3,39,36,-3,3,0.08333333333333333,0.896
2025-08-01,1102,Romero,Aggressive Trail,3,38,41,3,3,0.07317073170731707,0.789
2025-09-01,1102,Romero,Aggressive Trail,3,30,26,-4,4,0.15384615384615385,0.783
2025-10-01,1102,Romero,Aggressive Trail,3,25,17,-8,8,0.47058823529411764,0.738
2025-11-01,1102,Romero,Aggressive Trail,3,25,27,2,2,0.07407407407407407,0.906
2025-12-01,1102,Romero,Aggressive Trail,3,17,28,11,11,0.39285714285714285,0.735
2022-04-01,1103,Romero,Aggressive Trail,3,98,89,-9,9,0.10112359550561797,1.714
2022-05-01,1103,Romero,Aggressive Trail,3,107,76,-31,31,0.40789473684210525,1.473
2022-06-01,1103,Romero,Aggressive Trail,3,94,88,-6,6,0.06818181818181818,1.13
2022-07-01,1103,Romero,Aggressive Trail,3,76,85,9,9,0.10588235294117647,0.896
2022-08-01,1103,Romero,Aggressive Trail,3,66,72,6,6,0.08333333333333333,0.789
2022-09-01,1103,Romero,Aggressive Trail,3,64,44,-20,20,0.45454545454545453,0.783
2022-10-01,1103,Romero,Aggressive Trail,3,49,51,2,2,0.0392156862745098,0.738
2022-11-01,1103,Romero,Aggressive Trail,3,50,62,12,12,0.1935483870967742,0.906
2022-12-01,1103,Romero,Aggressive Trail,3,38,57,19,19,0.3333333333333333,0.735
2023-01-01,1103,Romero,Aggressive Trail,3,43,36,-7,7,0.19444444444444445,0.767
2023-02-01,1103,Romero,Aggressive Trail,3,52,60,8,8,0.13333333333333333,1.0
2023-03-01,1103,Romero,Aggressive Trail,3,76,53,-23,23,0.4339622641509434,1.5
2023-04-01,1103,Romero,Aggressive Trail,3,85,68,-17,17,0.25,1.714
2023-05-01,1103,Romero,Aggressive Trail,3,89,117,28,28,0.23931623931623933,1.473
2023-06-01,1103,Romero,Aggressive Trail,3,90,95,5,5,0.05263157894736842,1.13
2023-07-01,1103,Romero,Aggressive Trail,3,84,58,-26,26,0.4482758620689655,0.896
2023-08-01,1103,Romero,Aggressive Trail,3,71,67,-4,4,0.05970149253731343,0.789
2023-09-01,1103,Romero,Aggressive Trail,3,57,70,13,13,0.18571428571428572,0.783
2023-10-01,1103,Romero,Aggressive Trail,3,48,70,22,22,0.3142857142857143,0.738
2023-11-01,1103,Romero,Aggressive Trail,3,62,58,-4,4,0.06896551724137931,0.906
2023-12-01,1103,Romero,Aggressive Trail,3,48,44,-4,4,0.09090909090909091,0.735
2024-01-01,1103,Romero,Aggressive Trail,3,44,41,-3,3,0.07317073170731707,0.767
2024-02-01,1103,Romero,Aggressive Trail,3,48,41,-7,7,0.17073170731707318,1.0
2024-03-01,1103,Romero,Aggressive Trail,3,63,62,-1,1,0.016129032258064516,1.5
2024-04-01,1103,Romero,Aggressive Trail,3,82,72,-10,10,0.1388888888888889,1.714
2024-05-01,1103,Romero,Aggressive Trail,3,86,115,29,29,0.25217391304347825,1.473
2024-06-01,1103,Romero,Aggressive Trail,3,94,78,-16,16,0.20512820512820512,1.13
2024-07-01,1103,Romero,Aggressive Trail,3,79,80,1,1,0.0125,0.896
2024-08-01,1103,Romero,Aggressive Trail,3,72,57,-15,15,0.2631578947368421,0.789
2024-09-01,1103,Romero,Aggressive Trail,3,56,68,12,12,0.17647058823529413,0.783
2024-10-01,1103,Romero,Aggressive Trail,3,50,58,8,8,0.13793103448275862,0.738
2024-11-01,1103,Romero,Aggressive Trail,3,55,32,-23,23,0.71875,0.906
2024-12-01,1103,Romero,Aggressive Trail,3,39,42,3,3,0.07142857142857142,0.735
2025-01-01,1103,Romero,Aggressive Trail,3,34,44,10,10,0.22727272727272727,0.767
2025-02-01,1103,Romero,Aggressive Trail,3,39,36,-3,3,0.08333333333333333,1.0
2025-03-01,1103,Romero,Aggressive Trail,3,61,59,-2,2,0.03389830508474576,1.5
2025-04-01,1103,Romero,Aggressive Trail,3,79,86,7,7,0.08139534883720931,1.714
2025-05-01,1103,Romero,Aggressive Trail,3,89,88,-1,1,0.011363636363636364,1.473
2025-06-01,1103,Romero,Aggressive Trail,3,88,76,-12,12,0.15789473684210525,1.13
2025-07-01,1103,Romero,Aggressive Trail,3,75,87,12,12,0.13793103448275862,0.896
2025-08-01,1103,Romero,Aggressive Trail,3,66,66,0,0,0.0,0.789
2025-09-01,1103,Romero,Aggressive Trail,3,60,54,-6,6,0.1111111111111111,0.783
2025-10-01,1103,Romero,Aggressive Trail,3,51,55,4,4,0.07272727272727272,0.738
2025-11-01,1103,Romero,Aggressive Trail,3,53,41,-12,12,0.2926829268292683,0.906
2025-12-01,1103,Romero,Aggressive Trail,3,37,34,-3,3,0.08823529411764706,0.735
2022-04-01,1104,Romero,Aggressive Trail,3,73,69,-4,4,0.057971014492753624,1.714
2022-05-01,1104,Romero,Aggressive Trail,3,81,78,-3,3,0.038461538461538464,1.473
2022-06-01,1104,Romero,Aggressive Trail,3,77,109,32,32,0.29357798165137616,1.13
2022-07-01,1104,Romero,Aggressive Trail,3,76,63,-13,13,0.20634920634920634,0.896
2022-08-01,1104,Romero,Aggressive Trail,3,66,67,1,1,0.014925373134328358,0.789
2022-09-01,1104,Romero,Aggressive Trail,3,62,48,-14,14,0.2916666666666667,0.783
2022-10-01,1104,Romero,Aggressive Trail,3,44,41,-3,3,0.07317073170731707,0.738
2022-11-01,1104,Romero,Aggressive Trail,3,47,55,8,8,0.14545454545454545,0.906
2022-12-01,1104,Romero,Aggressive Trail,3,35,34,-1,1,0.029411764705882353,0.735
2023-01-01,1104,Romero,Aggressive Trail,3,33,35,2,2,0.05714285714285714,0.767
2023-02-01,1104,Romero,Aggressive Trail,3,41,48,7,7,0.14583333333333334,1.0
2023-03-01,1104,Romero,Aggressive Trail,3,58,82,24,24,0.2926829268292683,1.5
2023-04-01,1104,Romero,Aggressive Trail,3,94,103,9,9,0.08737864077669903,1.714
2023-05-01,1104,Romero,Aggressive Trail,3,114,97,-17,17,0.17525773195876287,1.473
2023-06-01,1104,Romero,Aggressive Trail,3,106,76,-30,30,0.39473684210526316,1.13
2023-07-01,1104,Romero,Aggressive Trail,3,82,83,1,1,0.012048192771084338,0.896
2023-08-01,1104,Romero,Aggressive Trail,3,67,47,-20,20,0.425531914893617,0.789
2023-09-01,1104,Romero,Aggressive Trail,3,54,49,-5,5,0.10204081632653061,0.783
2023-10-01,1104,Romero,Aggressive Trail,3,44,45,1,1,0.022222222222222223,0.738
2023-11-01,1104,Romero,Aggressive Trail,3,43,76,33,33,0.4342105263157895,0.906
2023-12-01,1104,Romero,Aggressive Trail,3,42,38,-4,4,0.10526315789473684,0.735
2024-01-01,1104,Romero,Aggressive Trail,3,41,29,-12,12,0.41379310344827586,0.767
2024-02-01,1104,Romero,Aggressive Trail,3,48,37,-11,11,0.2972972972972973,1.0
2024-03-01,1104,Romero,Aggressive Trail,3,52,42,-10,10,0.23809523809523808,1.5
2024-04-01,1104,Romero,Aggressive Trail,3,62,92,30,30,0.32608695652173914,1.714
2024-05-01,1104,Romero,Aggressive Trail,3,84,104,20,20,0.19230769230769232,1.473
2024-06-01,1104,Romero,Aggressive Trail,3,90,89,-1,1,0.011235955056179775,1.13
2024-07-01,1104,Romero,Aggressive Trail,3,85,79,-6,6,0.0759493670886076,0.896
2024-08-01,1104,Romero,Aggressive Trail,3,72,39,-33,33,0.8461538461538461,0.789
2024-09-01,1104,Romero,Aggressive Trail,3,54,54,0,0,0.0,0.783
2024-10-01,1104,Romero,Aggressive Trail,3,42,51,9,9,0.17647058823529413,0.738
2024-11-01,1104,Romero,Aggressive Trail,3,43,40,-3,3,0.075,0.906
2024-12-01,1104,Romero,Aggressive Trail,3,36,54,18,18,0.3333333333333333,0.735
2025-01-01,1104,Romero,Aggressive Trail,3,37,28,-9,9,0.32142857142857145,0.767
2025-02-01,1104,Romero,Aggressive Trail,3,41,46,5,5,0.10869565217391304,1.0
2025-03-01,1104,Romero,Aggressive Trail,3,64,52,-12,12,0.23076923076923078,1.5
2025-04-01,1104,Romero,Aggressive Trail,3,72,102,30,30,0.29411764705882354,1.714
2025-05-01,1104,Romero,Aggressive Trail,3,98,92,-6,6,0.06521739130434782,1.473
2025-06-01,1104,Romero,Aggressive Trail,3,93,94,1,1,0.010638297872340425,1.13
2025-07-01,1104,Romero,Aggressive Trail,3,86,84,-2,2,0.023809523809523808,0.896
2025-08-01,1104,Romero,Aggressive Trail,3,71,74,3,3,0.04054054054054054,0.789
2025-09-01,1104,Romero,Aggressive Trail,3,66,49,-17,17,0.3469387755102041,0.783
2025-10-01,1104,Romero,Aggressive Trail,3,51,58,7,7,0.1206896551724138,0.738
2025-11-01,1104,Romero,Aggressive Trail,3,55,56,1,1,0.017857142857142856,0.906
2025-12-01,1104,Romero,Aggressive Trail,3,40,32,-8,8,0.25,0.735
2022-04-01,1105,Romero,Aggressive Trail,3,77,67,-10,10,0.14925373134328357,1.714
2022-05-01,1105,Romero,Aggressive Trail,3,81,77,-4,4,0.05194805194805195,1.473
2022-06-01,1105,Romero,Aggressive Trail,3,74,78,4,4,0.05128205128205128,1.13
2022-07-01,1105,Romero,Aggressive Trail,3,66,78,12,12,0.15384615384615385,0.896
2022-08-01,1105,Romero,Aggressive Trail,3,61,53,-8,8,0.1509433962264151,0.789
2022-09-01,1105,Romero,Aggressive Trail,3,55,78,23,23,0.2948717948717949,0.783
2022-10-01,1105,Romero,Aggressive Trail,3,51,54,3,3,0.05555555555555555,0.738
2022-11-01,1105,Romero,Aggressive Trail,3,56,65,9,9,0.13846153846153847,0.906
2022-12-01,1105,Romero,Aggressive Trail,3,48,34,-14,14,0.4117647058823529,0.735
2023-01-01,1105,Romero,Aggressive Trail,3,39,39,0,0,0.0,0.767
2023-02-01,1105,Romero,Aggressive Trail,3,46,39,-7,7,0.1794871794871795,1.0
2023-03-01,1105,Romero,Aggressive Trail,3,56,65,9,9,0.13846153846153847,1.5
2023-04-01,1105,Romero,Aggressive Trail,3,82,65,-17,17,0.26153846153846155,1.714
2023-05-01,1105,Romero,Aggressive Trail,3,83,85,2,2,0.023529411764705882,1.473
2023-06-01,1105,Romero,Aggressive Trail,3,81,78,-3,3,0.038461538461538464,1.13
2023-07-01,1105,Romero,Aggressive Trail,3,68,79,11,11,0.13924050632911392,0.896
2023-08-01,1105,Romero,Aggressive Trail,3,64,87,23,23,0.26436781609195403,0.789
2023-09-01,1105,Romero,Aggressive Trail,3,64,52,-12,12,0.23076923076923078,0.783
2023-10-01,1105,Romero,Aggressive Trail,3,54,38,-16,16,0.42105263157894735,0.738
2023-11-01,1105,Romero,Aggressive Trail,3,53,63,10,10,0.15873015873015872,0.906
2023-12-01,1105,Romero,Aggressive Trail,3,37,41,4,4,0.0975609756097561,0.735
2024-01-01,1105,Romero,Aggressive Trail,3,36,32,-4,4,0.125,0.767
2024-02-01,1105,Romero,Aggressive Trail,3,45,50,5,5,0.1,1.0
2024-03-01,1105,Romero,Aggressive Trail,3,62,67,5,5,0.07462686567164178,1.5
2024-04-01,1105,Romero,Aggressive Trail,3,85,60,-25,25,0.4166666666666667,1.714
2024-05-01,1105,Romero,Aggressive Trail,3,87,118,31,31,0.2627118644067797,1.473
2024-06-01,1105,Romero,Aggressive Trail,3,92,103,11,11,0.10679611650485436,1.13
2024-07-01,1105,Romero,Aggressive Trail,3,84,65,-19,19,0.2923076923076923,0.896
2024-08-01,1105,Romero,Aggressive Trail,3,75,59,-16,16,0.2711864406779661,0.789
2024-09-01,1105,Romero,Aggressive Trail,3,59,85,26,26,0.3058823529411765,0.783
2024-10-01,1105,Romero,Aggressive Trail,3,51,64,13,13,0.203125,0.738
2024-11-01,1105,Romero,Aggressive Trail,3,63,67,4,4,0.05970149253731343,0.906
2024-12-01,1105,Romero,Aggressive Trail,3,53,46,-7,7,0.15217391304347827,0.735
2025-01-01,1105,Romero,Aggressive Trail,3,45,31,-14,14,0.45161290322580644,0.767
2025-02-01,1105,Romero,Aggressive Trail,3,48,49,1,1,0.02040816326530612,1.0
2025-03-01,1105,Romero,Aggressive Trail,3,63,85,22,22,0.25882352941176473,1.5
2025-04-01,1105,Romero,Aggressive Trail,3,94,78,-16,16,0.20512820512820512,1.714
2025-05-01,1105,Romero,Aggressive Trail,3,104,122,18,18,0.14754098360655737,1.473
2025-06-01,1105,Romero,Aggressive Trail,3,107,104,-3,3,0.028846153846153848,1.13
2025-07-01,1105,Romero,Aggressive Trail,3,91,71,-20,20,0.28169014084507044,0.896
2025-08-01,1105,Romero,Aggressive Trail,3,78,70,-8,8,0.11428571428571428,0.789
2025-09-01,1105,Romero,Aggressive Trail,3,64,63,-1,1,0.015873015873015872,0.783
2025-10-01,1105,Romero,Aggressive Trail,3,50,34,-16,16,0.47058823529411764,0.738
2025-11-01,1105,Romero,Aggressive Trail,3,50,50,0,0,0.0,0.906
2025-12-01,1105,Romero,Aggressive Trail,3,36,50,14,14,0.28,0.735
2022-04-01,1106,Romero,Aggressive Trail,3,81,62,-19,19,0.3064516129032258,1.714
2022-05-01,1106,Romero,Aggressive Trail,3,89,82,-7,7,0.08536585365853659,1.473
2022-06-01,1106,Romero,Aggressive Trail,3,81,118,37,37,0.3135593220338983,1.13
2022-07-01,1106,Romero,Aggressive Trail,3,78,86,8,8,0.09302325581395349,0.896
2022-08-01,1106,Romero,Aggressive Trail,3,75,74,-1,1,0.013513513513513514,0.789
2022-09-01,1106,Romero,Aggressive Trail,3,73,49,-24,24,0.4897959183673469,0.783
2022-10-01,1106,Romero,Aggressive Trail,3,51,38,-13,13,0.34210526315789475,0.738
2022-11-01,1106,Romero,Aggressive Trail,3,49,63,14,14,0.2222222222222222,0.906
2022-12-01,1106,Romero,Aggressive Trail,3,37,30,-7,7,0.23333333333333334,0.735
2023-01-01,1106,Romero,Aggressive Trail,3,34,42,8,8,0.19047619047619047,0.767
2023-02-01,1106,Romero,Aggressive Trail,3,45,53,8,8,0.1509433962264151,1.0
2023-03-01,1106,Romero,Aggressive Trail,3,62,68,6,6,0.08823529411764706,1.5
2023-04-01,1106,Romero,Aggressive Trail,3,93,41,-52,52,1.2682926829268293,1.714
2023-05-01,1106,Romero,Aggressive Trail,3,80,87,7,7,0.08045977011494253,1.473
2023-06-01,1106,Romero,Aggressive Trail,3,74,89,15,15,0.16853932584269662,1.13
2023-07-01,1106,Romero,Aggressive Trail,3,65,83,18,18,0.21686746987951808,0.896
2023-08-01,1106,Romero,Aggressive Trail,3,68,90,22,22,0.24444444444444444,0.789
2023-09-01,1106,Romero,Aggressive Trail,3,68,60,-8,8,0.13333333333333333,0.783
2023-10-01,1106,Romero,Aggressive Trail,3,57,51,-6,6,0.11764705882352941,0.738
2023-11-01,1106,Romero,Aggressive Trail,3,61,55,-6,6,0.10909090909090909,0.906
2023-12-01,1106,Romero,Aggressive Trail,3,41,37,-4,4,0.10810810810810811,0.735
2024-01-01,1106,Romero,Aggressive Trail,3,37,46,9,9,0.1956521739130435,0.767
2024-02-01,1106,Romero,Aggressive Trail,3,46,22,-24,24,1.0909090909090908,1.0
2024-03-01,1106,Romero,Aggressive Trail,3,52,48,-4,4,0.08333333333333333,1.5
2024-04-01,1106,Romero,Aggressive Trail,3,66,83,17,17,0.20481927710843373,1.714
2024-05-01,1106,Romero,Aggressive Trail,3,75,89,14,14,0.15730337078651685,1.473
2024-06-01,1106,Romero,Aggressive Trail,3,83,69,-14,14,0.2028985507246377,1.13
2024-07-01,1106,Romero,Aggressive Trail,3,72,66,-6,6,0.09090909090909091,0.896
2024-08-01,1106,Romero,Aggressive Trail,3,59,79,20,20,0.25316455696202533,0.789
2024-09-01,1106,Romero,Aggressive Trail,3,56,51,-5,5,0.09803921568627451,0.783
2024-10-01,1106,Romero,Aggressive Trail,3,48,74,26,26,0.35135135135135137,0.738
2024-11-01,1106,Romero,Aggressive Trail,3,62,56,-6,6,0.10714285714285714,0.906
2024-12-01,1106,Romero,Aggressive Trail,3,44,56,12,12,0.21428571428571427,0.735
2025-01-01,1106,Romero,Aggressive Trail,3,48,45,-3,3,0.06666666666666667,0.767
2025-02-01,1106,Romero,Aggressive Trail,3,52,53,1,1,0.018867924528301886,1.0
2025-03-01,1106,Romero,Aggressive Trail,3,77,61,-16,16,0.26229508196721313,1.5
2025-04-01,1106,Romero,Aggressive Trail,3,91,75,-16,16,0.21333333333333335,1.714
2025-05-01,1106,Romero,Aggressive Trail,3,93,94,1,1,0.010638297872340425,1.473
2025-06-01,1106,Romero,Aggressive Trail,3,87,94,7,7,0.07446808510638298,1.13
2025-07-01,1106,Romero,Aggressive Trail,3,79,88,9,9,0.10227272727272728,0.896
2025-08-01,1106,Romero,Aggressive Trail,3,73,64,-9,9,0.140625,0.789
2025-09-01,1106,Romero,Aggressive Trail,3,64,81,17,17,0.20987654320987653,0.783
2025-10-01,1106,Romero,Aggressive Trail,3,57,27,-30,30,1.1111111111111112,0.738
2025-11-01,1106,Romero,Aggressive Trail,3,52,37,-15,15,0.40540540540540543,0.906
2025-12-01,1106,Romero,Aggressive Trail,3,36,39,3,3,0.07692307692307693,0.735
2022-04-01,1107,Romero,Aggressive Trail,3,91,61,-30,30,0.4918032786885246,1.714
2022-05-01,1107,Romero,Aggressive Trail,3,90,116,26,26,0.22413793103448276,1.473
2022-06-01,1107,Romero,Aggressive Trail,3,87,90,3,3,0.03333333333333333,1.13
2022-07-01,1107,Romero,Aggressive Trail,3,80,77,-3,3,0.03896103896103896,0.896
2022-08-01,1107,Romero,Aggressive Trail,3,74,47,-27,27,0.574468085106383,0.789
2022-09-01,1107,Romero,Aggressive Trail,3,56,43,-13,13,0.3023255813953488,0.783
2022-10-01,1107,Romero,Aggressive Trail,3,41,55,14,14,0.2545454545454545,0.738
2022-11-01,1107,Romero,Aggressive Trail,3,44,38,-6,6,0.15789473684210525,0.906
2022-12-01,1107,Romero,Aggressive Trail,3,33,42,9,9,0.21428571428571427,0.735
2023-01-01,1107,Romero,Aggressive Trail,3,35,23,-12,12,0.5217391304347826,0.767
2023-02-01,1107,Romero,Aggressive Trail,3,34,50,16,16,0.32,1.0
2023-03-01,1107,Romero,Aggressive Trail,3,58,84,26,26,0.30952380952380953,1.5
2023-04-01,1107,Romero,Aggressive Trail,3,90,69,-21,21,0.30434782608695654,1.714
2023-05-01,1107,Romero,Aggressive Trail,3,100,96,-4,4,0.041666666666666664,1.473
2023-06-01,1107,Romero,Aggressive Trail,3,94,92,-2,2,0.021739130434782608,1.13
2023-07-01,1107,Romero,Aggressive Trail,3,77,53,-24,24,0.4528301886792453,0.896
2023-08-01,1107,Romero,Aggressive Trail,3,63,89,26,26,0.29213483146067415,0.789
2023-09-01,1107,Romero,Aggressive Trail,3,61,71,10,10,0.14084507042253522,0.783
2023-10-01,1107,Romero,Aggressive Trail,3,52,50,-2,2,0.04,0.738
2023-11-01,1107,Romero,Aggressive Trail,3,63,35,-28,28,0.8,0.906
2023-12-01,1107,Romero,Aggressive Trail,3,38,59,21,21,0.3559322033898305,0.735
2024-01-01,1107,Romero,Aggressive Trail,3,37,31,-6,6,0.1935483870967742,0.767
2024-02-01,1107,Romero,Aggressive Trail,3,42,52,10,10,0.19230769230769232,1.0
2024-03-01,1107,Romero,Aggressive Trail,3,71,71,0,0,0.0,1.5
2024-04-01,1107,Romero,Aggressive Trail,3,88,100,12,12,0.12,1.714
2024-05-01,1107,Romero,Aggressive Trail,3,109,99,-10,10,0.10101010101010101,1.473
2024-06-01,1107,Romero,Aggressive Trail,3,102,50,-52,52,1.04,1.13
2024-07-01,1107,Romero,Aggressive Trail,3,74,52,-22,22,0.4230769230769231,0.896
2024-08-01,1107,Romero,Aggressive Trail,3,53,84,31,31,0.36904761904761907,0.789
2024-09-01,1107,Romero,Aggressive Trail,3,49,39,-10,10,0.2564102564102564,0.783
2024-10-01,1107,Romero,Aggressive Trail,3,43,76,33,33,0.4342105263157895,0.738
2024-11-01,1107,Romero,Aggressive Trail,3,60,43,-17,17,0.3953488372093023,0.906
2024-12-01,1107,Romero,Aggressive Trail,3,39,30,-9,9,0.3,0.735
2025-01-01,1107,Romero,Aggressive Trail,3,38,41,3,3,0.07317073170731707,0.767
2025-02-01,1107,Romero,Aggressive Trail,3,38,45,7,7,0.15555555555555556,1.0
2025-03-01,1107,Romero,Aggressive Trail,3,58,43,-15,15,0.3488372093023256,1.5
2025-04-01,1107,Romero,Aggressive Trail,3,74,87,13,13,0.14942528735632185,1.714
2025-05-01,1107,Romero,Aggressive Trail,3,86,103,17,17,0.1650485436893204,1.473
2025-06-01,1107,Romero,Aggressive Trail,3,88,77,-11,11,0.14285714285714285,1.13
2025-07-01,1107,Romero,Aggressive Trail,3,80,84,4,4,0.047619047619047616,0.896
2025-08-01,1107,Romero,Aggressive Trail,3,69,59,-10,10,0.1694915254237288,0.789
2025-09-01,1107,Romero,Aggressive Trail,3,57,72,15,15,0.20833333333333334,0.783
2025-10-01,1107,Romero,Aggressive Trail,3,53,36,-17,17,0.4722222222222222,0.738
2025-11-01,1107,Romero,Aggressive Trail,3,50,36,-14,14,0.3888888888888889,0.906
2025-12-01,1107,Romero,Aggressive Trail,3,35,35,0,0,0.0,0.735
2022-04-01,1108,Romero,Aggressive Trail,3,92,74,-18,18,0.24324324324324326,1.714
2022-05-01,1108,Romero,Aggressive Trail,3,95,106,11,11,0.10377358490566038,1.473
2022-06-01,1108,Romero,Aggressive Trail,3,95,60,-35,35,0.5833333333333334,1.13
2022-07-01,1108,Romero,Aggressive Trail,3,72,89,17,17,0.19101123595505617,0.896
2022-08-01,1108,Romero,Aggressive Trail,3,67,47,-20,20,0.425531914893617,0.789
2022-09-01,1108,Romero,Aggressive Trail,3,51,38,-13,13,0.34210526315789475,0.783
2022-10-01,1108,Romero,Aggressive Trail,3,43,58,15,15,0.25862068965517243,0.738
2022-11-01,1108,Romero,Aggressive Trail,3,43,53,10,10,0.18867924528301888,0.906
2022-12-01,1108,Romero,Aggressive Trail,3,36,47,11,11,0.23404255319148937,0.735
2023-01-01,1108,Romero,Aggressive Trail,3,40,32,-8,8,0.25,0.767
2023-02-01,1108,Romero,Aggressive Trail,3,44,52,8,8,0.15384615384615385,1.0
2023-03-01,1108,Romero,Aggressive Trail,3,66,83,17,17,0.20481927710843373,1.5
2023-04-01,1108,Romero,Aggressive Trail,3,95,64,-31,31,0.484375,1.714
2023-05-01,1108,Romero,Aggressive Trail,3,98,81,-17,17,0.20987654320987653,1.473
2023-06-01,1108,Romero,Aggressive Trail,3,86,85,-1,1,0.011764705882352941,1.13
2023-07-01,1108,Romero,Aggressive Trail,3,69,76,7,7,0.09210526315789473,0.896
2023-08-01,1108,Romero,Aggressive Trail,3,64,48,-16,16,0.3333333333333333,0.789
2023-09-01,1108,Romero,Aggressive Trail,3,55,59,4,4,0.06779661016949153,0.783
2023-10-01,1108,Romero,Aggressive Trail,3,45,52,7,7,0.1346153846153846,0.738
2023-11-01,1108,Romero,Aggressive Trail,3,48,48,0,0,0.0,0.906
2023-12-01,1108,Romero,Aggressive Trail,3,39,51,12,12,0.23529411764705882,0.735
2024-01-01,1108,Romero,Aggressive Trail,3,39,49,10,10,0.20408163265306123,0.767
2024-02-01,1108,Romero,Aggressive Trail,3,49,51,2,2,0.0392156862745098,1.0
2024-03-01,1108,Romero,Aggressive Trail,3,76,66,-10,10,0.15151515151515152,1.5
2024-04-01,1108,Romero,Aggressive Trail,3,95,96,1,1,0.010416666666666666,1.714
2024-05-01,1108,Romero,Aggressive Trail,3,105,85,-20,20,0.23529411764705882,1.473
2024-06-01,1108,Romero,Aggressive Trail,3,93,92,-1,1,0.010869565217391304,1.13
2024-07-01,1108,Romero,Aggressive Trail,3,82,93,11,11,0.11827956989247312,0.896
2024-08-01,1108,Romero,Aggressive Trail,3,71,90,19,19,0.2111111111111111,0.789
2024-09-01,1108,Romero,Aggressive Trail,3,72,64,-8,8,0.125,0.783
2024-10-01,1108,Romero,Aggressive Trail,3,61,62,1,1,0.016129032258064516,0.738
2024-11-01,1108,Romero,Aggressive Trail,3,65,43,-22,22,0.5116279069767442,0.906
2024-12-01,1108,Romero,Aggressive Trail,3,41,30,-11,11,0.36666666666666664,0.735
2025-01-01,1108,Romero,Aggressive Trail,3,35,28,-7,7,0.25,0.767
2025-02-01,1108,Romero,Aggressive Trail,3,34,27,-7,7,0.25925925925925924,1.0
2025-03-01,1108,Romero,Aggressive Trail,3,42,70,28,28,0.4,1.5
2025-04-01,1108,Romero,Aggressive Trail,3,71,65,-6,6,0.09230769230769231,1.714
2025-05-01,1108,Romero,Aggressive Trail,3,80,104,24,24,0.23076923076923078,1.473
2025-06-01,1108,Romero,Aggressive Trail,3,90,79,-11,11,0.13924050632911392,1.13
2025-07-01,1108,Romero,Aggressive Trail,3,74,96,22,22,0.22916666666666666,0.896
2025-08-01,1108,Romero,Aggressive Trail,3,73,99,26,26,0.26262626262626265,0.789
2025-09-01,1108,Romero,Aggressive Trail,3,71,56,-15,15,0.26785714285714285,0.783
2025-10-01,1108,Romero,Aggressive Trail,3,62,64,2,2,0.03125,0.738
2025-11-01,1108,Romero,Aggressive Trail,3,66,42,-24,24,0.5714285714285714,0.906
2025-12-01,1108,Romero,Aggressive Trail,3,40,35,-5,5,0.14285714285714285,0.735
2022-04-01,1109,Romero,Aggressive Trail,3,55,50,-5,5,0.1,1.714
2022-05-01,1109,Romero,Aggressive Trail,3,62,69,7,7,0.10144927536231885,1.473
2022-06-01,1109,Romero,Aggressive Trail,3,61,78,17,17,0.21794871794871795,1.13
2022-07-01,1109,Romero,Aggressive Trail,3,59,66,7,7,0.10606060606060606,0.896
2022-08-01,1109,Romero,Aggressive Trail,3,56,69,13,13,0.18840579710144928,0.789
2022-09-01,1109,Romero,Aggressive Trail,3,56,43,-13,13,0.3023255813953488,0.783
2022-10-01,1109,Romero,Aggressive Trail,3,44,37,-7,7,0.1891891891891892,0.738
2022-11-01,1109,Romero,Aggressive Trail,3,45,35,-10,10,0.2857142857142857,0.906
2022-12-01,1109,Romero,Aggressive Trail,3,28,51,23,23,0.45098039215686275,0.735
2023-01-01,1109,Romero,Aggressive Trail,3,31,61,30,30,0.4918032786885246,0.767
2023-02-01,1109,Romero,Aggressive Trail,3,49,46,-3,3,0.06521739130434782,1.0
2023-03-01,1109,Romero,Aggressive Trail,3,79,41,-38,38,0.926829268292683,1.5
2023-04-01,1109,Romero,Aggressive Trail,3,85,53,-32,32,0.6037735849056604,1.714
2023-05-01,1109,Romero,Aggressive Trail,3,69,70,1,1,0.014285714285714285,1.473
2023-06-01,1109,Romero,Aggressive Trail,3,62,71,9,9,0.1267605633802817,1.13
2023-07-01,1109,Romero,Aggressive Trail,3,58,78,20,20,0.2564102564102564,0.896
2023-08-01,1109,Romero,Aggressive Trail,3,58,49,-9,9,0.1836734693877551,0.789
2023-09-01,1109,Romero,Aggressive Trail,3,52,63,11,11,0.1746031746031746,0.783
2023-10-01,1109,Romero,Aggressive Trail,3,47,19,-28,28,1.4736842105263157,0.738
2023-11-01,1109,Romero,Aggressive Trail,3,40,65,25,25,0.38461538461538464,0.906
2023-12-01,1109,Romero,Aggressive Trail,3,36,34,-2,2,0.058823529411764705,0.735
2024-01-01,1109,Romero,Aggressive Trail,3,30,51,21,21,0.4117647058823529,0.767
2024-02-01,1109,Romero,Aggressive Trail,3,50,46,-4,4,0.08695652173913043,1.0
2024-03-01,1109,Romero,Aggressive Trail,3,66,43,-23,23,0.5348837209302325,1.5
2024-04-01,1109,Romero,Aggressive Trail,3,80,97,17,17,0.17525773195876287,1.714
2024-05-01,1109,Romero,Aggressive Trail,3,91,68,-23,23,0.3382352941176471,1.473
2024-06-01,1109,Romero,Aggressive Trail,3,78,75,-3,3,0.04,1.13
2024-07-01,1109,Romero,Aggressive Trail,3,72,93,21,21,0.22580645161290322,0.896
2024-08-01,1109,Romero,Aggressive Trail,3,62,53,-9,9,0.16981132075471697,0.789
2024-09-01,1109,Romero,Aggressive Trail,3,58,55,-3,3,0.05454545454545454,0.783
2024-10-01,1109,Romero,Aggressive Trail,3,49,57,8,8,0.14035087719298245,0.738
2024-11-01,1109,Romero,Aggressive Trail,3,50,46,-4,4,0.08695652173913043,0.906
2024-12-01,1109,Romero,Aggressive Trail,3,39,29,-10,10,0.3448275862068966,0.735
2025-01-01,1109,Romero,Aggressive Trail,3,34,50,16,16,0.32,0.767
2025-02-01,1109,Romero,Aggressive Trail,3,42,59,17,17,0.288135593220339,1.0
2025-03-01,1109,Romero,Aggressive Trail,3,69,48,-21,21,0.4375,1.5
2025-04-01,1109,Romero,Aggressive Trail,3,90,88,-2,2,0.022727272727272728,1.714
2025-05-01,1109,Romero,Aggressive Trail,3,96,79,-17,17,0.21518987341772153,1.473
2025-06-01,1109,Romero,Aggressive Trail,3,81,91,10,10,0.10989010989010989,1.13
2025-07-01,1109,Romero,Aggressive Trail,3,77,59,-18,18,0.3050847457627119,0.896
2025-08-01,1109,Romero,Aggressive Trail,3,60,64,4,4,0.0625,0.789
2025-09-01,1109,Romero,Aggressive Trail,3,56,59,3,3,0.05084745762711865,0.783
2025-10-01,1109,Romero,Aggressive Trail,3,45,41,-4,4,0.0975609756097561,0.738
2025-11-01,1109,Romero,Aggressive Trail,3,50,48,-2,2,0.041666666666666664,0.906
2025-12-01,1109,Romero,Aggressive Trail,3,36,30,-6,6,0.2,0.735
2022-04-01,1110,Romero,Aggressive Trail,3,53,81,28,28,0.345679012345679,1.714
2022-05-01,1110,Romero,Aggressive Trail,3,69,73,4,4,0.0547945205479452,1.473
2022-06-01,1110,Romero,Aggressive Trail,3,75,72,-3,3,0.041666666666666664,1.13
2022-07-01,1110,Romero,Aggressive Trail,3,68,72,4,4,0.05555555555555555,0.896
2022-08-01,1110,Romero,Aggressive Trail,3,57,31,-26,26,0.8387096774193549,0.789
2022-09-01,1110,Romero,Aggressive Trail,3,46,51,5,5,0.09803921568627451,0.783
2022-10-01,1110,Romero,Aggressive Trail,3,38,44,6,6,0.13636363636363635,0.738
2022-11-01,1110,Romero,Aggressive Trail,3,38,49,11,11,0.22448979591836735,0.906
2022-12-01,1110,Romero,Aggressive Trail,3,35,37,2,2,0.05405405405405406,0.735
2023-01-01,1110,Romero,Aggressive Trail,3,33,46,13,13,0.2826086956521739,0.767
2023-02-01,1110,Romero,Aggressive Trail,3,44,15,-29,29,1.9333333333333333,1.0
2023-03-01,1110,Romero,Aggressive Trail,3,49,42,-7,7,0.16666666666666666,1.5
2023-04-01,1110,Romero,Aggressive Trail,3,59,56,-3,3,0.05357142857142857,1.714
2023-05-01,1110,Romero,Aggressive Trail,3,55,71,16,16,0.22535211267605634,1.473
2023-06-01,1110,Romero,Aggressive Trail,3,64,64,0,0,0.0,1.13
2023-07-01,1110,Romero,Aggressive Trail,3,57,52,-5,5,0.09615384615384616,0.896
2023-08-01,1110,Romero,Aggressive Trail,3,49,60,11,11,0.18333333333333332,0.789
2023-09-01,1110,Romero,Aggressive Trail,3,46,62,16,16,0.25806451612903225,0.783
2023-10-01,1110,Romero,Aggressive Trail,3,43,47,4,4,0.0851063829787234,0.738
2023-11-01,1110,Romero,Aggressive Trail,3,51,43,-8,8,0.18604651162790697,0.906
2023-12-01,1110,Romero,Aggressive Trail,3,37,39,2,2,0.05128205128205128,0.735
2024-01-01,1110,Romero,Aggressive Trail,3,33,23,-10,10,0.43478260869565216,0.767
2024-02-01,1110,Romero,Aggressive Trail,3,35,25,-10,10,0.4,1.0
2024-03-01,1110,Romero,Aggressive Trail,3,44,39,-5,5,0.1282051282051282,1.5
2024-04-01,1110,Romero,Aggressive Trail,3,50,59,9,9,0.15254237288135594,1.714
2024-05-01,1110,Romero,Aggressive Trail,3,60,87,27,27,0.3103448275862069,1.473
2024-06-01,1110,Romero,Aggressive Trail,3,70,60,-10,10,0.16666666666666666,1.13
2024-07-01,1110,Romero,Aggressive Trail,3,62,59,-3,3,0.05084745762711865,0.896
2024-08-01,1110,Romero,Aggressive Trail,3,54,70,16,16,0.22857142857142856,0.789
2024-09-01,1110,Romero,Aggressive Trail,3,49,38,-11,11,0.2894736842105263,0.783
2024-10-01,1110,Romero,Aggressive Trail,3,41,42,1,1,0.023809523809523808,0.738
2024-11-01,1110,Romero,Aggressive Trail,3,45,43,-2,2,0.046511627906976744,0.906
2024-12-01,1110,Romero,Aggressive Trail,3,30,36,6,6,0.16666666666666666,0.735
2025-01-01,1110,Romero,Aggressive Trail,3,31,31,0,0,0.0,0.767
2025-02-01,1110,Romero,Aggressive Trail,3,37,42,5,5,0.11904761904761904,1.0
2025-03-01,1110,Romero,Aggressive Trail,3,54,56,2,2,0.03571428571428571,1.5
2025-04-01,1110,Romero,Aggressive Trail,3,74,76,2,2,0.02631578947368421,1.714
2025-05-01,1110,Romero,Aggressive Trail,3,85,59,-26,26,0.4406779661016949,1.473
2025-06-01,1110,Romero,Aggressive Trail,3,72,82,10,10,0.12195121951219512,1.13
2025-07-01,1110,Romero,Aggressive Trail,3,65,94,29,29,0.30851063829787234,0.896
2025-08-01,1110,Romero,Aggressive Trail,3,62,72,10,10,0.1388888888888889,0.789
2025-09-01,1110,Romero,Aggressive Trail,3,65,13,-52,52,4.0,0.783
2025-10-01,1110,Romero,Aggressive Trail,3,44,42,-2,2,0.047619047619047616,0.738
2025-11-01,1110,Romero,Aggressive Trail,3,38,44,6,6,0.13636363636363635,0.906
2025-12-01,1110,Romero,Aggressive Trail,3,24,20,-4,4,0.2,0.735
2022-04-01,1111,Romero,Aggressive Trail,3,63,49,-14,14,0.2857142857142857,1.714
2022-05-01,1111,Romero,Aggressive Trail,3,68,100,32,32,0.32,1.473
2022-06-01,1111,Romero,Aggressive Trail,3,75,82,7,7,0.08536585365853659,1.13
2022-07-01,1111,Romero,Aggressive Trail,3,69,55,-14,14,0.2545454545454545,0.896
2022-08-01,1111,Romero,Aggressive Trail,3,62,59,-3,3,0.05084745762711865,0.789
2022-09-01,1111,Romero,Aggressive Trail,3,51,43,-8,8,0.18604651162790697,0.783
2022-10-01,1111,Romero,Aggressive Trail,3,39,23,-16,16,0.6956521739130435,0.738
2022-11-01,1111,Romero,Aggressive Trail,3,38,39,1,1,0.02564102564102564,0.906
2022-12-01,1111,Romero,Aggressive Trail,3,26,33,7,7,0.21212121212121213,0.735
2023-01-01,1111,Romero,Aggressive Trail,3,24,37,13,13,0.35135135135135137,0.767
2023-02-01,1111,Romero,Aggressive Trail,3,36,29,-7,7,0.2413793103448276,1.0
2023-03-01,1111,Romero,Aggressive Trail,3,50,46,-4,4,0.08695652173913043,1.5
2023-04-01,1111,Romero,Aggressive Trail,3,64,82,18,18,0.21951219512195122,1.714
2023-05-01,1111,Romero,Aggressive Trail,3,77,93,16,16,0.17204301075268819,1.473
2023-06-01,1111,Romero,Aggressive Trail,3,83,72,-11,11,0.1527777777777778,1.13
2023-07-01,1111,Romero,Aggressive Trail,3,74,71,-3,3,0.04225352112676056,0.896
2023-08-01,1111,Romero,Aggressive Trail,3,62,65,3,3,0.046153846153846156,0.789
2023-09-01,1111,Romero,Aggressive Trail,3,54,51,-3,3,0.058823529411764705,0.783
2023-10-01,1111,Romero,Aggressive Trail,3,46,55,9,9,0.16363636363636364,0.738
2023-11-01,1111,Romero,Aggressive Trail,3,52,34,-18,18,0.5294117647058824,0.906
2023-12-01,1111,Romero,Aggressive Trail,3,34,44,10,10,0.22727272727272727,0.735
2024-01-01,1111,Romero,Aggressive Trail,3,34,39,5,5,0.1282051282051282,0.767
2024-02-01,1111,Romero,Aggressive Trail,3,39,43,4,4,0.09302325581395349,1.0
2024-03-01,1111,Romero,Aggressive Trail,3,63,74,11,11,0.14864864864864866,1.5
2024-04-01,1111,Romero,Aggressive Trail,3,89,63,-26,26,0.4126984126984127,1.714
2024-05-01,1111,Romero,Aggressive Trail,3,88,95,7,7,0.07368421052631578,1.473
2024-06-01,1111,Romero,Aggressive Trail,3,87,50,-37,37,0.74,1.13
2024-07-01,1111,Romero,Aggressive Trail,3,62,82,20,20,0.24390243902439024,0.896
2024-08-01,1111,Romero,Aggressive Trail,3,60,68,8,8,0.11764705882352941,0.789
2024-09-01,1111,Romero,Aggressive Trail,3,52,56,4,4,0.07142857142857142,0.783
2024-10-01,1111,Romero,Aggressive Trail,3,51,51,0,0,0.0,0.738
2024-11-01,1111,Romero,Aggressive Trail,3,53,36,-17,17,0.4722222222222222,0.906
2024-12-01,1111,Romero,Aggressive Trail,3,35,31,-4,4,0.12903225806451613,0.735
2025-01-01,1111,Romero,Aggressive Trail,3,30,26,-4,4,0.15384615384615385,0.767
2025-02-01,1111,Romero,Aggressive Trail,3,31,46,15,15,0.32608695652173914,1.0
2025-03-01,1111,Romero,Aggressive Trail,3,52,54,2,2,0.037037037037037035,1.5
2025-04-01,1111,Romero,Aggressive Trail,3,72,78,6,6,0.07692307692307693,1.714
2025-05-01,1111,Romero,Aggressive Trail,3,87,89,2,2,0.02247191011235955,1.473
2025-06-01,1111,Romero,Aggressive Trail,3,83,69,-14,14,0.2028985507246377,1.13
2025-07-01,1111,Romero,Aggressive Trail,3,70,63,-7,7,0.1111111111111111,0.896
2025-08-01,1111,Romero,Aggressive Trail,3,58,56,-2,2,0.03571428571428571,0.789
2025-09-01,1111,Romero,Aggressive Trail,3,49,57,8,8,0.14035087719298245,0.783
2025-10-01,1111,Romero,Aggressive Trail,3,43,42,-1,1,0.023809523809523808,0.738
2025-11-01,1111,Romero,Aggressive Trail,3,47,32,-15,15,0.46875,0.906
2025-12-01,1111,Romero,Aggressive Trail,3,32,40,8,8,0.2,0.735
2022-04-01,1112,Romero,Aggressive Trail,3,70,79,9,9,0.11392405063291139,1.714
2022-05-01,1112,Romero,Aggressive Trail,3,81,71,-10,10,0.14084507042253522,1.473
2022-06-01,1112,Romero,Aggressive Trail,3,83,69,-14,14,0.2028985507246377,1.13
2022-07-01,1112,Romero,Aggressive Trail,3,65,49,-16,16,0.32653061224489793,0.896
2022-08-01,1112,Romero,Aggressive Trail,3,50,60,10,10,0.16666666666666666,0.789
2022-09-01,1112,Romero,Aggressive Trail,3,46,48,2,2,0.041666666666666664,0.783
2022-10-01,1112,Romero,Aggressive Trail,3,39,45,6,6,0.13333333333333333,0.738
2022-11-01,1112,Romero,Aggressive Trail,3,46,39,-7,7,0.1794871794871795,0.906
2022-12-01,1112,Romero,Aggressive Trail,3,32,26,-6,6,0.23076923076923078,0.735
2023-01-01,1112,Romero,Aggressive Trail,3,28,32,4,4,0.125,0.767
2023-02-01,1112,Romero,Aggressive Trail,3,32,29,-3,3,0.10344827586206896,1.0
2023-03-01,1112,Romero,Aggressive Trail,3,44,51,7,7,0.13725490196078433,1.5
2023-04-01,1112,Romero,Aggressive Trail,3,64,59,-5,5,0.0847457627118644,1.714
2023-05-01,1112,Romero,Aggressive Trail,3,68,88,20,20,0.22727272727272727,1.473
2023-06-01,1112,Romero,Aggressive Trail,3,75,74,-1,1,0.013513513513513514,1.13
2023-07-01,1112,Romero,Aggressive Trail,3,66,65,-1,1,0.015384615384615385,0.896
2023-08-01,1112,Romero,Aggressive Trail,3,60,50,-10,10,0.2,0.789
2023-09-01,1112,Romero,Aggressive Trail,3,49,50,1,1,0.02,0.783
2023-10-01,1112,Romero,Aggressive Trail,3,41,33,-8,8,0.24242424242424243,0.738
2023-11-01,1112,Romero,Aggressive Trail,3,40,56,16,16,0.2857142857142857,0.906
2023-12-01,1112,Romero,Aggressive Trail,3,34,29,-5,5,0.1724137931034483,0.735
2024-01-01,1112,Romero,Aggressive Trail,3,30,38,8,8,0.21052631578947367,0.767
2024-02-01,1112,Romero,Aggressive Trail,3,41,36,-5,5,0.1388888888888889,1.0
2024-03-01,1112,Romero,Aggressive Trail,3,52,55,3,3,0.05454545454545454,1.5
2024-04-01,1112,Romero,Aggressive Trail,3,74,84,10,10,0.11904761904761904,1.714
2024-05-01,1112,Romero,Aggressive Trail,3,86,80,-6,6,0.075,1.473
2024-06-01,1112,Romero,Aggressive Trail,3,83,66,-17,17,0.25757575757575757,1.13
2024-07-01,1112,Romero,Aggressive Trail,3,69,62,-7,7,0.11290322580645161,0.896
2024-08-01,1112,Romero,Aggressive Trail,3,55,76,21,21,0.27631578947368424,0.789
2024-09-01,1112,Romero,Aggressive Trail,3,53,43,-10,10,0.23255813953488372,0.783
2024-10-01,1112,Romero,Aggressive Trail,3,45,39,-6,6,0.15384615384615385,0.738
2024-11-01,1112,Romero,Aggressive Trail,3,48,30,-18,18,0.6,0.906
2024-12-01,1112,Romero,Aggressive Trail,3,27,25,-2,2,0.08,0.735
2025-01-01,1112,Romero,Aggressive Trail,3,24,51,27,27,0.5294117647058824,0.767
2025-02-01,1112,Romero,Aggressive Trail,3,35,27,-8,8,0.2962962962962963,1.0
2025-03-01,1112,Romero,Aggressive Trail,3,52,38,-14,14,0.3684210526315789,1.5
2025-04-01,1112,Romero,Aggressive Trail,3,66,98,32,32,0.32653061224489793,1.714
2025-05-01,1112,Romero,Aggressive Trail,3,80,88,8,8,0.09090909090909091,1.473
2025-06-01,1112,Romero,Aggressive Trail,3,84,65,-19,19,0.2923076923076923,1.13
2025-07-01,1112,Romero,Aggressive Trail,3,75,64,-11,11,0.171875,0.896
2025-08-01,1112,Romero,Aggressive Trail,3,57,60,3,3,0.05,0.789
2025-09-01,1112,Romero,Aggressive Trail,3,49,52,3,3,0.057692307692307696,0.783
2025-10-01,1112,Romero,Aggressive Trail,3,43,42,-1,1,0.023809523809523808,0.738
2025-11-01,1112,Romero,Aggressive Trail,3,46,57,11,11,0.19298245614035087,0.906
2025-12-01,1112,Romero,Aggressive Trail,3,37,42,5,5,0.11904761904761904,0.735
2022-04-01,1113,Romero,Aggressive Trail,3,77,49,-28,28,0.5714285714285714,1.714
2022-05-01,1113,Romero,Aggressive Trail,3,73,83,10,10,0.12048192771084337,1.473
2022-06-01,1113,Romero,Aggressive Trail,3,77,85,8,8,0.09411764705882353,1.13
2022-07-01,1113,Romero,Aggressive Trail,3,65,67,2,2,0.029850746268656716,0.896
2022-08-01,1113,Romero,Aggressive Trail,3,62,76,14,14,0.18421052631578946,0.789
2022-09-01,1113,Romero,Aggressive Trail,3,59,62,3,3,0.04838709677419355,0.783
2022-10-01,1113,Romero,Aggressive Trail,3,50,36,-14,14,0.3888888888888889,0.738
2022-11-01,1113,Romero,Aggressive Trail,3,53,42,-11,11,0.2619047619047619,0.906
2022-12-01,1113,Romero,Aggressive Trail,3,34,27,-7,7,0.25925925925925924,0.735
2023-01-01,1113,Romero,Aggressive Trail,3,27,27,0,0,0.0,0.767
2023-02-01,1113,Romero,Aggressive Trail,3,32,23,-9,9,0.391304347826087,1.0
2023-03-01,1113,Romero,Aggressive Trail,3,38,64,26,26,0.40625,1.5
2023-04-01,1113,Romero,Aggressive Trail,3,65,58,-7,7,0.1206896551724138,1.714
2023-05-01,1113,Romero,Aggressive Trail,3,71,95,24,24,0.25263157894736843,1.473
2023-06-01,1113,Romero,Aggressive Trail,3,82,85,3,3,0.03529411764705882,1.13
2023-07-01,1113,Romero,Aggressive Trail,3,71,54,-17,17,0.3148148148148148,0.896
2023-08-01,1113,Romero,Aggressive Trail,3,62,45,-17,17,0.37777777777777777,0.789
2023-09-01,1113,Romero,Aggressive Trail,3,48,66,18,18,0.2727272727272727,0.783
2023-10-01,1113,Romero,Aggressive Trail,3,41,38,-3,3,0.07894736842105263,0.738
2023-11-01,1113,Romero,Aggressive Trail,3,45,50,5,5,0.1,0.906
2023-12-01,1113,Romero,Aggressive Trail,3,38,26,-12,12,0.46153846153846156,0.735
2024-01-01,1113,Romero,Aggressive Trail,3,29,33,4,4,0.12121212121212122,0.767
2024-02-01,1113,Romero,Aggressive Trail,3,36,39,3,3,0.07692307692307693,1.0
2024-03-01,1113,Romero,Aggressive Trail,3,49,53,4,4,0.07547169811320754,1.5
2024-04-01,1113,Romero,Aggressive Trail,3,71,79,8,8,0.10126582278481013,1.714
2024-05-01,1113,Romero,Aggressive Trail,3,84,65,-19,19,0.2923076923076923,1.473
2024-06-01,1113,Romero,Aggressive Trail,3,74,81,7,7,0.08641975308641975,1.13
2024-07-01,1113,Romero,Aggressive Trail,3,67,50,-17,17,0.34,0.896
2024-08-01,1113,Romero,Aggressive Trail,3,52,57,5,5,0.08771929824561403,0.789
2024-09-01,1113,Romero,Aggressive Trail,3,49,32,-17,17,0.53125,0.783
2024-10-01,1113,Romero,Aggressive Trail,3,34,46,12,12,0.2608695652173913,0.738
2024-11-01,1113,Romero,Aggressive Trail,3,41,32,-9,9,0.28125,0.906
2024-12-01,1113,Romero,Aggressive Trail,3,27,47,20,20,0.425531914893617,0.735
2025-01-01,1113,Romero,Aggressive Trail,3,32,47,15,15,0.3191489361702128,0.767
2025-02-01,1113,Romero,Aggressive Trail,3,42,34,-8,8,0.23529411764705882,1.0
2025-03-01,1113,Romero,Aggressive Trail,3,64,72,8,8,0.1111111111111111,1.5
2025-04-01,1113,Romero,Aggressive Trail,3,87,55,-32,32,0.5818181818181818,1.714
2025-05-01,1113,Romero,Aggressive Trail,3,79,96,17,17,0.17708333333333334,1.473
2025-06-01,1113,Romero,Aggressive Trail,3,84,79,-5,5,0.06329113924050633,1.13
2025-07-01,1113,Romero,Aggressive Trail,3,69,92,23,23,0.25,0.896
2025-08-01,1113,Romero,Aggressive Trail,3,70,56,-14,14,0.25,0.789
2025-09-01,1113,Romero,Aggressive Trail,3,59,45,-14,14,0.3111111111111111,0.783
2025-10-01,1113,Romero,Aggressive Trail,3,47,54,7,7,0.12962962962962962,0.738
2025-11-01,1113,Romero,Aggressive Trail,3,47,58,11,11,0.1896551724137931,0.906
2025-12-01,1113,Romero,Aggressive Trail,3,38,43,5,5,0.11627906976744186,0.735
2022-04-01,1114,Romero,Aggressive Trail,3,73,65,-8,8,0.12307692307692308,1.714
2022-05-01,1114,Romero,Aggressive Trail,3,79,104,25,25,0.2403846153846154,1.473
2022-06-01,1114,Romero,Aggressive Trail,3,89,69,-20,20,0.2898550724637681,1.13
2022-07-01,1114,Romero,Aggressive Trail,3,71,45,-26,26,0.5777777777777777,0.896
2022-08-01,1114,Romero,Aggressive Trail,3,57,44,-13,13,0.29545454545454547,0.789
2022-09-01,1114,Romero,Aggressive Trail,3,41,54,13,13,0.24074074074074073,0.783
2022-10-01,1114,Romero,Aggressive Trail,3,35,60,25,25,0.4166666666666667,0.738
2022-11-01,1114,Romero,Aggressive Trail,3,48,46,-2,2,0.043478260869565216,0.906
2022-12-01,1114,Romero,Aggressive Trail,3,39,35,-4,4,0.11428571428571428,0.735
2023-01-01,1114,Romero,Aggressive Trail,3,36,12,-24,24,2.0,0.767
2023-02-01,1114,Romero,Aggressive Trail,3,31,26,-5,5,0.19230769230769232,1.0
2023-03-01,1114,Romero,Aggressive Trail,3,36,37,1,1,0.02702702702702703,1.5
2023-04-01,1114,Romero,Aggressive Trail,3,43,60,17,17,0.2833333333333333,1.714
2023-05-01,1114,Romero,Aggressive Trail,3,60,105,45,45,0.42857142857142855,1.473
2023-06-01,1114,Romero,Aggressive Trail,3,76,65,-11,11,0.16923076923076924,1.13
2023-07-01,1114,Romero,Aggressive Trail,3,69,67,-2,2,0.029850746268656716,0.896
2023-08-01,1114,Romero,Aggressive Trail,3,62,48,-14,14,0.2916666666666667,0.789
2023-09-01,1114,Romero,Aggressive Trail,3,47,44,-3,3,0.06818181818181818,0.783
2023-10-01,1114,Romero,Aggressive Trail,3,39,36,-3,3,0.08333333333333333,0.738
2023-11-01,1114,Romero,Aggressive Trail,3,39,44,5,5,0.11363636363636363,0.906
2023-12-01,1114,Romero,Aggressive Trail,3,30,29,-1,1,0.034482758620689655,0.735
2024-01-01,1114,Romero,Aggressive Trail,3,28,40,12,12,0.3,0.767
2024-02-01,1114,Romero,Aggressive Trail,3,38,26,-12,12,0.46153846153846156,1.0
2024-03-01,1114,Romero,Aggressive Trail,3,48,54,6,6,0.1111111111111111,1.5
2024-04-01,1114,Romero,Aggressive Trail,3,69,68,-1,1,0.014705882352941176,1.714
2024-05-01,1114,Romero,Aggressive Trail,3,73,93,20,20,0.21505376344086022,1.473
2024-06-01,1114,Romero,Aggressive Trail,3,81,108,27,27,0.25,1.13
2024-07-01,1114,Romero,Aggressive Trail,3,80,65,-15,15,0.23076923076923078,0.896
2024-08-01,1114,Romero,Aggressive Trail,3,70,70,0,0,0.0,0.789
2024-09-01,1114,Romero,Aggressive Trail,3,63,76,13,13,0.17105263157894737,0.783
2024-10-01,1114,Romero,Aggressive Trail,3,52,29,-23,23,0.7931034482758621,0.738
2024-11-01,1114,Romero,Aggressive Trail,3,53,43,-10,10,0.23255813953488372,0.906
2024-12-01,1114,Romero,Aggressive Trail,3,36,26,-10,10,0.38461538461538464,0.735
2025-01-01,1114,Romero,Aggressive Trail,3,25,22,-3,3,0.13636363636363635,0.767
2025-02-01,1114,Romero,Aggressive Trail,3,30,29,-1,1,0.034482758620689655,1.0
2025-03-01,1114,Romero,Aggressive Trail,3,38,45,7,7,0.15555555555555556,1.5
2025-04-01,1114,Romero,Aggressive Trail,3,55,69,14,14,0.2028985507246377,1.714
2025-05-01,1114,Romero,Aggressive Trail,3,70,67,-3,3,0.04477611940298507,1.473
2025-06-01,1114,Romero,Aggressive Trail,3,68,63,-5,5,0.07936507936507936,1.13
2025-07-01,1114,Romero,Aggressive Trail,3,59,74,15,15,0.20270270270270271,0.896
2025-08-01,1114,Romero,Aggressive Trail,3,54,69,15,15,0.21739130434782608,0.789
2025-09-01,1114,Romero,Aggressive Trail,3,54,38,-16,16,0.42105263157894735,0.783
2025-10-01,1114,Romero,Aggressive Trail,3,45,38,-7,7,0.18421052631578946,0.738
2025-11-01,1114,Romero,Aggressive Trail,3,44,37,-7,7,0.1891891891891892,0.906
2025-12-01,1114,Romero,Aggressive Trail,3,28,20,-8,8,0.4,0.735
2022-04-01,1115,Romero,Aggressive Trail,3,30,56,26,26,0.4642857142857143,1.714
2022-05-01,1115,Romero,Aggressive Trail,3,42,33,-9,9,0.2727272727272727,1.473
2022-06-01,1115,Romero,Aggressive Trail,3,41,27,-14,14,0.5185185185185185,1.13
2022-07-01,1115,Romero,Aggressive Trail,3,35,46,11,11,0.2391304347826087,0.896
2022-08-01,1115,Romero,Aggressive Trail,3,28,23,-5,5,0.21739130434782608,0.789
2022-09-01,1115,Romero,Aggressive Trail,3,25,18,-7,7,0.3888888888888889,0.783
2022-10-01,1115,Romero,Aggressive Trail,3,21,17,-4,4,0.23529411764705882,0.738
2022-11-01,1115,Romero,Aggressive Trail,3,18,16,-2,2,0.125,0.906
2022-12-01,1115,Romero,Aggressive Trail,3,12,16,4,4,0.25,0.735
2023-01-01,1115,Romero,Aggressive Trail,3,13,19,6,6,0.3157894736842105,0.767
2023-02-01,1115,Romero,Aggressive Trail,3,17,25,8,8,0.32,1.0
2023-03-01,1115,Romero,Aggressive Trail,3,30,17,-13,13,0.7647058823529411,1.5
2023-04-01,1115,Romero,Aggressive Trail,3,35,26,-9,9,0.34615384615384615,1.714
2023-05-01,1115,Romero,Aggressive Trail,3,33,44,11,11,0.25,1.473
2023-06-01,1115,Romero,Aggressive Trail,3,33,33,0,0,0.0,1.13
2023-07-01,1115,Romero,Aggressive Trail,3,31,15,-16,16,1.0666666666666667,0.896
2023-08-01,1115,Romero,Aggressive Trail,3,24,19,-5,5,0.2631578947368421,0.789
2023-09-01,1115,Romero,Aggressive Trail,3,17,25,8,8,0.32,0.783
2023-10-01,1115,Romero,Aggressive Trail,3,15,30,15,15,0.5,0.738
2023-11-01,1115,Romero,Aggressive Trail,3,22,19,-3,3,0.15789473684210525,0.906
2023-12-01,1115,Romero,Aggressive Trail,3,18,16,-2,2,0.125,0.735
2024-01-01,1115,Romero,Aggressive Trail,3,17,19,2,2,0.10526315789473684,0.767
2024-02-01,1115,Romero,Aggressive Trail,3,18,15,-3,3,0.2,1.0
2024-03-01,1115,Romero,Aggressive Trail,3,25,30,5,5,0.16666666666666666,1.5
2024-04-01,1115,Romero,Aggressive Trail,3,37,31,-6,6,0.1935483870967742,1.714
2024-05-01,1115,Romero,Aggressive Trail,3,37,24,-13,13,0.5416666666666666,1.473
2024-06-01,1115,Romero,Aggressive Trail,3,32,21,-11,11,0.5238095238095238,1.13
2024-07-01,1115,Romero,Aggressive Trail,3,23,23,0,0,0.0,0.896
2024-08-01,1115,Romero,Aggressive Trail,3,18,41,23,23,0.5609756097560976,0.789
2024-09-01,1115,Romero,Aggressive Trail,3,22,20,-2,2,0.1,0.783
2024-10-01,1115,Romero,Aggressive Trail,3,21,10,-11,11,1.1,0.738
2024-11-01,1115,Romero,Aggressive Trail,3,21,28,7,7,0.25,0.906
2024-12-01,1115,Romero,Aggressive Trail,3,14,20,6,6,0.3,0.735
2025-01-01,1115,Romero,Aggressive Trail,3,15,17,2,2,0.11764705882352941,0.767
2025-02-01,1115,Romero,Aggressive Trail,3,22,16,-6,6,0.375,1.0
2025-03-01,1115,Romero,Aggressive Trail,3,26,29,3,3,0.10344827586206896,1.5
2025-04-01,1115,Romero,Aggressive Trail,3,35,40,5,5,0.125,1.714
2025-05-01,1115,Romero,Aggressive Trail,3,42,54,12,12,0.2222222222222222,1.473
2025-06-01,1115,Romero,Aggressive Trail,3,46,26,-20,20,0.7692307692307693,1.13
2025-07-01,1115,Romero,Aggressive Trail,3,36,26,-10,10,0.38461538461538464,0.896
2025-08-01,1115,Romero,Aggressive Trail,3,28,21,-7,7,0.3333333333333333,0.789
2025-09-01,1115,Romero,Aggressive Trail,3,19,18,-1,1,0.05555555555555555,0.783
2025-10-01,1115,Romero,Aggressive Trail,3,16,22,6,6,0.2727272727272727,0.738
2025-11-01,1115,Romero,Aggressive Trail,3,18,35,17,17,0.4857142857142857,0.906
2025-12-01,1115,Romero,Aggressive Trail,3,18,6,-12,12,2.0,0.735
2022-04-01,1116,Romero,Aggressive Trail,3,43,21,-22,22,1.0476190476190477,1.714
2022-05-01,1116,Romero,Aggressive Trail,3,40,31,-9,9,0.2903225806451613,1.473
2022-06-01,1116,Romero,Aggressive Trail,3,33,30,-3,3,0.1,1.13
2022-07-01,1116,Romero,Aggressive Trail,3,24,37,13,13,0.35135135135135137,0.896
2022-08-01,1116,Romero,Aggressive Trail,3,26,19,-7,7,0.3684210526315789,0.789
2022-09-01,1116,Romero,Aggressive Trail,3,22,15,-7,7,0.4666666666666667,0.783
2022-10-01,1116,Romero,Aggressive Trail,3,17,35,18,18,0.5142857142857142,0.738
2022-11-01,1116,Romero,Aggressive Trail,3,21,28,7,7,0.25,0.906
2022-12-01,1116,Romero,Aggressive Trail,3,19,39,20,20,0.5128205128205128,0.735
2023-01-01,1116,Romero,Aggressive Trail,3,26,19,-7,7,0.3684210526315789,0.767
2023-02-01,1116,Romero,Aggressive Trail,3,29,12,-17,17,1.4166666666666667,1.0
2023-03-01,1116,Romero,Aggressive Trail,3,35,26,-9,9,0.34615384615384615,1.5
2023-04-01,1116,Romero,Aggressive Trail,3,33,29,-4,4,0.13793103448275862,1.714
2023-05-01,1116,Romero,Aggressive Trail,3,33,41,8,8,0.1951219512195122,1.473
2023-06-01,1116,Romero,Aggressive Trail,3,36,32,-4,4,0.125,1.13
2023-07-01,1116,Romero,Aggressive Trail,3,30,21,-9,9,0.42857142857142855,0.896
2023-08-01,1116,Romero,Aggressive Trail,3,25,22,-3,3,0.13636363636363635,0.789
2023-09-01,1116,Romero,Aggressive Trail,3,20,22,2,2,0.09090909090909091,0.783
2023-10-01,1116,Romero,Aggressive Trail,3,16,26,10,10,0.38461538461538464,0.738
2023-11-01,1116,Romero,Aggressive Trail,3,21,15,-6,6,0.4,0.906
2023-12-01,1116,Romero,Aggressive Trail,3,15,3,-12,12,4.0,0.735
2024-01-01,1116,Romero,Aggressive Trail,3,11,28,17,17,0.6071428571428571,0.767
2024-02-01,1116,Romero,Aggressive Trail,3,15,18,3,3,0.16666666666666666,1.0
2024-03-01,1116,Romero,Aggressive Trail,3,24,18,-6,6,0.3333333333333333,1.5
2024-04-01,1116,Romero,Aggressive Trail,3,37,24,-13,13,0.5416666666666666,1.714
2024-05-01,1116,Romero,Aggressive Trail,3,29,33,4,4,0.12121212121212122,1.473
2024-06-01,1116,Romero,Aggressive Trail,3,28,42,14,14,0.3333333333333333,1.13
2024-07-01,1116,Romero,Aggressive Trail,3,30,60,30,30,0.5,0.896
2024-08-01,1116,Romero,Aggressive Trail,3,36,33,-3,3,0.09090909090909091,0.789
2024-09-01,1116,Romero,Aggressive Trail,3,35,22,-13,13,0.5909090909090909,0.783
2024-10-01,1116,Romero,Aggressive Trail,3,28,17,-11,11,0.6470588235294118,0.738
2024-11-01,1116,Romero,Aggressive Trail,3,22,28,6,6,0.21428571428571427,0.906
2024-12-01,1116,Romero,Aggressive Trail,3,16,22,6,6,0.2727272727272727,0.735
2025-01-01,1116,Romero,Aggressive Trail,3,17,15,-2,2,0.13333333333333333,0.767
2025-02-01,1116,Romero,Aggressive Trail,3,22,23,1,1,0.043478260869565216,1.0
2025-03-01,1116,Romero,Aggressive Trail,3,30,22,-8,8,0.36363636363636365,1.5
2025-04-01,1116,Romero,Aggressive Trail,3,34,36,2,2,0.05555555555555555,1.714
2025-05-01,1116,Romero,Aggressive Trail,3,40,41,1,1,0.024390243902439025,1.473
2025-06-01,1116,Romero,Aggressive Trail,3,37,37,0,0,0.0,1.13
2025-07-01,1116,Romero,Aggressive Trail,3,34,32,-2,2,0.0625,0.896
2025-08-01,1116,Romero,Aggressive Trail,3,29,22,-7,7,0.3181818181818182,0.789
2025-09-01,1116,Romero,Aggressive Trail,3,24,31,7,7,0.22580645161290322,0.783
2025-10-01,1116,Romero,Aggressive Trail,3,21,21,0,0,0.0,0.738
2025-11-01,1116,Romero,Aggressive Trail,3,22,22,0,0,0.0,0.906
2025-12-01,1116,Romero,Aggressive Trail,3,18,21,3,3,0.14285714285714285,0.735
2022-04-01,1117,Romero,Aggressive Trail,3,34,32,-2,2,0.0625,1.714
2022-05-01,1117,Romero,Aggressive Trail,3,39,38,-1,1,0.02631578947368421,1.473
2022-06-01,1117,Romero,Aggressive Trail,3,37,22,-15,15,0.6818181818181818,1.13
2022-07-01,1117,Romero,Aggressive Trail,3,27,30,3,3,0.1,0.896
2022-08-01,1117,Romero,Aggressive Trail,3,24,30,6,6,0.2,0.789
2022-09-01,1117,Romero,Aggressive Trail,3,21,27,6,6,0.2222222222222222,0.783
2022-10-01,1117,Romero,Aggressive Trail,3,21,19,-2,2,0.10526315789473684,0.738
2022-11-01,1117,Romero,Aggressive Trail,3,23,40,17,17,0.425,0.906
2022-12-01,1117,Romero,Aggressive Trail,3,21,22,1,1,0.045454545454545456,0.735
2023-01-01,1117,Romero,Aggressive Trail,3,21,12,-9,9,0.75,0.767
2023-02-01,1117,Romero,Aggressive Trail,3,25,25,0,0,0.0,1.0
2023-03-01,1117,Romero,Aggressive Trail,3,30,43,13,13,0.3023255813953488,1.5
2023-04-01,1117,Romero,Aggressive Trail,3,46,39,-7,7,0.1794871794871795,1.714
2023-05-01,1117,Romero,Aggressive Trail,3,53,36,-17,17,0.4722222222222222,1.473
2023-06-01,1117,Romero,Aggressive Trail,3,44,32,-12,12,0.375,1.13
2023-07-01,1117,Romero,Aggressive Trail,3,32,26,-6,6,0.23076923076923078,0.896
2023-08-01,1117,Romero,Aggressive Trail,3,25,33,8,8,0.24242424242424243,0.789
2023-09-01,1117,Romero,Aggressive Trail,3,24,20,-4,4,0.2,0.783
2023-10-01,1117,Romero,Aggressive Trail,3,19,32,13,13,0.40625,0.738
2023-11-01,1117,Romero,Aggressive Trail,3,26,13,-13,13,1.0,0.906
2023-12-01,1117,Romero,Aggressive Trail,3,16,18,2,2,0.1111111111111111,0.735
2024-01-01,1117,Romero,Aggressive Trail,3,16,11,-5,5,0.45454545454545453,0.767
2024-02-01,1117,Romero,Aggressive Trail,3,14,22,8,8,0.36363636363636365,1.0
2024-03-01,1117,Romero,Aggressive Trail,3,26,44,18,18,0.4090909090909091,1.5
2024-04-01,1117,Romero,Aggressive Trail,3,44,47,3,3,0.06382978723404255,1.714
2024-05-01,1117,Romero,Aggressive Trail,3,55,32,-23,23,0.71875,1.473
2024-06-01,1117,Romero,Aggressive Trail,3,46,45,-1,1,0.022222222222222223,1.13
2024-07-01,1117,Romero,Aggressive Trail,3,37,51,14,14,0.27450980392156865,0.896
2024-08-01,1117,Romero,Aggressive Trail,3,34,33,-1,1,0.030303030303030304,0.789
2024-09-01,1117,Romero,Aggressive Trail,3,34,30,-4,4,0.13333333333333333,0.783
2024-10-01,1117,Romero,Aggressive Trail,3,28,24,-4,4,0.16666666666666666,0.738
2024-11-01,1117,Romero,Aggressive Trail,3,26,25,-1,1,0.04,0.906
2024-12-01,1117,Romero,Aggressive Trail,3,19,20,1,1,0.05,0.735
2025-01-01,1117,Romero,Aggressive Trail,3,18,9,-9,9,1.0,0.767
2025-02-01,1117,Romero,Aggressive Trail,3,18,9,-9,9,1.0,1.0
2025-03-01,1117,Romero,Aggressive Trail,3,19,30,11,11,0.36666666666666664,1.5
2025-04-01,1117,Romero,Aggressive Trail,3,27,32,5,5,0.15625,1.714
2025-05-01,1117,Romero,Aggressive Trail,3,35,48,13,13,0.2708333333333333,1.473
2025-06-01,1117,Romero,Aggressive Trail,3,41,28,-13,13,0.4642857142857143,1.13
2025-07-01,1117,Romero,Aggressive Trail,3,32,37,5,5,0.13513513513513514,0.896
2025-08-01,1117,Romero,Aggressive Trail,3,30,25,-5,5,0.2,0.789
2025-09-01,1117,Romero,Aggressive Trail,3,23,25,2,2,0.08,0.783
2025-10-01,1117,Romero,Aggressive Trail,3,21,19,-2,2,0.10526315789473684,0.738
2025-11-01,1117,Romero,Aggressive Trail,3,21,23,2,2,0.08695652173913043,0.906
2025-12-01,1117,Romero,Aggressive Trail,3,16,12,-4,4,0.3333333333333333,0.735
2022-04-01,1118,Romero,Aggressive Trail,3,27,42,15,15,0.35714285714285715,1.714
2022-05-01,1118,Romero,Aggressive Trail,3,41,39,-2,2,0.05128205128205128,1.473
2022-06-01,1118,Romero,Aggressive Trail,3,41,55,14,14,0.2545454545454545,1.13
2022-07-01,1118,Romero,Aggressive Trail,3,41,42,1,1,0.023809523809523808,0.896
2022-08-01,1118,Romero,Aggressive Trail,3,36,24,-12,12,0.5,0.789
2022-09-01,1118,Romero,Aggressive Trail,3,32,26,-6,6,0.23076923076923078,0.783
2022-10-01,1118,Romero,Aggressive Trail,3,23,8,-15,15,1.875,0.738
2022-11-01,1118,Romero,Aggressive Trail,3,18,22,4,4,0.18181818181818182,0.906
2022-12-01,1118,Romero,Aggressive Trail,3,14,31,17,17,0.5483870967741935,0.735
2023-01-01,1118,Romero,Aggressive Trail,3,16,10,-6,6,0.6,0.767
2023-02-01,1118,Romero,Aggressive Trail,3,21,7,-14,14,2.0,1.0
2023-03-01,1118,Romero,Aggressive Trail,3,24,19,-5,5,0.2631578947368421,1.5
2023-04-01,1118,Romero,Aggressive Trail,3,21,23,2,2,0.08695652173913043,1.714
2023-05-01,1118,Romero,Aggressive Trail,3,24,19,-5,5,0.2631578947368421,1.473
2023-06-01,1118,Romero,Aggressive Trail,3,23,17,-6,6,0.35294117647058826,1.13
2023-07-01,1118,Romero,Aggressive Trail,3,18,51,33,33,0.6470588235294118,0.896
2023-08-01,1118,Romero,Aggressive Trail,3,23,19,-4,4,0.21052631578947367,0.789
2023-09-01,1118,Romero,Aggressive Trail,3,23,38,15,15,0.39473684210526316,0.783
2023-10-01,1118,Romero,Aggressive Trail,3,27,19,-8,8,0.42105263157894735,0.738
2023-11-01,1118,Romero,Aggressive Trail,3,23,30,7,7,0.23333333333333334,0.906
2023-12-01,1118,Romero,Aggressive Trail,3,21,23,2,2,0.08695652173913043,0.735
2024-01-01,1118,Romero,Aggressive Trail,3,18,8,-10,10,1.25,0.767
2024-02-01,1118,Romero,Aggressive Trail,3,20,22,2,2,0.09090909090909091,1.0
2024-03-01,1118,Romero,Aggressive Trail,3,26,15,-11,11,0.7333333333333333,1.5
2024-04-01,1118,Romero,Aggressive Trail,3,26,50,24,24,0.48,1.714
2024-05-01,1118,Romero,Aggressive Trail,3,43,33,-10,10,0.30303030303030304,1.473
2024-06-01,1118,Romero,Aggressive Trail,3,37,37,0,0,0.0,1.13
2024-07-01,1118,Romero,Aggressive Trail,3,36,31,-5,5,0.16129032258064516,0.896
2024-08-01,1118,Romero,Aggressive Trail,3,27,33,6,6,0.18181818181818182,0.789
2024-09-01,1118,Romero,Aggressive Trail,3,26,24,-2,2,0.08333333333333333,0.783
2024-10-01,1118,Romero,Aggressive Trail,3,22,24,2,2,0.08333333333333333,0.738
2024-11-01,1118,Romero,Aggressive Trail,3,24,32,8,8,0.25,0.906
2024-12-01,1118,Romero,Aggressive Trail,3,20,10,-10,10,1.0,0.735
2025-01-01,1118,Romero,Aggressive Trail,3,17,19,2,2,0.10526315789473684,0.767
2025-02-01,1118,Romero,Aggressive Trail,3,20,16,-4,4,0.25,1.0
2025-03-01,1118,Romero,Aggressive Trail,3,22,14,-8,8,0.5714285714285714,1.5
2025-04-01,1118,Romero,Aggressive Trail,3,28,30,2,2,0.06666666666666667,1.714
2025-05-01,1118,Romero,Aggressive Trail,3,29,34,5,5,0.14705882352941177,1.473
2025-06-01,1118,Romero,Aggressive Trail,3,29,37,8,8,0.21621621621621623,1.13
2025-07-01,1118,Romero,Aggressive Trail,3,30,17,-13,13,0.7647058823529411,0.896
2025-08-01,1118,Romero,Aggressive Trail,3,23,31,8,8,0.25806451612903225,0.789
2025-09-01,1118,Romero,Aggressive Trail,3,22,25,3,3,0.12,0.783
2025-10-01,1118,Romero,Aggressive Trail,3,18,21,3,3,0.14285714285714285,0.738
2025-11-01,1118,Romero,Aggressive Trail,3,23,32,9,9,0.28125,0.906
2025-12-01,1118,Romero,Aggressive Trail,3,19,14,-5,5,0.35714285714285715,0.735
2022-04-01,1119,Romero,Aggressive Trail,3,33,23,-10,10,0.43478260869565216,1.714
2022-05-01,1119,Romero,Aggressive Trail,3,34,49,15,15,0.30612244897959184,1.473
2022-06-01,1119,Romero,Aggressive Trail,3,41,38,-3,3,0.07894736842105263,1.13
2022-07-01,1119,Romero,Aggressive Trail,3,33,20,-13,13,0.65,0.896
2022-08-01,1119,Romero,Aggressive Trail,3,28,23,-5,5,0.21739130434782608,0.789
2022-09-01,1119,Romero,Aggressive Trail,3,21,31,10,10,0.3225806451612903,0.783
2022-10-01,1119,Romero,Aggressive Trail,3,18,15,-3,3,0.2,0.738
2022-11-01,1119,Romero,Aggressive Trail,3,21,29,8,8,0.27586206896551724,0.906
2022-12-01,1119,Romero,Aggressive Trail,3,18,28,10,10,0.35714285714285715,0.735
2023-01-01,1119,Romero,Aggressive Trail,3,18,16,-2,2,0.125,0.767
2023-02-01,1119,Romero,Aggressive Trail,3,24,27,3,3,0.1111111111111111,1.0
2023-03-01,1119,Romero,Aggressive Trail,3,36,14,-22,22,1.5714285714285714,1.5
2023-04-01,1119,Romero,Aggressive Trail,3,33,28,-5,5,0.17857142857142858,1.714
2023-05-01,1119,Romero,Aggressive Trail,3,34,44,10,10,0.22727272727272727,1.473
2023-06-01,1119,Romero,Aggressive Trail,3,32,37,5,5,0.13513513513513514,1.13
2023-07-01,1119,Romero,Aggressive Trail,3,33,25,-8,8,0.32,0.896
2023-08-01,1119,Romero,Aggressive Trail,3,28,37,9,9,0.24324324324324326,0.789
2023-09-01,1119,Romero,Aggressive Trail,3,26,26,0,0,0.0,0.783
2023-10-01,1119,Romero,Aggressive Trail,3,22,26,4,4,0.15384615384615385,0.738
2023-11-01,1119,Romero,Aggressive Trail,3,27,23,-4,4,0.17391304347826086,0.906
2023-12-01,1119,Romero,Aggressive Trail,3,18,13,-5,5,0.38461538461538464,0.735
2024-01-01,1119,Romero,Aggressive Trail,3,16,11,-5,5,0.45454545454545453,0.767
2024-02-01,1119,Romero,Aggressive Trail,3,16,7,-9,9,1.2857142857142858,1.0
2024-03-01,1119,Romero,Aggressive Trail,3,16,18,2,2,0.1111111111111111,1.5
2024-04-01,1119,Romero,Aggressive Trail,3,21,26,5,5,0.19230769230769232,1.714
2024-05-01,1119,Romero,Aggressive Trail,3,25,33,8,8,0.24242424242424243,1.473
2024-06-01,1119,Romero,Aggressive Trail,3,29,56,27,27,0.48214285714285715,1.13
2024-07-01,1119,Romero,Aggressive Trail,3,34,28,-6,6,0.21428571428571427,0.896
2024-08-01,1119,Romero,Aggressive Trail,3,31,25,-6,6,0.24,0.789
2024-09-01,1119,Romero,Aggressive Trail,3,28,8,-20,20,2.5,0.783
2024-10-01,1119,Romero,Aggressive Trail,3,15,17,2,2,0.11764705882352941,0.738
2024-11-01,1119,Romero,Aggressive Trail,3,15,16,1,1,0.0625,0.906
2024-12-01,1119,Romero,Aggressive Trail,3,10,25,15,15,0.6,0.735
2025-01-01,1119,Romero,Aggressive Trail,3,15,13,-2,2,0.15384615384615385,0.767
2025-02-01,1119,Romero,Aggressive Trail,3,18,20,2,2,0.1,1.0
2025-03-01,1119,Romero,Aggressive Trail,3,29,24,-5,5,0.20833333333333334,1.5
2025-04-01,1119,Romero,Aggressive Trail,3,33,31,-2,2,0.06451612903225806,1.714
2025-05-01,1119,Romero,Aggressive Trail,3,37,38,1,1,0.02631578947368421,1.473
2025-06-01,1119,Romero,Aggressive Trail,3,35,35,0,0,0.0,1.13
2025-07-01,1119,Romero,Aggressive Trail,3,31,35,4,4,0.11428571428571428,0.896
2025-08-01,1119,Romero,Aggressive Trail,3,28,29,1,1,0.034482758620689655,0.789
2025-09-01,1119,Romero,Aggressive Trail,3,26,35,9,9,0.2571428571428571,0.783
2025-10-01,1119,Romero,Aggressive Trail,3,24,28,4,4,0.14285714285714285,0.738
2025-11-01,1119,Romero,Aggressive Trail,3,28,16,-12,12,0.75,0.906
2025-12-01,1119,Romero,Aggressive Trail,3,19,16,-3,3,0.1875,0.735
2022-04-01,1120,Romero,Aggressive Trail,3,31,52,21,21,0.40384615384615385,1.714
2022-05-01,1120,Romero,Aggressive Trail,3,46,29,-17,17,0.5862068965517241,1.473
2022-06-01,1120,Romero,Aggressive Trail,3,41,49,8,8,0.16326530612244897,1.13
2022-07-01,1120,Romero,Aggressive Trail,3,39,19,-20,20,1.0526315789473684,0.896
2022-08-01,1120,Romero,Aggressive Trail,3,26,42,16,16,0.38095238095238093,0.789
2022-09-01,1120,Romero,Aggressive Trail,3,29,17,-12,12,0.7058823529411765,0.783
2022-10-01,1120,Romero,Aggressive Trail,3,19,28,9,9,0.32142857142857145,0.738
2022-11-01,1120,Romero,Aggressive Trail,3,26,16,-10,10,0.625,0.906
2022-12-01,1120,Romero,Aggressive Trail,3,15,17,2,2,0.11764705882352941,0.735
2023-01-01,1120,Romero,Aggressive Trail,3,16,5,-11,11,2.2,0.767
2023-02-01,1120,Romero,Aggressive Trail,3,13,34,21,21,0.6176470588235294,1.0
2023-03-01,1120,Romero,Aggressive Trail,3,28,32,4,4,0.125,1.5
2023-04-01,1120,Romero,Aggressive Trail,3,41,58,17,17,0.29310344827586204,1.714
2023-05-01,1120,Romero,Aggressive Trail,3,61,64,3,3,0.046875,1.473
2023-06-01,1120,Romero,Aggressive Trail,3,58,33,-25,25,0.7575757575757576,1.13
2023-07-01,1120,Romero,Aggressive Trail,3,46,27,-19,19,0.7037037037037037,0.896
2023-08-01,1120,Romero,Aggressive Trail,3,33,24,-9,9,0.375,0.789
2023-09-01,1120,Romero,Aggressive Trail,3,22,28,6,6,0.21428571428571427,0.783
2023-10-01,1120,Romero,Aggressive Trail,3,19,19,0,0,0.0,0.738
2023-11-01,1120,Romero,Aggressive Trail,3,21,16,-5,5,0.3125,0.906
2023-12-01,1120,Romero,Aggressive Trail,3,15,17,2,2,0.11764705882352941,0.735
2024-01-01,1120,Romero,Aggressive Trail,3,13,7,-6,6,0.8571428571428571,0.767
2024-02-01,1120,Romero,Aggressive Trail,3,13,28,15,15,0.5357142857142857,1.0
2024-03-01,1120,Romero,Aggressive Trail,3,26,24,-2,2,0.08333333333333333,1.5
2024-04-01,1120,Romero,Aggressive Trail,3,34,48,14,14,0.2916666666666667,1.714
2024-05-01,1120,Romero,Aggressive Trail,3,49,56,7,7,0.125,1.473
2024-06-01,1120,Romero,Aggressive Trail,3,48,26,-22,22,0.8461538461538461,1.13
2024-07-01,1120,Romero,Aggressive Trail,3,39,51,12,12,0.23529411764705882,0.896
2024-08-01,1120,Romero,Aggressive Trail,3,35,20,-15,15,0.75,0.789
2024-09-01,1120,Romero,Aggressive Trail,3,25,20,-5,5,0.25,0.783
2024-10-01,1120,Romero,Aggressive Trail,3,22,32,10,10,0.3125,0.738
2024-11-01,1120,Romero,Aggressive Trail,3,22,31,9,9,0.2903225806451613,0.906
2024-12-01,1120,Romero,Aggressive Trail,3,20,14,-6,6,0.42857142857142855,0.735
2025-01-01,1120,Romero,Aggressive Trail,3,20,13,-7,7,0.5384615384615384,0.767
2025-02-01,1120,Romero,Aggressive Trail,3,19,15,-4,4,0.26666666666666666,1.0
2025-03-01,1120,Romero,Aggressive Trail,3,21,27,6,6,0.2222222222222222,1.5
2025-04-01,1120,Romero,Aggressive Trail,3,31,28,-3,3,0.10714285714285714,1.714
2025-05-01,1120,Romero,Aggressive Trail,3,34,50,16,16,0.32,1.473
2025-06-01,1120,Romero,Aggressive Trail,3,40,28,-12,12,0.42857142857142855,1.13
2025-07-01,1120,Romero,Aggressive Trail,3,32,48,16,16,0.3333333333333333,0.896
2025-08-01,1120,Romero,Aggressive Trail,3,33,47,14,14,0.2978723404255319,0.789
2025-09-01,1120,Romero,Aggressive Trail,3,32,20,-12,12,0.6,0.783
2025-10-01,1120,Romero,Aggressive Trail,3,28,10,-18,18,1.8,0.738
2025-11-01,1120,Romero,Aggressive Trail,3,23,16,-7,7,0.4375,0.906
2025-12-01,1120,Romero,Aggressive Trail,3,11,24,13,13,0.5416666666666666,0.735
2022-04-01,1121,Oracle,Enduro,3,6,13,7,7,0.5384615384615384,1.714
2022-05-01,1121,Oracle,Enduro,3,11,2,-9,9,4.5,1.473
2022-06-01,1121,Oracle,Enduro,3,8,15,7,7,0.4666666666666667,1.13
2022-07-01,1121,Oracle,Enduro,3,9,0,-9,9,,0.896
2022-08-01,1121,Oracle,Enduro,3,4,4,0,0,0.0,0.789
2022-09-01,1121,Oracle,Enduro,3,5,4,-1,1,0.25,0.783
2022-10-01,1121,Oracle,Enduro,3,2,8,6,6,0.75,0.738
2022-11-01,1121,Oracle,Enduro,3,5,5,0,0,0.0,0.906
2022-12-01,1121,Oracle,Enduro,3,4,6,2,2,0.3333333333333333,0.735
2023-01-01,1121,Oracle,Enduro,3,5,5,0,0,0.0,0.767
2023-02-01,1121,Oracle,Enduro,3,5,5,0,0,0.0,1.0
2023-03-01,1121,Oracle,Enduro,3,8,4,-4,4,1.0,1.5
2023-04-01,1121,Oracle,Enduro,3,8,16,8,8,0.5,1.714
2023-05-01,1121,Oracle,Enduro,3,12,10,-2,2,0.2,1.473
2023-06-01,1121,Oracle,Enduro,3,11,0,-11,11,,1.13
2023-07-01,1121,Oracle,Enduro,3,8,8,0,0,0.0,0.896
2023-08-01,1121,Oracle,Enduro,3,5,8,3,3,0.375,0.789
2023-09-01,1121,Oracle,Enduro,3,4,3,-1,1,0.3333333333333333,0.783
2023-10-01,1121,Oracle,Enduro,3,5,3,-2,2,0.6666666666666666,0.738
2023-11-01,1121,Oracle,Enduro,3,4,3,-1,1,0.3333333333333333,0.906
2023-12-01,1121,Oracle,Enduro,3,2,0,-2,2,,0.735
2024-01-01,1121,Oracle,Enduro,3,2,0,-2,2,,0.767
2024-02-01,1121,Oracle,Enduro,3,1,4,3,3,0.75,1.0
2024-03-01,1121,Oracle,Enduro,3,2,2,0,0,0.0,1.5
2024-04-01,1121,Oracle,Enduro,3,3,5,2,2,0.4,1.714
2024-05-01,1121,Oracle,Enduro,3,5,15,10,10,0.6666666666666666,1.473
2024-06-01,1121,Oracle,Enduro,3,8,12,4,4,0.3333333333333333,1.13
2024-07-01,1121,Oracle,Enduro,3,10,17,7,7,0.4117647058823529,0.896
2024-08-01,1121,Oracle,Enduro,3,12,5,-7,7,1.4,0.789
2024-09-01,1121,Oracle,Enduro,3,9,2,-7,7,3.5,0.783
2024-10-01,1121,Oracle,Enduro,3,6,8,2,2,0.25,0.738
2024-11-01,1121,Oracle,Enduro,3,5,5,0,0,0.0,0.906
2024-12-01,1121,Oracle,Enduro,3,4,6,2,2,0.3333333333333333,0.735
2025-01-01,1121,Oracle,Enduro,3,5,0,-5,5,,0.767
2025-02-01,1121,Oracle,Enduro,3,4,8,4,4,0.5,1.0
2025-03-01,1121,Oracle,Enduro,3,7,4,-3,3,0.75,1.5
2025-04-01,1121,Oracle,Enduro,3,7,0,-7,7,,1.714
2025-05-01,1121,Oracle,Enduro,3,6,11,5,5,0.45454545454545453,1.473
2025-06-01,1121,Oracle,Enduro,3,6,7,1,1,0.14285714285714285,1.13
2025-07-01,1121,Oracle,Enduro,3,5,15,10,10,0.6666666666666666,0.896
2025-08-01,1121,Oracle,Enduro,3,9,6,-3,3,0.5,0.789
2025-09-01,1121,Oracle,Enduro,3,7,6,-1,1,0.16666666666666666,0.783
2025-10-01,1121,Oracle,Enduro,3,7,9,2,2,0.2222222222222222,0.738
2025-11-01,1121,Oracle,Enduro,3,6,1,-5,5,5.0,0.906
2025-12-01,1121,Oracle,Enduro,3,4,5,1,1,0.2,0.735
2022-04-01,1122,Oracle,Enduro,3,3,9,6,6,0.6666666666666666,1.714
2022-05-01,1122,Oracle,Enduro,3,7,4,-3,3,0.75,1.473
2022-06-01,1122,Oracle,Enduro,3,7,4,-3,3,0.75,1.13
2022-07-01,1122,Oracle,Enduro,3,5,12,7,7,0.5833333333333334,0.896
2022-08-01,1122,Oracle,Enduro,3,5,1,-4,4,4.0,0.789
2022-09-01,1122,Oracle,Enduro,3,4,0,-4,4,,0.783
2022-10-01,1122,Oracle,Enduro,3,3,2,-1,1,0.5,0.738
2022-11-01,1122,Oracle,Enduro,3,1,0,-1,1,,0.906
2022-12-01,1122,Oracle,Enduro,3,0,5,5,5,1.0,0.735
2023-01-01,1122,Oracle,Enduro,3,2,10,8,8,0.8,0.767
2023-02-01,1122,Oracle,Enduro,3,5,10,5,5,0.5,1.0
2023-03-01,1122,Oracle,Enduro,3,12,8,-4,4,0.5,1.5
2023-04-01,1122,Oracle,Enduro,3,16,3,-13,13,4.333333333333333,1.714
2023-05-01,1122,Oracle,Enduro,3,10,15,5,5,0.3333333333333333,1.473
2023-06-01,1122,Oracle,Enduro,3,10,8,-2,2,0.25,1.13
2023-07-01,1122,Oracle,Enduro,3,8,3,-5,5,1.6666666666666667,0.896
2023-08-01,1122,Oracle,Enduro,3,7,7,0,0,0.0,0.789
2023-09-01,1122,Oracle,Enduro,3,5,2,-3,3,1.5,0.783
2023-10-01,1122,Oracle,Enduro,3,3,4,1,1,0.25,0.738
2023-11-01,1122,Oracle,Enduro,3,4,4,0,0,0.0,0.906
2023-12-01,1122,Oracle,Enduro,3,2,5,3,3,0.6,0.735
2024-01-01,1122,Oracle,Enduro,3,3,8,5,5,0.625,0.767
2024-02-01,1122,Oracle,Enduro,3,6,7,1,1,0.14285714285714285,1.0
2024-03-01,1122,Oracle,Enduro,3,10,5,-5,5,1.0,1.5
2024-04-01,1122,Oracle,Enduro,3,11,10,-1,1,0.1,1.714
2024-05-01,1122,Oracle,Enduro,3,11,5,-6,6,1.2,1.473
2024-06-01,1122,Oracle,Enduro,3,8,4,-4,4,1.0,1.13
2024-07-01,1122,Oracle,Enduro,3,6,14,8,8,0.5714285714285714,0.896
2024-08-01,1122,Oracle,Enduro,3,6,12,6,6,0.5,0.789
2024-09-01,1122,Oracle,Enduro,3,8,5,-3,3,0.6,0.783
2024-10-01,1122,Oracle,Enduro,3,8,2,-6,6,3.0,0.738
2024-11-01,1122,Oracle,Enduro,3,6,2,-4,4,2.0,0.906
2024-12-01,1122,Oracle,Enduro,3,2,6,4,4,0.6666666666666666,0.735
2025-01-01,1122,Oracle,Enduro,3,3,0,-3,3,,0.767
2025-02-01,1122,Oracle,Enduro,3,3,4,1,1,0.25,1.0
2025-03-01,1122,Oracle,Enduro,3,5,8,3,3,0.375,1.5
2025-04-01,1122,Oracle,Enduro,3,7,5,-2,2,0.4,1.714
2025-05-01,1122,Oracle,Enduro,3,8,7,-1,1,0.14285714285714285,1.473
2025-06-01,1122,Oracle,Enduro,3,8,2,-6,6,3.0,1.13
2025-07-01,1122,Oracle,Enduro,3,4,4,0,0,0.0,0.896
2025-08-01,1122,Oracle,Enduro,3,3,1,-2,2,2.0,0.789
2025-09-01,1122,Oracle,Enduro,3,2,2,0,0,0.0,0.783
2025-10-01,1122,Oracle,Enduro,3,2,5,3,3,0.6,0.738
2025-11-01,1122,Oracle,Enduro,3,2,1,-1,1,1.0,0.906
2025-12-01,1122,Oracle,Enduro,3,2,0,-2,2,,0.735
2022-04-01,1123,Oracle,Enduro,3,7,9,2,2,0.2222222222222222,1.714
2022-05-01,1123,Oracle,Enduro,3,7,12,5,5,0.4166666666666667,1.473
2022-06-01,1123,Oracle,Enduro,3,9,14,5,5,0.35714285714285715,1.13
2022-07-01,1123,Oracle,Enduro,3,10,10,0,0,0.0,0.896
2022-08-01,1123,Oracle,Enduro,3,9,0,-9,9,,0.789
2022-09-01,1123,Oracle,Enduro,3,6,10,4,4,0.4,0.783
2022-10-01,1123,Oracle,Enduro,3,5,3,-2,2,0.6666666666666666,0.738
2022-11-01,1123,Oracle,Enduro,3,4,4,0,0,0.0,0.906
2022-12-01,1123,Oracle,Enduro,3,4,3,-1,1,0.3333333333333333,0.735
2023-01-01,1123,Oracle,Enduro,3,3,1,-2,2,2.0,0.767
2023-02-01,1123,Oracle,Enduro,3,3,10,7,7,0.7,1.0
2023-03-01,1123,Oracle,Enduro,3,7,8,1,1,0.125,1.5
2023-04-01,1123,Oracle,Enduro,3,11,12,1,1,0.08333333333333333,1.714
2023-05-01,1123,Oracle,Enduro,3,15,21,6,6,0.2857142857142857,1.473
2023-06-01,1123,Oracle,Enduro,3,15,15,0,0,0.0,1.13
2023-07-01,1123,Oracle,Enduro,3,14,5,-9,9,1.8,0.896
2023-08-01,1123,Oracle,Enduro,3,11,3,-8,8,2.6666666666666665,0.789
2023-09-01,1123,Oracle,Enduro,3,6,10,4,4,0.4,0.783
2023-10-01,1123,Oracle,Enduro,3,4,13,9,9,0.6923076923076923,0.738
2023-11-01,1123,Oracle,Enduro,3,8,10,2,2,0.2,0.906
2023-12-01,1123,Oracle,Enduro,3,8,1,-7,7,7.0,0.735
2024-01-01,1123,Oracle,Enduro,3,6,3,-3,3,1.0,0.767
2024-02-01,1123,Oracle,Enduro,3,5,4,-1,1,0.25,1.0
2024-03-01,1123,Oracle,Enduro,3,4,5,1,1,0.2,1.5
2024-04-01,1123,Oracle,Enduro,3,7,12,5,5,0.4166666666666667,1.714
2024-05-01,1123,Oracle,Enduro,3,10,8,-2,2,0.25,1.473
2024-06-01,1123,Oracle,Enduro,3,9,11,2,2,0.18181818181818182,1.13
2024-07-01,1123,Oracle,Enduro,3,9,5,-4,4,0.8,0.896
2024-08-01,1123,Oracle,Enduro,3,6,3,-3,3,1.0,0.789
2024-09-01,1123,Oracle,Enduro,3,5,6,1,1,0.16666666666666666,0.783
2024-10-01,1123,Oracle,Enduro,3,3,0,-3,3,,0.738
2024-11-01,1123,Oracle,Enduro,3,3,6,3,3,0.5,0.906
2024-12-01,1123,Oracle,Enduro,3,3,0,-3,3,,0.735
2025-01-01,1123,Oracle,Enduro,3,2,1,-1,1,1.0,0.767
2025-02-01,1123,Oracle,Enduro,3,2,6,4,4,0.6666666666666666,1.0
2025-03-01,1123,Oracle,Enduro,3,4,0,-4,4,,1.5
2025-04-01,1123,Oracle,Enduro,3,4,8,4,4,0.5,1.714
2025-05-01,1123,Oracle,Enduro,3,7,2,-5,5,2.5,1.473
2025-06-01,1123,Oracle,Enduro,3,4,16,12,12,0.75,1.13
2025-07-01,1123,Oracle,Enduro,3,8,6,-2,2,0.3333333333333333,0.896
2025-08-01,1123,Oracle,Enduro,3,6,5,-1,1,0.2,0.789
2025-09-01,1123,Oracle,Enduro,3,7,1,-6,6,6.0,0.783
2025-10-01,1123,Oracle,Enduro,3,3,12,9,9,0.75,0.738
2025-11-01,1123,Oracle,Enduro,3,5,5,0,0,0.0,0.906
2025-12-01,1123,Oracle,Enduro,3,4,3,-1,1,0.3333333333333333,0.735
2022-04-01,1124,Oracle,Enduro,3,7,5,-2,2,0.4,1.714
2022-05-01,1124,Oracle,Enduro,3,6,9,3,3,0.3333333333333333,1.473
2022-06-01,1124,Oracle,Enduro,3,6,12,6,6,0.5,1.13
2022-07-01,1124,Oracle,Enduro,3,8,11,3,3,0.2727272727272727,0.896
2022-08-01,1124,Oracle,Enduro,3,8,1,-7,7,7.0,0.789
2022-09-01,1124,Oracle,Enduro,3,6,3,-3,3,1.0,0.783
2022-10-01,1124,Oracle,Enduro,3,4,4,0,0,0.0,0.738
2022-11-01,1124,Oracle,Enduro,3,2,6,4,4,0.6666666666666666,0.906
2022-12-01,1124,Oracle,Enduro,3,3,1,-2,2,2.0,0.735
2023-01-01,1124,Oracle,Enduro,3,3,4,1,1,0.25,0.767
2023-02-01,1124,Oracle,Enduro,3,4,8,4,4,0.5,1.0
2023-03-01,1124,Oracle,Enduro,3,6,8,2,2,0.25,1.5
2023-04-01,1124,Oracle,Enduro,3,11,3,-8,8,2.6666666666666665,1.714
2023-05-01,1124,Oracle,Enduro,3,9,4,-5,5,1.25,1.473
2023-06-01,1124,Oracle,Enduro,3,6,3,-3,3,1.0,1.13
2023-07-01,1124,Oracle,Enduro,3,3,2,-1,1,0.5,0.896
2023-08-01,1124,Oracle,Enduro,3,2,1,-1,1,1.0,0.789
2023-09-01,1124,Oracle,Enduro,3,2,9,7,7,0.7777777777777778,0.783
2023-10-01,1124,Oracle,Enduro,3,3,2,-1,1,0.5,0.738
2023-11-01,1124,Oracle,Enduro,3,4,2,-2,2,1.0,0.906
2023-12-01,1124,Oracle,Enduro,3,3,3,0,0,0.0,0.735
2024-01-01,1124,Oracle,Enduro,3,2,1,-1,1,1.0,0.767
2024-02-01,1124,Oracle,Enduro,3,2,9,7,7,0.7777777777777778,1.0
2024-03-01,1124,Oracle,Enduro,3,6,16,10,10,0.625,1.5
2024-04-01,1124,Oracle,Enduro,3,15,10,-5,5,0.5,1.714
2024-05-01,1124,Oracle,Enduro,3,17,12,-5,5,0.4166666666666667,1.473
2024-06-01,1124,Oracle,Enduro,3,14,4,-10,10,2.5,1.13
2024-07-01,1124,Oracle,Enduro,3,8,9,1,1,0.1111111111111111,0.896
2024-08-01,1124,Oracle,Enduro,3,7,7,0,0,0.0,0.789
2024-09-01,1124,Oracle,Enduro,3,5,1,-4,4,4.0,0.783
2024-10-01,1124,Oracle,Enduro,3,4,9,5,5,0.5555555555555556,0.738
2024-11-01,1124,Oracle,Enduro,3,5,2,-3,3,1.5,0.906
2024-12-01,1124,Oracle,Enduro,3,3,7,4,4,0.5714285714285714,0.735
2025-01-01,1124,Oracle,Enduro,3,5,6,1,1,0.16666666666666666,0.767
2025-02-01,1124,Oracle,Enduro,3,5,2,-3,3,1.5,1.0
2025-03-01,1124,Oracle,Enduro,3,8,5,-3,3,0.6,1.5
2025-04-01,1124,Oracle,Enduro,3,7,2,-5,5,2.5,1.714
2025-05-01,1124,Oracle,Enduro,3,4,14,10,10,0.7142857142857143,1.473
2025-06-01,1124,Oracle,Enduro,3,8,7,-1,1,0.14285714285714285,1.13
2025-07-01,1124,Oracle,Enduro,3,7,6,-1,1,0.16666666666666666,0.896
2025-08-01,1124,Oracle,Enduro,3,7,11,4,4,0.36363636363636365,0.789
2025-09-01,1124,Oracle,Enduro,3,6,8,2,2,0.25,0.783
2025-10-01,1124,Oracle,Enduro,3,6,0,-6,6,,0.738
2025-11-01,1124,Oracle,Enduro,3,6,2,-4,4,2.0,0.906
2025-12-01,1124,Oracle,Enduro,3,2,4,2,2,0.5,0.735
2022-04-01,1125,Oracle,Enduro,3,7,4,-3,3,0.75,1.714
2022-05-01,1125,Oracle,Enduro,3,8,7,-1,1,0.14285714285714285,1.473
2022-06-01,1125,Oracle,Enduro,3,8,9,1,1,0.1111111111111111,1.13
2022-07-01,1125,Oracle,Enduro,3,6,12,6,6,0.5,0.896
2022-08-01,1125,Oracle,Enduro,3,7,10,3,3,0.3,0.789
2022-09-01,1125,Oracle,Enduro,3,8,9,1,1,0.1111111111111111,0.783
2022-10-01,1125,Oracle,Enduro,3,8,6,-2,2,0.3333333333333333,0.738
2022-11-01,1125,Oracle,Enduro,3,8,13,5,5,0.38461538461538464,0.906
2022-12-01,1125,Oracle,Enduro,3,7,6,-1,1,0.16666666666666666,0.735
2023-01-01,1125,Oracle,Enduro,3,6,0,-6,6,,0.767
2023-02-01,1125,Oracle,Enduro,3,6,1,-5,5,5.0,1.0
2023-03-01,1125,Oracle,Enduro,3,4,9,5,5,0.5555555555555556,1.5
2023-04-01,1125,Oracle,Enduro,3,6,1,-5,5,5.0,1.714
2023-05-01,1125,Oracle,Enduro,3,5,7,2,2,0.2857142857142857,1.473
2023-06-01,1125,Oracle,Enduro,3,6,9,3,3,0.3333333333333333,1.13
2023-07-01,1125,Oracle,Enduro,3,5,5,0,0,0.0,0.896
2023-08-01,1125,Oracle,Enduro,3,6,2,-4,4,2.0,0.789
2023-09-01,1125,Oracle,Enduro,3,4,6,2,2,0.3333333333333333,0.783
2023-10-01,1125,Oracle,Enduro,3,3,0,-3,3,,0.738
2023-11-01,1125,Oracle,Enduro,3,2,9,7,7,0.7777777777777778,0.906
2023-12-01,1125,Oracle,Enduro,3,4,5,1,1,0.2,0.735
2024-01-01,1125,Oracle,Enduro,3,4,1,-3,3,3.0,0.767
2024-02-01,1125,Oracle,Enduro,3,5,3,-2,2,0.6666666666666666,1.0
2024-03-01,1125,Oracle,Enduro,3,4,16,12,12,0.75,1.5
2024-04-01,1125,Oracle,Enduro,3,11,3,-8,8,2.6666666666666665,1.714
2024-05-01,1125,Oracle,Enduro,3,11,4,-7,7,1.75,1.473
2024-06-01,1125,Oracle,Enduro,3,9,10,1,1,0.1,1.13
2024-07-01,1125,Oracle,Enduro,3,5,11,6,6,0.5454545454545454,0.896
2024-08-01,1125,Oracle,Enduro,3,7,9,2,2,0.2222222222222222,0.789
2024-09-01,1125,Oracle,Enduro,3,8,3,-5,5,1.6666666666666667,0.783
2024-10-01,1125,Oracle,Enduro,3,6,7,1,1,0.14285714285714285,0.738
2024-11-01,1125,Oracle,Enduro,3,6,13,7,7,0.5384615384615384,0.906
2024-12-01,1125,Oracle,Enduro,3,6,4,-2,2,0.5,0.735
2025-01-01,1125,Oracle,Enduro,3,6,1,-5,5,5.0,0.767
2025-02-01,1125,Oracle,Enduro,3,6,13,7,7,0.5384615384615384,1.0
2025-03-01,1125,Oracle,Enduro,3,9,0,-9,9,,1.5
2025-04-01,1125,Oracle,Enduro,3,8,9,1,1,0.1111111111111111,1.714
2025-05-01,1125,Oracle,Enduro,3,11,12,1,1,0.08333333333333333,1.473
2025-06-01,1125,Oracle,Enduro,3,8,5,-3,3,0.6,1.13
2025-07-01,1125,Oracle,Enduro,3,8,2,-6,6,3.0,0.896
2025-08-01,1125,Oracle,Enduro,3,5,10,5,5,0.5,0.789
2025-09-01,1125,Oracle,Enduro,3,4,8,4,4,0.5,0.783
2025-10-01,1125,Oracle,Enduro,3,5,9,4,4,0.4444444444444444,0.738
2025-11-01,1125,Oracle,Enduro,3,8,0,-8,8,,0.906
2025-12-01,1125,Oracle,Enduro,3,4,2,-2,2,1.0,0.735
2022-04-01,1126,Oracle,Enduro,3,3,13,10,10,0.7692307692307693,1.714
2022-05-01,1126,Oracle,Enduro,3,9,19,10,10,0.5263157894736842,1.473
2022-06-01,1126,Oracle,Enduro,3,14,9,-5,5,0.5555555555555556,1.13
2022-07-01,1126,Oracle,Enduro,3,12,8,-4,4,0.5,0.896
2022-08-01,1126,Oracle,Enduro,3,9,8,-1,1,0.125,0.789
2022-09-01,1126,Oracle,Enduro,3,7,2,-5,5,2.5,0.783
2022-10-01,1126,Oracle,Enduro,3,4,1,-3,3,3.0,0.738
2022-11-01,1126,Oracle,Enduro,3,3,7,4,4,0.5714285714285714,0.906
2022-12-01,1126,Oracle,Enduro,3,2,4,2,2,0.5,0.735
2023-01-01,1126,Oracle,Enduro,3,3,7,4,4,0.5714285714285714,0.767
2023-02-01,1126,Oracle,Enduro,3,6,8,2,2,0.25,1.0
2023-03-01,1126,Oracle,Enduro,3,10,6,-4,4,0.6666666666666666,1.5
2023-04-01,1126,Oracle,Enduro,3,12,11,-1,1,0.09090909090909091,1.714
2023-05-01,1126,Oracle,Enduro,3,12,1,-11,11,11.0,1.473
2023-06-01,1126,Oracle,Enduro,3,7,13,6,6,0.46153846153846156,1.13
2023-07-01,1126,Oracle,Enduro,3,7,9,2,2,0.2222222222222222,0.896
2023-08-01,1126,Oracle,Enduro,3,6,1,-5,5,5.0,0.789
2023-09-01,1126,Oracle,Enduro,3,6,9,3,3,0.3333333333333333,0.783
2023-10-01,1126,Oracle,Enduro,3,5,0,-5,5,,0.738
2023-11-01,1126,Oracle,Enduro,3,3,1,-2,2,2.0,0.906
2023-12-01,1126,Oracle,Enduro,3,2,1,-1,1,1.0,0.735
2024-01-01,1126,Oracle,Enduro,3,1,3,2,2,0.6666666666666666,0.767
2024-02-01,1126,Oracle,Enduro,3,2,5,3,3,0.6,1.0
2024-03-01,1126,Oracle,Enduro,3,4,7,3,3,0.42857142857142855,1.5
2024-04-01,1126,Oracle,Enduro,3,9,18,9,9,0.5,1.714
2024-05-01,1126,Oracle,Enduro,3,15,6,-9,9,1.5,1.473
2024-06-01,1126,Oracle,Enduro,3,12,11,-1,1,0.09090909090909091,1.13
2024-07-01,1126,Oracle,Enduro,3,10,8,-2,2,0.25,0.896
2024-08-01,1126,Oracle,Enduro,3,7,0,-7,7,,0.789
2024-09-01,1126,Oracle,Enduro,3,5,5,0,0,0.0,0.783
2024-10-01,1126,Oracle,Enduro,3,3,5,2,2,0.4,0.738
2024-11-01,1126,Oracle,Enduro,3,3,3,0,0,0.0,0.906
2024-12-01,1126,Oracle,Enduro,3,3,5,2,2,0.4,0.735
2025-01-01,1126,Oracle,Enduro,3,3,0,-3,3,,0.767
2025-02-01,1126,Oracle,Enduro,3,3,6,3,3,0.5,1.0
2025-03-01,1126,Oracle,Enduro,3,6,0,-6,6,,1.5
2025-04-01,1126,Oracle,Enduro,3,3,2,-1,1,0.5,1.714
2025-05-01,1126,Oracle,Enduro,3,4,3,-1,1,0.3333333333333333,1.473
2025-06-01,1126,Oracle,Enduro,3,2,6,4,4,0.6666666666666666,1.13
2025-07-01,1126,Oracle,Enduro,3,3,14,11,11,0.7857142857142857,0.896
2025-08-01,1126,Oracle,Enduro,3,6,5,-1,1,0.2,0.789
2025-09-01,1126,Oracle,Enduro,3,7,3,-4,4,1.3333333333333333,0.783
2025-10-01,1126,Oracle,Enduro,3,5,6,1,1,0.16666666666666666,0.738
2025-11-01,1126,Oracle,Enduro,3,4,6,2,2,0.3333333333333333,0.906
2025-12-01,1126,Oracle,Enduro,3,4,3,-1,1,0.3333333333333333,0.735
2022-04-01,1127,Oracle,Enduro,3,21,33,12,12,0.36363636363636365,1.714
2022-05-01,1127,Oracle,Enduro,3,30,33,3,3,0.09090909090909091,1.473
2022-06-01,1127,Oracle,Enduro,3,32,34,2,2,0.058823529411764705,1.13
2022-07-01,1127,Oracle,Enduro,3,30,22,-8,8,0.36363636363636365,0.896
2022-08-01,1127,Oracle,Enduro,3,23,9,-14,14,1.5555555555555556,0.789
2022-09-01,1127,Oracle,Enduro,3,17,11,-6,6,0.5454545454545454,0.783
2022-10-01,1127,Oracle,Enduro,3,10,8,-2,2,0.25,0.738
2022-11-01,1127,Oracle,Enduro,3,8,11,3,3,0.2727272727272727,0.906
2022-12-01,1127,Oracle,Enduro,3,7,6,-1,1,0.16666666666666666,0.735
2023-01-01,1127,Oracle,Enduro,3,6,8,2,2,0.25,0.767
2023-02-01,1127,Oracle,Enduro,3,8,13,5,5,0.38461538461538464,1.0
2023-03-01,1127,Oracle,Enduro,3,14,7,-7,7,1.0,1.5
2023-04-01,1127,Oracle,Enduro,3,16,16,0,0,0.0,1.714
2023-05-01,1127,Oracle,Enduro,3,18,28,10,10,0.35714285714285715,1.473
2023-06-01,1127,Oracle,Enduro,3,19,22,3,3,0.13636363636363635,1.13
2023-07-01,1127,Oracle,Enduro,3,20,31,11,11,0.3548387096774194,0.896
2023-08-01,1127,Oracle,Enduro,3,21,16,-5,5,0.3125,0.789
2023-09-01,1127,Oracle,Enduro,3,18,15,-3,3,0.2,0.783
2023-10-01,1127,Oracle,Enduro,3,15,19,4,4,0.21052631578947367,0.738
2023-11-01,1127,Oracle,Enduro,3,15,13,-2,2,0.15384615384615385,0.906
2023-12-01,1127,Oracle,Enduro,3,12,8,-4,4,0.5,0.735
2024-01-01,1127,Oracle,Enduro,3,10,12,2,2,0.16666666666666666,0.767
2024-02-01,1127,Oracle,Enduro,3,11,25,14,14,0.56,1.0
2024-03-01,1127,Oracle,Enduro,3,22,14,-8,8,0.5714285714285714,1.5
2024-04-01,1127,Oracle,Enduro,3,29,26,-3,3,0.11538461538461539,1.714
2024-05-01,1127,Oracle,Enduro,3,32,43,11,11,0.2558139534883721,1.473
2024-06-01,1127,Oracle,Enduro,3,31,25,-6,6,0.24,1.13
2024-07-01,1127,Oracle,Enduro,3,28,22,-6,6,0.2727272727272727,0.896
2024-08-01,1127,Oracle,Enduro,3,24,20,-4,4,0.2,0.789
2024-09-01,1127,Oracle,Enduro,3,17,6,-11,11,1.8333333333333333,0.783
2024-10-01,1127,Oracle,Enduro,3,12,12,0,0,0.0,0.738
2024-11-01,1127,Oracle,Enduro,3,11,11,0,0,0.0,0.906
2024-12-01,1127,Oracle,Enduro,3,7,12,5,5,0.4166666666666667,0.735
2025-01-01,1127,Oracle,Enduro,3,9,11,2,2,0.18181818181818182,0.767
2025-02-01,1127,Oracle,Enduro,3,11,15,4,4,0.26666666666666666,1.0
2025-03-01,1127,Oracle,Enduro,3,19,25,6,6,0.24,1.5
2025-04-01,1127,Oracle,Enduro,3,29,16,-13,13,0.8125,1.714
2025-05-01,1127,Oracle,Enduro,3,27,23,-4,4,0.17391304347826086,1.473
2025-06-01,1127,Oracle,Enduro,3,24,19,-5,5,0.2631578947368421,1.13
2025-07-01,1127,Oracle,Enduro,3,17,19,2,2,0.10526315789473684,0.896
2025-08-01,1127,Oracle,Enduro,3,16,17,1,1,0.058823529411764705,0.789
2025-09-01,1127,Oracle,Enduro,3,14,23,9,9,0.391304347826087,0.783
2025-10-01,1127,Oracle,Enduro,3,15,17,2,2,0.11764705882352941,0.738
2025-11-01,1127,Oracle,Enduro,3,17,29,12,12,0.41379310344827586,0.906
2025-12-01,1127,Oracle,Enduro,3,17,11,-6,6,0.5454545454545454,0.735
2022-04-01,1128,Oracle,Enduro,3,35,30,-5,5,0.16666666666666666,1.714
2022-05-01,1128,Oracle,Enduro,3,28,19,-9,9,0.47368421052631576,1.473
2022-06-01,1128,Oracle,Enduro,3,24,34,10,10,0.29411764705882354,1.13
2022-07-01,1128,Oracle,Enduro,3,25,14,-11,11,0.7857142857142857,0.896
2022-08-01,1128,Oracle,Enduro,3,18,10,-8,8,0.8,0.789
2022-09-01,1128,Oracle,Enduro,3,15,18,3,3,0.16666666666666666,0.783
2022-10-01,1128,Oracle,Enduro,3,10,30,20,20,0.6666666666666666,0.738
2022-11-01,1128,Oracle,Enduro,3,18,20,2,2,0.1,0.906
2022-12-01,1128,Oracle,Enduro,3,17,15,-2,2,0.13333333333333333,0.735
2023-01-01,1128,Oracle,Enduro,3,17,7,-10,10,1.4285714285714286,0.767
2023-02-01,1128,Oracle,Enduro,3,14,5,-9,9,1.8,1.0
2023-03-01,1128,Oracle,Enduro,3,14,34,20,20,0.5882352941176471,1.5
2023-04-01,1128,Oracle,Enduro,3,26,22,-4,4,0.18181818181818182,1.714
2023-05-01,1128,Oracle,Enduro,3,30,23,-7,7,0.30434782608695654,1.473
2023-06-01,1128,Oracle,Enduro,3,30,19,-11,11,0.5789473684210527,1.13
2023-07-01,1128,Oracle,Enduro,3,19,26,7,7,0.2692307692307692,0.896
2023-08-01,1128,Oracle,Enduro,3,18,18,0,0,0.0,0.789
2023-09-01,1128,Oracle,Enduro,3,16,15,-1,1,0.06666666666666667,0.783
2023-10-01,1128,Oracle,Enduro,3,15,17,2,2,0.11764705882352941,0.738
2023-11-01,1128,Oracle,Enduro,3,15,22,7,7,0.3181818181818182,0.906
2023-12-01,1128,Oracle,Enduro,3,13,7,-6,6,0.8571428571428571,0.735
2024-01-01,1128,Oracle,Enduro,3,12,20,8,8,0.4,0.767
2024-02-01,1128,Oracle,Enduro,3,16,25,9,9,0.36,1.0
2024-03-01,1128,Oracle,Enduro,3,26,6,-20,20,3.3333333333333335,1.5
2024-04-01,1128,Oracle,Enduro,3,29,27,-2,2,0.07407407407407407,1.714
2024-05-01,1128,Oracle,Enduro,3,28,40,12,12,0.3,1.473
2024-06-01,1128,Oracle,Enduro,3,28,9,-19,19,2.111111111111111,1.13
2024-07-01,1128,Oracle,Enduro,3,23,22,-1,1,0.045454545454545456,0.896
2024-08-01,1128,Oracle,Enduro,3,19,41,22,22,0.5365853658536586,0.789
2024-09-01,1128,Oracle,Enduro,3,19,9,-10,10,1.1111111111111112,0.783
2024-10-01,1128,Oracle,Enduro,3,18,18,0,0,0.0,0.738
2024-11-01,1128,Oracle,Enduro,3,21,4,-17,17,4.25,0.906
2024-12-01,1128,Oracle,Enduro,3,8,2,-6,6,3.0,0.735
2025-01-01,1128,Oracle,Enduro,3,6,1,-5,5,5.0,0.767
2025-02-01,1128,Oracle,Enduro,3,2,16,14,14,0.875,1.0
2025-03-01,1128,Oracle,Enduro,3,10,13,3,3,0.23076923076923078,1.5
2025-04-01,1128,Oracle,Enduro,3,17,20,3,3,0.15,1.714
2025-05-01,1128,Oracle,Enduro,3,24,23,-1,1,0.043478260869565216,1.473
2025-06-01,1128,Oracle,Enduro,3,21,29,8,8,0.27586206896551724,1.13
2025-07-01,1128,Oracle,Enduro,3,22,11,-11,11,1.0,0.896
2025-08-01,1128,Oracle,Enduro,3,17,25,8,8,0.32,0.789
2025-09-01,1128,Oracle,Enduro,3,17,19,2,2,0.10526315789473684,0.783
2025-10-01,1128,Oracle,Enduro,3,14,11,-3,3,0.2727272727272727,0.738
2025-11-01,1128,Oracle,Enduro,3,17,10,-7,7,0.7,0.906
2025-12-01,1128,Oracle,Enduro,3,10,10,0,0,0.0,0.735
2022-04-01,1129,Oracle,Enduro,3,31,38,7,7,0.18421052631578946,1.714
2022-05-01,1129,Oracle,Enduro,3,43,29,-14,14,0.4827586206896552,1.473
2022-06-01,1129,Oracle,Enduro,3,40,23,-17,17,0.7391304347826086,1.13
2022-07-01,1129,Oracle,Enduro,3,27,16,-11,11,0.6875,0.896
2022-08-01,1129,Oracle,Enduro,3,18,23,5,5,0.21739130434782608,0.789
2022-09-01,1129,Oracle,Enduro,3,16,24,8,8,0.3333333333333333,0.783
2022-10-01,1129,Oracle,Enduro,3,15,25,10,10,0.4,0.738
2022-11-01,1129,Oracle,Enduro,3,22,21,-1,1,0.047619047619047616,0.906
2022-12-01,1129,Oracle,Enduro,3,17,20,3,3,0.15,0.735
2023-01-01,1129,Oracle,Enduro,3,17,5,-12,12,2.4,0.767
2023-02-01,1129,Oracle,Enduro,3,15,3,-12,12,4.0,1.0
2023-03-01,1129,Oracle,Enduro,3,14,7,-7,7,1.0,1.5
2023-04-01,1129,Oracle,Enduro,3,9,22,13,13,0.5909090909090909,1.714
2023-05-01,1129,Oracle,Enduro,3,16,30,14,14,0.4666666666666667,1.473
2023-06-01,1129,Oracle,Enduro,3,22,35,13,13,0.37142857142857144,1.13
2023-07-01,1129,Oracle,Enduro,3,26,18,-8,8,0.4444444444444444,0.896
2023-08-01,1129,Oracle,Enduro,3,22,23,1,1,0.043478260869565216,0.789
2023-09-01,1129,Oracle,Enduro,3,20,17,-3,3,0.17647058823529413,0.783
2023-10-01,1129,Oracle,Enduro,3,14,9,-5,5,0.5555555555555556,0.738
2023-11-01,1129,Oracle,Enduro,3,15,15,0,0,0.0,0.906
2023-12-01,1129,Oracle,Enduro,3,10,12,2,2,0.16666666666666666,0.735
2024-01-01,1129,Oracle,Enduro,3,9,5,-4,4,0.8,0.767
2024-02-01,1129,Oracle,Enduro,3,11,16,5,5,0.3125,1.0
2024-03-01,1129,Oracle,Enduro,3,16,16,0,0,0.0,1.5
2024-04-01,1129,Oracle,Enduro,3,21,39,18,18,0.46153846153846156,1.714
2024-05-01,1129,Oracle,Enduro,3,35,13,-22,22,1.6923076923076923,1.473
2024-06-01,1129,Oracle,Enduro,3,26,34,8,8,0.23529411764705882,1.13
2024-07-01,1129,Oracle,Enduro,3,26,26,0,0,0.0,0.896
2024-08-01,1129,Oracle,Enduro,3,19,17,-2,2,0.11764705882352941,0.789
2024-09-01,1129,Oracle,Enduro,3,20,20,0,0,0.0,0.783
2024-10-01,1129,Oracle,Enduro,3,15,26,11,11,0.4230769230769231,0.738
2024-11-01,1129,Oracle,Enduro,3,19,22,3,3,0.13636363636363635,0.906
2024-12-01,1129,Oracle,Enduro,3,17,21,4,4,0.19047619047619047,0.735
2025-01-01,1129,Oracle,Enduro,3,18,12,-6,6,0.5,0.767
2025-02-01,1129,Oracle,Enduro,3,18,16,-2,2,0.125,1.0
2025-03-01,1129,Oracle,Enduro,3,24,10,-14,14,1.4,1.5
2025-04-01,1129,Oracle,Enduro,3,22,31,9,9,0.2903225806451613,1.714
2025-05-01,1129,Oracle,Enduro,3,28,30,2,2,0.06666666666666667,1.473
2025-06-01,1129,Oracle,Enduro,3,27,41,14,14,0.34146341463414637,1.13
2025-07-01,1129,Oracle,Enduro,3,30,12,-18,18,1.5,0.896
2025-08-01,1129,Oracle,Enduro,3,22,18,-4,4,0.2222222222222222,0.789
2025-09-01,1129,Oracle,Enduro,3,19,11,-8,8,0.7272727272727273,0.783
2025-10-01,1129,Oracle,Enduro,3,10,10,0,0,0.0,0.738
2025-11-01,1129,Oracle,Enduro,3,12,15,3,3,0.2,0.906
2025-12-01,1129,Oracle,Enduro,3,9,6,-3,3,0.5,0.735
2022-04-01,1130,Oracle,Enduro,3,23,31,8,8,0.25806451612903225,1.714
2022-05-01,1130,Oracle,Enduro,3,28,32,4,4,0.125,1.473
2022-06-01,1130,Oracle,Enduro,3,29,16,-13,13,0.8125,1.13
2022-07-01,1130,Oracle,Enduro,3,24,33,9,9,0.2727272727272727,0.896
2022-08-01,1130,Oracle,Enduro,3,21,18,-3,3,0.16666666666666666,0.789
2022-09-01,1130,Oracle,Enduro,3,17,10,-7,7,0.7,0.783
2022-10-01,1130,Oracle,Enduro,3,15,16,1,1,0.0625,0.738
2022-11-01,1130,Oracle,Enduro,3,13,18,5,5,0.2777777777777778,0.906
2022-12-01,1130,Oracle,Enduro,3,11,6,-5,5,0.8333333333333334,0.735
2023-01-01,1130,Oracle,Enduro,3,10,20,10,10,0.5,0.767
2023-02-01,1130,Oracle,Enduro,3,15,11,-4,4,0.36363636363636365,1.0
2023-03-01,1130,Oracle,Enduro,3,18,6,-12,12,2.0,1.5
2023-04-01,1130,Oracle,Enduro,3,21,24,3,3,0.125,1.714
2023-05-01,1130,Oracle,Enduro,3,20,18,-2,2,0.1111111111111111,1.473
2023-06-01,1130,Oracle,Enduro,3,18,30,12,12,0.4,1.13
2023-07-01,1130,Oracle,Enduro,3,22,26,4,4,0.15384615384615385,0.896
2023-08-01,1130,Oracle,Enduro,3,19,17,-2,2,0.11764705882352941,0.789
2023-09-01,1130,Oracle,Enduro,3,19,18,-1,1,0.05555555555555555,0.783
2023-10-01,1130,Oracle,Enduro,3,15,10,-5,5,0.5,0.738
2023-11-01,1130,Oracle,Enduro,3,14,24,10,10,0.4166666666666667,0.906
2023-12-01,1130,Oracle,Enduro,3,13,11,-2,2,0.18181818181818182,0.735
2024-01-01,1130,Oracle,Enduro,3,12,6,-6,6,1.0,0.767
2024-02-01,1130,Oracle,Enduro,3,14,7,-7,7,1.0,1.0
2024-03-01,1130,Oracle,Enduro,3,12,11,-1,1,0.09090909090909091,1.5
2024-04-01,1130,Oracle,Enduro,3,14,23,9,9,0.391304347826087,1.714
2024-05-01,1130,Oracle,Enduro,3,20,39,19,19,0.48717948717948717,1.473
2024-06-01,1130,Oracle,Enduro,3,28,20,-8,8,0.4,1.13
2024-07-01,1130,Oracle,Enduro,3,24,22,-2,2,0.09090909090909091,0.896
2024-08-01,1130,Oracle,Enduro,3,21,36,15,15,0.4166666666666667,0.789
2024-09-01,1130,Oracle,Enduro,3,20,9,-11,11,1.2222222222222223,0.783
2024-10-01,1130,Oracle,Enduro,3,16,15,-1,1,0.06666666666666667,0.738
2024-11-01,1130,Oracle,Enduro,3,18,7,-11,11,1.5714285714285714,0.906
2024-12-01,1130,Oracle,Enduro,3,8,14,6,6,0.42857142857142855,0.735
2025-01-01,1130,Oracle,Enduro,3,9,11,2,2,0.18181818181818182,0.767
2025-02-01,1130,Oracle,Enduro,3,11,15,4,4,0.26666666666666666,1.0
2025-03-01,1130,Oracle,Enduro,3,20,26,6,6,0.23076923076923078,1.5
2025-04-01,1130,Oracle,Enduro,3,30,31,1,1,0.03225806451612903,1.714
2025-05-01,1130,Oracle,Enduro,3,35,24,-11,11,0.4583333333333333,1.473
2025-06-01,1130,Oracle,Enduro,3,31,30,-1,1,0.03333333333333333,1.13
2025-07-01,1130,Oracle,Enduro,3,25,20,-5,5,0.25,0.896
2025-08-01,1130,Oracle,Enduro,3,19,10,-9,9,0.9,0.789
2025-09-01,1130,Oracle,Enduro,3,16,17,1,1,0.058823529411764705,0.783
2025-10-01,1130,Oracle,Enduro,3,12,15,3,3,0.2,0.738
2025-11-01,1130,Oracle,Enduro,3,13,12,-1,1,0.08333333333333333,0.906
2025-12-01,1130,Oracle,Enduro,3,11,9,-2,2,0.2222222222222222,0.735
2022-04-01,1131,Oracle,Enduro,3,22,19,-3,3,0.15789473684210525,1.714
2022-05-01,1131,Oracle,Enduro,3,22,36,14,14,0.3888888888888889,1.473
2022-06-01,1131,Oracle,Enduro,3,27,37,10,10,0.2702702702702703,1.13
2022-07-01,1131,Oracle,Enduro,3,27,27,0,0,0.0,0.896
2022-08-01,1131,Oracle,Enduro,3,26,22,-4,4,0.18181818181818182,0.789
2022-09-01,1131,Oracle,Enduro,3,22,21,-1,1,0.047619047619047616,0.783
2022-10-01,1131,Oracle,Enduro,3,17,20,3,3,0.15,0.738
2022-11-01,1131,Oracle,Enduro,3,19,14,-5,5,0.35714285714285715,0.906
2022-12-01,1131,Oracle,Enduro,3,13,23,10,10,0.43478260869565216,0.735
2023-01-01,1131,Oracle,Enduro,3,15,23,8,8,0.34782608695652173,0.767
2023-02-01,1131,Oracle,Enduro,3,20,10,-10,10,1.0,1.0
2023-03-01,1131,Oracle,Enduro,3,28,21,-7,7,0.3333333333333333,1.5
2023-04-01,1131,Oracle,Enduro,3,31,14,-17,17,1.2142857142857142,1.714
2023-05-01,1131,Oracle,Enduro,3,22,34,12,12,0.35294117647058826,1.473
2023-06-01,1131,Oracle,Enduro,3,26,17,-9,9,0.5294117647058824,1.13
2023-07-01,1131,Oracle,Enduro,3,19,32,13,13,0.40625,0.896
2023-08-01,1131,Oracle,Enduro,3,22,15,-7,7,0.4666666666666667,0.789
2023-09-01,1131,Oracle,Enduro,3,17,21,4,4,0.19047619047619047,0.783
2023-10-01,1131,Oracle,Enduro,3,17,24,7,7,0.2916666666666667,0.738
2023-11-01,1131,Oracle,Enduro,3,18,14,-4,4,0.2857142857142857,0.906
2023-12-01,1131,Oracle,Enduro,3,14,9,-5,5,0.5555555555555556,0.735
2024-01-01,1131,Oracle,Enduro,3,12,18,6,6,0.3333333333333333,0.767
2024-02-01,1131,Oracle,Enduro,3,14,8,-6,6,0.75,1.0
2024-03-01,1131,Oracle,Enduro,3,18,15,-3,3,0.2,1.5
2024-04-01,1131,Oracle,Enduro,3,23,33,10,10,0.30303030303030304,1.714
2024-05-01,1131,Oracle,Enduro,3,27,13,-14,14,1.0769230769230769,1.473
2024-06-01,1131,Oracle,Enduro,3,23,21,-2,2,0.09523809523809523,1.13
2024-07-01,1131,Oracle,Enduro,3,20,25,5,5,0.2,0.896
2024-08-01,1131,Oracle,Enduro,3,16,12,-4,4,0.3333333333333333,0.789
2024-09-01,1131,Oracle,Enduro,3,15,4,-11,11,2.75,0.783
2024-10-01,1131,Oracle,Enduro,3,10,8,-2,2,0.25,0.738
2024-11-01,1131,Oracle,Enduro,3,7,18,11,11,0.6111111111111112,0.906
2024-12-01,1131,Oracle,Enduro,3,7,10,3,3,0.3,0.735
2025-01-01,1131,Oracle,Enduro,3,9,4,-5,5,1.25,0.767
2025-02-01,1131,Oracle,Enduro,3,11,14,3,3,0.21428571428571427,1.0
2025-03-01,1131,Oracle,Enduro,3,14,23,9,9,0.391304347826087,1.5
2025-04-01,1131,Oracle,Enduro,3,23,31,8,8,0.25806451612903225,1.714
2025-05-01,1131,Oracle,Enduro,3,33,28,-5,5,0.17857142857142858,1.473
2025-06-01,1131,Oracle,Enduro,3,31,37,6,6,0.16216216216216217,1.13
2025-07-01,1131,Oracle,Enduro,3,29,25,-4,4,0.16,0.896
2025-08-01,1131,Oracle,Enduro,3,24,11,-13,13,1.1818181818181819,0.789
2025-09-01,1131,Oracle,Enduro,3,19,21,2,2,0.09523809523809523,0.783
2025-10-01,1131,Oracle,Enduro,3,14,23,9,9,0.391304347826087,0.738
2025-11-01,1131,Oracle,Enduro,3,17,9,-8,8,0.8888888888888888,0.906
2025-12-01,1131,Oracle,Enduro,3,13,3,-10,10,3.3333333333333335,0.735
2022-04-01,1132,Oracle,Enduro,3,25,11,-14,14,1.2727272727272727,1.714
2022-05-01,1132,Oracle,Enduro,3,23,37,14,14,0.3783783783783784,1.473
2022-06-01,1132,Oracle,Enduro,3,26,27,1,1,0.037037037037037035,1.13
2022-07-01,1132,Oracle,Enduro,3,22,26,4,4,0.15384615384615385,0.896
2022-08-01,1132,Oracle,Enduro,3,24,19,-5,5,0.2631578947368421,0.789
2022-09-01,1132,Oracle,Enduro,3,19,13,-6,6,0.46153846153846156,0.783
2022-10-01,1132,Oracle,Enduro,3,14,7,-7,7,1.0,0.738
2022-11-01,1132,Oracle,Enduro,3,12,19,7,7,0.3684210526315789,0.906
2022-12-01,1132,Oracle,Enduro,3,10,8,-2,2,0.25,0.735
2023-01-01,1132,Oracle,Enduro,3,9,12,3,3,0.25,0.767
2023-02-01,1132,Oracle,Enduro,3,13,9,-4,4,0.4444444444444444,1.0
2023-03-01,1132,Oracle,Enduro,3,14,20,6,6,0.3,1.5
2023-04-01,1132,Oracle,Enduro,3,23,38,15,15,0.39473684210526316,1.714
2023-05-01,1132,Oracle,Enduro,3,33,18,-15,15,0.8333333333333334,1.473
2023-06-01,1132,Oracle,Enduro,3,29,25,-4,4,0.16,1.13
2023-07-01,1132,Oracle,Enduro,3,24,25,1,1,0.04,0.896
2023-08-01,1132,Oracle,Enduro,3,18,9,-9,9,1.0,0.789
2023-09-01,1132,Oracle,Enduro,3,15,9,-6,6,0.6666666666666666,0.783
2023-10-01,1132,Oracle,Enduro,3,11,16,5,5,0.3125,0.738
2023-11-01,1132,Oracle,Enduro,3,10,16,6,6,0.375,0.906
2023-12-01,1132,Oracle,Enduro,3,10,5,-5,5,1.0,0.735
2024-01-01,1132,Oracle,Enduro,3,9,4,-5,5,1.25,0.767
2024-02-01,1132,Oracle,Enduro,3,8,22,14,14,0.6363636363636364,1.0
2024-03-01,1132,Oracle,Enduro,3,16,11,-5,5,0.45454545454545453,1.5
2024-04-01,1132,Oracle,Enduro,3,21,32,11,11,0.34375,1.714
2024-05-01,1132,Oracle,Enduro,3,32,20,-12,12,0.6,1.473
2024-06-01,1132,Oracle,Enduro,3,24,33,9,9,0.2727272727272727,1.13
2024-07-01,1132,Oracle,Enduro,3,25,18,-7,7,0.3888888888888889,0.896
2024-08-01,1132,Oracle,Enduro,3,19,28,9,9,0.32142857142857145,0.789
2024-09-01,1132,Oracle,Enduro,3,21,18,-3,3,0.16666666666666666,0.783
2024-10-01,1132,Oracle,Enduro,3,16,19,3,3,0.15789473684210525,0.738
2024-11-01,1132,Oracle,Enduro,3,20,13,-7,7,0.5384615384615384,0.906
2024-12-01,1132,Oracle,Enduro,3,12,3,-9,9,3.0,0.735
2025-01-01,1132,Oracle,Enduro,3,9,20,11,11,0.55,0.767
2025-02-01,1132,Oracle,Enduro,3,12,10,-2,2,0.2,1.0
2025-03-01,1132,Oracle,Enduro,3,16,14,-2,2,0.14285714285714285,1.5
2025-04-01,1132,Oracle,Enduro,3,25,17,-8,8,0.47058823529411764,1.714
2025-05-01,1132,Oracle,Enduro,3,20,31,11,11,0.3548387096774194,1.473
2025-06-01,1132,Oracle,Enduro,3,23,28,5,5,0.17857142857142858,1.13
2025-07-01,1132,Oracle,Enduro,3,23,13,-10,10,0.7692307692307693,0.896
2025-08-01,1132,Oracle,Enduro,3,19,24,5,5,0.20833333333333334,0.789
2025-09-01,1132,Oracle,Enduro,3,17,16,-1,1,0.0625,0.783
2025-10-01,1132,Oracle,Enduro,3,13,15,2,2,0.13333333333333333,0.738
2025-11-01,1132,Oracle,Enduro,3,17,12,-5,5,0.4166666666666667,0.906
2025-12-01,1132,Oracle,Enduro,3,11,12,1,1,0.08333333333333333,0.735
2022-04-01,1133,Oracle,Enduro,3,64,78,14,14,0.1794871794871795,1.714
2022-05-01,1133,Oracle,Enduro,3,82,50,-32,32,0.64,1.473
2022-06-01,1133,Oracle,Enduro,3,70,51,-19,19,0.37254901960784315,1.13
2022-07-01,1133,Oracle,Enduro,3,53,69,16,16,0.2318840579710145,0.896
2022-08-01,1133,Oracle,Enduro,3,45,53,8,8,0.1509433962264151,0.789
2022-09-01,1133,Oracle,Enduro,3,45,60,15,15,0.25,0.783
2022-10-01,1133,Oracle,Enduro,3,45,40,-5,5,0.125,0.738
2022-11-01,1133,Oracle,Enduro,3,46,43,-3,3,0.06976744186046512,0.906
2022-12-01,1133,Oracle,Enduro,3,35,19,-16,16,0.8421052631578947,0.735
2023-01-01,1133,Oracle,Enduro,3,26,45,19,19,0.4222222222222222,0.767
2023-02-01,1133,Oracle,Enduro,3,36,44,8,8,0.18181818181818182,1.0
2023-03-01,1133,Oracle,Enduro,3,54,60,6,6,0.1,1.5
2023-04-01,1133,Oracle,Enduro,3,85,47,-38,38,0.8085106382978723,1.714
2023-05-01,1133,Oracle,Enduro,3,74,67,-7,7,0.1044776119402985,1.473
2023-06-01,1133,Oracle,Enduro,3,66,61,-5,5,0.08196721311475409,1.13
2023-07-01,1133,Oracle,Enduro,3,52,50,-2,2,0.04,0.896
2023-08-01,1133,Oracle,Enduro,3,47,48,1,1,0.020833333333333332,0.789
2023-09-01,1133,Oracle,Enduro,3,41,30,-11,11,0.36666666666666664,0.783
2023-10-01,1133,Oracle,Enduro,3,31,19,-12,12,0.631578947368421,0.738
2023-11-01,1133,Oracle,Enduro,3,29,34,5,5,0.14705882352941177,0.906
2023-12-01,1133,Oracle,Enduro,3,20,24,4,4,0.16666666666666666,0.735
2024-01-01,1133,Oracle,Enduro,3,20,19,-1,1,0.05263157894736842,0.767
2024-02-01,1133,Oracle,Enduro,3,26,22,-4,4,0.18181818181818182,1.0
2024-03-01,1133,Oracle,Enduro,3,32,45,13,13,0.28888888888888886,1.5
2024-04-01,1133,Oracle,Enduro,3,49,60,11,11,0.18333333333333332,1.714
2024-05-01,1133,Oracle,Enduro,3,62,73,11,11,0.1506849315068493,1.473
2024-06-01,1133,Oracle,Enduro,3,67,49,-18,18,0.3673469387755102,1.13
2024-07-01,1133,Oracle,Enduro,3,54,54,0,0,0.0,0.896
2024-08-01,1133,Oracle,Enduro,3,46,60,14,14,0.23333333333333334,0.789
2024-09-01,1133,Oracle,Enduro,3,43,48,5,5,0.10416666666666667,0.783
2024-10-01,1133,Oracle,Enduro,3,40,33,-7,7,0.21212121212121213,0.738
2024-11-01,1133,Oracle,Enduro,3,43,26,-17,17,0.6538461538461539,0.906
2024-12-01,1133,Oracle,Enduro,3,26,28,2,2,0.07142857142857142,0.735
2025-01-01,1133,Oracle,Enduro,3,22,36,14,14,0.3888888888888889,0.767
2025-02-01,1133,Oracle,Enduro,3,30,39,9,9,0.23076923076923078,1.0
2025-03-01,1133,Oracle,Enduro,3,52,34,-18,18,0.5294117647058824,1.5
2025-04-01,1133,Oracle,Enduro,3,62,45,-17,17,0.37777777777777777,1.714
2025-05-01,1133,Oracle,Enduro,3,58,59,1,1,0.01694915254237288,1.473
2025-06-01,1133,Oracle,Enduro,3,52,61,9,9,0.14754098360655737,1.13
2025-07-01,1133,Oracle,Enduro,3,49,61,12,12,0.19672131147540983,0.896
2025-08-01,1133,Oracle,Enduro,3,48,44,-4,4,0.09090909090909091,0.789
2025-09-01,1133,Oracle,Enduro,3,43,24,-19,19,0.7916666666666666,0.783
2025-10-01,1133,Oracle,Enduro,3,32,28,-4,4,0.14285714285714285,0.738
2025-11-01,1133,Oracle,Enduro,3,29,44,15,15,0.3409090909090909,0.906
2025-12-01,1133,Oracle,Enduro,3,24,30,6,6,0.2,0.735
2022-04-01,1134,Oracle,Enduro,3,66,56,-10,10,0.17857142857142858,1.714
2022-05-01,1134,Oracle,Enduro,3,70,62,-8,8,0.12903225806451613,1.473
2022-06-01,1134,Oracle,Enduro,3,65,87,22,22,0.25287356321839083,1.13
2022-07-01,1134,Oracle,Enduro,3,61,52,-9,9,0.17307692307692307,0.896
2022-08-01,1134,Oracle,Enduro,3,53,53,0,0,0.0,0.789
2022-09-01,1134,Oracle,Enduro,3,50,24,-26,26,1.0833333333333333,0.783
2022-10-01,1134,Oracle,Enduro,3,32,31,-1,1,0.03225806451612903,0.738
2022-11-01,1134,Oracle,Enduro,3,33,26,-7,7,0.2692307692307692,0.906
2022-12-01,1134,Oracle,Enduro,3,20,44,24,24,0.5454545454545454,0.735
2023-01-01,1134,Oracle,Enduro,3,26,33,7,7,0.21212121212121213,0.767
2023-02-01,1134,Oracle,Enduro,3,34,23,-11,11,0.4782608695652174,1.0
2023-03-01,1134,Oracle,Enduro,3,50,45,-5,5,0.1111111111111111,1.5
2023-04-01,1134,Oracle,Enduro,3,58,56,-2,2,0.03571428571428571,1.714
2023-05-01,1134,Oracle,Enduro,3,61,72,11,11,0.1527777777777778,1.473
2023-06-01,1134,Oracle,Enduro,3,65,51,-14,14,0.27450980392156865,1.13
2023-07-01,1134,Oracle,Enduro,3,53,48,-5,5,0.10416666666666667,0.896
2023-08-01,1134,Oracle,Enduro,3,45,48,3,3,0.0625,0.789
2023-09-01,1134,Oracle,Enduro,3,38,39,1,1,0.02564102564102564,0.783
2023-10-01,1134,Oracle,Enduro,3,33,29,-4,4,0.13793103448275862,0.738
2023-11-01,1134,Oracle,Enduro,3,35,36,1,1,0.027777777777777776,0.906
2023-12-01,1134,Oracle,Enduro,3,25,23,-2,2,0.08695652173913043,0.735
2024-01-01,1134,Oracle,Enduro,3,23,19,-4,4,0.21052631578947367,0.767
2024-02-01,1134,Oracle,Enduro,3,26,16,-10,10,0.625,1.0
2024-03-01,1134,Oracle,Enduro,3,29,37,8,8,0.21621621621621623,1.5
2024-04-01,1134,Oracle,Enduro,3,41,36,-5,5,0.1388888888888889,1.714
2024-05-01,1134,Oracle,Enduro,3,44,68,24,24,0.35294117647058826,1.473
2024-06-01,1134,Oracle,Enduro,3,53,47,-6,6,0.1276595744680851,1.13
2024-07-01,1134,Oracle,Enduro,3,45,23,-22,22,0.9565217391304348,0.896
2024-08-01,1134,Oracle,Enduro,3,36,47,11,11,0.23404255319148937,0.789
2024-09-01,1134,Oracle,Enduro,3,31,18,-13,13,0.7222222222222222,0.783
2024-10-01,1134,Oracle,Enduro,3,22,40,18,18,0.45,0.738
2024-11-01,1134,Oracle,Enduro,3,32,35,3,3,0.08571428571428572,0.906
2024-12-01,1134,Oracle,Enduro,3,23,39,16,16,0.41025641025641024,0.735
2025-01-01,1134,Oracle,Enduro,3,29,16,-13,13,0.8125,0.767
2025-02-01,1134,Oracle,Enduro,3,30,26,-4,4,0.15384615384615385,1.0
2025-03-01,1134,Oracle,Enduro,3,40,65,25,25,0.38461538461538464,1.5
2025-04-01,1134,Oracle,Enduro,3,61,76,15,15,0.19736842105263158,1.714
2025-05-01,1134,Oracle,Enduro,3,82,89,7,7,0.07865168539325842,1.473
2025-06-01,1134,Oracle,Enduro,3,87,72,-15,15,0.20833333333333334,1.13
2025-07-01,1134,Oracle,Enduro,3,71,66,-5,5,0.07575757575757576,0.896
2025-08-01,1134,Oracle,Enduro,3,60,58,-2,2,0.034482758620689655,0.789
2025-09-01,1134,Oracle,Enduro,3,51,32,-19,19,0.59375,0.783
2025-10-01,1134,Oracle,Enduro,3,38,43,5,5,0.11627906976744186,0.738
2025-11-01,1134,Oracle,Enduro,3,40,34,-6,6,0.17647058823529413,0.906
2025-12-01,1134,Oracle,Enduro,3,27,16,-11,11,0.6875,0.735
2022-04-01,1135,Oracle,Enduro,3,45,43,-2,2,0.046511627906976744,1.714
2022-05-01,1135,Oracle,Enduro,3,54,89,35,35,0.39325842696629215,1.473
2022-06-01,1135,Oracle,Enduro,3,69,37,-32,32,0.8648648648648649,1.13
2022-07-01,1135,Oracle,Enduro,3,50,60,10,10,0.16666666666666666,0.896
2022-08-01,1135,Oracle,Enduro,3,49,51,2,2,0.0392156862745098,0.789
2022-09-01,1135,Oracle,Enduro,3,39,45,6,6,0.13333333333333333,0.783
2022-10-01,1135,Oracle,Enduro,3,38,37,-1,1,0.02702702702702703,0.738
2022-11-01,1135,Oracle,Enduro,3,40,21,-19,19,0.9047619047619048,0.906
2022-12-01,1135,Oracle,Enduro,3,25,34,9,9,0.2647058823529412,0.735
2023-01-01,1135,Oracle,Enduro,3,24,21,-3,3,0.14285714285714285,0.767
2023-02-01,1135,Oracle,Enduro,3,25,21,-4,4,0.19047619047619047,1.0
2023-03-01,1135,Oracle,Enduro,3,38,54,16,16,0.2962962962962963,1.5
2023-04-01,1135,Oracle,Enduro,3,55,44,-11,11,0.25,1.714
2023-05-01,1135,Oracle,Enduro,3,58,57,-1,1,0.017543859649122806,1.473
2023-06-01,1135,Oracle,Enduro,3,58,45,-13,13,0.28888888888888886,1.13
2023-07-01,1135,Oracle,Enduro,3,44,56,12,12,0.21428571428571427,0.896
2023-08-01,1135,Oracle,Enduro,3,42,49,7,7,0.14285714285714285,0.789
2023-09-01,1135,Oracle,Enduro,3,39,29,-10,10,0.3448275862068966,0.783
2023-10-01,1135,Oracle,Enduro,3,33,65,32,32,0.49230769230769234,0.738
2023-11-01,1135,Oracle,Enduro,3,43,26,-17,17,0.6538461538461539,0.906
2023-12-01,1135,Oracle,Enduro,3,29,18,-11,11,0.6111111111111112,0.735
2024-01-01,1135,Oracle,Enduro,3,28,39,11,11,0.28205128205128205,0.767
2024-02-01,1135,Oracle,Enduro,3,28,49,21,21,0.42857142857142855,1.0
2024-03-01,1135,Oracle,Enduro,3,53,28,-25,25,0.8928571428571429,1.5
2024-04-01,1135,Oracle,Enduro,3,66,72,6,6,0.08333333333333333,1.714
2024-05-01,1135,Oracle,Enduro,3,73,61,-12,12,0.19672131147540983,1.473
2024-06-01,1135,Oracle,Enduro,3,61,45,-16,16,0.35555555555555557,1.13
2024-07-01,1135,Oracle,Enduro,3,53,77,24,24,0.3116883116883117,0.896
2024-08-01,1135,Oracle,Enduro,3,48,56,8,8,0.14285714285714285,0.789
2024-09-01,1135,Oracle,Enduro,3,46,57,11,11,0.19298245614035087,0.783
2024-10-01,1135,Oracle,Enduro,3,47,29,-18,18,0.6206896551724138,0.738
2024-11-01,1135,Oracle,Enduro,3,43,39,-4,4,0.10256410256410256,0.906
2024-12-01,1135,Oracle,Enduro,3,31,29,-2,2,0.06896551724137931,0.735
2025-01-01,1135,Oracle,Enduro,3,25,23,-2,2,0.08695652173913043,0.767
2025-02-01,1135,Oracle,Enduro,3,30,14,-16,16,1.1428571428571428,1.0
2025-03-01,1135,Oracle,Enduro,3,33,43,10,10,0.23255813953488372,1.5
2025-04-01,1135,Oracle,Enduro,3,46,56,10,10,0.17857142857142858,1.714
2025-05-01,1135,Oracle,Enduro,3,55,46,-9,9,0.1956521739130435,1.473
2025-06-01,1135,Oracle,Enduro,3,55,66,11,11,0.16666666666666666,1.13
2025-07-01,1135,Oracle,Enduro,3,50,42,-8,8,0.19047619047619047,0.896
2025-08-01,1135,Oracle,Enduro,3,41,50,9,9,0.18,0.789
2025-09-01,1135,Oracle,Enduro,3,41,49,8,8,0.16326530612244897,0.783
2025-10-01,1135,Oracle,Enduro,3,35,43,8,8,0.18604651162790697,0.738
2025-11-01,1135,Oracle,Enduro,3,43,30,-13,13,0.43333333333333335,0.906
2025-12-01,1135,Oracle,Enduro,3,30,27,-3,3,0.1111111111111111,0.735
2022-04-01,1136,Oracle,Enduro,3,42,42,0,0,0.0,1.714
2022-05-01,1136,Oracle,Enduro,3,47,76,29,29,0.3815789473684211,1.473
2022-06-01,1136,Oracle,Enduro,3,55,42,-13,13,0.30952380952380953,1.13
2022-07-01,1136,Oracle,Enduro,3,48,38,-10,10,0.2631578947368421,0.896
2022-08-01,1136,Oracle,Enduro,3,41,44,3,3,0.06818181818181818,0.789
2022-09-01,1136,Oracle,Enduro,3,32,22,-10,10,0.45454545454545453,0.783
2022-10-01,1136,Oracle,Enduro,3,26,55,29,29,0.5272727272727272,0.738
2022-11-01,1136,Oracle,Enduro,3,37,50,13,13,0.26,0.906
2022-12-01,1136,Oracle,Enduro,3,31,29,-2,2,0.06896551724137931,0.735
2023-01-01,1136,Oracle,Enduro,3,34,10,-24,24,2.4,0.767
2023-02-01,1136,Oracle,Enduro,3,30,20,-10,10,0.5,1.0
2023-03-01,1136,Oracle,Enduro,3,30,62,32,32,0.5161290322580645,1.5
2023-04-01,1136,Oracle,Enduro,3,53,51,-2,2,0.0392156862745098,1.714
2023-05-01,1136,Oracle,Enduro,3,65,65,0,0,0.0,1.473
2023-06-01,1136,Oracle,Enduro,3,67,61,-6,6,0.09836065573770492,1.13
2023-07-01,1136,Oracle,Enduro,3,53,64,11,11,0.171875,0.896
2023-08-01,1136,Oracle,Enduro,3,50,41,-9,9,0.21951219512195122,0.789
2023-09-01,1136,Oracle,Enduro,3,43,40,-3,3,0.075,0.783
2023-10-01,1136,Oracle,Enduro,3,36,29,-7,7,0.2413793103448276,0.738
2023-11-01,1136,Oracle,Enduro,3,33,42,9,9,0.21428571428571427,0.906
2023-12-01,1136,Oracle,Enduro,3,27,21,-6,6,0.2857142857142857,0.735
2024-01-01,1136,Oracle,Enduro,3,24,8,-16,16,2.0,0.767
2024-02-01,1136,Oracle,Enduro,3,24,29,5,5,0.1724137931034483,1.0
2024-03-01,1136,Oracle,Enduro,3,29,29,0,0,0.0,1.5
2024-04-01,1136,Oracle,Enduro,3,38,42,4,4,0.09523809523809523,1.714
2024-05-01,1136,Oracle,Enduro,3,49,75,26,26,0.3466666666666667,1.473
2024-06-01,1136,Oracle,Enduro,3,55,56,1,1,0.017857142857142856,1.13
2024-07-01,1136,Oracle,Enduro,3,52,74,22,22,0.2972972972972973,0.896
2024-08-01,1136,Oracle,Enduro,3,54,47,-7,7,0.14893617021276595,0.789
2024-09-01,1136,Oracle,Enduro,3,46,25,-21,21,0.84,0.783
2024-10-01,1136,Oracle,Enduro,3,36,33,-3,3,0.09090909090909091,0.738
2024-11-01,1136,Oracle,Enduro,3,32,27,-5,5,0.18518518518518517,0.906
2024-12-01,1136,Oracle,Enduro,3,21,25,4,4,0.16,0.735
2025-01-01,1136,Oracle,Enduro,3,22,26,4,4,0.15384615384615385,0.767
2025-02-01,1136,Oracle,Enduro,3,26,33,7,7,0.21212121212121213,1.0
2025-03-01,1136,Oracle,Enduro,3,42,50,8,8,0.16,1.5
2025-04-01,1136,Oracle,Enduro,3,62,51,-11,11,0.21568627450980393,1.714
2025-05-01,1136,Oracle,Enduro,3,66,64,-2,2,0.03125,1.473
2025-06-01,1136,Oracle,Enduro,3,62,61,-1,1,0.01639344262295082,1.13
2025-07-01,1136,Oracle,Enduro,3,53,49,-4,4,0.08163265306122448,0.896
2025-08-01,1136,Oracle,Enduro,3,46,45,-1,1,0.022222222222222223,0.789
2025-09-01,1136,Oracle,Enduro,3,40,24,-16,16,0.6666666666666666,0.783
2025-10-01,1136,Oracle,Enduro,3,29,38,9,9,0.23684210526315788,0.738
2025-11-01,1136,Oracle,Enduro,3,32,34,2,2,0.058823529411764705,0.906
2025-12-01,1136,Oracle,Enduro,3,24,33,9,9,0.2727272727272727,0.735
2022-04-01,1137,Oracle,Enduro,3,58,37,-21,21,0.5675675675675675,1.714
2022-05-01,1137,Oracle,Enduro,3,54,61,7,7,0.11475409836065574,1.473
2022-06-01,1137,Oracle,Enduro,3,54,59,5,5,0.0847457627118644,1.13
2022-07-01,1137,Oracle,Enduro,3,47,35,-12,12,0.34285714285714286,0.896
2022-08-01,1137,Oracle,Enduro,3,41,47,6,6,0.1276595744680851,0.789
2022-09-01,1137,Oracle,Enduro,3,37,30,-7,7,0.23333333333333334,0.783
2022-10-01,1137,Oracle,Enduro,3,28,54,26,26,0.48148148148148145,0.738
2022-11-01,1137,Oracle,Enduro,3,40,30,-10,10,0.3333333333333333,0.906
2022-12-01,1137,Oracle,Enduro,3,28,21,-7,7,0.3333333333333333,0.735
2023-01-01,1137,Oracle,Enduro,3,27,15,-12,12,0.8,0.767
2023-02-01,1137,Oracle,Enduro,3,22,39,17,17,0.4358974358974359,1.0
2023-03-01,1137,Oracle,Enduro,3,38,45,7,7,0.15555555555555556,1.5
2023-04-01,1137,Oracle,Enduro,3,57,56,-1,1,0.017857142857142856,1.714
2023-05-01,1137,Oracle,Enduro,3,69,65,-4,4,0.06153846153846154,1.473
2023-06-01,1137,Oracle,Enduro,3,63,56,-7,7,0.125,1.13
2023-07-01,1137,Oracle,Enduro,3,53,48,-5,5,0.10416666666666667,0.896
2023-08-01,1137,Oracle,Enduro,3,44,61,17,17,0.2786885245901639,0.789
2023-09-01,1137,Oracle,Enduro,3,43,39,-4,4,0.10256410256410256,0.783
2023-10-01,1137,Oracle,Enduro,3,36,33,-3,3,0.09090909090909091,0.738
2023-11-01,1137,Oracle,Enduro,3,40,29,-11,11,0.3793103448275862,0.906
2023-12-01,1137,Oracle,Enduro,3,25,26,1,1,0.038461538461538464,0.735
2024-01-01,1137,Oracle,Enduro,3,23,15,-8,8,0.5333333333333333,0.767
2024-02-01,1137,Oracle,Enduro,3,23,31,8,8,0.25806451612903225,1.0
2024-03-01,1137,Oracle,Enduro,3,36,16,-20,20,1.25,1.5
2024-04-01,1137,Oracle,Enduro,3,35,65,30,30,0.46153846153846156,1.714
2024-05-01,1137,Oracle,Enduro,3,55,53,-2,2,0.03773584905660377,1.473
2024-06-01,1137,Oracle,Enduro,3,50,47,-3,3,0.06382978723404255,1.13
2024-07-01,1137,Oracle,Enduro,3,49,47,-2,2,0.0425531914893617,0.896
2024-08-01,1137,Oracle,Enduro,3,39,49,10,10,0.20408163265306123,0.789
2024-09-01,1137,Oracle,Enduro,3,37,42,5,5,0.11904761904761904,0.783
2024-10-01,1137,Oracle,Enduro,3,34,42,8,8,0.19047619047619047,0.738
2024-11-01,1137,Oracle,Enduro,3,40,47,7,7,0.14893617021276595,0.906
2024-12-01,1137,Oracle,Enduro,3,32,22,-10,10,0.45454545454545453,0.735
2025-01-01,1137,Oracle,Enduro,3,28,27,-1,1,0.037037037037037035,0.767
2025-02-01,1137,Oracle,Enduro,3,32,39,7,7,0.1794871794871795,1.0
2025-03-01,1137,Oracle,Enduro,3,44,45,1,1,0.022222222222222223,1.5
2025-04-01,1137,Oracle,Enduro,3,63,46,-17,17,0.3695652173913043,1.714
2025-05-01,1137,Oracle,Enduro,3,64,66,2,2,0.030303030303030304,1.473
2025-06-01,1137,Oracle,Enduro,3,59,81,22,22,0.2716049382716049,1.13
2025-07-01,1137,Oracle,Enduro,3,58,64,6,6,0.09375,0.896
2025-08-01,1137,Oracle,Enduro,3,56,33,-23,23,0.696969696969697,0.789
2025-09-01,1137,Oracle,Enduro,3,46,48,2,2,0.041666666666666664,0.783
2025-10-01,1137,Oracle,Enduro,3,36,41,5,5,0.12195121951219512,0.738
2025-11-01,1137,Oracle,Enduro,3,37,37,0,0,0.0,0.906
2025-12-01,1137,Oracle,Enduro,3,31,17,-14,14,0.8235294117647058,0.735
2022-04-01,1138,Oracle,Enduro,3,50,48,-2,2,0.041666666666666664,1.714
2022-05-01,1138,Oracle,Enduro,3,60,48,-12,12,0.25,1.473
2022-06-01,1138,Oracle,Enduro,3,50,78,28,28,0.358974358974359,1.13
2022-07-01,1138,Oracle,Enduro,3,52,48,-4,4,0.08333333333333333,0.896
2022-08-01,1138,Oracle,Enduro,3,46,69,23,23,0.3333333333333333,0.789
2022-09-01,1138,Oracle,Enduro,3,51,24,-27,27,1.125,0.783
2022-10-01,1138,Oracle,Enduro,3,35,38,3,3,0.07894736842105263,0.738
2022-11-01,1138,Oracle,Enduro,3,40,31,-9,9,0.2903225806451613,0.906
2022-12-01,1138,Oracle,Enduro,3,23,32,9,9,0.28125,0.735
2023-01-01,1138,Oracle,Enduro,3,26,50,24,24,0.48,0.767
2023-02-01,1138,Oracle,Enduro,3,38,25,-13,13,0.52,1.0
2023-03-01,1138,Oracle,Enduro,3,54,68,14,14,0.20588235294117646,1.5
2023-04-01,1138,Oracle,Enduro,3,82,62,-20,20,0.3225806451612903,1.714
2023-05-01,1138,Oracle,Enduro,3,76,78,2,2,0.02564102564102564,1.473
2023-06-01,1138,Oracle,Enduro,3,78,50,-28,28,0.56,1.13
2023-07-01,1138,Oracle,Enduro,3,57,63,6,6,0.09523809523809523,0.896
2023-08-01,1138,Oracle,Enduro,3,50,46,-4,4,0.08695652173913043,0.789
2023-09-01,1138,Oracle,Enduro,3,41,49,8,8,0.16326530612244897,0.783
2023-10-01,1138,Oracle,Enduro,3,39,20,-19,19,0.95,0.738
2023-11-01,1138,Oracle,Enduro,3,35,18,-17,17,0.9444444444444444,0.906
2023-12-01,1138,Oracle,Enduro,3,21,29,8,8,0.27586206896551724,0.735
2024-01-01,1138,Oracle,Enduro,3,17,25,8,8,0.32,0.767
2024-02-01,1138,Oracle,Enduro,3,24,23,-1,1,0.043478260869565216,1.0
2024-03-01,1138,Oracle,Enduro,3,38,40,2,2,0.05,1.5
2024-04-01,1138,Oracle,Enduro,3,50,60,10,10,0.16666666666666666,1.714
2024-05-01,1138,Oracle,Enduro,3,60,58,-2,2,0.034482758620689655,1.473
2024-06-01,1138,Oracle,Enduro,3,60,52,-8,8,0.15384615384615385,1.13
2024-07-01,1138,Oracle,Enduro,3,51,42,-9,9,0.21428571428571427,0.896
2024-08-01,1138,Oracle,Enduro,3,40,38,-2,2,0.05263157894736842,0.789
2024-09-01,1138,Oracle,Enduro,3,34,40,6,6,0.15,0.783
2024-10-01,1138,Oracle,Enduro,3,30,29,-1,1,0.034482758620689655,0.738
2024-11-01,1138,Oracle,Enduro,3,32,46,14,14,0.30434782608695654,0.906
2024-12-01,1138,Oracle,Enduro,3,28,32,4,4,0.125,0.735
2025-01-01,1138,Oracle,Enduro,3,27,27,0,0,0.0,0.767
2025-02-01,1138,Oracle,Enduro,3,35,28,-7,7,0.25,1.0
2025-03-01,1138,Oracle,Enduro,3,44,47,3,3,0.06382978723404255,1.5
2025-04-01,1138,Oracle,Enduro,3,58,58,0,0,0.0,1.714
2025-05-01,1138,Oracle,Enduro,3,65,99,34,34,0.3434343434343434,1.473
2025-06-01,1138,Oracle,Enduro,3,77,60,-17,17,0.2833333333333333,1.13
2025-07-01,1138,Oracle,Enduro,3,65,61,-4,4,0.06557377049180328,0.896
2025-08-01,1138,Oracle,Enduro,3,58,66,8,8,0.12121212121212122,0.789
2025-09-01,1138,Oracle,Enduro,3,49,37,-12,12,0.32432432432432434,0.783
2025-10-01,1138,Oracle,Enduro,3,40,32,-8,8,0.25,0.738
2025-11-01,1138,Oracle,Enduro,3,41,27,-14,14,0.5185185185185185,0.906
2025-12-01,1138,Oracle,Enduro,3,24,23,-1,1,0.043478260869565216,0.735
2022-04-01,1139,Oracle,Enduro,3,54,37,-17,17,0.4594594594594595,1.714
2022-05-01,1139,Oracle,Enduro,3,47,81,34,34,0.41975308641975306,1.473
2022-06-01,1139,Oracle,Enduro,3,58,36,-22,22,0.6111111111111112,1.13
2022-07-01,1139,Oracle,Enduro,3,46,45,-1,1,0.022222222222222223,0.896
2022-08-01,1139,Oracle,Enduro,3,43,70,27,27,0.38571428571428573,0.789
2022-09-01,1139,Oracle,Enduro,3,39,35,-4,4,0.11428571428571428,0.783
2022-10-01,1139,Oracle,Enduro,3,37,36,-1,1,0.027777777777777776,0.738
2022-11-01,1139,Oracle,Enduro,3,43,48,5,5,0.10416666666666667,0.906
2022-12-01,1139,Oracle,Enduro,3,29,29,0,0,0.0,0.735
2023-01-01,1139,Oracle,Enduro,3,29,16,-13,13,0.8125,0.767
2023-02-01,1139,Oracle,Enduro,3,31,36,5,5,0.1388888888888889,1.0
2023-03-01,1139,Oracle,Enduro,3,40,28,-12,12,0.42857142857142855,1.5
2023-04-01,1139,Oracle,Enduro,3,46,41,-5,5,0.12195121951219512,1.714
2023-05-01,1139,Oracle,Enduro,3,52,71,19,19,0.2676056338028169,1.473
2023-06-01,1139,Oracle,Enduro,3,53,60,7,7,0.11666666666666667,1.13
2023-07-01,1139,Oracle,Enduro,3,51,47,-4,4,0.0851063829787234,0.896
2023-08-01,1139,Oracle,Enduro,3,47,64,17,17,0.265625,0.789
2023-09-01,1139,Oracle,Enduro,3,45,35,-10,10,0.2857142857142857,0.783
2023-10-01,1139,Oracle,Enduro,3,36,34,-2,2,0.058823529411764705,0.738
2023-11-01,1139,Oracle,Enduro,3,40,21,-19,19,0.9047619047619048,0.906
2023-12-01,1139,Oracle,Enduro,3,22,16,-6,6,0.375,0.735
2024-01-01,1139,Oracle,Enduro,3,18,9,-9,9,1.0,0.767
2024-02-01,1139,Oracle,Enduro,3,15,25,10,10,0.4,1.0
2024-03-01,1139,Oracle,Enduro,3,25,40,15,15,0.375,1.5
2024-04-01,1139,Oracle,Enduro,3,42,50,8,8,0.16,1.714
2024-05-01,1139,Oracle,Enduro,3,56,40,-16,16,0.4,1.473
2024-06-01,1139,Oracle,Enduro,3,49,51,2,2,0.0392156862745098,1.13
2024-07-01,1139,Oracle,Enduro,3,42,53,11,11,0.20754716981132076,0.896
2024-08-01,1139,Oracle,Enduro,3,38,37,-1,1,0.02702702702702703,0.789
2024-09-01,1139,Oracle,Enduro,3,37,30,-7,7,0.23333333333333334,0.783
2024-10-01,1139,Oracle,Enduro,3,30,21,-9,9,0.42857142857142855,0.738
2024-11-01,1139,Oracle,Enduro,3,27,25,-2,2,0.08,0.906
2024-12-01,1139,Oracle,Enduro,3,19,21,2,2,0.09523809523809523,0.735
2025-01-01,1139,Oracle,Enduro,3,17,28,11,11,0.39285714285714285,0.767
2025-02-01,1139,Oracle,Enduro,3,25,28,3,3,0.10714285714285714,1.0
2025-03-01,1139,Oracle,Enduro,3,38,45,7,7,0.15555555555555556,1.5
2025-04-01,1139,Oracle,Enduro,3,58,42,-16,16,0.38095238095238093,1.714
2025-05-01,1139,Oracle,Enduro,3,56,61,5,5,0.08196721311475409,1.473
2025-06-01,1139,Oracle,Enduro,3,56,49,-7,7,0.14285714285714285,1.13
2025-07-01,1139,Oracle,Enduro,3,45,42,-3,3,0.07142857142857142,0.896
2025-08-01,1139,Oracle,Enduro,3,40,45,5,5,0.1111111111111111,0.789
2025-09-01,1139,Oracle,Enduro,3,35,26,-9,9,0.34615384615384615,0.783
2025-10-01,1139,Oracle,Enduro,3,28,25,-3,3,0.12,0.738
2025-11-01,1139,Oracle,Enduro,3,29,31,2,2,0.06451612903225806,0.906
2025-12-01,1139,Oracle,Enduro,3,20,23,3,3,0.13043478260869565,0.735
2022-04-01,1140,Oracle,Enduro,3,45,42,-3,3,0.07142857142857142,1.714
2022-05-01,1140,Oracle,Enduro,3,53,40,-13,13,0.325,1.473
2022-06-01,1140,Oracle,Enduro,3,46,63,17,17,0.2698412698412698,1.13
2022-07-01,1140,Oracle,Enduro,3,43,43,0,0,0.0,0.896
2022-08-01,1140,Oracle,Enduro,3,38,49,11,11,0.22448979591836735,0.789
2022-09-01,1140,Oracle,Enduro,3,40,31,-9,9,0.2903225806451613,0.783
2022-10-01,1140,Oracle,Enduro,3,30,41,11,11,0.2682926829268293,0.738
2022-11-01,1140,Oracle,Enduro,3,37,30,-7,7,0.23333333333333334,0.906
2022-12-01,1140,Oracle,Enduro,3,25,12,-13,13,1.0833333333333333,0.735
2023-01-01,1140,Oracle,Enduro,3,21,26,5,5,0.19230769230769232,0.767
2023-02-01,1140,Oracle,Enduro,3,23,20,-3,3,0.15,1.0
2023-03-01,1140,Oracle,Enduro,3,29,22,-7,7,0.3181818181818182,1.5
2023-04-01,1140,Oracle,Enduro,3,39,53,14,14,0.2641509433962264,1.714
2023-05-01,1140,Oracle,Enduro,3,47,62,15,15,0.24193548387096775,1.473
2023-06-01,1140,Oracle,Enduro,3,52,56,4,4,0.07142857142857142,1.13
2023-07-01,1140,Oracle,Enduro,3,51,63,12,12,0.19047619047619047,0.896
2023-08-01,1140,Oracle,Enduro,3,48,48,0,0,0.0,0.789
2023-09-01,1140,Oracle,Enduro,3,44,30,-14,14,0.4666666666666667,0.783
2023-10-01,1140,Oracle,Enduro,3,35,43,8,8,0.18604651162790697,0.738
2023-11-01,1140,Oracle,Enduro,3,37,34,-3,3,0.08823529411764706,0.906
2023-12-01,1140,Oracle,Enduro,3,26,20,-6,6,0.3,0.735
2024-01-01,1140,Oracle,Enduro,3,25,15,-10,10,0.6666666666666666,0.767
2024-02-01,1140,Oracle,Enduro,3,23,21,-2,2,0.09523809523809523,1.0
2024-03-01,1140,Oracle,Enduro,3,28,38,10,10,0.2631578947368421,1.5
2024-04-01,1140,Oracle,Enduro,3,42,51,9,9,0.17647058823529413,1.714
2024-05-01,1140,Oracle,Enduro,3,54,67,13,13,0.19402985074626866,1.473
2024-06-01,1140,Oracle,Enduro,3,59,65,6,6,0.09230769230769231,1.13
2024-07-01,1140,Oracle,Enduro,3,55,54,-1,1,0.018518518518518517,0.896
2024-08-01,1140,Oracle,Enduro,3,49,51,2,2,0.0392156862745098,0.789
2024-09-01,1140,Oracle,Enduro,3,44,32,-12,12,0.375,0.783
2024-10-01,1140,Oracle,Enduro,3,34,30,-4,4,0.13333333333333333,0.738
2024-11-01,1140,Oracle,Enduro,3,34,29,-5,5,0.1724137931034483,0.906
2024-12-01,1140,Oracle,Enduro,3,22,18,-4,4,0.2222222222222222,0.735
2025-01-01,1140,Oracle,Enduro,3,20,18,-2,2,0.1111111111111111,0.767
2025-02-01,1140,Oracle,Enduro,3,22,39,17,17,0.4358974358974359,1.0
2025-03-01,1140,Oracle,Enduro,3,38,47,9,9,0.19148936170212766,1.5
2025-04-01,1140,Oracle,Enduro,3,59,51,-8,8,0.1568627450980392,1.714
2025-05-01,1140,Oracle,Enduro,3,67,57,-10,10,0.17543859649122806,1.473
2025-06-01,1140,Oracle,Enduro,3,58,41,-17,17,0.4146341463414634,1.13
2025-07-01,1140,Oracle,Enduro,3,45,55,10,10,0.18181818181818182,0.896
2025-08-01,1140,Oracle,Enduro,3,40,60,20,20,0.3333333333333333,0.789
2025-09-01,1140,Oracle,Enduro,3,41,36,-5,5,0.1388888888888889,0.783
2025-10-01,1140,Oracle,Enduro,3,37,8,-29,29,3.625,0.738
2025-11-01,1140,Oracle,Enduro,3,31,45,14,14,0.3111111111111111,0.906
2025-12-01,1140,Oracle,Enduro,3,22,13,-9,9,0.6923076923076923,0.735
2022-04-01,1141,Oracle,Enduro,3,41,37,-4,4,0.10810810810810811,1.714
2022-05-01,1141,Oracle,Enduro,3,39,45,6,6,0.13333333333333333,1.473
2022-06-01,1141,Oracle,Enduro,3,43,63,20,20,0.31746031746031744,1.13
2022-07-01,1141,Oracle,Enduro,3,43,47,4,4,0.0851063829787234,0.896
2022-08-01,1141,Oracle,Enduro,3,41,54,13,13,0.24074074074074073,0.789
2022-09-01,1141,Oracle,Enduro,3,43,43,0,0,0.0,0.783
2022-10-01,1141,Oracle,Enduro,3,35,31,-4,4,0.12903225806451613,0.738
2022-11-01,1141,Oracle,Enduro,3,39,12,-27,27,2.25,0.906
2022-12-01,1141,Oracle,Enduro,3,21,36,15,15,0.4166666666666667,0.735
2023-01-01,1141,Oracle,Enduro,3,20,17,-3,3,0.17647058823529413,0.767
2023-02-01,1141,Oracle,Enduro,3,22,32,10,10,0.3125,1.0
2023-03-01,1141,Oracle,Enduro,3,42,29,-13,13,0.4482758620689655,1.5
2023-04-01,1141,Oracle,Enduro,3,45,46,1,1,0.021739130434782608,1.714
2023-05-01,1141,Oracle,Enduro,3,53,57,4,4,0.07017543859649122,1.473
2023-06-01,1141,Oracle,Enduro,3,50,60,10,10,0.16666666666666666,1.13
2023-07-01,1141,Oracle,Enduro,3,49,36,-13,13,0.3611111111111111,0.896
2023-08-01,1141,Oracle,Enduro,3,40,28,-12,12,0.42857142857142855,0.789
2023-09-01,1141,Oracle,Enduro,3,32,16,-16,16,1.0,0.783
2023-10-01,1141,Oracle,Enduro,3,20,27,7,7,0.25925925925925924,0.738
2023-11-01,1141,Oracle,Enduro,3,21,38,17,17,0.4473684210526316,0.906
2023-12-01,1141,Oracle,Enduro,3,20,25,5,5,0.2,0.735
2024-01-01,1141,Oracle,Enduro,3,23,33,10,10,0.30303030303030304,0.767
2024-02-01,1141,Oracle,Enduro,3,32,12,-20,20,1.6666666666666667,1.0
2024-03-01,1141,Oracle,Enduro,3,35,21,-14,14,0.6666666666666666,1.5
2024-04-01,1141,Oracle,Enduro,3,38,50,12,12,0.24,1.714
2024-05-01,1141,Oracle,Enduro,3,41,54,13,13,0.24074074074074073,1.473
2024-06-01,1141,Oracle,Enduro,3,47,57,10,10,0.17543859649122806,1.13
2024-07-01,1141,Oracle,Enduro,3,48,51,3,3,0.058823529411764705,0.896
2024-08-01,1141,Oracle,Enduro,3,43,43,0,0,0.0,0.789
2024-09-01,1141,Oracle,Enduro,3,39,45,6,6,0.13333333333333333,0.783
2024-10-01,1141,Oracle,Enduro,3,34,46,12,12,0.2608695652173913,0.738
2024-11-01,1141,Oracle,Enduro,3,40,30,-10,10,0.3333333333333333,0.906
2024-12-01,1141,Oracle,Enduro,3,30,26,-4,4,0.15384615384615385,0.735
2025-01-01,1141,Oracle,Enduro,3,26,32,6,6,0.1875,0.767
2025-02-01,1141,Oracle,Enduro,3,29,7,-22,22,3.142857142857143,1.0
2025-03-01,1141,Oracle,Enduro,3,32,27,-5,5,0.18518518518518517,1.5
2025-04-01,1141,Oracle,Enduro,3,38,42,4,4,0.09523809523809523,1.714
2025-05-01,1141,Oracle,Enduro,3,37,68,31,31,0.45588235294117646,1.473
2025-06-01,1141,Oracle,Enduro,3,52,56,4,4,0.07142857142857142,1.13
2025-07-01,1141,Oracle,Enduro,3,50,52,2,2,0.038461538461538464,0.896
2025-08-01,1141,Oracle,Enduro,3,46,39,-7,7,0.1794871794871795,0.789
2025-09-01,1141,Oracle,Enduro,3,38,34,-4,4,0.11764705882352941,0.783
2025-10-01,1141,Oracle,Enduro,3,31,28,-3,3,0.10714285714285714,0.738
2025-11-01,1141,Oracle,Enduro,3,30,38,8,8,0.21052631578947367,0.906
2025-12-01,1141,Oracle,Enduro,3,24,9,-15,15,1.6666666666666667,0.735
2022-04-01,1142,Oracle,Enduro,3,46,16,-30,30,1.875,1.714
2022-05-01,1142,Oracle,Enduro,3,35,38,3,3,0.07894736842105263,1.473
2022-06-01,1142,Oracle,Enduro,3,34,50,16,16,0.32,1.13
2022-07-01,1142,Oracle,Enduro,3,31,47,16,16,0.3404255319148936,0.896
2022-08-01,1142,Oracle,Enduro,3,36,27,-9,9,0.3333333333333333,0.789
2022-09-01,1142,Oracle,Enduro,3,32,31,-1,1,0.03225806451612903,0.783
2022-10-01,1142,Oracle,Enduro,3,26,22,-4,4,0.18181818181818182,0.738
2022-11-01,1142,Oracle,Enduro,3,24,26,2,2,0.07692307692307693,0.906
2022-12-01,1142,Oracle,Enduro,3,19,20,1,1,0.05,0.735
2023-01-01,1142,Oracle,Enduro,3,17,14,-3,3,0.21428571428571427,0.767
2023-02-01,1142,Oracle,Enduro,3,20,22,2,2,0.09090909090909091,1.0
2023-03-01,1142,Oracle,Enduro,3,28,37,9,9,0.24324324324324326,1.5
2023-04-01,1142,Oracle,Enduro,3,42,52,10,10,0.19230769230769232,1.714
2023-05-01,1142,Oracle,Enduro,3,54,69,15,15,0.21739130434782608,1.473
2023-06-01,1142,Oracle,Enduro,3,60,72,12,12,0.16666666666666666,1.13
2023-07-01,1142,Oracle,Enduro,3,58,39,-19,19,0.48717948717948717,0.896
2023-08-01,1142,Oracle,Enduro,3,47,46,-1,1,0.021739130434782608,0.789
2023-09-01,1142,Oracle,Enduro,3,41,45,4,4,0.08888888888888889,0.783
2023-10-01,1142,Oracle,Enduro,3,32,33,1,1,0.030303030303030304,0.738
2023-11-01,1142,Oracle,Enduro,3,37,29,-8,8,0.27586206896551724,0.906
2023-12-01,1142,Oracle,Enduro,3,26,25,-1,1,0.04,0.735
2024-01-01,1142,Oracle,Enduro,3,22,24,2,2,0.08333333333333333,0.767
2024-02-01,1142,Oracle,Enduro,3,26,25,-1,1,0.04,1.0
2024-03-01,1142,Oracle,Enduro,3,37,25,-12,12,0.48,1.5
2024-04-01,1142,Oracle,Enduro,3,42,53,11,11,0.20754716981132076,1.714
2024-05-01,1142,Oracle,Enduro,3,51,76,25,25,0.32894736842105265,1.473
2024-06-01,1142,Oracle,Enduro,3,58,64,6,6,0.09375,1.13
2024-07-01,1142,Oracle,Enduro,3,58,47,-11,11,0.23404255319148937,0.896
2024-08-01,1142,Oracle,Enduro,3,49,57,8,8,0.14035087719298245,0.789
2024-09-01,1142,Oracle,Enduro,3,44,13,-31,31,2.3846153846153846,0.783
2024-10-01,1142,Oracle,Enduro,3,29,48,19,19,0.3958333333333333,0.738
2024-11-01,1142,Oracle,Enduro,3,36,14,-22,22,1.5714285714285714,0.906
2024-12-01,1142,Oracle,Enduro,3,18,14,-4,4,0.2857142857142857,0.735
2025-01-01,1142,Oracle,Enduro,3,19,25,6,6,0.24,0.767
2025-02-01,1142,Oracle,Enduro,3,18,29,11,11,0.3793103448275862,1.0
2025-03-01,1142,Oracle,Enduro,3,34,50,16,16,0.32,1.5
2025-04-01,1142,Oracle,Enduro,3,59,47,-12,12,0.2553191489361702,1.714
2025-05-01,1142,Oracle,Enduro,3,62,44,-18,18,0.4090909090909091,1.473
2025-06-01,1142,Oracle,Enduro,3,53,46,-7,7,0.15217391304347827,1.13
2025-07-01,1142,Oracle,Enduro,3,41,42,1,1,0.023809523809523808,0.896
2025-08-01,1142,Oracle,Enduro,3,35,48,13,13,0.2708333333333333,0.789
2025-09-01,1142,Oracle,Enduro,3,35,31,-4,4,0.12903225806451613,0.783
2025-10-01,1142,Oracle,Enduro,3,30,33,3,3,0.09090909090909091,0.738
2025-11-01,1142,Oracle,Enduro,3,34,40,6,6,0.15,0.906
2025-12-01,1142,Oracle,Enduro,3,25,26,1,1,0.038461538461538464,0.735
2022-04-01,1143,Oracle,Enduro,3,41,46,5,5,0.10869565217391304,1.714
2022-05-01,1143,Oracle,Enduro,3,45,67,22,22,0.3283582089552239,1.473
2022-06-01,1143,Oracle,Enduro,3,54,54,0,0,0.0,1.13
2022-07-01,1143,Oracle,Enduro,3,50,39,-11,11,0.28205128205128205,0.896
2022-08-01,1143,Oracle,Enduro,3,42,47,5,5,0.10638297872340426,0.789
2022-09-01,1143,Oracle,Enduro,3,37,29,-8,8,0.27586206896551724,0.783
2022-10-01,1143,Oracle,Enduro,3,28,19,-9,9,0.47368421052631576,0.738
2022-11-01,1143,Oracle,Enduro,3,29,50,21,21,0.42,0.906
2022-12-01,1143,Oracle,Enduro,3,24,28,4,4,0.14285714285714285,0.735
2023-01-01,1143,Oracle,Enduro,3,25,27,2,2,0.07407407407407407,0.767
2023-02-01,1143,Oracle,Enduro,3,35,11,-24,24,2.1818181818181817,1.0
2023-03-01,1143,Oracle,Enduro,3,33,24,-9,9,0.375,1.5
2023-04-01,1143,Oracle,Enduro,3,35,35,0,0,0.0,1.714
2023-05-01,1143,Oracle,Enduro,3,34,43,9,9,0.20930232558139536,1.473
2023-06-01,1143,Oracle,Enduro,3,38,59,21,21,0.3559322033898305,1.13
2023-07-01,1143,Oracle,Enduro,3,41,26,-15,15,0.5769230769230769,0.896
2023-08-01,1143,Oracle,Enduro,3,34,45,11,11,0.24444444444444444,0.789
2023-09-01,1143,Oracle,Enduro,3,34,33,-1,1,0.030303030303030304,0.783
2023-10-01,1143,Oracle,Enduro,3,26,40,14,14,0.35,0.738
2023-11-01,1143,Oracle,Enduro,3,36,28,-8,8,0.2857142857142857,0.906
2023-12-01,1143,Oracle,Enduro,3,25,19,-6,6,0.3157894736842105,0.735
2024-01-01,1143,Oracle,Enduro,3,22,28,6,6,0.21428571428571427,0.767
2024-02-01,1143,Oracle,Enduro,3,25,21,-4,4,0.19047619047619047,1.0
2024-03-01,1143,Oracle,Enduro,3,34,23,-11,11,0.4782608695652174,1.5
2024-04-01,1143,Oracle,Enduro,3,41,37,-4,4,0.10810810810810811,1.714
2024-05-01,1143,Oracle,Enduro,3,40,56,16,16,0.2857142857142857,1.473
2024-06-01,1143,Oracle,Enduro,3,44,64,20,20,0.3125,1.13
2024-07-01,1143,Oracle,Enduro,3,47,26,-21,21,0.8076923076923077,0.896
2024-08-01,1143,Oracle,Enduro,3,38,51,13,13,0.2549019607843137,0.789
2024-09-01,1143,Oracle,Enduro,3,37,42,5,5,0.11904761904761904,0.783
2024-10-01,1143,Oracle,Enduro,3,29,17,-12,12,0.7058823529411765,0.738
2024-11-01,1143,Oracle,Enduro,3,33,21,-12,12,0.5714285714285714,0.906
2024-12-01,1143,Oracle,Enduro,3,20,20,0,0,0.0,0.735
2025-01-01,1143,Oracle,Enduro,3,15,26,11,11,0.4230769230769231,0.767
2025-02-01,1143,Oracle,Enduro,3,22,27,5,5,0.18518518518518517,1.0
2025-03-01,1143,Oracle,Enduro,3,36,32,-4,4,0.125,1.5
2025-04-01,1143,Oracle,Enduro,3,49,61,12,12,0.19672131147540983,1.714
2025-05-01,1143,Oracle,Enduro,3,59,53,-6,6,0.11320754716981132,1.473
2025-06-01,1143,Oracle,Enduro,3,55,51,-4,4,0.0784313725490196,1.13
2025-07-01,1143,Oracle,Enduro,3,49,48,-1,1,0.020833333333333332,0.896
2025-08-01,1143,Oracle,Enduro,3,40,35,-5,5,0.14285714285714285,0.789
2025-09-01,1143,Oracle,Enduro,3,35,41,6,6,0.14634146341463414,0.783
2025-10-01,1143,Oracle,Enduro,3,30,32,2,2,0.0625,0.738
2025-11-01,1143,Oracle,Enduro,3,33,20,-13,13,0.65,0.906
2025-12-01,1143,Oracle,Enduro,3,23,23,0,0,0.0,0.735
2022-04-01,1144,Oracle,Enduro,3,49,34,-15,15,0.4411764705882353,1.714
2022-05-01,1144,Oracle,Enduro,3,51,44,-7,7,0.1590909090909091,1.473
2022-06-01,1144,Oracle,Enduro,3,45,66,21,21,0.3181818181818182,1.13
2022-07-01,1144,Oracle,Enduro,3,43,44,1,1,0.022727272727272728,0.896
2022-08-01,1144,Oracle,Enduro,3,41,24,-17,17,0.7083333333333334,0.789
2022-09-01,1144,Oracle,Enduro,3,35,25,-10,10,0.4,0.783
2022-10-01,1144,Oracle,Enduro,3,23,19,-4,4,0.21052631578947367,0.738
2022-11-01,1144,Oracle,Enduro,3,21,32,11,11,0.34375,0.906
2022-12-01,1144,Oracle,Enduro,3,19,25,6,6,0.24,0.735
2023-01-01,1144,Oracle,Enduro,3,19,29,10,10,0.3448275862068966,0.767
2023-02-01,1144,Oracle,Enduro,3,29,23,-6,6,0.2608695652173913,1.0
2023-03-01,1144,Oracle,Enduro,3,38,32,-6,6,0.1875,1.5
2023-04-01,1144,Oracle,Enduro,3,48,54,6,6,0.1111111111111111,1.714
2023-05-01,1144,Oracle,Enduro,3,54,54,0,0,0.0,1.473
2023-06-01,1144,Oracle,Enduro,3,53,58,5,5,0.08620689655172414,1.13
2023-07-01,1144,Oracle,Enduro,3,50,38,-12,12,0.3157894736842105,0.896
2023-08-01,1144,Oracle,Enduro,3,39,48,9,9,0.1875,0.789
2023-09-01,1144,Oracle,Enduro,3,38,33,-5,5,0.15151515151515152,0.783
2023-10-01,1144,Oracle,Enduro,3,29,40,11,11,0.275,0.738
2023-11-01,1144,Oracle,Enduro,3,37,40,3,3,0.075,0.906
2023-12-01,1144,Oracle,Enduro,3,28,29,1,1,0.034482758620689655,0.735
2024-01-01,1144,Oracle,Enduro,3,28,24,-4,4,0.16666666666666666,0.767
2024-02-01,1144,Oracle,Enduro,3,31,23,-8,8,0.34782608695652173,1.0
2024-03-01,1144,Oracle,Enduro,3,38,60,22,22,0.36666666666666664,1.5
2024-04-01,1144,Oracle,Enduro,3,61,42,-19,19,0.4523809523809524,1.714
2024-05-01,1144,Oracle,Enduro,3,61,63,2,2,0.031746031746031744,1.473
2024-06-01,1144,Oracle,Enduro,3,62,44,-18,18,0.4090909090909091,1.13
2024-07-01,1144,Oracle,Enduro,3,45,54,9,9,0.16666666666666666,0.896
2024-08-01,1144,Oracle,Enduro,3,42,57,15,15,0.2631578947368421,0.789
2024-09-01,1144,Oracle,Enduro,3,40,45,5,5,0.1111111111111111,0.783
2024-10-01,1144,Oracle,Enduro,3,38,21,-17,17,0.8095238095238095,0.738
2024-11-01,1144,Oracle,Enduro,3,37,41,4,4,0.0975609756097561,0.906
2024-12-01,1144,Oracle,Enduro,3,26,26,0,0,0.0,0.735
2025-01-01,1144,Oracle,Enduro,3,23,27,4,4,0.14814814814814814,0.767
2025-02-01,1144,Oracle,Enduro,3,31,28,-3,3,0.10714285714285714,1.0
2025-03-01,1144,Oracle,Enduro,3,40,24,-16,16,0.6666666666666666,1.5
2025-04-01,1144,Oracle,Enduro,3,45,40,-5,5,0.125,1.714
2025-05-01,1144,Oracle,Enduro,3,45,55,10,10,0.18181818181818182,1.473
2025-06-01,1144,Oracle,Enduro,3,45,48,3,3,0.0625,1.13
2025-07-01,1144,Oracle,Enduro,3,43,51,8,8,0.1568627450980392,0.896
2025-08-01,1144,Oracle,Enduro,3,41,45,4,4,0.08888888888888889,0.789
2025-09-01,1144,Oracle,Enduro,3,38,29,-9,9,0.3103448275862069,0.783
2025-10-01,1144,Oracle,Enduro,3,31,21,-10,10,0.47619047619047616,0.738
2025-11-01,1144,Oracle,Enduro,3,29,35,6,6,0.17142857142857143,0.906
2025-12-01,1144,Oracle,Enduro,3,21,17,-4,4,0.23529411764705882,0.735
2022-04-01,1145,Oracle,Enduro,3,25,27,2,2,0.07407407407407407,1.714
2022-05-01,1145,Oracle,Enduro,3,31,28,-3,3,0.10714285714285714,1.473
2022-06-01,1145,Oracle,Enduro,3,31,36,5,5,0.1388888888888889,1.13
2022-07-01,1145,Oracle,Enduro,3,27,22,-5,5,0.22727272727272727,0.896
2022-08-01,1145,Oracle,Enduro,3,23,14,-9,9,0.6428571428571429,0.789
2022-09-01,1145,Oracle,Enduro,3,19,25,6,6,0.24,0.783
2022-10-01,1145,Oracle,Enduro,3,15,11,-4,4,0.36363636363636365,0.738
2022-11-01,1145,Oracle,Enduro,3,15,29,14,14,0.4827586206896552,0.906
2022-12-01,1145,Oracle,Enduro,3,16,23,7,7,0.30434782608695654,0.735
2023-01-01,1145,Oracle,Enduro,3,16,13,-3,3,0.23076923076923078,0.767
2023-02-01,1145,Oracle,Enduro,3,22,8,-14,14,1.75,1.0
2023-03-01,1145,Oracle,Enduro,3,22,27,5,5,0.18518518518518517,1.5
2023-04-01,1145,Oracle,Enduro,3,27,31,4,4,0.12903225806451613,1.714
2023-05-01,1145,Oracle,Enduro,3,32,28,-4,4,0.14285714285714285,1.473
2023-06-01,1145,Oracle,Enduro,3,32,24,-8,8,0.3333333333333333,1.13
2023-07-01,1145,Oracle,Enduro,3,25,24,-1,1,0.041666666666666664,0.896
2023-08-01,1145,Oracle,Enduro,3,20,24,4,4,0.16666666666666666,0.789
2023-09-01,1145,Oracle,Enduro,3,19,20,1,1,0.05,0.783
2023-10-01,1145,Oracle,Enduro,3,17,9,-8,8,0.8888888888888888,0.738
2023-11-01,1145,Oracle,Enduro,3,16,23,7,7,0.30434782608695654,0.906
2023-12-01,1145,Oracle,Enduro,3,13,16,3,3,0.1875,0.735
2024-01-01,1145,Oracle,Enduro,3,12,7,-5,5,0.7142857142857143,0.767
2024-02-01,1145,Oracle,Enduro,3,15,12,-3,3,0.25,1.0
2024-03-01,1145,Oracle,Enduro,3,18,12,-6,6,0.5,1.5
2024-04-01,1145,Oracle,Enduro,3,18,25,7,7,0.28,1.714
2024-05-01,1145,Oracle,Enduro,3,24,32,8,8,0.25,1.473
2024-06-01,1145,Oracle,Enduro,3,26,27,1,1,0.037037037037037035,1.13
2024-07-01,1145,Oracle,Enduro,3,25,20,-5,5,0.25,0.896
2024-08-01,1145,Oracle,Enduro,3,21,14,-7,7,0.5,0.789
2024-09-01,1145,Oracle,Enduro,3,16,11,-5,5,0.45454545454545453,0.783
2024-10-01,1145,Oracle,Enduro,3,11,16,5,5,0.3125,0.738
2024-11-01,1145,Oracle,Enduro,3,12,17,5,5,0.29411764705882354,0.906
2024-12-01,1145,Oracle,Enduro,3,11,15,4,4,0.26666666666666666,0.735
2025-01-01,1145,Oracle,Enduro,3,12,9,-3,3,0.3333333333333333,0.767
2025-02-01,1145,Oracle,Enduro,3,14,17,3,3,0.17647058823529413,1.0
2025-03-01,1145,Oracle,Enduro,3,20,15,-5,5,0.3333333333333333,1.5
2025-04-01,1145,Oracle,Enduro,3,23,31,8,8,0.25806451612903225,1.714
2025-05-01,1145,Oracle,Enduro,3,31,32,1,1,0.03125,1.473
2025-06-01,1145,Oracle,Enduro,3,29,28,-1,1,0.03571428571428571,1.13
2025-07-01,1145,Oracle,Enduro,3,27,19,-8,8,0.42105263157894735,0.896
2025-08-01,1145,Oracle,Enduro,3,21,17,-4,4,0.23529411764705882,0.789
2025-09-01,1145,Oracle,Enduro,3,17,11,-6,6,0.5454545454545454,0.783
2025-10-01,1145,Oracle,Enduro,3,12,8,-4,4,0.5,0.738
2025-11-01,1145,Oracle,Enduro,3,11,25,14,14,0.56,0.906
2025-12-01,1145,Oracle,Enduro,3,11,7,-4,4,0.5714285714285714,0.735
2022-04-01,1146,Oracle,Enduro,3,23,18,-5,5,0.2777777777777778,1.714
2022-05-01,1146,Oracle,Enduro,3,24,35,11,11,0.3142857142857143,1.473
2022-06-01,1146,Oracle,Enduro,3,26,36,10,10,0.2777777777777778,1.13
2022-07-01,1146,Oracle,Enduro,3,27,22,-5,5,0.22727272727272727,0.896
2022-08-01,1146,Oracle,Enduro,3,24,28,4,4,0.14285714285714285,0.789
2022-09-01,1146,Oracle,Enduro,3,22,25,3,3,0.12,0.783
2022-10-01,1146,Oracle,Enduro,3,18,9,-9,9,1.0,0.738
2022-11-01,1146,Oracle,Enduro,3,19,16,-3,3,0.1875,0.906
2022-12-01,1146,Oracle,Enduro,3,12,6,-6,6,1.0,0.735
2023-01-01,1146,Oracle,Enduro,3,8,14,6,6,0.42857142857142855,0.767
2023-02-01,1146,Oracle,Enduro,3,12,7,-5,5,0.7142857142857143,1.0
2023-03-01,1146,Oracle,Enduro,3,14,10,-4,4,0.4,1.5
2023-04-01,1146,Oracle,Enduro,3,18,25,7,7,0.28,1.714
2023-05-01,1146,Oracle,Enduro,3,21,34,13,13,0.38235294117647056,1.473
2023-06-01,1146,Oracle,Enduro,3,26,21,-5,5,0.23809523809523808,1.13
2023-07-01,1146,Oracle,Enduro,3,24,22,-2,2,0.09090909090909091,0.896
2023-08-01,1146,Oracle,Enduro,3,20,25,5,5,0.2,0.789
2023-09-01,1146,Oracle,Enduro,3,18,21,3,3,0.14285714285714285,0.783
2023-10-01,1146,Oracle,Enduro,3,17,22,5,5,0.22727272727272727,0.738
2023-11-01,1146,Oracle,Enduro,3,21,14,-7,7,0.5,0.906
2023-12-01,1146,Oracle,Enduro,3,14,10,-4,4,0.4,0.735
2024-01-01,1146,Oracle,Enduro,3,12,10,-2,2,0.2,0.767
2024-02-01,1146,Oracle,Enduro,3,11,14,3,3,0.21428571428571427,1.0
2024-03-01,1146,Oracle,Enduro,3,17,20,3,3,0.15,1.5
2024-04-01,1146,Oracle,Enduro,3,25,35,10,10,0.2857142857142857,1.714
2024-05-01,1146,Oracle,Enduro,3,34,34,0,0,0.0,1.473
2024-06-01,1146,Oracle,Enduro,3,34,36,2,2,0.05555555555555555,1.13
2024-07-01,1146,Oracle,Enduro,3,31,17,-14,14,0.8235294117647058,0.896
2024-08-01,1146,Oracle,Enduro,3,23,22,-1,1,0.045454545454545456,0.789
2024-09-01,1146,Oracle,Enduro,3,20,14,-6,6,0.42857142857142855,0.783
2024-10-01,1146,Oracle,Enduro,3,13,18,5,5,0.2777777777777778,0.738
2024-11-01,1146,Oracle,Enduro,3,16,6,-10,10,1.6666666666666667,0.906
2024-12-01,1146,Oracle,Enduro,3,9,8,-1,1,0.125,0.735
2025-01-01,1146,Oracle,Enduro,3,8,10,2,2,0.2,0.767
2025-02-01,1146,Oracle,Enduro,3,8,14,6,6,0.42857142857142855,1.0
2025-03-01,1146,Oracle,Enduro,3,16,27,11,11,0.4074074074074074,1.5
2025-04-01,1146,Oracle,Enduro,3,29,24,-5,5,0.20833333333333334,1.714
2025-05-01,1146,Oracle,Enduro,3,32,19,-13,13,0.6842105263157895,1.473
2025-06-01,1146,Oracle,Enduro,3,26,35,9,9,0.2571428571428571,1.13
2025-07-01,1146,Oracle,Enduro,3,23,25,2,2,0.08,0.896
2025-08-01,1146,Oracle,Enduro,3,21,26,5,5,0.19230769230769232,0.789
2025-09-01,1146,Oracle,Enduro,3,22,10,-12,12,1.2,0.783
2025-10-01,1146,Oracle,Enduro,3,15,19,4,4,0.21052631578947367,0.738
2025-11-01,1146,Oracle,Enduro,3,17,21,4,4,0.19047619047619047,0.906
2025-12-01,1146,Oracle,Enduro,3,12,14,2,2,0.14285714285714285,0.735
2022-04-01,1147,Oracle,Enduro,3,14,19,5,5,0.2631578947368421,1.714
2022-05-01,1147,Oracle,Enduro,3,16,26,10,10,0.38461538461538464,1.473
2022-06-01,1147,Oracle,Enduro,3,20,24,4,4,0.16666666666666666,1.13
2022-07-01,1147,Oracle,Enduro,3,21,23,2,2,0.08695652173913043,0.896
2022-08-01,1147,Oracle,Enduro,3,19,35,16,16,0.45714285714285713,0.789
2022-09-01,1147,Oracle,Enduro,3,21,8,-13,13,1.625,0.783
2022-10-01,1147,Oracle,Enduro,3,16,12,-4,4,0.3333333333333333,0.738
2022-11-01,1147,Oracle,Enduro,3,17,30,13,13,0.43333333333333335,0.906
2022-12-01,1147,Oracle,Enduro,3,12,14,2,2,0.14285714285714285,0.735
2023-01-01,1147,Oracle,Enduro,3,14,13,-1,1,0.07692307692307693,0.767
2023-02-01,1147,Oracle,Enduro,3,19,14,-5,5,0.35714285714285715,1.0
2023-03-01,1147,Oracle,Enduro,3,20,20,0,0,0.0,1.5
2023-04-01,1147,Oracle,Enduro,3,27,32,5,5,0.15625,1.714
2023-05-01,1147,Oracle,Enduro,3,32,38,6,6,0.15789473684210525,1.473
2023-06-01,1147,Oracle,Enduro,3,34,26,-8,8,0.3076923076923077,1.13
2023-07-01,1147,Oracle,Enduro,3,29,15,-14,14,0.9333333333333333,0.896
2023-08-01,1147,Oracle,Enduro,3,21,18,-3,3,0.16666666666666666,0.789
2023-09-01,1147,Oracle,Enduro,3,15,9,-6,6,0.6666666666666666,0.783
2023-10-01,1147,Oracle,Enduro,3,10,5,-5,5,1.0,0.738
2023-11-01,1147,Oracle,Enduro,3,10,15,5,5,0.3333333333333333,0.906
2023-12-01,1147,Oracle,Enduro,3,7,3,-4,4,1.3333333333333333,0.735
2024-01-01,1147,Oracle,Enduro,3,6,14,8,8,0.5714285714285714,0.767
2024-02-01,1147,Oracle,Enduro,3,11,18,7,7,0.3888888888888889,1.0
2024-03-01,1147,Oracle,Enduro,3,18,21,3,3,0.14285714285714285,1.5
2024-04-01,1147,Oracle,Enduro,3,30,18,-12,12,0.6666666666666666,1.714
2024-05-01,1147,Oracle,Enduro,3,28,16,-12,12,0.75,1.473
2024-06-01,1147,Oracle,Enduro,3,21,54,33,33,0.6111111111111112,1.13
2024-07-01,1147,Oracle,Enduro,3,26,25,-1,1,0.04,0.896
2024-08-01,1147,Oracle,Enduro,3,25,29,4,4,0.13793103448275862,0.789
2024-09-01,1147,Oracle,Enduro,3,28,23,-5,5,0.21739130434782608,0.783
2024-10-01,1147,Oracle,Enduro,3,19,20,1,1,0.05,0.738
2024-11-01,1147,Oracle,Enduro,3,22,12,-10,10,0.8333333333333334,0.906
2024-12-01,1147,Oracle,Enduro,3,13,9,-4,4,0.4444444444444444,0.735
2025-01-01,1147,Oracle,Enduro,3,10,2,-8,8,4.0,0.767
2025-02-01,1147,Oracle,Enduro,3,8,6,-2,2,0.3333333333333333,1.0
2025-03-01,1147,Oracle,Enduro,3,8,19,11,11,0.5789473684210527,1.5
2025-04-01,1147,Oracle,Enduro,3,15,25,10,10,0.4,1.714
2025-05-01,1147,Oracle,Enduro,3,25,29,4,4,0.13793103448275862,1.473
2025-06-01,1147,Oracle,Enduro,3,28,26,-2,2,0.07692307692307693,1.13
2025-07-01,1147,Oracle,Enduro,3,24,8,-16,16,2.0,0.896
2025-08-01,1147,Oracle,Enduro,3,17,20,3,3,0.15,0.789
2025-09-01,1147,Oracle,Enduro,3,14,22,8,8,0.36363636363636365,0.783
2025-10-01,1147,Oracle,Enduro,3,12,21,9,9,0.42857142857142855,0.738
2025-11-01,1147,Oracle,Enduro,3,19,19,0,0,0.0,0.906
2025-12-01,1147,Oracle,Enduro,3,15,18,3,3,0.16666666666666666,0.735
2022-04-01,1148,Oracle,Enduro,3,22,14,-8,8,0.5714285714285714,1.714
2022-05-01,1148,Oracle,Enduro,3,21,24,3,3,0.125,1.473
2022-06-01,1148,Oracle,Enduro,3,21,31,10,10,0.3225806451612903,1.13
2022-07-01,1148,Oracle,Enduro,3,21,23,2,2,0.08695652173913043,0.896
2022-08-01,1148,Oracle,Enduro,3,21,37,16,16,0.43243243243243246,0.789
2022-09-01,1148,Oracle,Enduro,3,24,10,-14,14,1.4,0.783
2022-10-01,1148,Oracle,Enduro,3,17,25,8,8,0.32,0.738
2022-11-01,1148,Oracle,Enduro,3,22,12,-10,10,0.8333333333333334,0.906
2022-12-01,1148,Oracle,Enduro,3,12,6,-6,6,1.0,0.735
2023-01-01,1148,Oracle,Enduro,3,11,21,10,10,0.47619047619047616,0.767
2023-02-01,1148,Oracle,Enduro,3,13,26,13,13,0.5,1.0
2023-03-01,1148,Oracle,Enduro,3,26,12,-14,14,1.1666666666666667,1.5
2023-04-01,1148,Oracle,Enduro,3,34,28,-6,6,0.21428571428571427,1.714
2023-05-01,1148,Oracle,Enduro,3,32,43,11,11,0.2558139534883721,1.473
2023-06-01,1148,Oracle,Enduro,3,31,22,-9,9,0.4090909090909091,1.13
2023-07-01,1148,Oracle,Enduro,3,28,18,-10,10,0.5555555555555556,0.896
2023-08-01,1148,Oracle,Enduro,3,22,21,-1,1,0.047619047619047616,0.789
2023-09-01,1148,Oracle,Enduro,3,16,18,2,2,0.1111111111111111,0.783
2023-10-01,1148,Oracle,Enduro,3,14,14,0,0,0.0,0.738
2023-11-01,1148,Oracle,Enduro,3,16,24,8,8,0.3333333333333333,0.906
2023-12-01,1148,Oracle,Enduro,3,14,15,1,1,0.06666666666666667,0.735
2024-01-01,1148,Oracle,Enduro,3,14,5,-9,9,1.8,0.767
2024-02-01,1148,Oracle,Enduro,3,15,16,1,1,0.0625,1.0
2024-03-01,1148,Oracle,Enduro,3,18,10,-8,8,0.8,1.5
2024-04-01,1148,Oracle,Enduro,3,18,13,-5,5,0.38461538461538464,1.714
2024-05-01,1148,Oracle,Enduro,3,19,21,2,2,0.09523809523809523,1.473
2024-06-01,1148,Oracle,Enduro,3,17,15,-2,2,0.13333333333333333,1.13
2024-07-01,1148,Oracle,Enduro,3,15,31,16,16,0.5161290322580645,0.896
2024-08-01,1148,Oracle,Enduro,3,18,18,0,0,0.0,0.789
2024-09-01,1148,Oracle,Enduro,3,17,17,0,0,0.0,0.783
2024-10-01,1148,Oracle,Enduro,3,16,22,6,6,0.2727272727272727,0.738
2024-11-01,1148,Oracle,Enduro,3,17,9,-8,8,0.8888888888888888,0.906
2024-12-01,1148,Oracle,Enduro,3,12,33,21,21,0.6363636363636364,0.735
2025-01-01,1148,Oracle,Enduro,3,16,11,-5,5,0.45454545454545453,0.767
2025-02-01,1148,Oracle,Enduro,3,18,23,5,5,0.21739130434782608,1.0
2025-03-01,1148,Oracle,Enduro,3,34,38,4,4,0.10526315789473684,1.5
2025-04-01,1148,Oracle,Enduro,3,41,18,-23,23,1.2777777777777777,1.714
2025-05-01,1148,Oracle,Enduro,3,39,23,-16,16,0.6956521739130435,1.473
2025-06-01,1148,Oracle,Enduro,3,30,24,-6,6,0.25,1.13
2025-07-01,1148,Oracle,Enduro,3,19,11,-8,8,0.7272727272727273,0.896
2025-08-01,1148,Oracle,Enduro,3,15,16,1,1,0.0625,0.789
2025-09-01,1148,Oracle,Enduro,3,13,8,-5,5,0.625,0.783
2025-10-01,1148,Oracle,Enduro,3,9,17,8,8,0.47058823529411764,0.738
2025-11-01,1148,Oracle,Enduro,3,12,4,-8,8,2.0,0.906
2025-12-01,1148,Oracle,Enduro,3,7,17,10,10,0.5882352941176471,0.735
2022-04-01,1149,Oracle,Enduro,3,22,29,7,7,0.2413793103448276,1.714
2022-05-01,1149,Oracle,Enduro,3,29,22,-7,7,0.3181818181818182,1.473
2022-06-01,1149,Oracle,Enduro,3,27,42,15,15,0.35714285714285715,1.13
2022-07-01,1149,Oracle,Enduro,3,28,8,-20,20,2.5,0.896
2022-08-01,1149,Oracle,Enduro,3,19,16,-3,3,0.1875,0.789
2022-09-01,1149,Oracle,Enduro,3,17,14,-3,3,0.21428571428571427,0.783
2022-10-01,1149,Oracle,Enduro,3,9,5,-4,4,0.8,0.738
2022-11-01,1149,Oracle,Enduro,3,11,10,-1,1,0.1,0.906
2022-12-01,1149,Oracle,Enduro,3,7,0,-7,7,,0.735
2023-01-01,1149,Oracle,Enduro,3,4,23,19,19,0.8260869565217391,0.767
2023-02-01,1149,Oracle,Enduro,3,11,12,1,1,0.08333333333333333,1.0
2023-03-01,1149,Oracle,Enduro,3,18,22,4,4,0.18181818181818182,1.5
2023-04-01,1149,Oracle,Enduro,3,33,12,-21,21,1.75,1.714
2023-05-01,1149,Oracle,Enduro,3,23,43,20,20,0.46511627906976744,1.473
2023-06-01,1149,Oracle,Enduro,3,29,34,5,5,0.14705882352941177,1.13
2023-07-01,1149,Oracle,Enduro,3,27,11,-16,16,1.4545454545454546,0.896
2023-08-01,1149,Oracle,Enduro,3,23,26,3,3,0.11538461538461539,0.789
2023-09-01,1149,Oracle,Enduro,3,19,14,-5,5,0.35714285714285715,0.783
2023-10-01,1149,Oracle,Enduro,3,13,24,11,11,0.4583333333333333,0.738
2023-11-01,1149,Oracle,Enduro,3,19,15,-4,4,0.26666666666666666,0.906
2023-12-01,1149,Oracle,Enduro,3,13,16,3,3,0.1875,0.735
2024-01-01,1149,Oracle,Enduro,3,14,11,-3,3,0.2727272727272727,0.767
2024-02-01,1149,Oracle,Enduro,3,14,3,-11,11,3.6666666666666665,1.0
2024-03-01,1149,Oracle,Enduro,3,15,15,0,0,0.0,1.5
2024-04-01,1149,Oracle,Enduro,3,17,13,-4,4,0.3076923076923077,1.714
2024-05-01,1149,Oracle,Enduro,3,15,33,18,18,0.5454545454545454,1.473
2024-06-01,1149,Oracle,Enduro,3,23,17,-6,6,0.35294117647058826,1.13
2024-07-01,1149,Oracle,Enduro,3,19,28,9,9,0.32142857142857145,0.896
2024-08-01,1149,Oracle,Enduro,3,21,14,-7,7,0.5,0.789
2024-09-01,1149,Oracle,Enduro,3,15,26,11,11,0.4230769230769231,0.783
2024-10-01,1149,Oracle,Enduro,3,17,12,-5,5,0.4166666666666667,0.738
2024-11-01,1149,Oracle,Enduro,3,16,12,-4,4,0.3333333333333333,0.906
2024-12-01,1149,Oracle,Enduro,3,12,16,4,4,0.25,0.735
2025-01-01,1149,Oracle,Enduro,3,10,9,-1,1,0.1111111111111111,0.767
2025-02-01,1149,Oracle,Enduro,3,12,11,-1,1,0.09090909090909091,1.0
2025-03-01,1149,Oracle,Enduro,3,18,17,-1,1,0.058823529411764705,1.5
2025-04-01,1149,Oracle,Enduro,3,21,23,2,2,0.08695652173913043,1.714
2025-05-01,1149,Oracle,Enduro,3,25,15,-10,10,0.6666666666666666,1.473
2025-06-01,1149,Oracle,Enduro,3,21,39,18,18,0.46153846153846156,1.13
2025-07-01,1149,Oracle,Enduro,3,23,32,9,9,0.28125,0.896
2025-08-01,1149,Oracle,Enduro,3,23,13,-10,10,0.7692307692307693,0.789
2025-09-01,1149,Oracle,Enduro,3,22,12,-10,10,0.8333333333333334,0.783
2025-10-01,1149,Oracle,Enduro,3,14,7,-7,7,1.0,0.738
2025-11-01,1149,Oracle,Enduro,3,10,25,15,15,0.6,0.906
2025-12-01,1149,Oracle,Enduro,3,11,8,-3,3,0.375,0.735
2022-04-01,1150,Oracle,Enduro,3,21,13,-8,8,0.6153846153846154,1.714
2022-05-01,1150,Oracle,Enduro,3,19,41,22,22,0.5365853658536586,1.473
2022-06-01,1150,Oracle,Enduro,3,24,32,8,8,0.25,1.13
2022-07-01,1150,Oracle,Enduro,3,26,18,-8,8,0.4444444444444444,0.896
2022-08-01,1150,Oracle,Enduro,3,24,30,6,6,0.2,0.789
2022-09-01,1150,Oracle,Enduro,3,21,19,-2,2,0.10526315789473684,0.783
2022-10-01,1150,Oracle,Enduro,3,16,23,7,7,0.30434782608695654,0.738
2022-11-01,1150,Oracle,Enduro,3,22,14,-8,8,0.5714285714285714,0.906
2022-12-01,1150,Oracle,Enduro,3,14,6,-8,8,1.3333333333333333,0.735
2023-01-01,1150,Oracle,Enduro,3,11,16,5,5,0.3125,0.767
2023-02-01,1150,Oracle,Enduro,3,12,8,-4,4,0.5,1.0
2023-03-01,1150,Oracle,Enduro,3,15,20,5,5,0.25,1.5
2023-04-01,1150,Oracle,Enduro,3,25,23,-2,2,0.08695652173913043,1.714
2023-05-01,1150,Oracle,Enduro,3,25,56,31,31,0.5535714285714286,1.473
2023-06-01,1150,Oracle,Enduro,3,37,27,-10,10,0.37037037037037035,1.13
2023-07-01,1150,Oracle,Enduro,3,32,29,-3,3,0.10344827586206896,0.896
2023-08-01,1150,Oracle,Enduro,3,29,32,3,3,0.09375,0.789
2023-09-01,1150,Oracle,Enduro,3,23,26,3,3,0.11538461538461539,0.783
2023-10-01,1150,Oracle,Enduro,3,21,13,-8,8,0.6153846153846154,0.738
2023-11-01,1150,Oracle,Enduro,3,21,11,-10,10,0.9090909090909091,0.906
2023-12-01,1150,Oracle,Enduro,3,12,3,-9,9,3.0,0.735
2024-01-01,1150,Oracle,Enduro,3,7,7,0,0,0.0,0.767
2024-02-01,1150,Oracle,Enduro,3,7,18,11,11,0.6111111111111112,1.0
2024-03-01,1150,Oracle,Enduro,3,14,17,3,3,0.17647058823529413,1.5
2024-04-01,1150,Oracle,Enduro,3,24,22,-2,2,0.09090909090909091,1.714
2024-05-01,1150,Oracle,Enduro,3,28,25,-3,3,0.12,1.473
2024-06-01,1150,Oracle,Enduro,3,24,28,4,4,0.14285714285714285,1.13
2024-07-01,1150,Oracle,Enduro,3,22,31,9,9,0.2903225806451613,0.896
2024-08-01,1150,Oracle,Enduro,3,22,21,-1,1,0.047619047619047616,0.789
2024-09-01,1150,Oracle,Enduro,3,21,26,5,5,0.19230769230769232,0.783
2024-10-01,1150,Oracle,Enduro,3,19,25,6,6,0.24,0.738
2024-11-01,1150,Oracle,Enduro,3,22,21,-1,1,0.047619047619047616,0.906
2024-12-01,1150,Oracle,Enduro,3,18,14,-4,4,0.2857142857142857,0.735
2025-01-01,1150,Oracle,Enduro,3,15,8,-7,7,0.875,0.767
2025-02-01,1150,Oracle,Enduro,3,14,34,20,20,0.5882352941176471,1.0
2025-03-01,1150,Oracle,Enduro,3,28,27,-1,1,0.037037037037037035,1.5
2025-04-01,1150,Oracle,Enduro,3,39,21,-18,18,0.8571428571428571,1.714
2025-05-01,1150,Oracle,Enduro,3,40,21,-19,19,0.9047619047619048,1.473
2025-06-01,1150,Oracle,Enduro,3,26,10,-16,16,1.6,1.13
2025-07-01,1150,Oracle,Enduro,3,16,26,10,10,0.38461538461538464,0.896
2025-08-01,1150,Oracle,Enduro,3,15,17,2,2,0.11764705882352941,0.789
2025-09-01,1150,Oracle,Enduro,3,14,22,8,8,0.36363636363636365,0.783
2025-10-01,1150,Oracle,Enduro,3,16,31,15,15,0.4838709677419355,0.738
2025-11-01,1150,Oracle,Enduro,3,21,17,-4,4,0.23529411764705882,0.906
2025-12-01,1150,Oracle,Enduro,3,17,31,14,14,0.45161290322580644,0.735
2022-04-01,1151,Sky Island,eMTB,3,3,0,-3,3,,1.714
2022-05-01,1151,Sky Island,eMTB,3,3,7,4,4,0.5714285714285714,1.473
2022-06-01,1151,Sky Island,eMTB,3,4,1,-3,3,3.0,1.13
2022-07-01,1151,Sky Island,eMTB,3,2,0,-2,2,,0.896
2022-08-01,1151,Sky Island,eMTB,3,2,1,-1,1,1.0,0.789
2022-09-01,1151,Sky Island,eMTB,3,1,10,9,9,0.9,0.783
2022-10-01,1151,Sky Island,eMTB,3,3,0,-3,3,,0.738
2022-11-01,1151,Sky Island,eMTB,3,3,3,0,0,0.0,0.906
2022-12-01,1151,Sky Island,eMTB,3,3,0,-3,3,,0.735
2023-01-01,1151,Sky Island,eMTB,3,1,3,2,2,0.6666666666666666,0.767
2023-02-01,1151,Sky Island,eMTB,3,2,0,-2,2,,1.0
2023-03-01,1151,Sky Island,eMTB,3,2,2,0,0,0.0,1.5
2023-04-01,1151,Sky Island,eMTB,3,3,2,-1,1,0.5,1.714
2023-05-01,1151,Sky Island,eMTB,3,2,6,4,4,0.6666666666666666,1.473
2023-06-01,1151,Sky Island,eMTB,3,4,0,-4,4,,1.13
2023-07-01,1151,Sky Island,eMTB,3,2,0,-2,2,,0.896
2023-08-01,1151,Sky Island,eMTB,3,2,1,-1,1,1.0,0.789
2023-09-01,1151,Sky Island,eMTB,3,0,2,2,2,1.0,0.783
2023-10-01,1151,Sky Island,eMTB,3,1,1,0,0,0.0,0.738
2023-11-01,1151,Sky Island,eMTB,3,1,1,0,0,0.0,0.906
2023-12-01,1151,Sky Island,eMTB,3,1,0,-1,1,,0.735
2024-01-01,1151,Sky Island,eMTB,3,1,1,0,0,0.0,0.767
2024-02-01,1151,Sky Island,eMTB,3,1,0,-1,1,,1.0
2024-03-01,1151,Sky Island,eMTB,3,0,0,0,0,,1.5
2024-04-01,1151,Sky Island,eMTB,3,1,3,2,2,0.6666666666666666,1.714
2024-05-01,1151,Sky Island,eMTB,3,1,2,1,1,0.5,1.473
2024-06-01,1151,Sky Island,eMTB,3,2,6,4,4,0.6666666666666666,1.13
2024-07-01,1151,Sky Island,eMTB,3,3,12,9,9,0.75,0.896
2024-08-01,1151,Sky Island,eMTB,3,5,4,-1,1,0.25,0.789
2024-09-01,1151,Sky Island,eMTB,3,6,4,-2,2,0.5,0.783
2024-10-01,1151,Sky Island,eMTB,3,5,1,-4,4,4.0,0.738
2024-11-01,1151,Sky Island,eMTB,3,3,0,-3,3,,0.906
2024-12-01,1151,Sky Island,eMTB,3,1,1,0,0,0.0,0.735
2025-01-01,1151,Sky Island,eMTB,3,1,1,0,0,0.0,0.767
2025-02-01,1151,Sky Island,eMTB,3,1,2,1,1,0.5,1.0
2025-03-01,1151,Sky Island,eMTB,3,2,6,4,4,0.6666666666666666,1.5
2025-04-01,1151,Sky Island,eMTB,3,5,5,0,0,0.0,1.714
2025-05-01,1151,Sky Island,eMTB,3,6,6,0,0,0.0,1.473
2025-06-01,1151,Sky Island,eMTB,3,6,3,-3,3,1.0,1.13
2025-07-01,1151,Sky Island,eMTB,3,4,1,-3,3,3.0,0.896
2025-08-01,1151,Sky Island,eMTB,3,3,0,-3,3,,0.789
2025-09-01,1151,Sky Island,eMTB,3,1,1,0,0,0.0,0.783
2025-10-01,1151,Sky Island,eMTB,3,0,1,1,1,1.0,0.738
2025-11-01,1151,Sky Island,eMTB,3,1,0,-1,1,,0.906
2025-12-01,1151,Sky Island,eMTB,3,0,0,0,0,,0.735
2022-04-01,1152,Sky Island,eMTB,3,3,3,0,0,0.0,1.714
2022-05-01,1152,Sky Island,eMTB,3,4,4,0,0,0.0,1.473
2022-06-01,1152,Sky Island,eMTB,3,5,0,-5,5,,1.13
2022-07-01,1152,Sky Island,eMTB,3,2,4,2,2,0.5,0.896
2022-08-01,1152,Sky Island,eMTB,3,2,0,-2,2,,0.789
2022-09-01,1152,Sky Island,eMTB,3,1,2,1,1,0.5,0.783
2022-10-01,1152,Sky Island,eMTB,3,1,1,0,0,0.0,0.738
2022-11-01,1152,Sky Island,eMTB,3,1,5,4,4,0.8,0.906
2022-12-01,1152,Sky Island,eMTB,3,2,0,-2,2,,0.735
2023-01-01,1152,Sky Island,eMTB,3,2,6,4,4,0.6666666666666666,0.767
2023-02-01,1152,Sky Island,eMTB,3,4,4,0,0,0.0,1.0
2023-03-01,1152,Sky Island,eMTB,3,5,0,-5,5,,1.5
2023-04-01,1152,Sky Island,eMTB,3,6,2,-4,4,2.0,1.714
2023-05-01,1152,Sky Island,eMTB,3,3,10,7,7,0.7,1.473
2023-06-01,1152,Sky Island,eMTB,3,5,0,-5,5,,1.13
2023-07-01,1152,Sky Island,eMTB,3,4,2,-2,2,1.0,0.896
2023-08-01,1152,Sky Island,eMTB,3,3,3,0,0,0.0,0.789
2023-09-01,1152,Sky Island,eMTB,3,1,3,2,2,0.6666666666666666,0.783
2023-10-01,1152,Sky Island,eMTB,3,2,0,-2,2,,0.738
2023-11-01,1152,Sky Island,eMTB,3,2,0,-2,2,,0.906
2023-12-01,1152,Sky Island,eMTB,3,1,0,-1,1,,0.735
2024-01-01,1152,Sky Island,eMTB,3,0,0,0,0,,0.767
2024-02-01,1152,Sky Island,eMTB,3,0,0,0,0,,1.0
2024-03-01,1152,Sky Island,eMTB,3,0,0,0,0,,1.5
2024-04-01,1152,Sky Island,eMTB,3,0,6,6,6,1.0,1.714
2024-05-01,1152,Sky Island,eMTB,3,3,10,7,7,0.7,1.473
2024-06-01,1152,Sky Island,eMTB,3,6,1,-5,5,5.0,1.13
2024-07-01,1152,Sky Island,eMTB,3,5,0,-5,5,,0.896
2024-08-01,1152,Sky Island,eMTB,3,3,5,2,2,0.4,0.789
2024-09-01,1152,Sky Island,eMTB,3,2,0,-2,2,,0.783
2024-10-01,1152,Sky Island,eMTB,3,1,1,0,0,0.0,0.738
2024-11-01,1152,Sky Island,eMTB,3,2,2,0,0,0.0,0.906
2024-12-01,1152,Sky Island,eMTB,3,1,0,-1,1,,0.735
2025-01-01,1152,Sky Island,eMTB,3,1,3,2,2,0.6666666666666666,0.767
2025-02-01,1152,Sky Island,eMTB,3,2,1,-1,1,1.0,1.0
2025-03-01,1152,Sky Island,eMTB,3,2,4,2,2,0.5,1.5
2025-04-01,1152,Sky Island,eMTB,3,5,0,-5,5,,1.714
2025-05-01,1152,Sky Island,eMTB,3,2,1,-1,1,1.0,1.473
2025-06-01,1152,Sky Island,eMTB,3,2,5,3,3,0.6,1.13
2025-07-01,1152,Sky Island,eMTB,3,2,4,2,2,0.5,0.896
2025-08-01,1152,Sky Island,eMTB,3,3,4,1,1,0.25,0.789
2025-09-01,1152,Sky Island,eMTB,3,3,3,0,0,0.0,0.783
2025-10-01,1152,Sky Island,eMTB,3,3,0,-3,3,,0.738
2025-11-01,1152,Sky Island,eMTB,3,2,1,-1,1,1.0,0.906
2025-12-01,1152,Sky Island,eMTB,3,1,5,4,4,0.8,0.735
2022-04-01,1153,Sky Island,eMTB,3,1,6,5,5,0.8333333333333334,1.714
2022-05-01,1153,Sky Island,eMTB,3,3,4,1,1,0.25,1.473
2022-06-01,1153,Sky Island,eMTB,3,4,0,-4,4,,1.13
2022-07-01,1153,Sky Island,eMTB,3,3,5,2,2,0.4,0.896
2022-08-01,1153,Sky Island,eMTB,3,2,0,-2,2,,0.789
2022-09-01,1153,Sky Island,eMTB,3,1,0,-1,1,,0.783
2022-10-01,1153,Sky Island,eMTB,3,1,1,0,0,0.0,0.738
2022-11-01,1153,Sky Island,eMTB,3,0,0,0,0,,0.906
2022-12-01,1153,Sky Island,eMTB,3,0,8,8,8,1.0,0.735
2023-01-01,1153,Sky Island,eMTB,3,2,0,-2,2,,0.767
2023-02-01,1153,Sky Island,eMTB,3,3,0,-3,3,,1.0
2023-03-01,1153,Sky Island,eMTB,3,4,0,-4,4,,1.5
2023-04-01,1153,Sky Island,eMTB,3,0,2,2,2,1.0,1.714
2023-05-01,1153,Sky Island,eMTB,3,1,1,0,0,0.0,1.473
2023-06-01,1153,Sky Island,eMTB,3,1,0,-1,1,,1.13
2023-07-01,1153,Sky Island,eMTB,3,1,2,1,1,0.5,0.896
2023-08-01,1153,Sky Island,eMTB,3,1,5,4,4,0.8,0.789
2023-09-01,1153,Sky Island,eMTB,3,2,5,3,3,0.6,0.783
2023-10-01,1153,Sky Island,eMTB,3,3,0,-3,3,,0.738
2023-11-01,1153,Sky Island,eMTB,3,3,2,-1,1,0.5,0.906
2023-12-01,1153,Sky Island,eMTB,3,2,1,-1,1,1.0,0.735
2024-01-01,1153,Sky Island,eMTB,3,1,3,2,2,0.6666666666666666,0.767
2024-02-01,1153,Sky Island,eMTB,3,2,0,-2,2,,1.0
2024-03-01,1153,Sky Island,eMTB,3,2,0,-2,2,,1.5
2024-04-01,1153,Sky Island,eMTB,3,2,10,8,8,0.8,1.714
2024-05-01,1153,Sky Island,eMTB,3,5,0,-5,5,,1.473
2024-06-01,1153,Sky Island,eMTB,3,4,2,-2,2,1.0,1.13
2024-07-01,1153,Sky Island,eMTB,3,4,4,0,0,0.0,0.896
2024-08-01,1153,Sky Island,eMTB,3,2,3,1,1,0.3333333333333333,0.789
2024-09-01,1153,Sky Island,eMTB,3,2,0,-2,2,,0.783
2024-10-01,1153,Sky Island,eMTB,3,2,1,-1,1,1.0,0.738
2024-11-01,1153,Sky Island,eMTB,3,1,0,-1,1,,0.906
2024-12-01,1153,Sky Island,eMTB,3,0,0,0,0,,0.735
2025-01-01,1153,Sky Island,eMTB,3,0,1,1,1,1.0,0.767
2025-02-01,1153,Sky Island,eMTB,3,0,6,6,6,1.0,1.0
2025-03-01,1153,Sky Island,eMTB,3,4,0,-4,4,,1.5
2025-04-01,1153,Sky Island,eMTB,3,4,2,-2,2,1.0,1.714
2025-05-01,1153,Sky Island,eMTB,3,4,3,-1,1,0.3333333333333333,1.473
2025-06-01,1153,Sky Island,eMTB,3,2,0,-2,2,,1.13
2025-07-01,1153,Sky Island,eMTB,3,1,1,0,0,0.0,0.896
2025-08-01,1153,Sky Island,eMTB,3,1,1,0,0,0.0,0.789
2025-09-01,1153,Sky Island,eMTB,3,1,4,3,3,0.75,0.783
2025-10-01,1153,Sky Island,eMTB,3,1,4,3,3,0.75,0.738
2025-11-01,1153,Sky Island,eMTB,3,3,10,7,7,0.7,0.906
2025-12-01,1153,Sky Island,eMTB,3,4,0,-4,4,,0.735
2022-04-01,1154,Sky Island,eMTB,3,2,3,1,1,0.3333333333333333,1.714
2022-05-01,1154,Sky Island,eMTB,3,2,3,1,1,0.3333333333333333,1.473
2022-06-01,1154,Sky Island,eMTB,3,3,6,3,3,0.5,1.13
2022-07-01,1154,Sky Island,eMTB,3,4,5,1,1,0.2,0.896
2022-08-01,1154,Sky Island,eMTB,3,4,2,-2,2,1.0,0.789
2022-09-01,1154,Sky Island,eMTB,3,3,1,-2,2,2.0,0.783
2022-10-01,1154,Sky Island,eMTB,3,2,8,6,6,0.75,0.738
2022-11-01,1154,Sky Island,eMTB,3,3,1,-2,2,2.0,0.906
2022-12-01,1154,Sky Island,eMTB,3,2,2,0,0,0.0,0.735
2023-01-01,1154,Sky Island,eMTB,3,3,2,-1,1,0.5,0.767
2023-02-01,1154,Sky Island,eMTB,3,2,0,-2,2,,1.0
2023-03-01,1154,Sky Island,eMTB,3,2,5,3,3,0.6,1.5
2023-04-01,1154,Sky Island,eMTB,3,4,0,-4,4,,1.714
2023-05-01,1154,Sky Island,eMTB,3,2,6,4,4,0.6666666666666666,1.473
2023-06-01,1154,Sky Island,eMTB,3,4,0,-4,4,,1.13
2023-07-01,1154,Sky Island,eMTB,3,2,11,9,9,0.8181818181818182,0.896
2023-08-01,1154,Sky Island,eMTB,3,4,4,0,0,0.0,0.789
2023-09-01,1154,Sky Island,eMTB,3,4,0,-4,4,,0.783
2023-10-01,1154,Sky Island,eMTB,3,4,0,-4,4,,0.738
2023-11-01,1154,Sky Island,eMTB,3,1,3,2,2,0.6666666666666666,0.906
2023-12-01,1154,Sky Island,eMTB,3,1,4,3,3,0.75,0.735
2024-01-01,1154,Sky Island,eMTB,3,2,1,-1,1,1.0,0.767
2024-02-01,1154,Sky Island,eMTB,3,3,4,1,1,0.25,1.0
2024-03-01,1154,Sky Island,eMTB,3,4,1,-3,3,3.0,1.5
2024-04-01,1154,Sky Island,eMTB,3,3,6,3,3,0.5,1.714
2024-05-01,1154,Sky Island,eMTB,3,5,3,-2,2,0.6666666666666666,1.473
2024-06-01,1154,Sky Island,eMTB,3,4,4,0,0,0.0,1.13
2024-07-01,1154,Sky Island,eMTB,3,4,2,-2,2,1.0,0.896
2024-08-01,1154,Sky Island,eMTB,3,2,1,-1,1,1.0,0.789
2024-09-01,1154,Sky Island,eMTB,3,2,0,-2,2,,0.783
2024-10-01,1154,Sky Island,eMTB,3,1,0,-1,1,,0.738
2024-11-01,1154,Sky Island,eMTB,3,0,5,5,5,1.0,0.906
2024-12-01,1154,Sky Island,eMTB,3,1,0,-1,1,,0.735
2025-01-01,1154,Sky Island,eMTB,3,1,0,-1,1,,0.767
2025-02-01,1154,Sky Island,eMTB,3,2,1,-1,1,1.0,1.0
2025-03-01,1154,Sky Island,eMTB,3,0,5,5,5,1.0,1.5
2025-04-01,1154,Sky Island,eMTB,3,3,0,-3,3,,1.714
2025-05-01,1154,Sky Island,eMTB,3,3,0,-3,3,,1.473
2025-06-01,1154,Sky Island,eMTB,3,2,4,2,2,0.5,1.13
2025-07-01,1154,Sky Island,eMTB,3,1,1,0,0,0.0,0.896
2025-08-01,1154,Sky Island,eMTB,3,1,1,0,0,0.0,0.789
2025-09-01,1154,Sky Island,eMTB,3,2,1,-1,1,1.0,0.783
2025-10-01,1154,Sky Island,eMTB,3,1,5,4,4,0.8,0.738
2025-11-01,1154,Sky Island,eMTB,3,2,0,-2,2,,0.906
2025-12-01,1154,Sky Island,eMTB,3,1,4,3,3,0.75,0.735
2022-04-01,1155,Sky Island,eMTB,3,5,6,1,1,0.16666666666666666,1.714
2022-05-01,1155,Sky Island,eMTB,3,7,4,-3,3,0.75,1.473
2022-06-01,1155,Sky Island,eMTB,3,6,6,0,0,0.0,1.13
2022-07-01,1155,Sky Island,eMTB,3,5,1,-4,4,4.0,0.896
2022-08-01,1155,Sky Island,eMTB,3,3,2,-1,1,0.5,0.789
2022-09-01,1155,Sky Island,eMTB,3,2,1,-1,1,1.0,0.783
2022-10-01,1155,Sky Island,eMTB,3,1,2,1,1,0.5,0.738
2022-11-01,1155,Sky Island,eMTB,3,2,4,2,2,0.5,0.906
2022-12-01,1155,Sky Island,eMTB,3,2,0,-2,2,,0.735
2023-01-01,1155,Sky Island,eMTB,3,2,1,-1,1,1.0,0.767
2023-02-01,1155,Sky Island,eMTB,3,2,0,-2,2,,1.0
2023-03-01,1155,Sky Island,eMTB,3,0,0,0,0,,1.5
2023-04-01,1155,Sky Island,eMTB,3,1,6,5,5,0.8333333333333334,1.714
2023-05-01,1155,Sky Island,eMTB,3,3,1,-2,2,2.0,1.473
2023-06-01,1155,Sky Island,eMTB,3,3,3,0,0,0.0,1.13
2023-07-01,1155,Sky Island,eMTB,3,3,2,-1,1,0.5,0.896
2023-08-01,1155,Sky Island,eMTB,3,2,5,3,3,0.6,0.789
2023-09-01,1155,Sky Island,eMTB,3,3,1,-2,2,2.0,0.783
2023-10-01,1155,Sky Island,eMTB,3,2,0,-2,2,,0.738
2023-11-01,1155,Sky Island,eMTB,3,2,0,-2,2,,0.906
2023-12-01,1155,Sky Island,eMTB,3,0,2,2,2,1.0,0.735
2024-01-01,1155,Sky Island,eMTB,3,1,0,-1,1,,0.767
2024-02-01,1155,Sky Island,eMTB,3,1,1,0,0,0.0,1.0
2024-03-01,1155,Sky Island,eMTB,3,2,3,1,1,0.3333333333333333,1.5
2024-04-01,1155,Sky Island,eMTB,3,2,3,1,1,0.3333333333333333,1.714
2024-05-01,1155,Sky Island,eMTB,3,3,3,0,0,0.0,1.473
2024-06-01,1155,Sky Island,eMTB,3,3,4,1,1,0.25,1.13
2024-07-01,1155,Sky Island,eMTB,3,3,4,1,1,0.25,0.896
2024-08-01,1155,Sky Island,eMTB,3,3,0,-3,3,,0.789
2024-09-01,1155,Sky Island,eMTB,3,2,0,-2,2,,0.783
2024-10-01,1155,Sky Island,eMTB,3,1,0,-1,1,,0.738
2024-11-01,1155,Sky Island,eMTB,3,0,7,7,7,1.0,0.906
2024-12-01,1155,Sky Island,eMTB,3,2,3,1,1,0.3333333333333333,0.735
2025-01-01,1155,Sky Island,eMTB,3,3,0,-3,3,,0.767
2025-02-01,1155,Sky Island,eMTB,3,3,4,1,1,0.25,1.0
2025-03-01,1155,Sky Island,eMTB,3,4,2,-2,2,1.0,1.5
2025-04-01,1155,Sky Island,eMTB,3,3,0,-3,3,,1.714
2025-05-01,1155,Sky Island,eMTB,3,3,1,-2,2,2.0,1.473
2025-06-01,1155,Sky Island,eMTB,3,1,2,1,1,0.5,1.13
2025-07-01,1155,Sky Island,eMTB,3,1,0,-1,1,,0.896
2025-08-01,1155,Sky Island,eMTB,3,1,1,0,0,0.0,0.789
2025-09-01,1155,Sky Island,eMTB,3,1,4,3,3,0.75,0.783
2025-10-01,1155,Sky Island,eMTB,3,1,0,-1,1,,0.738
2025-11-01,1155,Sky Island,eMTB,3,2,0,-2,2,,0.906
2025-12-01,1155,Sky Island,eMTB,3,1,1,0,0,0.0,0.735
2022-04-01,1156,Sky Island,eMTB,3,1,6,5,5,0.8333333333333334,1.714
2022-05-01,1156,Sky Island,eMTB,3,3,0,-3,3,,1.473
2022-06-01,1156,Sky Island,eMTB,3,2,2,0,0,0.0,1.13
2022-07-01,1156,Sky Island,eMTB,3,2,7,5,5,0.7142857142857143,0.896
2022-08-01,1156,Sky Island,eMTB,3,2,1,-1,1,1.0,0.789
2022-09-01,1156,Sky Island,eMTB,3,3,0,-3,3,,0.783
2022-10-01,1156,Sky Island,eMTB,3,2,0,-2,2,,0.738
2022-11-01,1156,Sky Island,eMTB,3,0,7,7,7,1.0,0.906
2022-12-01,1156,Sky Island,eMTB,3,2,0,-2,2,,0.735
2023-01-01,1156,Sky Island,eMTB,3,2,0,-2,2,,0.767
2023-02-01,1156,Sky Island,eMTB,3,2,0,-2,2,,1.0
2023-03-01,1156,Sky Island,eMTB,3,0,5,5,5,1.0,1.5
2023-04-01,1156,Sky Island,eMTB,3,3,4,1,1,0.25,1.714
2023-05-01,1156,Sky Island,eMTB,3,4,6,2,2,0.3333333333333333,1.473
2023-06-01,1156,Sky Island,eMTB,3,6,6,0,0,0.0,1.13
2023-07-01,1156,Sky Island,eMTB,3,5,0,-5,5,,0.896
2023-08-01,1156,Sky Island,eMTB,3,3,0,-3,3,,0.789
2023-09-01,1156,Sky Island,eMTB,3,2,0,-2,2,,0.783
2023-10-01,1156,Sky Island,eMTB,3,0,2,2,2,1.0,0.738
2023-11-01,1156,Sky Island,eMTB,3,1,1,0,0,0.0,0.906
2023-12-01,1156,Sky Island,eMTB,3,1,0,-1,1,,0.735
2024-01-01,1156,Sky Island,eMTB,3,1,0,-1,1,,0.767
2024-02-01,1156,Sky Island,eMTB,3,0,1,1,1,1.0,1.0
2024-03-01,1156,Sky Island,eMTB,3,0,3,3,3,1.0,1.5
2024-04-01,1156,Sky Island,eMTB,3,2,2,0,0,0.0,1.714
2024-05-01,1156,Sky Island,eMTB,3,3,1,-2,2,2.0,1.473
2024-06-01,1156,Sky Island,eMTB,3,2,0,-2,2,,1.13
2024-07-01,1156,Sky Island,eMTB,3,1,6,5,5,0.8333333333333334,0.896
2024-08-01,1156,Sky Island,eMTB,3,2,7,5,5,0.7142857142857143,0.789
2024-09-01,1156,Sky Island,eMTB,3,3,3,0,0,0.0,0.783
2024-10-01,1156,Sky Island,eMTB,3,4,2,-2,2,1.0,0.738
2024-11-01,1156,Sky Island,eMTB,3,4,5,1,1,0.2,0.906
2024-12-01,1156,Sky Island,eMTB,3,2,3,1,1,0.3333333333333333,0.735
2025-01-01,1156,Sky Island,eMTB,3,3,1,-2,2,2.0,0.767
2025-02-01,1156,Sky Island,eMTB,3,3,0,-3,3,,1.0
2025-03-01,1156,Sky Island,eMTB,3,2,1,-1,1,1.0,1.5
2025-04-01,1156,Sky Island,eMTB,3,1,0,-1,1,,1.714
2025-05-01,1156,Sky Island,eMTB,3,0,4,4,4,1.0,1.473
2025-06-01,1156,Sky Island,eMTB,3,2,5,3,3,0.6,1.13
2025-07-01,1156,Sky Island,eMTB,3,3,1,-2,2,2.0,0.896
2025-08-01,1156,Sky Island,eMTB,3,3,0,-3,3,,0.789
2025-09-01,1156,Sky Island,eMTB,3,2,3,1,1,0.3333333333333333,0.783
2025-10-01,1156,Sky Island,eMTB,3,1,2,1,1,0.5,0.738
2025-11-01,1156,Sky Island,eMTB,3,2,0,-2,2,,0.906
2025-12-01,1156,Sky Island,eMTB,3,1,3,2,2,0.6666666666666666,0.735
2022-04-01,1157,Sky Island,eMTB,3,7,20,13,13,0.65,1.714
2022-05-01,1157,Sky Island,eMTB,3,14,9,-5,5,0.5555555555555556,1.473
2022-06-01,1157,Sky Island,eMTB,3,14,13,-1,1,0.07692307692307693,1.13
2022-07-01,1157,Sky Island,eMTB,3,13,7,-6,6,0.8571428571428571,0.896
2022-08-01,1157,Sky Island,eMTB,3,8,10,2,2,0.2,0.789
2022-09-01,1157,Sky Island,eMTB,3,8,6,-2,2,0.3333333333333333,0.783
2022-10-01,1157,Sky Island,eMTB,3,6,8,2,2,0.25,0.738
2022-11-01,1157,Sky Island,eMTB,3,7,11,4,4,0.36363636363636365,0.906
2022-12-01,1157,Sky Island,eMTB,3,6,3,-3,3,1.0,0.735
2023-01-01,1157,Sky Island,eMTB,3,6,5,-1,1,0.2,0.767
2023-02-01,1157,Sky Island,eMTB,3,6,3,-3,3,1.0,1.0
2023-03-01,1157,Sky Island,eMTB,3,6,6,0,0,0.0,1.5
2023-04-01,1157,Sky Island,eMTB,3,8,4,-4,4,1.0,1.714
2023-05-01,1157,Sky Island,eMTB,3,6,12,6,6,0.5,1.473
2023-06-01,1157,Sky Island,eMTB,3,8,6,-2,2,0.3333333333333333,1.13
2023-07-01,1157,Sky Island,eMTB,3,7,6,-1,1,0.16666666666666666,0.896
2023-08-01,1157,Sky Island,eMTB,3,6,9,3,3,0.3333333333333333,0.789
2023-09-01,1157,Sky Island,eMTB,3,5,1,-4,4,4.0,0.783
2023-10-01,1157,Sky Island,eMTB,3,4,8,4,4,0.5,0.738
2023-11-01,1157,Sky Island,eMTB,3,5,1,-4,4,4.0,0.906
2023-12-01,1157,Sky Island,eMTB,3,2,8,6,6,0.75,0.735
2024-01-01,1157,Sky Island,eMTB,3,4,3,-1,1,0.3333333333333333,0.767
2024-02-01,1157,Sky Island,eMTB,3,4,3,-1,1,0.3333333333333333,1.0
2024-03-01,1157,Sky Island,eMTB,3,7,2,-5,5,2.5,1.5
2024-04-01,1157,Sky Island,eMTB,3,5,14,9,9,0.6428571428571429,1.714
2024-05-01,1157,Sky Island,eMTB,3,9,6,-3,3,0.5,1.473
2024-06-01,1157,Sky Island,eMTB,3,8,16,8,8,0.5,1.13
2024-07-01,1157,Sky Island,eMTB,3,11,7,-4,4,0.5714285714285714,0.896
2024-08-01,1157,Sky Island,eMTB,3,8,15,7,7,0.4666666666666667,0.789
2024-09-01,1157,Sky Island,eMTB,3,10,7,-3,3,0.42857142857142855,0.783
2024-10-01,1157,Sky Island,eMTB,3,7,3,-4,4,1.3333333333333333,0.738
2024-11-01,1157,Sky Island,eMTB,3,8,7,-1,1,0.14285714285714285,0.906
2024-12-01,1157,Sky Island,eMTB,3,4,5,1,1,0.2,0.735
2025-01-01,1157,Sky Island,eMTB,3,4,0,-4,4,,0.767
2025-02-01,1157,Sky Island,eMTB,3,4,0,-4,4,,1.0
2025-03-01,1157,Sky Island,eMTB,3,2,9,7,7,0.7777777777777778,1.5
2025-04-01,1157,Sky Island,eMTB,3,5,2,-3,3,1.5,1.714
2025-05-01,1157,Sky Island,eMTB,3,5,9,4,4,0.4444444444444444,1.473
2025-06-01,1157,Sky Island,eMTB,3,8,5,-3,3,0.6,1.13
2025-07-01,1157,Sky Island,eMTB,3,5,18,13,13,0.7222222222222222,0.896
2025-08-01,1157,Sky Island,eMTB,3,8,3,-5,5,1.6666666666666667,0.789
2025-09-01,1157,Sky Island,eMTB,3,7,11,4,4,0.36363636363636365,0.783
2025-10-01,1157,Sky Island,eMTB,3,8,2,-6,6,3.0,0.738
2025-11-01,1157,Sky Island,eMTB,3,5,2,-3,3,1.5,0.906
2025-12-01,1157,Sky Island,eMTB,3,4,4,0,0,0.0,0.735
2022-04-01,1158,Sky Island,eMTB,3,2,7,5,5,0.7142857142857143,1.714
2022-05-01,1158,Sky Island,eMTB,3,5,13,8,8,0.6153846153846154,1.473
2022-06-01,1158,Sky Island,eMTB,3,9,16,7,7,0.4375,1.13
2022-07-01,1158,Sky Island,eMTB,3,11,7,-4,4,0.5714285714285714,0.896
2022-08-01,1158,Sky Island,eMTB,3,9,20,11,11,0.55,0.789
2022-09-01,1158,Sky Island,eMTB,3,11,8,-3,3,0.375,0.783
2022-10-01,1158,Sky Island,eMTB,3,9,10,1,1,0.1,0.738
2022-11-01,1158,Sky Island,eMTB,3,11,5,-6,6,1.2,0.906
2022-12-01,1158,Sky Island,eMTB,3,6,3,-3,3,1.0,0.735
2023-01-01,1158,Sky Island,eMTB,3,5,8,3,3,0.375,0.767
2023-02-01,1158,Sky Island,eMTB,3,5,0,-5,5,,1.0
2023-03-01,1158,Sky Island,eMTB,3,6,5,-1,1,0.2,1.5
2023-04-01,1158,Sky Island,eMTB,3,7,3,-4,4,1.3333333333333333,1.714
2023-05-01,1158,Sky Island,eMTB,3,4,5,1,1,0.2,1.473
2023-06-01,1158,Sky Island,eMTB,3,5,18,13,13,0.7222222222222222,1.13
2023-07-01,1158,Sky Island,eMTB,3,8,1,-7,7,7.0,0.896
2023-08-01,1158,Sky Island,eMTB,3,6,14,8,8,0.5714285714285714,0.789
2023-09-01,1158,Sky Island,eMTB,3,9,16,7,7,0.4375,0.783
2023-10-01,1158,Sky Island,eMTB,3,8,5,-3,3,0.6,0.738
2023-11-01,1158,Sky Island,eMTB,3,11,5,-6,6,1.2,0.906
2023-12-01,1158,Sky Island,eMTB,3,6,7,1,1,0.14285714285714285,0.735
2024-01-01,1158,Sky Island,eMTB,3,4,1,-3,3,3.0,0.767
2024-02-01,1158,Sky Island,eMTB,3,4,10,6,6,0.6,1.0
2024-03-01,1158,Sky Island,eMTB,3,9,1,-8,8,8.0,1.5
2024-04-01,1158,Sky Island,eMTB,3,7,2,-5,5,2.5,1.714
2024-05-01,1158,Sky Island,eMTB,3,6,12,6,6,0.5,1.473
2024-06-01,1158,Sky Island,eMTB,3,6,8,2,2,0.25,1.13
2024-07-01,1158,Sky Island,eMTB,3,7,12,5,5,0.4166666666666667,0.896
2024-08-01,1158,Sky Island,eMTB,3,8,7,-1,1,0.14285714285714285,0.789
2024-09-01,1158,Sky Island,eMTB,3,7,2,-5,5,2.5,0.783
2024-10-01,1158,Sky Island,eMTB,3,5,6,1,1,0.16666666666666666,0.738
2024-11-01,1158,Sky Island,eMTB,3,5,0,-5,5,,0.906
2024-12-01,1158,Sky Island,eMTB,3,2,8,6,6,0.75,0.735
2025-01-01,1158,Sky Island,eMTB,3,4,4,0,0,0.0,0.767
2025-02-01,1158,Sky Island,eMTB,3,4,3,-1,1,0.3333333333333333,1.0
2025-03-01,1158,Sky Island,eMTB,3,8,7,-1,1,0.14285714285714285,1.5
2025-04-01,1158,Sky Island,eMTB,3,8,8,0,0,0.0,1.714
2025-05-01,1158,Sky Island,eMTB,3,9,8,-1,1,0.125,1.473
2025-06-01,1158,Sky Island,eMTB,3,9,6,-3,3,0.5,1.13
2025-07-01,1158,Sky Island,eMTB,3,7,5,-2,2,0.4,0.896
2025-08-01,1158,Sky Island,eMTB,3,5,9,4,4,0.4444444444444444,0.789
2025-09-01,1158,Sky Island,eMTB,3,5,3,-2,2,0.6666666666666666,0.783
2025-10-01,1158,Sky Island,eMTB,3,4,6,2,2,0.3333333333333333,0.738
2025-11-01,1158,Sky Island,eMTB,3,5,9,4,4,0.4444444444444444,0.906
2025-12-01,1158,Sky Island,eMTB,3,4,2,-2,2,1.0,0.735
2022-04-01,1159,Sky Island,eMTB,3,8,5,-3,3,0.6,1.714
2022-05-01,1159,Sky Island,eMTB,3,9,5,-4,4,0.8,1.473
2022-06-01,1159,Sky Island,eMTB,3,7,8,1,1,0.125,1.13
2022-07-01,1159,Sky Island,eMTB,3,5,9,4,4,0.4444444444444444,0.896
2022-08-01,1159,Sky Island,eMTB,3,6,15,9,9,0.6,0.789
2022-09-01,1159,Sky Island,eMTB,3,8,6,-2,2,0.3333333333333333,0.783
2022-10-01,1159,Sky Island,eMTB,3,7,6,-1,1,0.16666666666666666,0.738
2022-11-01,1159,Sky Island,eMTB,3,8,8,0,0,0.0,0.906
2022-12-01,1159,Sky Island,eMTB,3,5,5,0,0,0.0,0.735
2023-01-01,1159,Sky Island,eMTB,3,5,3,-2,2,0.6666666666666666,0.767
2023-02-01,1159,Sky Island,eMTB,3,5,4,-1,1,0.25,1.0
2023-03-01,1159,Sky Island,eMTB,3,6,7,1,1,0.14285714285714285,1.5
2023-04-01,1159,Sky Island,eMTB,3,8,3,-5,5,1.6666666666666667,1.714
2023-05-01,1159,Sky Island,eMTB,3,7,6,-1,1,0.16666666666666666,1.473
2023-06-01,1159,Sky Island,eMTB,3,6,16,10,10,0.625,1.13
2023-07-01,1159,Sky Island,eMTB,3,7,6,-1,1,0.16666666666666666,0.896
2023-08-01,1159,Sky Island,eMTB,3,7,2,-5,5,2.5,0.789
2023-09-01,1159,Sky Island,eMTB,3,6,2,-4,4,2.0,0.783
2023-10-01,1159,Sky Island,eMTB,3,2,10,8,8,0.8,0.738
2023-11-01,1159,Sky Island,eMTB,3,4,2,-2,2,1.0,0.906
2023-12-01,1159,Sky Island,eMTB,3,3,2,-1,1,0.5,0.735
2024-01-01,1159,Sky Island,eMTB,3,4,10,6,6,0.6,0.767
2024-02-01,1159,Sky Island,eMTB,3,5,2,-3,3,1.5,1.0
2024-03-01,1159,Sky Island,eMTB,3,7,5,-2,2,0.4,1.5
2024-04-01,1159,Sky Island,eMTB,3,10,14,4,4,0.2857142857142857,1.714
2024-05-01,1159,Sky Island,eMTB,3,10,7,-3,3,0.42857142857142855,1.473
2024-06-01,1159,Sky Island,eMTB,3,10,3,-7,7,2.3333333333333335,1.13
2024-07-01,1159,Sky Island,eMTB,3,7,5,-2,2,0.4,0.896
2024-08-01,1159,Sky Island,eMTB,3,4,5,1,1,0.2,0.789
2024-09-01,1159,Sky Island,eMTB,3,3,5,2,2,0.4,0.783
2024-10-01,1159,Sky Island,eMTB,3,4,0,-4,4,,0.738
2024-11-01,1159,Sky Island,eMTB,3,3,5,2,2,0.4,0.906
2024-12-01,1159,Sky Island,eMTB,3,2,0,-2,2,,0.735
2025-01-01,1159,Sky Island,eMTB,3,1,5,4,4,0.8,0.767
2025-02-01,1159,Sky Island,eMTB,3,3,3,0,0,0.0,1.0
2025-03-01,1159,Sky Island,eMTB,3,4,14,10,10,0.7142857142857143,1.5
2025-04-01,1159,Sky Island,eMTB,3,13,14,1,1,0.07142857142857142,1.714
2025-05-01,1159,Sky Island,eMTB,3,15,13,-2,2,0.15384615384615385,1.473
2025-06-01,1159,Sky Island,eMTB,3,15,13,-2,2,0.15384615384615385,1.13
2025-07-01,1159,Sky Island,eMTB,3,12,12,0,0,0.0,0.896
2025-08-01,1159,Sky Island,eMTB,3,10,1,-9,9,9.0,0.789
2025-09-01,1159,Sky Island,eMTB,3,7,4,-3,3,0.75,0.783
2025-10-01,1159,Sky Island,eMTB,3,4,2,-2,2,1.0,0.738
2025-11-01,1159,Sky Island,eMTB,3,2,11,9,9,0.8181818181818182,0.906
2025-12-01,1159,Sky Island,eMTB,3,4,4,0,0,0.0,0.735
2022-04-01,1160,Sky Island,eMTB,3,6,10,4,4,0.4,1.714
2022-05-01,1160,Sky Island,eMTB,3,10,11,1,1,0.09090909090909091,1.473
2022-06-01,1160,Sky Island,eMTB,3,11,2,-9,9,4.5,1.13
2022-07-01,1160,Sky Island,eMTB,3,7,12,5,5,0.4166666666666667,0.896
2022-08-01,1160,Sky Island,eMTB,3,7,6,-1,1,0.16666666666666666,0.789
2022-09-01,1160,Sky Island,eMTB,3,5,7,2,2,0.2857142857142857,0.783
2022-10-01,1160,Sky Island,eMTB,3,6,11,5,5,0.45454545454545453,0.738
2022-11-01,1160,Sky Island,eMTB,3,7,11,4,4,0.36363636363636365,0.906
2022-12-01,1160,Sky Island,eMTB,3,7,9,2,2,0.2222222222222222,0.735
2023-01-01,1160,Sky Island,eMTB,3,8,2,-6,6,3.0,0.767
2023-02-01,1160,Sky Island,eMTB,3,7,4,-3,3,0.75,1.0
2023-03-01,1160,Sky Island,eMTB,3,8,11,3,3,0.2727272727272727,1.5
2023-04-01,1160,Sky Island,eMTB,3,10,14,4,4,0.2857142857142857,1.714
2023-05-01,1160,Sky Island,eMTB,3,14,18,4,4,0.2222222222222222,1.473
2023-06-01,1160,Sky Island,eMTB,3,16,14,-2,2,0.14285714285714285,1.13
2023-07-01,1160,Sky Island,eMTB,3,14,9,-5,5,0.5555555555555556,0.896
2023-08-01,1160,Sky Island,eMTB,3,11,2,-9,9,4.5,0.789
2023-09-01,1160,Sky Island,eMTB,3,7,4,-3,3,0.75,0.783
2023-10-01,1160,Sky Island,eMTB,3,4,1,-3,3,3.0,0.738
2023-11-01,1160,Sky Island,eMTB,3,2,1,-1,1,1.0,0.906
2023-12-01,1160,Sky Island,eMTB,3,1,11,10,10,0.9090909090909091,0.735
2024-01-01,1160,Sky Island,eMTB,3,3,1,-2,2,2.0,0.767
2024-02-01,1160,Sky Island,eMTB,3,4,4,0,0,0.0,1.0
2024-03-01,1160,Sky Island,eMTB,3,8,1,-7,7,7.0,1.5
2024-04-01,1160,Sky Island,eMTB,3,3,8,5,5,0.625,1.714
2024-05-01,1160,Sky Island,eMTB,3,6,3,-3,3,1.0,1.473
2024-06-01,1160,Sky Island,eMTB,3,5,6,1,1,0.16666666666666666,1.13
2024-07-01,1160,Sky Island,eMTB,3,5,8,3,3,0.375,0.896
2024-08-01,1160,Sky Island,eMTB,3,4,2,-2,2,1.0,0.789
2024-09-01,1160,Sky Island,eMTB,3,4,7,3,3,0.42857142857142855,0.783
2024-10-01,1160,Sky Island,eMTB,3,4,4,0,0,0.0,0.738
2024-11-01,1160,Sky Island,eMTB,3,4,2,-2,2,1.0,0.906
2024-12-01,1160,Sky Island,eMTB,3,3,4,1,1,0.25,0.735
2025-01-01,1160,Sky Island,eMTB,3,3,6,3,3,0.5,0.767
2025-02-01,1160,Sky Island,eMTB,3,4,9,5,5,0.5555555555555556,1.0
2025-03-01,1160,Sky Island,eMTB,3,10,2,-8,8,4.0,1.5
2025-04-01,1160,Sky Island,eMTB,3,10,9,-1,1,0.1111111111111111,1.714
2025-05-01,1160,Sky Island,eMTB,3,10,3,-7,7,2.3333333333333335,1.473
2025-06-01,1160,Sky Island,eMTB,3,5,13,8,8,0.6153846153846154,1.13
2025-07-01,1160,Sky Island,eMTB,3,7,8,1,1,0.125,0.896
2025-08-01,1160,Sky Island,eMTB,3,6,7,1,1,0.14285714285714285,0.789
2025-09-01,1160,Sky Island,eMTB,3,7,5,-2,2,0.4,0.783
2025-10-01,1160,Sky Island,eMTB,3,5,6,1,1,0.16666666666666666,0.738
2025-11-01,1160,Sky Island,eMTB,3,5,8,3,3,0.375,0.906
2025-12-01,1160,Sky Island,eMTB,3,5,4,-1,1,0.25,0.735
2022-04-01,1161,Sky Island,eMTB,3,7,11,4,4,0.36363636363636365,1.714
2022-05-01,1161,Sky Island,eMTB,3,10,6,-4,4,0.6666666666666666,1.473
2022-06-01,1161,Sky Island,eMTB,3,9,15,6,6,0.4,1.13
2022-07-01,1161,Sky Island,eMTB,3,10,1,-9,9,9.0,0.896
2022-08-01,1161,Sky Island,eMTB,3,6,9,3,3,0.3333333333333333,0.789
2022-09-01,1161,Sky Island,eMTB,3,7,3,-4,4,1.3333333333333333,0.783
2022-10-01,1161,Sky Island,eMTB,3,3,5,2,2,0.4,0.738
2022-11-01,1161,Sky Island,eMTB,3,5,3,-2,2,0.6666666666666666,0.906
2022-12-01,1161,Sky Island,eMTB,3,3,4,1,1,0.25,0.735
2023-01-01,1161,Sky Island,eMTB,3,3,10,7,7,0.7,0.767
2023-02-01,1161,Sky Island,eMTB,3,6,2,-4,4,2.0,1.0
2023-03-01,1161,Sky Island,eMTB,3,8,5,-3,3,0.6,1.5
2023-04-01,1161,Sky Island,eMTB,3,10,13,3,3,0.23076923076923078,1.714
2023-05-01,1161,Sky Island,eMTB,3,10,13,3,3,0.23076923076923078,1.473
2023-06-01,1161,Sky Island,eMTB,3,12,7,-5,5,0.7142857142857143,1.13
2023-07-01,1161,Sky Island,eMTB,3,10,11,1,1,0.09090909090909091,0.896
2023-08-01,1161,Sky Island,eMTB,3,8,9,1,1,0.1111111111111111,0.789
2023-09-01,1161,Sky Island,eMTB,3,7,13,6,6,0.46153846153846156,0.783
2023-10-01,1161,Sky Island,eMTB,3,8,6,-2,2,0.3333333333333333,0.738
2023-11-01,1161,Sky Island,eMTB,3,8,1,-7,7,7.0,0.906
2023-12-01,1161,Sky Island,eMTB,3,5,0,-5,5,,0.735
2024-01-01,1161,Sky Island,eMTB,3,2,6,4,4,0.6666666666666666,0.767
2024-02-01,1161,Sky Island,eMTB,3,2,3,1,1,0.3333333333333333,1.0
2024-03-01,1161,Sky Island,eMTB,3,4,2,-2,2,1.0,1.5
2024-04-01,1161,Sky Island,eMTB,3,6,5,-1,1,0.2,1.714
2024-05-01,1161,Sky Island,eMTB,3,5,9,4,4,0.4444444444444444,1.473
2024-06-01,1161,Sky Island,eMTB,3,6,9,3,3,0.3333333333333333,1.13
2024-07-01,1161,Sky Island,eMTB,3,7,4,-3,3,0.75,0.896
2024-08-01,1161,Sky Island,eMTB,3,6,7,1,1,0.14285714285714285,0.789
2024-09-01,1161,Sky Island,eMTB,3,5,4,-1,1,0.25,0.783
2024-10-01,1161,Sky Island,eMTB,3,4,7,3,3,0.42857142857142855,0.738
2024-11-01,1161,Sky Island,eMTB,3,5,4,-1,1,0.25,0.906
2024-12-01,1161,Sky Island,eMTB,3,4,3,-1,1,0.3333333333333333,0.735
2025-01-01,1161,Sky Island,eMTB,3,4,0,-4,4,,0.767
2025-02-01,1161,Sky Island,eMTB,3,2,0,-2,2,,1.0
2025-03-01,1161,Sky Island,eMTB,3,2,8,6,6,0.75,1.5
2025-04-01,1161,Sky Island,eMTB,3,5,12,7,7,0.5833333333333334,1.714
2025-05-01,1161,Sky Island,eMTB,3,10,17,7,7,0.4117647058823529,1.473
2025-06-01,1161,Sky Island,eMTB,3,14,26,12,12,0.46153846153846156,1.13
2025-07-01,1161,Sky Island,eMTB,3,16,6,-10,10,1.6666666666666667,0.896
2025-08-01,1161,Sky Island,eMTB,3,13,6,-7,7,1.1666666666666667,0.789
2025-09-01,1161,Sky Island,eMTB,3,10,3,-7,7,2.3333333333333335,0.783
2025-10-01,1161,Sky Island,eMTB,3,4,5,1,1,0.2,0.738
2025-11-01,1161,Sky Island,eMTB,3,4,1,-3,3,3.0,0.906
2025-12-01,1161,Sky Island,eMTB,3,2,8,6,6,0.75,0.735
2022-04-01,1162,Sky Island,eMTB,3,10,6,-4,4,0.6666666666666666,1.714
2022-05-01,1162,Sky Island,eMTB,3,6,16,10,10,0.625,1.473
2022-06-01,1162,Sky Island,eMTB,3,10,13,3,3,0.23076923076923078,1.13
2022-07-01,1162,Sky Island,eMTB,3,10,7,-3,3,0.42857142857142855,0.896
2022-08-01,1162,Sky Island,eMTB,3,9,8,-1,1,0.125,0.789
2022-09-01,1162,Sky Island,eMTB,3,7,3,-4,4,1.3333333333333333,0.783
2022-10-01,1162,Sky Island,eMTB,3,4,5,1,1,0.2,0.738
2022-11-01,1162,Sky Island,eMTB,3,5,4,-1,1,0.25,0.906
2022-12-01,1162,Sky Island,eMTB,3,3,7,4,4,0.5714285714285714,0.735
2023-01-01,1162,Sky Island,eMTB,3,4,6,2,2,0.3333333333333333,0.767
2023-02-01,1162,Sky Island,eMTB,3,6,1,-5,5,5.0,1.0
2023-03-01,1162,Sky Island,eMTB,3,7,7,0,0,0.0,1.5
2023-04-01,1162,Sky Island,eMTB,3,8,11,3,3,0.2727272727272727,1.714
2023-05-01,1162,Sky Island,eMTB,3,9,10,1,1,0.1,1.473
2023-06-01,1162,Sky Island,eMTB,3,11,13,2,2,0.15384615384615385,1.13
2023-07-01,1162,Sky Island,eMTB,3,10,8,-2,2,0.25,0.896
2023-08-01,1162,Sky Island,eMTB,3,8,2,-6,6,3.0,0.789
2023-09-01,1162,Sky Island,eMTB,3,6,8,2,2,0.25,0.783
2023-10-01,1162,Sky Island,eMTB,3,4,2,-2,2,1.0,0.738
2023-11-01,1162,Sky Island,eMTB,3,4,4,0,0,0.0,0.906
2023-12-01,1162,Sky Island,eMTB,3,3,9,6,6,0.6666666666666666,0.735
2024-01-01,1162,Sky Island,eMTB,3,4,3,-1,1,0.3333333333333333,0.767
2024-02-01,1162,Sky Island,eMTB,3,5,0,-5,5,,1.0
2024-03-01,1162,Sky Island,eMTB,3,6,1,-5,5,5.0,1.5
2024-04-01,1162,Sky Island,eMTB,3,2,13,11,11,0.8461538461538461,1.714
2024-05-01,1162,Sky Island,eMTB,3,7,7,0,0,0.0,1.473
2024-06-01,1162,Sky Island,eMTB,3,8,20,12,12,0.6,1.13
2024-07-01,1162,Sky Island,eMTB,3,12,10,-2,2,0.2,0.896
2024-08-01,1162,Sky Island,eMTB,3,10,13,3,3,0.23076923076923078,0.789
2024-09-01,1162,Sky Island,eMTB,3,11,1,-10,10,10.0,0.783
2024-10-01,1162,Sky Island,eMTB,3,6,3,-3,3,1.0,0.738
2024-11-01,1162,Sky Island,eMTB,3,5,5,0,0,0.0,0.906
2024-12-01,1162,Sky Island,eMTB,3,2,3,1,1,0.3333333333333333,0.735
2025-01-01,1162,Sky Island,eMTB,3,3,3,0,0,0.0,0.767
2025-02-01,1162,Sky Island,eMTB,3,4,0,-4,4,,1.0
2025-03-01,1162,Sky Island,eMTB,3,3,1,-2,2,2.0,1.5
2025-04-01,1162,Sky Island,eMTB,3,2,12,10,10,0.8333333333333334,1.714
2025-05-01,1162,Sky Island,eMTB,3,6,3,-3,3,1.0,1.473
2025-06-01,1162,Sky Island,eMTB,3,6,6,0,0,0.0,1.13
2025-07-01,1162,Sky Island,eMTB,3,6,10,4,4,0.4,0.896
2025-08-01,1162,Sky Island,eMTB,3,5,9,4,4,0.4444444444444444,0.789
2025-09-01,1162,Sky Island,eMTB,3,7,14,7,7,0.5,0.783
2025-10-01,1162,Sky Island,eMTB,3,8,11,3,3,0.2727272727272727,0.738
2025-11-01,1162,Sky Island,eMTB,3,10,0,-10,10,,0.906
2025-12-01,1162,Sky Island,eMTB,3,6,4,-2,2,0.5,0.735
2022-04-01,1163,Sky Island,eMTB,3,9,7,-2,2,0.2857142857142857,1.714
2022-05-01,1163,Sky Island,eMTB,3,10,17,7,7,0.4117647058823529,1.473
2022-06-01,1163,Sky Island,eMTB,3,14,19,5,5,0.2631578947368421,1.13
2022-07-01,1163,Sky Island,eMTB,3,13,23,10,10,0.43478260869565216,0.896
2022-08-01,1163,Sky Island,eMTB,3,16,18,2,2,0.1111111111111111,0.789
2022-09-01,1163,Sky Island,eMTB,3,16,13,-3,3,0.23076923076923078,0.783
2022-10-01,1163,Sky Island,eMTB,3,13,16,3,3,0.1875,0.738
2022-11-01,1163,Sky Island,eMTB,3,14,12,-2,2,0.16666666666666666,0.906
2022-12-01,1163,Sky Island,eMTB,3,10,6,-4,4,0.6666666666666666,0.735
2023-01-01,1163,Sky Island,eMTB,3,9,4,-5,5,1.25,0.767
2023-02-01,1163,Sky Island,eMTB,3,7,10,3,3,0.3,1.0
2023-03-01,1163,Sky Island,eMTB,3,10,28,18,18,0.6428571428571429,1.5
2023-04-01,1163,Sky Island,eMTB,3,24,20,-4,4,0.2,1.714
2023-05-01,1163,Sky Island,eMTB,3,28,7,-21,21,3.0,1.473
2023-06-01,1163,Sky Island,eMTB,3,21,22,1,1,0.045454545454545456,1.13
2023-07-01,1163,Sky Island,eMTB,3,15,15,0,0,0.0,0.896
2023-08-01,1163,Sky Island,eMTB,3,12,19,7,7,0.3684210526315789,0.789
2023-09-01,1163,Sky Island,eMTB,3,15,6,-9,9,1.5,0.783
2023-10-01,1163,Sky Island,eMTB,3,10,15,5,5,0.3333333333333333,0.738
2023-11-01,1163,Sky Island,eMTB,3,12,10,-2,2,0.2,0.906
2023-12-01,1163,Sky Island,eMTB,3,8,6,-2,2,0.3333333333333333,0.735
2024-01-01,1163,Sky Island,eMTB,3,8,3,-5,5,1.6666666666666667,0.767
2024-02-01,1163,Sky Island,eMTB,3,6,4,-2,2,0.5,1.0
2024-03-01,1163,Sky Island,eMTB,3,6,24,18,18,0.75,1.5
2024-04-01,1163,Sky Island,eMTB,3,18,15,-3,3,0.2,1.714
2024-05-01,1163,Sky Island,eMTB,3,21,20,-1,1,0.05,1.473
2024-06-01,1163,Sky Island,eMTB,3,22,14,-8,8,0.5714285714285714,1.13
2024-07-01,1163,Sky Island,eMTB,3,15,16,1,1,0.0625,0.896
2024-08-01,1163,Sky Island,eMTB,3,13,8,-5,5,0.625,0.789
2024-09-01,1163,Sky Island,eMTB,3,10,13,3,3,0.23076923076923078,0.783
2024-10-01,1163,Sky Island,eMTB,3,9,10,1,1,0.1,0.738
2024-11-01,1163,Sky Island,eMTB,3,9,20,11,11,0.55,0.906
2024-12-01,1163,Sky Island,eMTB,3,11,7,-4,4,0.5714285714285714,0.735
2025-01-01,1163,Sky Island,eMTB,3,9,8,-1,1,0.125,0.767
2025-02-01,1163,Sky Island,eMTB,3,12,8,-4,4,0.5,1.0
2025-03-01,1163,Sky Island,eMTB,3,12,9,-3,3,0.3333333333333333,1.5
2025-04-01,1163,Sky Island,eMTB,3,14,11,-3,3,0.2727272727272727,1.714
2025-05-01,1163,Sky Island,eMTB,3,14,38,24,24,0.631578947368421,1.473
2025-06-01,1163,Sky Island,eMTB,3,22,24,2,2,0.08333333333333333,1.13
2025-07-01,1163,Sky Island,eMTB,3,22,20,-2,2,0.1,0.896
2025-08-01,1163,Sky Island,eMTB,3,22,23,1,1,0.043478260869565216,0.789
2025-09-01,1163,Sky Island,eMTB,3,17,16,-1,1,0.0625,0.783
2025-10-01,1163,Sky Island,eMTB,3,15,11,-4,4,0.36363636363636365,0.738
2025-11-01,1163,Sky Island,eMTB,3,15,8,-7,7,0.875,0.906
2025-12-01,1163,Sky Island,eMTB,3,9,3,-6,6,2.0,0.735
2022-04-01,1164,Sky Island,eMTB,3,13,15,2,2,0.13333333333333333,1.714
2022-05-01,1164,Sky Island,eMTB,3,14,20,6,6,0.3,1.473
2022-06-01,1164,Sky Island,eMTB,3,17,11,-6,6,0.5454545454545454,1.13
2022-07-01,1164,Sky Island,eMTB,3,14,18,4,4,0.2222222222222222,0.896
2022-08-01,1164,Sky Island,eMTB,3,13,12,-1,1,0.08333333333333333,0.789
2022-09-01,1164,Sky Island,eMTB,3,11,20,9,9,0.45,0.783
2022-10-01,1164,Sky Island,eMTB,3,12,13,1,1,0.07692307692307693,0.738
2022-11-01,1164,Sky Island,eMTB,3,14,8,-6,6,0.75,0.906
2022-12-01,1164,Sky Island,eMTB,3,10,13,3,3,0.23076923076923078,0.735
2023-01-01,1164,Sky Island,eMTB,3,9,3,-6,6,2.0,0.767
2023-02-01,1164,Sky Island,eMTB,3,8,18,10,10,0.5555555555555556,1.0
2023-03-01,1164,Sky Island,eMTB,3,17,16,-1,1,0.0625,1.5
2023-04-01,1164,Sky Island,eMTB,3,21,18,-3,3,0.16666666666666666,1.714
2023-05-01,1164,Sky Island,eMTB,3,26,17,-9,9,0.5294117647058824,1.473
2023-06-01,1164,Sky Island,eMTB,3,19,24,5,5,0.20833333333333334,1.13
2023-07-01,1164,Sky Island,eMTB,3,18,7,-11,11,1.5714285714285714,0.896
2023-08-01,1164,Sky Island,eMTB,3,13,19,6,6,0.3157894736842105,0.789
2023-09-01,1164,Sky Island,eMTB,3,13,12,-1,1,0.08333333333333333,0.783
2023-10-01,1164,Sky Island,eMTB,3,9,8,-1,1,0.125,0.738
2023-11-01,1164,Sky Island,eMTB,3,12,5,-7,7,1.4,0.906
2023-12-01,1164,Sky Island,eMTB,3,6,8,2,2,0.25,0.735
2024-01-01,1164,Sky Island,eMTB,3,5,8,3,3,0.375,0.767
2024-02-01,1164,Sky Island,eMTB,3,7,15,8,8,0.5333333333333333,1.0
2024-03-01,1164,Sky Island,eMTB,3,16,14,-2,2,0.14285714285714285,1.5
2024-04-01,1164,Sky Island,eMTB,3,21,7,-14,14,2.0,1.714
2024-05-01,1164,Sky Island,eMTB,3,18,21,3,3,0.14285714285714285,1.473
2024-06-01,1164,Sky Island,eMTB,3,16,16,0,0,0.0,1.13
2024-07-01,1164,Sky Island,eMTB,3,13,23,10,10,0.43478260869565216,0.896
2024-08-01,1164,Sky Island,eMTB,3,16,14,-2,2,0.14285714285714285,0.789
2024-09-01,1164,Sky Island,eMTB,3,14,1,-13,13,13.0,0.783
2024-10-01,1164,Sky Island,eMTB,3,9,13,4,4,0.3076923076923077,0.738
2024-11-01,1164,Sky Island,eMTB,3,8,14,6,6,0.42857142857142855,0.906
2024-12-01,1164,Sky Island,eMTB,3,7,9,2,2,0.2222222222222222,0.735
2025-01-01,1164,Sky Island,eMTB,3,9,15,6,6,0.4,0.767
2025-02-01,1164,Sky Island,eMTB,3,13,10,-3,3,0.3,1.0
2025-03-01,1164,Sky Island,eMTB,3,17,18,1,1,0.05555555555555555,1.5
2025-04-01,1164,Sky Island,eMTB,3,25,14,-11,11,0.7857142857142857,1.714
2025-05-01,1164,Sky Island,eMTB,3,21,17,-4,4,0.23529411764705882,1.473
2025-06-01,1164,Sky Island,eMTB,3,18,28,10,10,0.35714285714285715,1.13
2025-07-01,1164,Sky Island,eMTB,3,18,17,-1,1,0.058823529411764705,0.896
2025-08-01,1164,Sky Island,eMTB,3,16,14,-2,2,0.14285714285714285,0.789
2025-09-01,1164,Sky Island,eMTB,3,15,17,2,2,0.11764705882352941,0.783
2025-10-01,1164,Sky Island,eMTB,3,12,18,6,6,0.3333333333333333,0.738
2025-11-01,1164,Sky Island,eMTB,3,15,8,-7,7,0.875,0.906
2025-12-01,1164,Sky Island,eMTB,3,11,12,1,1,0.08333333333333333,0.735
2022-04-01,1165,Sky Island,eMTB,3,19,6,-13,13,2.1666666666666665,1.714
2022-05-01,1165,Sky Island,eMTB,3,14,17,3,3,0.17647058823529413,1.473
2022-06-01,1165,Sky Island,eMTB,3,14,13,-1,1,0.07692307692307693,1.13
2022-07-01,1165,Sky Island,eMTB,3,11,15,4,4,0.26666666666666666,0.896
2022-08-01,1165,Sky Island,eMTB,3,12,24,12,12,0.5,0.789
2022-09-01,1165,Sky Island,eMTB,3,14,7,-7,7,1.0,0.783
2022-10-01,1165,Sky Island,eMTB,3,11,8,-3,3,0.375,0.738
2022-11-01,1165,Sky Island,eMTB,3,12,12,0,0,0.0,0.906
2022-12-01,1165,Sky Island,eMTB,3,7,10,3,3,0.3,0.735
2023-01-01,1165,Sky Island,eMTB,3,8,12,4,4,0.3333333333333333,0.767
2023-02-01,1165,Sky Island,eMTB,3,11,16,5,5,0.3125,1.0
2023-03-01,1165,Sky Island,eMTB,3,19,10,-9,9,0.9,1.5
2023-04-01,1165,Sky Island,eMTB,3,22,23,1,1,0.043478260869565216,1.714
2023-05-01,1165,Sky Island,eMTB,3,24,16,-8,8,0.5,1.473
2023-06-01,1165,Sky Island,eMTB,3,18,16,-2,2,0.125,1.13
2023-07-01,1165,Sky Island,eMTB,3,16,16,0,0,0.0,0.896
2023-08-01,1165,Sky Island,eMTB,3,13,10,-3,3,0.3,0.789
2023-09-01,1165,Sky Island,eMTB,3,11,8,-3,3,0.375,0.783
2023-10-01,1165,Sky Island,eMTB,3,8,11,3,3,0.2727272727272727,0.738
2023-11-01,1165,Sky Island,eMTB,3,9,9,0,0,0.0,0.906
2023-12-01,1165,Sky Island,eMTB,3,7,6,-1,1,0.16666666666666666,0.735
2024-01-01,1165,Sky Island,eMTB,3,7,10,3,3,0.3,0.767
2024-02-01,1165,Sky Island,eMTB,3,8,17,9,9,0.5294117647058824,1.0
2024-03-01,1165,Sky Island,eMTB,3,16,19,3,3,0.15789473684210525,1.5
2024-04-01,1165,Sky Island,eMTB,3,26,24,-2,2,0.08333333333333333,1.714
2024-05-01,1165,Sky Island,eMTB,3,29,19,-10,10,0.5263157894736842,1.473
2024-06-01,1165,Sky Island,eMTB,3,23,17,-6,6,0.35294117647058826,1.13
2024-07-01,1165,Sky Island,eMTB,3,18,11,-7,7,0.6363636363636364,0.896
2024-08-01,1165,Sky Island,eMTB,3,12,27,15,15,0.5555555555555556,0.789
2024-09-01,1165,Sky Island,eMTB,3,14,7,-7,7,1.0,0.783
2024-10-01,1165,Sky Island,eMTB,3,11,8,-3,3,0.375,0.738
2024-11-01,1165,Sky Island,eMTB,3,13,13,0,0,0.0,0.906
2024-12-01,1165,Sky Island,eMTB,3,7,10,3,3,0.3,0.735
2025-01-01,1165,Sky Island,eMTB,3,8,4,-4,4,1.0,0.767
2025-02-01,1165,Sky Island,eMTB,3,9,5,-4,4,0.8,1.0
2025-03-01,1165,Sky Island,eMTB,3,10,4,-6,6,1.5,1.5
2025-04-01,1165,Sky Island,eMTB,3,7,14,7,7,0.5,1.714
2025-05-01,1165,Sky Island,eMTB,3,11,23,12,12,0.5217391304347826,1.473
2025-06-01,1165,Sky Island,eMTB,3,15,29,14,14,0.4827586206896552,1.13
2025-07-01,1165,Sky Island,eMTB,3,20,22,2,2,0.09090909090909091,0.896
2025-08-01,1165,Sky Island,eMTB,3,19,20,1,1,0.05,0.789
2025-09-01,1165,Sky Island,eMTB,3,19,8,-11,11,1.375,0.783
2025-10-01,1165,Sky Island,eMTB,3,12,15,3,3,0.2,0.738
2025-11-01,1165,Sky Island,eMTB,3,13,19,6,6,0.3157894736842105,0.906
2025-12-01,1165,Sky Island,eMTB,3,10,12,2,2,0.16666666666666666,0.735
2022-04-01,1166,Sky Island,eMTB,3,21,16,-5,5,0.3125,1.714
2022-05-01,1166,Sky Island,eMTB,3,17,13,-4,4,0.3076923076923077,1.473
2022-06-01,1166,Sky Island,eMTB,3,15,16,1,1,0.0625,1.13
2022-07-01,1166,Sky Island,eMTB,3,13,14,1,1,0.07142857142857142,0.896
2022-08-01,1166,Sky Island,eMTB,3,11,19,8,8,0.42105263157894735,0.789
2022-09-01,1166,Sky Island,eMTB,3,13,29,16,16,0.5517241379310345,0.783
2022-10-01,1166,Sky Island,eMTB,3,15,17,2,2,0.11764705882352941,0.738
2022-11-01,1166,Sky Island,eMTB,3,20,9,-11,11,1.2222222222222223,0.906
2022-12-01,1166,Sky Island,eMTB,3,13,9,-4,4,0.4444444444444444,0.735
2023-01-01,1166,Sky Island,eMTB,3,9,2,-7,7,3.5,0.767
2023-02-01,1166,Sky Island,eMTB,3,7,13,6,6,0.46153846153846156,1.0
2023-03-01,1166,Sky Island,eMTB,3,12,12,0,0,0.0,1.5
2023-04-01,1166,Sky Island,eMTB,3,15,16,1,1,0.0625,1.714
2023-05-01,1166,Sky Island,eMTB,3,20,26,6,6,0.23076923076923078,1.473
2023-06-01,1166,Sky Island,eMTB,3,20,27,7,7,0.25925925925925924,1.13
2023-07-01,1166,Sky Island,eMTB,3,21,13,-8,8,0.6153846153846154,0.896
2023-08-01,1166,Sky Island,eMTB,3,17,27,10,10,0.37037037037037035,0.789
2023-09-01,1166,Sky Island,eMTB,3,17,29,12,12,0.41379310344827586,0.783
2023-10-01,1166,Sky Island,eMTB,3,17,12,-5,5,0.4166666666666667,0.738
2023-11-01,1166,Sky Island,eMTB,3,21,18,-3,3,0.16666666666666666,0.906
2023-12-01,1166,Sky Island,eMTB,3,14,4,-10,10,2.5,0.735
2024-01-01,1166,Sky Island,eMTB,3,9,4,-5,5,1.25,0.767
2024-02-01,1166,Sky Island,eMTB,3,9,11,2,2,0.18181818181818182,1.0
2024-03-01,1166,Sky Island,eMTB,3,10,4,-6,6,1.5,1.5
2024-04-01,1166,Sky Island,eMTB,3,11,16,5,5,0.3125,1.714
2024-05-01,1166,Sky Island,eMTB,3,15,15,0,0,0.0,1.473
2024-06-01,1166,Sky Island,eMTB,3,13,23,10,10,0.43478260869565216,1.13
2024-07-01,1166,Sky Island,eMTB,3,16,26,10,10,0.38461538461538464,0.896
2024-08-01,1166,Sky Island,eMTB,3,17,12,-5,5,0.4166666666666667,0.789
2024-09-01,1166,Sky Island,eMTB,3,16,10,-6,6,0.6,0.783
2024-10-01,1166,Sky Island,eMTB,3,12,6,-6,6,1.0,0.738
2024-11-01,1166,Sky Island,eMTB,3,8,12,4,4,0.3333333333333333,0.906
2024-12-01,1166,Sky Island,eMTB,3,7,7,0,0,0.0,0.735
2025-01-01,1166,Sky Island,eMTB,3,6,16,10,10,0.625,0.767
2025-02-01,1166,Sky Island,eMTB,3,12,8,-4,4,0.5,1.0
2025-03-01,1166,Sky Island,eMTB,3,16,12,-4,4,0.3333333333333333,1.5
2025-04-01,1166,Sky Island,eMTB,3,21,27,6,6,0.2222222222222222,1.714
2025-05-01,1166,Sky Island,eMTB,3,23,11,-12,12,1.0909090909090908,1.473
2025-06-01,1166,Sky Island,eMTB,3,19,10,-9,9,0.9,1.13
2025-07-01,1166,Sky Island,eMTB,3,14,17,3,3,0.17647058823529413,0.896
2025-08-01,1166,Sky Island,eMTB,3,10,9,-1,1,0.1111111111111111,0.789
2025-09-01,1166,Sky Island,eMTB,3,9,14,5,5,0.35714285714285715,0.783
2025-10-01,1166,Sky Island,eMTB,3,10,15,5,5,0.3333333333333333,0.738
2025-11-01,1166,Sky Island,eMTB,3,11,9,-2,2,0.2222222222222222,0.906
2025-12-01,1166,Sky Island,eMTB,3,9,12,3,3,0.25,0.735
2022-04-01,1167,Sky Island,eMTB,3,19,18,-1,1,0.05555555555555555,1.714
2022-05-01,1167,Sky Island,eMTB,3,22,22,0,0,0.0,1.473
2022-06-01,1167,Sky Island,eMTB,3,21,14,-7,7,0.5,1.13
2022-07-01,1167,Sky Island,eMTB,3,16,22,6,6,0.2727272727272727,0.896
2022-08-01,1167,Sky Island,eMTB,3,15,24,9,9,0.375,0.789
2022-09-01,1167,Sky Island,eMTB,3,16,10,-6,6,0.6,0.783
2022-10-01,1167,Sky Island,eMTB,3,14,10,-4,4,0.4,0.738
2022-11-01,1167,Sky Island,eMTB,3,13,16,3,3,0.1875,0.906
2022-12-01,1167,Sky Island,eMTB,3,9,12,3,3,0.25,0.735
2023-01-01,1167,Sky Island,eMTB,3,10,2,-8,8,4.0,0.767
2023-02-01,1167,Sky Island,eMTB,3,10,0,-10,10,,1.0
2023-03-01,1167,Sky Island,eMTB,3,7,1,-6,6,6.0,1.5
2023-04-01,1167,Sky Island,eMTB,3,2,19,17,17,0.8947368421052632,1.714
2023-05-01,1167,Sky Island,eMTB,3,10,24,14,14,0.5833333333333334,1.473
2023-06-01,1167,Sky Island,eMTB,3,17,28,11,11,0.39285714285714285,1.13
2023-07-01,1167,Sky Island,eMTB,3,21,11,-10,10,0.9090909090909091,0.896
2023-08-01,1167,Sky Island,eMTB,3,17,17,0,0,0.0,0.789
2023-09-01,1167,Sky Island,eMTB,3,15,4,-11,11,2.75,0.783
2023-10-01,1167,Sky Island,eMTB,3,8,8,0,0,0.0,0.738
2023-11-01,1167,Sky Island,eMTB,3,9,14,5,5,0.35714285714285715,0.906
2023-12-01,1167,Sky Island,eMTB,3,6,14,8,8,0.5714285714285714,0.735
2024-01-01,1167,Sky Island,eMTB,3,9,7,-2,2,0.2857142857142857,0.767
2024-02-01,1167,Sky Island,eMTB,3,12,10,-2,2,0.2,1.0
2024-03-01,1167,Sky Island,eMTB,3,16,10,-6,6,0.6,1.5
2024-04-01,1167,Sky Island,eMTB,3,15,33,18,18,0.5454545454545454,1.714
2024-05-01,1167,Sky Island,eMTB,3,26,21,-5,5,0.23809523809523808,1.473
2024-06-01,1167,Sky Island,eMTB,3,24,20,-4,4,0.2,1.13
2024-07-01,1167,Sky Island,eMTB,3,22,23,1,1,0.043478260869565216,0.896
2024-08-01,1167,Sky Island,eMTB,3,17,18,1,1,0.05555555555555555,0.789
2024-09-01,1167,Sky Island,eMTB,3,16,17,1,1,0.058823529411764705,0.783
2024-10-01,1167,Sky Island,eMTB,3,14,10,-4,4,0.4,0.738
2024-11-01,1167,Sky Island,eMTB,3,14,18,4,4,0.2222222222222222,0.906
2024-12-01,1167,Sky Island,eMTB,3,11,15,4,4,0.26666666666666666,0.735
2025-01-01,1167,Sky Island,eMTB,3,11,10,-1,1,0.1,0.767
2025-02-01,1167,Sky Island,eMTB,3,14,9,-5,5,0.5555555555555556,1.0
2025-03-01,1167,Sky Island,eMTB,3,17,14,-3,3,0.21428571428571427,1.5
2025-04-01,1167,Sky Island,eMTB,3,19,16,-3,3,0.1875,1.714
2025-05-01,1167,Sky Island,eMTB,3,19,41,22,22,0.5365853658536586,1.473
2025-06-01,1167,Sky Island,eMTB,3,27,31,4,4,0.12903225806451613,1.13
2025-07-01,1167,Sky Island,eMTB,3,26,14,-12,12,0.8571428571428571,0.896
2025-08-01,1167,Sky Island,eMTB,3,23,13,-10,10,0.7692307692307693,0.789
2025-09-01,1167,Sky Island,eMTB,3,15,33,18,18,0.5454545454545454,0.783
2025-10-01,1167,Sky Island,eMTB,3,15,16,1,1,0.0625,0.738
2025-11-01,1167,Sky Island,eMTB,3,19,15,-4,4,0.26666666666666666,0.906
2025-12-01,1167,Sky Island,eMTB,3,16,15,-1,1,0.06666666666666667,0.735
2022-04-01,1168,Sky Island,eMTB,3,11,23,12,12,0.5217391304347826,1.714
2022-05-01,1168,Sky Island,eMTB,3,18,21,3,3,0.14285714285714285,1.473
2022-06-01,1168,Sky Island,eMTB,3,20,23,3,3,0.13043478260869565,1.13
2022-07-01,1168,Sky Island,eMTB,3,20,16,-4,4,0.25,0.896
2022-08-01,1168,Sky Island,eMTB,3,16,16,0,0,0.0,0.789
2022-09-01,1168,Sky Island,eMTB,3,14,8,-6,6,0.75,0.783
2022-10-01,1168,Sky Island,eMTB,3,10,17,7,7,0.4117647058823529,0.738
2022-11-01,1168,Sky Island,eMTB,3,12,8,-4,4,0.5,0.906
2022-12-01,1168,Sky Island,eMTB,3,8,11,3,3,0.2727272727272727,0.735
2023-01-01,1168,Sky Island,eMTB,3,9,17,8,8,0.47058823529411764,0.767
2023-02-01,1168,Sky Island,eMTB,3,12,8,-4,4,0.5,1.0
2023-03-01,1168,Sky Island,eMTB,3,18,6,-12,12,2.0,1.5
2023-04-01,1168,Sky Island,eMTB,3,18,16,-2,2,0.125,1.714
2023-05-01,1168,Sky Island,eMTB,3,15,25,10,10,0.4,1.473
2023-06-01,1168,Sky Island,eMTB,3,18,17,-1,1,0.058823529411764705,1.13
2023-07-01,1168,Sky Island,eMTB,3,17,9,-8,8,0.8888888888888888,0.896
2023-08-01,1168,Sky Island,eMTB,3,13,18,5,5,0.2777777777777778,0.789
2023-09-01,1168,Sky Island,eMTB,3,11,4,-7,7,1.75,0.783
2023-10-01,1168,Sky Island,eMTB,3,8,8,0,0,0.0,0.738
2023-11-01,1168,Sky Island,eMTB,3,9,15,6,6,0.4,0.906
2023-12-01,1168,Sky Island,eMTB,3,7,6,-1,1,0.16666666666666666,0.735
2024-01-01,1168,Sky Island,eMTB,3,7,3,-4,4,1.3333333333333333,0.767
2024-02-01,1168,Sky Island,eMTB,3,8,2,-6,6,3.0,1.0
2024-03-01,1168,Sky Island,eMTB,3,6,11,5,5,0.45454545454545453,1.5
2024-04-01,1168,Sky Island,eMTB,3,9,9,0,0,0.0,1.714
2024-05-01,1168,Sky Island,eMTB,3,11,15,4,4,0.26666666666666666,1.473
2024-06-01,1168,Sky Island,eMTB,3,13,27,14,14,0.5185185185185185,1.13
2024-07-01,1168,Sky Island,eMTB,3,15,15,0,0,0.0,0.896
2024-08-01,1168,Sky Island,eMTB,3,15,8,-7,7,0.875,0.789
2024-09-01,1168,Sky Island,eMTB,3,13,13,0,0,0.0,0.783
2024-10-01,1168,Sky Island,eMTB,3,9,20,11,11,0.55,0.738
2024-11-01,1168,Sky Island,eMTB,3,12,3,-9,9,3.0,0.906
2024-12-01,1168,Sky Island,eMTB,3,9,20,11,11,0.55,0.735
2025-01-01,1168,Sky Island,eMTB,3,11,14,3,3,0.21428571428571427,0.767
2025-02-01,1168,Sky Island,eMTB,3,12,8,-4,4,0.5,1.0
2025-03-01,1168,Sky Island,eMTB,3,21,15,-6,6,0.4,1.5
2025-04-01,1168,Sky Island,eMTB,3,21,19,-2,2,0.10526315789473684,1.714
2025-05-01,1168,Sky Island,eMTB,3,21,31,10,10,0.3225806451612903,1.473
2025-06-01,1168,Sky Island,eMTB,3,24,25,1,1,0.04,1.13
2025-07-01,1168,Sky Island,eMTB,3,22,21,-1,1,0.047619047619047616,0.896
2025-08-01,1168,Sky Island,eMTB,3,20,7,-13,13,1.8571428571428572,0.789
2025-09-01,1168,Sky Island,eMTB,3,14,18,4,4,0.2222222222222222,0.783
2025-10-01,1168,Sky Island,eMTB,3,11,13,2,2,0.15384615384615385,0.738
2025-11-01,1168,Sky Island,eMTB,3,11,6,-5,5,0.8333333333333334,0.906
2025-12-01,1168,Sky Island,eMTB,3,9,7,-2,2,0.2857142857142857,0.735
2022-04-01,1169,Sky Island,eMTB,3,18,6,-12,12,2.0,1.714
2022-05-01,1169,Sky Island,eMTB,3,15,37,22,22,0.5945945945945946,1.473
2022-06-01,1169,Sky Island,eMTB,3,23,9,-14,14,1.5555555555555556,1.13
2022-07-01,1169,Sky Island,eMTB,3,16,13,-3,3,0.23076923076923078,0.896
2022-08-01,1169,Sky Island,eMTB,3,16,25,9,9,0.36,0.789
2022-09-01,1169,Sky Island,eMTB,3,12,9,-3,3,0.3333333333333333,0.783
2022-10-01,1169,Sky Island,eMTB,3,12,2,-10,10,5.0,0.738
2022-11-01,1169,Sky Island,eMTB,3,11,12,1,1,0.08333333333333333,0.906
2022-12-01,1169,Sky Island,eMTB,3,6,8,2,2,0.25,0.735
2023-01-01,1169,Sky Island,eMTB,3,6,10,4,4,0.4,0.767
2023-02-01,1169,Sky Island,eMTB,3,10,12,2,2,0.16666666666666666,1.0
2023-03-01,1169,Sky Island,eMTB,3,15,17,2,2,0.11764705882352941,1.5
2023-04-01,1169,Sky Island,eMTB,3,22,13,-9,9,0.6923076923076923,1.714
2023-05-01,1169,Sky Island,eMTB,3,21,17,-4,4,0.23529411764705882,1.473
2023-06-01,1169,Sky Island,eMTB,3,18,21,3,3,0.14285714285714285,1.13
2023-07-01,1169,Sky Island,eMTB,3,15,7,-8,8,1.1428571428571428,0.896
2023-08-01,1169,Sky Island,eMTB,3,12,15,3,3,0.2,0.789
2023-09-01,1169,Sky Island,eMTB,3,11,9,-2,2,0.2222222222222222,0.783
2023-10-01,1169,Sky Island,eMTB,3,8,5,-3,3,0.6,0.738
2023-11-01,1169,Sky Island,eMTB,3,9,11,2,2,0.18181818181818182,0.906
2023-12-01,1169,Sky Island,eMTB,3,6,4,-2,2,0.5,0.735
2024-01-01,1169,Sky Island,eMTB,3,5,2,-3,3,1.5,0.767
2024-02-01,1169,Sky Island,eMTB,3,6,3,-3,3,1.0,1.0
2024-03-01,1169,Sky Island,eMTB,3,4,13,9,9,0.6923076923076923,1.5
2024-04-01,1169,Sky Island,eMTB,3,10,12,2,2,0.16666666666666666,1.714
2024-05-01,1169,Sky Island,eMTB,3,14,22,8,8,0.36363636363636365,1.473
2024-06-01,1169,Sky Island,eMTB,3,18,27,9,9,0.3333333333333333,1.13
2024-07-01,1169,Sky Island,eMTB,3,18,6,-12,12,2.0,0.896
2024-08-01,1169,Sky Island,eMTB,3,14,10,-4,4,0.4,0.789
2024-09-01,1169,Sky Island,eMTB,3,11,13,2,2,0.15384615384615385,0.783
2024-10-01,1169,Sky Island,eMTB,3,7,17,10,10,0.5882352941176471,0.738
2024-11-01,1169,Sky Island,eMTB,3,12,11,-1,1,0.09090909090909091,0.906
2024-12-01,1169,Sky Island,eMTB,3,10,3,-7,7,2.3333333333333335,0.735
2025-01-01,1169,Sky Island,eMTB,3,8,10,2,2,0.2,0.767
2025-02-01,1169,Sky Island,eMTB,3,8,8,0,0,0.0,1.0
2025-03-01,1169,Sky Island,eMTB,3,10,13,3,3,0.23076923076923078,1.5
2025-04-01,1169,Sky Island,eMTB,3,18,19,1,1,0.05263157894736842,1.714
2025-05-01,1169,Sky Island,eMTB,3,20,20,0,0,0.0,1.473
2025-06-01,1169,Sky Island,eMTB,3,20,14,-6,6,0.42857142857142855,1.13
2025-07-01,1169,Sky Island,eMTB,3,16,14,-2,2,0.14285714285714285,0.896
2025-08-01,1169,Sky Island,eMTB,3,13,14,1,1,0.07142857142857142,0.789
2025-09-01,1169,Sky Island,eMTB,3,11,15,4,4,0.26666666666666666,0.783
2025-10-01,1169,Sky Island,eMTB,3,11,17,6,6,0.35294117647058826,0.738
2025-11-01,1169,Sky Island,eMTB,3,14,21,7,7,0.3333333333333333,0.906
2025-12-01,1169,Sky Island,eMTB,3,13,9,-4,4,0.4444444444444444,0.735
2022-04-01,1170,Sky Island,eMTB,3,17,12,-5,5,0.4166666666666667,1.714
2022-05-01,1170,Sky Island,eMTB,3,18,26,8,8,0.3076923076923077,1.473
2022-06-01,1170,Sky Island,eMTB,3,18,15,-3,3,0.2,1.13
2022-07-01,1170,Sky Island,eMTB,3,16,12,-4,4,0.3333333333333333,0.896
2022-08-01,1170,Sky Island,eMTB,3,14,24,10,10,0.4166666666666667,0.789
2022-09-01,1170,Sky Island,eMTB,3,13,24,11,11,0.4583333333333333,0.783
2022-10-01,1170,Sky Island,eMTB,3,15,6,-9,9,1.5,0.738
2022-11-01,1170,Sky Island,eMTB,3,16,11,-5,5,0.45454545454545453,0.906
2022-12-01,1170,Sky Island,eMTB,3,10,23,13,13,0.5652173913043478,0.735
2023-01-01,1170,Sky Island,eMTB,3,10,0,-10,10,,0.767
2023-02-01,1170,Sky Island,eMTB,3,11,8,-3,3,0.375,1.0
2023-03-01,1170,Sky Island,eMTB,3,16,14,-2,2,0.14285714285714285,1.5
2023-04-01,1170,Sky Island,eMTB,3,13,11,-2,2,0.18181818181818182,1.714
2023-05-01,1170,Sky Island,eMTB,3,16,13,-3,3,0.23076923076923078,1.473
2023-06-01,1170,Sky Island,eMTB,3,14,14,0,0,0.0,1.13
2023-07-01,1170,Sky Island,eMTB,3,11,12,1,1,0.08333333333333333,0.896
2023-08-01,1170,Sky Island,eMTB,3,10,24,14,14,0.5833333333333334,0.789
2023-09-01,1170,Sky Island,eMTB,3,13,8,-5,5,0.625,0.783
2023-10-01,1170,Sky Island,eMTB,3,11,5,-6,6,1.2,0.738
2023-11-01,1170,Sky Island,eMTB,3,11,6,-5,5,0.8333333333333334,0.906
2023-12-01,1170,Sky Island,eMTB,3,5,9,4,4,0.4444444444444444,0.735
2024-01-01,1170,Sky Island,eMTB,3,5,4,-1,1,0.25,0.767
2024-02-01,1170,Sky Island,eMTB,3,6,4,-2,2,0.5,1.0
2024-03-01,1170,Sky Island,eMTB,3,8,18,10,10,0.5555555555555556,1.5
2024-04-01,1170,Sky Island,eMTB,3,15,21,6,6,0.2857142857142857,1.714
2024-05-01,1170,Sky Island,eMTB,3,21,11,-10,10,0.9090909090909091,1.473
2024-06-01,1170,Sky Island,eMTB,3,19,15,-4,4,0.26666666666666666,1.13
2024-07-01,1170,Sky Island,eMTB,3,14,33,19,19,0.5757575757575758,0.896
2024-08-01,1170,Sky Island,eMTB,3,16,13,-3,3,0.23076923076923078,0.789
2024-09-01,1170,Sky Island,eMTB,3,16,25,9,9,0.36,0.783
2024-10-01,1170,Sky Island,eMTB,3,17,16,-1,1,0.0625,0.738
2024-11-01,1170,Sky Island,eMTB,3,16,9,-7,7,0.7777777777777778,0.906
2024-12-01,1170,Sky Island,eMTB,3,12,2,-10,10,5.0,0.735
2025-01-01,1170,Sky Island,eMTB,3,7,9,2,2,0.2222222222222222,0.767
2025-02-01,1170,Sky Island,eMTB,3,7,9,2,2,0.2222222222222222,1.0
2025-03-01,1170,Sky Island,eMTB,3,10,9,-1,1,0.1111111111111111,1.5
2025-04-01,1170,Sky Island,eMTB,3,15,13,-2,2,0.15384615384615385,1.714
2025-05-01,1170,Sky Island,eMTB,3,15,22,7,7,0.3181818181818182,1.473
2025-06-01,1170,Sky Island,eMTB,3,17,23,6,6,0.2608695652173913,1.13
2025-07-01,1170,Sky Island,eMTB,3,17,20,3,3,0.15,0.896
2025-08-01,1170,Sky Island,eMTB,3,17,6,-11,11,1.8333333333333333,0.789
2025-09-01,1170,Sky Island,eMTB,3,13,3,-10,10,3.3333333333333335,0.783
2025-10-01,1170,Sky Island,eMTB,3,7,10,3,3,0.3,0.738
2025-11-01,1170,Sky Island,eMTB,3,6,6,0,0,0.0,0.906
2025-12-01,1170,Sky Island,eMTB,3,5,8,3,3,0.375,0.735
2022-04-01,1171,Sky Island,eMTB,3,22,14,-8,8,0.5714285714285714,1.714
2022-05-01,1171,Sky Island,eMTB,3,23,12,-11,11,0.9166666666666666,1.473
2022-06-01,1171,Sky Island,eMTB,3,19,8,-11,11,1.375,1.13
2022-07-01,1171,Sky Island,eMTB,3,10,5,-5,5,1.0,0.896
2022-08-01,1171,Sky Island,eMTB,3,7,15,8,8,0.5333333333333333,0.789
2022-09-01,1171,Sky Island,eMTB,3,7,22,15,15,0.6818181818181818,0.783
2022-10-01,1171,Sky Island,eMTB,3,10,10,0,0,0.0,0.738
2022-11-01,1171,Sky Island,eMTB,3,14,6,-8,8,1.3333333333333333,0.906
2022-12-01,1171,Sky Island,eMTB,3,9,8,-1,1,0.125,0.735
2023-01-01,1171,Sky Island,eMTB,3,6,5,-1,1,0.2,0.767
2023-02-01,1171,Sky Island,eMTB,3,6,5,-1,1,0.2,1.0
2023-03-01,1171,Sky Island,eMTB,3,9,11,2,2,0.18181818181818182,1.5
2023-04-01,1171,Sky Island,eMTB,3,12,12,0,0,0.0,1.714
2023-05-01,1171,Sky Island,eMTB,3,14,17,3,3,0.17647058823529413,1.473
2023-06-01,1171,Sky Island,eMTB,3,15,24,9,9,0.375,1.13
2023-07-01,1171,Sky Island,eMTB,3,16,25,9,9,0.36,0.896
2023-08-01,1171,Sky Island,eMTB,3,17,30,13,13,0.43333333333333335,0.789
2023-09-01,1171,Sky Island,eMTB,3,21,7,-14,14,2.0,0.783
2023-10-01,1171,Sky Island,eMTB,3,15,15,0,0,0.0,0.738
2023-11-01,1171,Sky Island,eMTB,3,16,15,-1,1,0.06666666666666667,0.906
2023-12-01,1171,Sky Island,eMTB,3,9,16,7,7,0.4375,0.735
2024-01-01,1171,Sky Island,eMTB,3,12,1,-11,11,11.0,0.767
2024-02-01,1171,Sky Island,eMTB,3,11,3,-8,8,2.6666666666666665,1.0
2024-03-01,1171,Sky Island,eMTB,3,10,9,-1,1,0.1111111111111111,1.5
2024-04-01,1171,Sky Island,eMTB,3,7,12,5,5,0.4166666666666667,1.714
2024-05-01,1171,Sky Island,eMTB,3,12,21,9,9,0.42857142857142855,1.473
2024-06-01,1171,Sky Island,eMTB,3,16,18,2,2,0.1111111111111111,1.13
2024-07-01,1171,Sky Island,eMTB,3,15,20,5,5,0.25,0.896
2024-08-01,1171,Sky Island,eMTB,3,16,23,7,7,0.30434782608695654,0.789
2024-09-01,1171,Sky Island,eMTB,3,16,11,-5,5,0.45454545454545453,0.783
2024-10-01,1171,Sky Island,eMTB,3,13,8,-5,5,0.625,0.738
2024-11-01,1171,Sky Island,eMTB,3,13,7,-6,6,0.8571428571428571,0.906
2024-12-01,1171,Sky Island,eMTB,3,6,3,-3,3,1.0,0.735
2025-01-01,1171,Sky Island,eMTB,3,5,6,1,1,0.16666666666666666,0.767
2025-02-01,1171,Sky Island,eMTB,3,5,13,8,8,0.6153846153846154,1.0
2025-03-01,1171,Sky Island,eMTB,3,11,4,-7,7,1.75,1.5
2025-04-01,1171,Sky Island,eMTB,3,13,12,-1,1,0.08333333333333333,1.714
2025-05-01,1171,Sky Island,eMTB,3,14,17,3,3,0.17647058823529413,1.473
2025-06-01,1171,Sky Island,eMTB,3,12,14,2,2,0.14285714285714285,1.13
2025-07-01,1171,Sky Island,eMTB,3,13,26,13,13,0.5,0.896
2025-08-01,1171,Sky Island,eMTB,3,15,20,5,5,0.25,0.789
2025-09-01,1171,Sky Island,eMTB,3,16,14,-2,2,0.14285714285714285,0.783
2025-10-01,1171,Sky Island,eMTB,3,15,15,0,0,0.0,0.738
2025-11-01,1171,Sky Island,eMTB,3,15,8,-7,7,0.875,0.906
2025-12-01,1171,Sky Island,eMTB,3,9,5,-4,4,0.8,0.735
2022-04-01,1172,Sky Island,eMTB,3,17,15,-2,2,0.13333333333333333,1.714
2022-05-01,1172,Sky Island,eMTB,3,19,23,4,4,0.17391304347826086,1.473
2022-06-01,1172,Sky Island,eMTB,3,18,25,7,7,0.28,1.13
2022-07-01,1172,Sky Island,eMTB,3,19,19,0,0,0.0,0.896
2022-08-01,1172,Sky Island,eMTB,3,18,26,8,8,0.3076923076923077,0.789
2022-09-01,1172,Sky Island,eMTB,3,18,11,-7,7,0.6363636363636364,0.783
2022-10-01,1172,Sky Island,eMTB,3,14,13,-1,1,0.07692307692307693,0.738
2022-11-01,1172,Sky Island,eMTB,3,15,10,-5,5,0.5,0.906
2022-12-01,1172,Sky Island,eMTB,3,8,12,4,4,0.3333333333333333,0.735
2023-01-01,1172,Sky Island,eMTB,3,9,7,-2,2,0.2857142857142857,0.767
2023-02-01,1172,Sky Island,eMTB,3,10,14,4,4,0.2857142857142857,1.0
2023-03-01,1172,Sky Island,eMTB,3,16,15,-1,1,0.06666666666666667,1.5
2023-04-01,1172,Sky Island,eMTB,3,21,12,-9,9,0.75,1.714
2023-05-01,1172,Sky Island,eMTB,3,20,15,-5,5,0.3333333333333333,1.473
2023-06-01,1172,Sky Island,eMTB,3,16,23,7,7,0.30434782608695654,1.13
2023-07-01,1172,Sky Island,eMTB,3,15,11,-4,4,0.36363636363636365,0.896
2023-08-01,1172,Sky Island,eMTB,3,13,17,4,4,0.23529411764705882,0.789
2023-09-01,1172,Sky Island,eMTB,3,13,14,1,1,0.07142857142857142,0.783
2023-10-01,1172,Sky Island,eMTB,3,10,16,6,6,0.375,0.738
2023-11-01,1172,Sky Island,eMTB,3,14,19,5,5,0.2631578947368421,0.906
2023-12-01,1172,Sky Island,eMTB,3,12,3,-9,9,3.0,0.735
2024-01-01,1172,Sky Island,eMTB,3,10,6,-4,4,0.6666666666666666,0.767
2024-02-01,1172,Sky Island,eMTB,3,9,6,-3,3,0.5,1.0
2024-03-01,1172,Sky Island,eMTB,3,8,12,4,4,0.3333333333333333,1.5
2024-04-01,1172,Sky Island,eMTB,3,14,15,1,1,0.06666666666666667,1.714
2024-05-01,1172,Sky Island,eMTB,3,16,5,-11,11,2.2,1.473
2024-06-01,1172,Sky Island,eMTB,3,12,8,-4,4,0.5,1.13
2024-07-01,1172,Sky Island,eMTB,3,8,7,-1,1,0.14285714285714285,0.896
2024-08-01,1172,Sky Island,eMTB,3,5,9,4,4,0.4444444444444444,0.789
2024-09-01,1172,Sky Island,eMTB,3,6,14,8,8,0.5714285714285714,0.783
2024-10-01,1172,Sky Island,eMTB,3,7,11,4,4,0.36363636363636365,0.738
2024-11-01,1172,Sky Island,eMTB,3,10,5,-5,5,1.0,0.906
2024-12-01,1172,Sky Island,eMTB,3,7,5,-2,2,0.4,0.735
2025-01-01,1172,Sky Island,eMTB,3,5,5,0,0,0.0,0.767
2025-02-01,1172,Sky Island,eMTB,3,5,14,9,9,0.6428571428571429,1.0
2025-03-01,1172,Sky Island,eMTB,3,12,14,2,2,0.14285714285714285,1.5
2025-04-01,1172,Sky Island,eMTB,3,19,4,-15,15,3.75,1.714
2025-05-01,1172,Sky Island,eMTB,3,16,23,7,7,0.30434782608695654,1.473
2025-06-01,1172,Sky Island,eMTB,3,15,22,7,7,0.3181818181818182,1.13
2025-07-01,1172,Sky Island,eMTB,3,15,18,3,3,0.16666666666666666,0.896
2025-08-01,1172,Sky Island,eMTB,3,17,7,-10,10,1.4285714285714286,0.789
2025-09-01,1172,Sky Island,eMTB,3,12,6,-6,6,1.0,0.783
2025-10-01,1172,Sky Island,eMTB,3,8,15,7,7,0.4666666666666667,0.738
2025-11-01,1172,Sky Island,eMTB,3,8,13,5,5,0.38461538461538464,0.906
2025-12-01,1172,Sky Island,eMTB,3,8,6,-2,2,0.3333333333333333,0.735
2022-04-01,1173,Sky Island,eMTB,3,12,18,6,6,0.3333333333333333,1.714
2022-05-01,1173,Sky Island,eMTB,3,18,21,3,3,0.14285714285714285,1.473
2022-06-01,1173,Sky Island,eMTB,3,21,10,-11,11,1.1,1.13
2022-07-01,1173,Sky Island,eMTB,3,15,5,-10,10,2.0,0.896
2022-08-01,1173,Sky Island,eMTB,3,9,10,1,1,0.1,0.789
2022-09-01,1173,Sky Island,eMTB,3,7,9,2,2,0.2222222222222222,0.783
2022-10-01,1173,Sky Island,eMTB,3,6,7,1,1,0.14285714285714285,0.738
2022-11-01,1173,Sky Island,eMTB,3,8,19,11,11,0.5789473684210527,0.906
2022-12-01,1173,Sky Island,eMTB,3,9,2,-7,7,3.5,0.735
2023-01-01,1173,Sky Island,eMTB,3,7,17,10,10,0.5882352941176471,0.767
2023-02-01,1173,Sky Island,eMTB,3,13,11,-2,2,0.18181818181818182,1.0
2023-03-01,1173,Sky Island,eMTB,3,15,24,9,9,0.375,1.5
2023-04-01,1173,Sky Island,eMTB,3,30,14,-16,16,1.1428571428571428,1.714
2023-05-01,1173,Sky Island,eMTB,3,24,12,-12,12,1.0,1.473
2023-06-01,1173,Sky Island,eMTB,3,19,14,-5,5,0.35714285714285715,1.13
2023-07-01,1173,Sky Island,eMTB,3,12,13,1,1,0.07692307692307693,0.896
2023-08-01,1173,Sky Island,eMTB,3,10,14,4,4,0.2857142857142857,0.789
2023-09-01,1173,Sky Island,eMTB,3,11,20,9,9,0.45,0.783
2023-10-01,1173,Sky Island,eMTB,3,12,12,0,0,0.0,0.738
2023-11-01,1173,Sky Island,eMTB,3,14,7,-7,7,1.0,0.906
2023-12-01,1173,Sky Island,eMTB,3,10,5,-5,5,1.0,0.735
2024-01-01,1173,Sky Island,eMTB,3,6,17,11,11,0.6470588235294118,0.767
2024-02-01,1173,Sky Island,eMTB,3,10,6,-4,4,0.6666666666666666,1.0
2024-03-01,1173,Sky Island,eMTB,3,14,20,6,6,0.3,1.5
2024-04-01,1173,Sky Island,eMTB,3,25,24,-1,1,0.041666666666666664,1.714
2024-05-01,1173,Sky Island,eMTB,3,25,18,-7,7,0.3888888888888889,1.473
2024-06-01,1173,Sky Island,eMTB,3,23,10,-13,13,1.3,1.13
2024-07-01,1173,Sky Island,eMTB,3,16,15,-1,1,0.06666666666666667,0.896
2024-08-01,1173,Sky Island,eMTB,3,11,12,1,1,0.08333333333333333,0.789
2024-09-01,1173,Sky Island,eMTB,3,10,11,1,1,0.09090909090909091,0.783
2024-10-01,1173,Sky Island,eMTB,3,9,15,6,6,0.4,0.738
2024-11-01,1173,Sky Island,eMTB,3,11,10,-1,1,0.1,0.906
2024-12-01,1173,Sky Island,eMTB,3,9,5,-4,4,0.8,0.735
2025-01-01,1173,Sky Island,eMTB,3,8,9,1,1,0.1111111111111111,0.767
2025-02-01,1173,Sky Island,eMTB,3,8,9,1,1,0.1111111111111111,1.0
2025-03-01,1173,Sky Island,eMTB,3,12,16,4,4,0.25,1.5
2025-04-01,1173,Sky Island,eMTB,3,19,7,-12,12,1.7142857142857142,1.714
2025-05-01,1173,Sky Island,eMTB,3,16,29,13,13,0.4482758620689655,1.473
2025-06-01,1173,Sky Island,eMTB,3,20,22,2,2,0.09090909090909091,1.13
2025-07-01,1173,Sky Island,eMTB,3,17,14,-3,3,0.21428571428571427,0.896
2025-08-01,1173,Sky Island,eMTB,3,17,4,-13,13,3.25,0.789
2025-09-01,1173,Sky Island,eMTB,3,10,7,-3,3,0.42857142857142855,0.783
2025-10-01,1173,Sky Island,eMTB,3,6,5,-1,1,0.2,0.738
2025-11-01,1173,Sky Island,eMTB,3,5,17,12,12,0.7058823529411765,0.906
2025-12-01,1173,Sky Island,eMTB,3,7,2,-5,5,2.5,0.735
2022-04-01,1174,Sky Island,eMTB,3,15,8,-7,7,0.875,1.714
2022-05-01,1174,Sky Island,eMTB,3,16,23,7,7,0.30434782608695654,1.473
2022-06-01,1174,Sky Island,eMTB,3,17,17,0,0,0.0,1.13
2022-07-01,1174,Sky Island,eMTB,3,14,23,9,9,0.391304347826087,0.896
2022-08-01,1174,Sky Island,eMTB,3,17,28,11,11,0.39285714285714285,0.789
2022-09-01,1174,Sky Island,eMTB,3,18,8,-10,10,1.25,0.783
2022-10-01,1174,Sky Island,eMTB,3,15,9,-6,6,0.6666666666666666,0.738
2022-11-01,1174,Sky Island,eMTB,3,14,1,-13,13,13.0,0.906
2022-12-01,1174,Sky Island,eMTB,3,4,9,5,5,0.5555555555555556,0.735
2023-01-01,1174,Sky Island,eMTB,3,5,6,1,1,0.16666666666666666,0.767
2023-02-01,1174,Sky Island,eMTB,3,5,15,10,10,0.6666666666666666,1.0
2023-03-01,1174,Sky Island,eMTB,3,15,22,7,7,0.3181818181818182,1.5
2023-04-01,1174,Sky Island,eMTB,3,25,22,-3,3,0.13636363636363635,1.714
2023-05-01,1174,Sky Island,eMTB,3,29,20,-9,9,0.45,1.473
2023-06-01,1174,Sky Island,eMTB,3,24,17,-7,7,0.4117647058823529,1.13
2023-07-01,1174,Sky Island,eMTB,3,18,22,4,4,0.18181818181818182,0.896
2023-08-01,1174,Sky Island,eMTB,3,16,29,13,13,0.4482758620689655,0.789
2023-09-01,1174,Sky Island,eMTB,3,18,4,-14,14,3.5,0.783
2023-10-01,1174,Sky Island,eMTB,3,14,5,-9,9,1.8,0.738
2023-11-01,1174,Sky Island,eMTB,3,11,16,5,5,0.3125,0.906
2023-12-01,1174,Sky Island,eMTB,3,6,3,-3,3,1.0,0.735
2024-01-01,1174,Sky Island,eMTB,3,6,3,-3,3,1.0,0.767
2024-02-01,1174,Sky Island,eMTB,3,7,5,-2,2,0.4,1.0
2024-03-01,1174,Sky Island,eMTB,3,6,11,5,5,0.45454545454545453,1.5
2024-04-01,1174,Sky Island,eMTB,3,11,25,14,14,0.56,1.714
2024-05-01,1174,Sky Island,eMTB,3,20,12,-8,8,0.6666666666666666,1.473
2024-06-01,1174,Sky Island,eMTB,3,18,18,0,0,0.0,1.13
2024-07-01,1174,Sky Island,eMTB,3,16,17,1,1,0.058823529411764705,0.896
2024-08-01,1174,Sky Island,eMTB,3,12,20,8,8,0.4,0.789
2024-09-01,1174,Sky Island,eMTB,3,14,16,2,2,0.125,0.783
2024-10-01,1174,Sky Island,eMTB,3,13,3,-10,10,3.3333333333333335,0.738
2024-11-01,1174,Sky Island,eMTB,3,12,11,-1,1,0.09090909090909091,0.906
2024-12-01,1174,Sky Island,eMTB,3,7,7,0,0,0.0,0.735
2025-01-01,1174,Sky Island,eMTB,3,5,9,4,4,0.4444444444444444,0.767
2025-02-01,1174,Sky Island,eMTB,3,9,10,1,1,0.1,1.0
2025-03-01,1174,Sky Island,eMTB,3,13,15,2,2,0.13333333333333333,1.5
2025-04-01,1174,Sky Island,eMTB,3,19,12,-7,7,0.5833333333333334,1.714
2025-05-01,1174,Sky Island,eMTB,3,18,32,14,14,0.4375,1.473
2025-06-01,1174,Sky Island,eMTB,3,22,19,-3,3,0.15789473684210525,1.13
2025-07-01,1174,Sky Island,eMTB,3,19,11,-8,8,0.7272727272727273,0.896
2025-08-01,1174,Sky Island,eMTB,3,16,17,1,1,0.058823529411764705,0.789
2025-09-01,1174,Sky Island,eMTB,3,12,21,9,9,0.42857142857142855,0.783
2025-10-01,1174,Sky Island,eMTB,3,12,11,-1,1,0.09090909090909091,0.738
2025-11-01,1174,Sky Island,eMTB,3,15,11,-4,4,0.36363636363636365,0.906
2025-12-01,1174,Sky Island,eMTB,3,11,10,-1,1,0.1,0.735
2022-04-01,1175,Sky Island,eMTB,3,10,7,-3,3,0.42857142857142855,1.714
2022-05-01,1175,Sky Island,eMTB,3,9,3,-6,6,2.0,1.473
2022-06-01,1175,Sky Island,eMTB,3,7,8,1,1,0.125,1.13
2022-07-01,1175,Sky Island,eMTB,3,5,15,10,10,0.6666666666666666,0.896
2022-08-01,1175,Sky Island,eMTB,3,7,4,-3,3,0.75,0.789
2022-09-01,1175,Sky Island,eMTB,3,7,5,-2,2,0.4,0.783
2022-10-01,1175,Sky Island,eMTB,3,6,8,2,2,0.25,0.738
2022-11-01,1175,Sky Island,eMTB,3,5,1,-4,4,4.0,0.906
2022-12-01,1175,Sky Island,eMTB,3,3,4,1,1,0.25,0.735
2023-01-01,1175,Sky Island,eMTB,3,3,5,2,2,0.4,0.767
2023-02-01,1175,Sky Island,eMTB,3,3,9,6,6,0.6666666666666666,1.0
2023-03-01,1175,Sky Island,eMTB,3,9,9,0,0,0.0,1.5
2023-04-01,1175,Sky Island,eMTB,3,13,11,-2,2,0.18181818181818182,1.714
2023-05-01,1175,Sky Island,eMTB,3,14,14,0,0,0.0,1.473
2023-06-01,1175,Sky Island,eMTB,3,13,18,5,5,0.2777777777777778,1.13
2023-07-01,1175,Sky Island,eMTB,3,13,8,-5,5,0.625,0.896
2023-08-01,1175,Sky Island,eMTB,3,11,10,-1,1,0.1,0.789
2023-09-01,1175,Sky Island,eMTB,3,9,7,-2,2,0.2857142857142857,0.783
2023-10-01,1175,Sky Island,eMTB,3,6,2,-4,4,2.0,0.738
2023-11-01,1175,Sky Island,eMTB,3,6,1,-5,5,5.0,0.906
2023-12-01,1175,Sky Island,eMTB,3,2,1,-1,1,1.0,0.735
2024-01-01,1175,Sky Island,eMTB,3,1,2,1,1,0.5,0.767
2024-02-01,1175,Sky Island,eMTB,3,1,7,6,6,0.8571428571428571,1.0
2024-03-01,1175,Sky Island,eMTB,3,5,4,-1,1,0.25,1.5
2024-04-01,1175,Sky Island,eMTB,3,7,9,2,2,0.2222222222222222,1.714
2024-05-01,1175,Sky Island,eMTB,3,10,7,-3,3,0.42857142857142855,1.473
2024-06-01,1175,Sky Island,eMTB,3,8,5,-3,3,0.6,1.13
2024-07-01,1175,Sky Island,eMTB,3,6,1,-5,5,5.0,0.896
2024-08-01,1175,Sky Island,eMTB,3,3,15,12,12,0.8,0.789
2024-09-01,1175,Sky Island,eMTB,3,5,13,8,8,0.6153846153846154,0.783
2024-10-01,1175,Sky Island,eMTB,3,7,10,3,3,0.3,0.738
2024-11-01,1175,Sky Island,eMTB,3,11,7,-4,4,0.5714285714285714,0.906
2024-12-01,1175,Sky Island,eMTB,3,7,2,-5,5,2.5,0.735
2025-01-01,1175,Sky Island,eMTB,3,5,3,-2,2,0.6666666666666666,0.767
2025-02-01,1175,Sky Island,eMTB,3,4,8,4,4,0.5,1.0
2025-03-01,1175,Sky Island,eMTB,3,6,7,1,1,0.14285714285714285,1.5
2025-04-01,1175,Sky Island,eMTB,3,10,7,-3,3,0.42857142857142855,1.714
2025-05-01,1175,Sky Island,eMTB,3,11,13,2,2,0.15384615384615385,1.473
2025-06-01,1175,Sky Island,eMTB,3,10,6,-4,4,0.6666666666666666,1.13
2025-07-01,1175,Sky Island,eMTB,3,8,15,7,7,0.4666666666666667,0.896
2025-08-01,1175,Sky Island,eMTB,3,9,9,0,0,0.0,0.789
2025-09-01,1175,Sky Island,eMTB,3,8,6,-2,2,0.3333333333333333,0.783
2025-10-01,1175,Sky Island,eMTB,3,7,5,-2,2,0.4,0.738
2025-11-01,1175,Sky Island,eMTB,3,6,2,-4,4,2.0,0.906
2025-12-01,1175,Sky Island,eMTB,3,3,10,7,7,0.7,0.735
2022-04-01,1176,Sky Island,eMTB,3,9,7,-2,2,0.2857142857142857,1.714
2022-05-01,1176,Sky Island,eMTB,3,9,13,4,4,0.3076923076923077,1.473
2022-06-01,1176,Sky Island,eMTB,3,11,8,-3,3,0.375,1.13
2022-07-01,1176,Sky Island,eMTB,3,8,8,0,0,0.0,0.896
2022-08-01,1176,Sky Island,eMTB,3,8,4,-4,4,1.0,0.789
2022-09-01,1176,Sky Island,eMTB,3,5,11,6,6,0.5454545454545454,0.783
2022-10-01,1176,Sky Island,eMTB,3,6,4,-2,2,0.5,0.738
2022-11-01,1176,Sky Island,eMTB,3,6,1,-5,5,5.0,0.906
2022-12-01,1176,Sky Island,eMTB,3,4,6,2,2,0.3333333333333333,0.735
2023-01-01,1176,Sky Island,eMTB,3,3,8,5,5,0.625,0.767
2023-02-01,1176,Sky Island,eMTB,3,5,5,0,0,0.0,1.0
2023-03-01,1176,Sky Island,eMTB,3,10,8,-2,2,0.25,1.5
2023-04-01,1176,Sky Island,eMTB,3,12,0,-12,12,,1.714
2023-05-01,1176,Sky Island,eMTB,3,6,10,4,4,0.4,1.473
2023-06-01,1176,Sky Island,eMTB,3,7,5,-2,2,0.4,1.13
2023-07-01,1176,Sky Island,eMTB,3,4,17,13,13,0.7647058823529411,0.896
2023-08-01,1176,Sky Island,eMTB,3,8,2,-6,6,3.0,0.789
2023-09-01,1176,Sky Island,eMTB,3,6,9,3,3,0.3333333333333333,0.783
2023-10-01,1176,Sky Island,eMTB,3,7,3,-4,4,1.3333333333333333,0.738
2023-11-01,1176,Sky Island,eMTB,3,4,2,-2,2,1.0,0.906
2023-12-01,1176,Sky Island,eMTB,3,3,0,-3,3,,0.735
2024-01-01,1176,Sky Island,eMTB,3,1,9,8,8,0.8888888888888888,0.767
2024-02-01,1176,Sky Island,eMTB,3,4,0,-4,4,,1.0
2024-03-01,1176,Sky Island,eMTB,3,4,12,8,8,0.6666666666666666,1.5
2024-04-01,1176,Sky Island,eMTB,3,12,11,-1,1,0.09090909090909091,1.714
2024-05-01,1176,Sky Island,eMTB,3,11,7,-4,4,0.5714285714285714,1.473
2024-06-01,1176,Sky Island,eMTB,3,11,3,-8,8,2.6666666666666665,1.13
2024-07-01,1176,Sky Island,eMTB,3,6,5,-1,1,0.2,0.896
2024-08-01,1176,Sky Island,eMTB,3,4,3,-1,1,0.3333333333333333,0.789
2024-09-01,1176,Sky Island,eMTB,3,3,3,0,0,0.0,0.783
2024-10-01,1176,Sky Island,eMTB,3,3,3,0,0,0.0,0.738
2024-11-01,1176,Sky Island,eMTB,3,3,1,-2,2,2.0,0.906
2024-12-01,1176,Sky Island,eMTB,3,2,6,4,4,0.6666666666666666,0.735
2025-01-01,1176,Sky Island,eMTB,3,3,9,6,6,0.6666666666666666,0.767
2025-02-01,1176,Sky Island,eMTB,3,5,6,1,1,0.16666666666666666,1.0
2025-03-01,1176,Sky Island,eMTB,3,10,9,-1,1,0.1111111111111111,1.5
2025-04-01,1176,Sky Island,eMTB,3,14,8,-6,6,0.75,1.714
2025-05-01,1176,Sky Island,eMTB,3,11,20,9,9,0.45,1.473
2025-06-01,1176,Sky Island,eMTB,3,14,11,-3,3,0.2727272727272727,1.13
2025-07-01,1176,Sky Island,eMTB,3,12,8,-4,4,0.5,0.896
2025-08-01,1176,Sky Island,eMTB,3,10,7,-3,3,0.42857142857142855,0.789
2025-09-01,1176,Sky Island,eMTB,3,7,0,-7,7,,0.783
2025-10-01,1176,Sky Island,eMTB,3,4,4,0,0,0.0,0.738
2025-11-01,1176,Sky Island,eMTB,3,3,9,6,6,0.6666666666666666,0.906
2025-12-01,1176,Sky Island,eMTB,3,3,5,2,2,0.4,0.735
2022-04-01,1177,Sky Island,eMTB,3,11,9,-2,2,0.2222222222222222,1.714
2022-05-01,1177,Sky Island,eMTB,3,12,9,-3,3,0.3333333333333333,1.473
2022-06-01,1177,Sky Island,eMTB,3,11,8,-3,3,0.375,1.13
2022-07-01,1177,Sky Island,eMTB,3,8,11,3,3,0.2727272727272727,0.896
2022-08-01,1177,Sky Island,eMTB,3,7,16,9,9,0.5625,0.789
2022-09-01,1177,Sky Island,eMTB,3,9,9,0,0,0.0,0.783
2022-10-01,1177,Sky Island,eMTB,3,9,3,-6,6,2.0,0.738
2022-11-01,1177,Sky Island,eMTB,3,8,7,-1,1,0.14285714285714285,0.906
2022-12-01,1177,Sky Island,eMTB,3,5,4,-1,1,0.25,0.735
2023-01-01,1177,Sky Island,eMTB,3,4,12,8,8,0.6666666666666666,0.767
2023-02-01,1177,Sky Island,eMTB,3,8,1,-7,7,7.0,1.0
2023-03-01,1177,Sky Island,eMTB,3,8,3,-5,5,1.6666666666666667,1.5
2023-04-01,1177,Sky Island,eMTB,3,9,5,-4,4,0.8,1.714
2023-05-01,1177,Sky Island,eMTB,3,4,7,3,3,0.42857142857142855,1.473
2023-06-01,1177,Sky Island,eMTB,3,6,10,4,4,0.4,1.13
2023-07-01,1177,Sky Island,eMTB,3,7,12,5,5,0.4166666666666667,0.896
2023-08-01,1177,Sky Island,eMTB,3,8,11,3,3,0.2727272727272727,0.789
2023-09-01,1177,Sky Island,eMTB,3,9,12,3,3,0.25,0.783
2023-10-01,1177,Sky Island,eMTB,3,9,4,-5,5,1.25,0.738
2023-11-01,1177,Sky Island,eMTB,3,8,17,9,9,0.5294117647058824,0.906
2023-12-01,1177,Sky Island,eMTB,3,8,3,-5,5,1.6666666666666667,0.735
2024-01-01,1177,Sky Island,eMTB,3,6,2,-4,4,2.0,0.767
2024-02-01,1177,Sky Island,eMTB,3,7,7,0,0,0.0,1.0
2024-03-01,1177,Sky Island,eMTB,3,6,6,0,0,0.0,1.5
2024-04-01,1177,Sky Island,eMTB,3,9,7,-2,2,0.2857142857142857,1.714
2024-05-01,1177,Sky Island,eMTB,3,10,3,-7,7,2.3333333333333335,1.473
2024-06-01,1177,Sky Island,eMTB,3,6,14,8,8,0.5714285714285714,1.13
2024-07-01,1177,Sky Island,eMTB,3,7,3,-4,4,1.3333333333333333,0.896
2024-08-01,1177,Sky Island,eMTB,3,5,15,10,10,0.6666666666666666,0.789
2024-09-01,1177,Sky Island,eMTB,3,8,9,1,1,0.1111111111111111,0.783
2024-10-01,1177,Sky Island,eMTB,3,7,2,-5,5,2.5,0.738
2024-11-01,1177,Sky Island,eMTB,3,8,13,5,5,0.38461538461538464,0.906
2024-12-01,1177,Sky Island,eMTB,3,6,5,-1,1,0.2,0.735
2025-01-01,1177,Sky Island,eMTB,3,5,5,0,0,0.0,0.767
2025-02-01,1177,Sky Island,eMTB,3,8,0,-8,8,,1.0
2025-03-01,1177,Sky Island,eMTB,3,5,6,1,1,0.16666666666666666,1.5
2025-04-01,1177,Sky Island,eMTB,3,6,6,0,0,0.0,1.714
2025-05-01,1177,Sky Island,eMTB,3,6,14,8,8,0.5714285714285714,1.473
2025-06-01,1177,Sky Island,eMTB,3,10,6,-4,4,0.6666666666666666,1.13
2025-07-01,1177,Sky Island,eMTB,3,8,9,1,1,0.1111111111111111,0.896
2025-08-01,1177,Sky Island,eMTB,3,8,12,4,4,0.3333333333333333,0.789
2025-09-01,1177,Sky Island,eMTB,3,7,2,-5,5,2.5,0.783
2025-10-01,1177,Sky Island,eMTB,3,6,0,-6,6,,0.738
2025-11-01,1177,Sky Island,eMTB,3,4,4,0,0,0.0,0.906
2025-12-01,1177,Sky Island,eMTB,3,1,6,5,5,0.8333333333333334,0.735
2022-04-01,1178,Sky Island,eMTB,3,13,7,-6,6,0.8571428571428571,1.714
2022-05-01,1178,Sky Island,eMTB,3,13,7,-6,6,0.8571428571428571,1.473
2022-06-01,1178,Sky Island,eMTB,3,10,4,-6,6,1.5,1.13
2022-07-01,1178,Sky Island,eMTB,3,5,14,9,9,0.6428571428571429,0.896
2022-08-01,1178,Sky Island,eMTB,3,7,19,12,12,0.631578947368421,0.789
2022-09-01,1178,Sky Island,eMTB,3,10,11,1,1,0.09090909090909091,0.783
2022-10-01,1178,Sky Island,eMTB,3,11,2,-9,9,4.5,0.738
2022-11-01,1178,Sky Island,eMTB,3,10,5,-5,5,1.0,0.906
2022-12-01,1178,Sky Island,eMTB,3,4,4,0,0,0.0,0.735
2023-01-01,1178,Sky Island,eMTB,3,3,4,1,1,0.25,0.767
2023-02-01,1178,Sky Island,eMTB,3,4,5,1,1,0.2,1.0
2023-03-01,1178,Sky Island,eMTB,3,6,7,1,1,0.14285714285714285,1.5
2023-04-01,1178,Sky Island,eMTB,3,9,6,-3,3,0.5,1.714
2023-05-01,1178,Sky Island,eMTB,3,9,11,2,2,0.18181818181818182,1.473
2023-06-01,1178,Sky Island,eMTB,3,9,2,-7,7,3.5,1.13
2023-07-01,1178,Sky Island,eMTB,3,6,4,-2,2,0.5,0.896
2023-08-01,1178,Sky Island,eMTB,3,4,13,9,9,0.6923076923076923,0.789
2023-09-01,1178,Sky Island,eMTB,3,5,11,6,6,0.5454545454545454,0.783
2023-10-01,1178,Sky Island,eMTB,3,7,1,-6,6,6.0,0.738
2023-11-01,1178,Sky Island,eMTB,3,8,7,-1,1,0.14285714285714285,0.906
2023-12-01,1178,Sky Island,eMTB,3,5,4,-1,1,0.25,0.735
2024-01-01,1178,Sky Island,eMTB,3,3,4,1,1,0.25,0.767
2024-02-01,1178,Sky Island,eMTB,3,5,4,-1,1,0.25,1.0
2024-03-01,1178,Sky Island,eMTB,3,6,6,0,0,0.0,1.5
2024-04-01,1178,Sky Island,eMTB,3,8,9,1,1,0.1111111111111111,1.714
2024-05-01,1178,Sky Island,eMTB,3,9,9,0,0,0.0,1.473
2024-06-01,1178,Sky Island,eMTB,3,9,15,6,6,0.4,1.13
2024-07-01,1178,Sky Island,eMTB,3,10,6,-4,4,0.6666666666666666,0.896
2024-08-01,1178,Sky Island,eMTB,3,8,20,12,12,0.6,0.789
2024-09-01,1178,Sky Island,eMTB,3,11,1,-10,10,10.0,0.783
2024-10-01,1178,Sky Island,eMTB,3,7,17,10,10,0.5882352941176471,0.738
2024-11-01,1178,Sky Island,eMTB,3,11,5,-6,6,1.2,0.906
2024-12-01,1178,Sky Island,eMTB,3,6,5,-1,1,0.2,0.735
2025-01-01,1178,Sky Island,eMTB,3,7,1,-6,6,6.0,0.767
2025-02-01,1178,Sky Island,eMTB,3,4,10,6,6,0.6,1.0
2025-03-01,1178,Sky Island,eMTB,3,8,4,-4,4,1.0,1.5
2025-04-01,1178,Sky Island,eMTB,3,9,9,0,0,0.0,1.714
2025-05-01,1178,Sky Island,eMTB,3,11,13,2,2,0.15384615384615385,1.473
2025-06-01,1178,Sky Island,eMTB,3,10,5,-5,5,1.0,1.13
2025-07-01,1178,Sky Island,eMTB,3,8,12,4,4,0.3333333333333333,0.896
2025-08-01,1178,Sky Island,eMTB,3,8,5,-3,3,0.6,0.789
2025-09-01,1178,Sky Island,eMTB,3,6,8,2,2,0.25,0.783
2025-10-01,1178,Sky Island,eMTB,3,6,3,-3,3,1.0,0.738
2025-11-01,1178,Sky Island,eMTB,3,5,16,11,11,0.6875,0.906
2025-12-01,1178,Sky Island,eMTB,3,7,7,0,0,0.0,0.735
2022-04-01,1179,Sky Island,eMTB,3,7,9,2,2,0.2222222222222222,1.714
2022-05-01,1179,Sky Island,eMTB,3,10,11,1,1,0.09090909090909091,1.473
2022-06-01,1179,Sky Island,eMTB,3,12,7,-5,5,0.7142857142857143,1.13
2022-07-01,1179,Sky Island,eMTB,3,8,11,3,3,0.2727272727272727,0.896
2022-08-01,1179,Sky Island,eMTB,3,8,18,10,10,0.5555555555555556,0.789
2022-09-01,1179,Sky Island,eMTB,3,9,9,0,0,0.0,0.783
2022-10-01,1179,Sky Island,eMTB,3,9,4,-5,5,1.25,0.738
2022-11-01,1179,Sky Island,eMTB,3,9,3,-6,6,2.0,0.906
2022-12-01,1179,Sky Island,eMTB,3,4,8,4,4,0.5,0.735
2023-01-01,1179,Sky Island,eMTB,3,4,5,1,1,0.2,0.767
2023-02-01,1179,Sky Island,eMTB,3,5,7,2,2,0.2857142857142857,1.0
2023-03-01,1179,Sky Island,eMTB,3,10,11,1,1,0.09090909090909091,1.5
2023-04-01,1179,Sky Island,eMTB,3,13,8,-5,5,0.625,1.714
2023-05-01,1179,Sky Island,eMTB,3,13,7,-6,6,0.8571428571428571,1.473
2023-06-01,1179,Sky Island,eMTB,3,10,12,2,2,0.16666666666666666,1.13
2023-07-01,1179,Sky Island,eMTB,3,8,8,0,0,0.0,0.896
2023-08-01,1179,Sky Island,eMTB,3,7,10,3,3,0.3,0.789
2023-09-01,1179,Sky Island,eMTB,3,8,6,-2,2,0.3333333333333333,0.783
2023-10-01,1179,Sky Island,eMTB,3,6,9,3,3,0.3333333333333333,0.738
2023-11-01,1179,Sky Island,eMTB,3,8,0,-8,8,,0.906
2023-12-01,1179,Sky Island,eMTB,3,4,8,4,4,0.5,0.735
2024-01-01,1179,Sky Island,eMTB,3,4,12,8,8,0.6666666666666666,0.767
2024-02-01,1179,Sky Island,eMTB,3,7,7,0,0,0.0,1.0
2024-03-01,1179,Sky Island,eMTB,3,14,2,-12,12,6.0,1.5
2024-04-01,1179,Sky Island,eMTB,3,12,13,1,1,0.07692307692307693,1.714
2024-05-01,1179,Sky Island,eMTB,3,11,10,-1,1,0.1,1.473
2024-06-01,1179,Sky Island,eMTB,3,9,8,-1,1,0.125,1.13
2024-07-01,1179,Sky Island,eMTB,3,9,11,2,2,0.18181818181818182,0.896
2024-08-01,1179,Sky Island,eMTB,3,8,4,-4,4,1.0,0.789
2024-09-01,1179,Sky Island,eMTB,3,6,6,0,0,0.0,0.783
2024-10-01,1179,Sky Island,eMTB,3,5,2,-3,3,1.5,0.738
2024-11-01,1179,Sky Island,eMTB,3,4,6,2,2,0.3333333333333333,0.906
2024-12-01,1179,Sky Island,eMTB,3,3,0,-3,3,,0.735
2025-01-01,1179,Sky Island,eMTB,3,2,3,1,1,0.3333333333333333,0.767
2025-02-01,1179,Sky Island,eMTB,3,3,10,7,7,0.7,1.0
2025-03-01,1179,Sky Island,eMTB,3,6,1,-5,5,5.0,1.5
2025-04-01,1179,Sky Island,eMTB,3,8,6,-2,2,0.3333333333333333,1.714
2025-05-01,1179,Sky Island,eMTB,3,8,16,8,8,0.5,1.473
2025-06-01,1179,Sky Island,eMTB,3,9,5,-4,4,0.8,1.13
2025-07-01,1179,Sky Island,eMTB,3,8,5,-3,3,0.6,0.896
2025-08-01,1179,Sky Island,eMTB,3,7,3,-4,4,1.3333333333333333,0.789
2025-09-01,1179,Sky Island,eMTB,3,3,3,0,0,0.0,0.783
2025-10-01,1179,Sky Island,eMTB,3,3,6,3,3,0.5,0.738
2025-11-01,1179,Sky Island,eMTB,3,4,7,3,3,0.42857142857142855,0.906
2025-12-01,1179,Sky Island,eMTB,3,4,1,-3,3,3.0,0.735
2022-04-01,1180,Sky Island,eMTB,3,9,2,-7,7,3.5,1.714
2022-05-01,1180,Sky Island,eMTB,3,6,3,-3,3,1.0,1.473
2022-06-01,1180,Sky Island,eMTB,3,6,7,1,1,0.14285714285714285,1.13
2022-07-01,1180,Sky Island,eMTB,3,4,10,6,6,0.6,0.896
2022-08-01,1180,Sky Island,eMTB,3,5,4,-1,1,0.25,0.789
2022-09-01,1180,Sky Island,eMTB,3,5,2,-3,3,1.5,0.783
2022-10-01,1180,Sky Island,eMTB,3,4,6,2,2,0.3333333333333333,0.738
2022-11-01,1180,Sky Island,eMTB,3,4,7,3,3,0.42857142857142855,0.906
2022-12-01,1180,Sky Island,eMTB,3,4,2,-2,2,1.0,0.735
2023-01-01,1180,Sky Island,eMTB,3,4,5,1,1,0.2,0.767
2023-02-01,1180,Sky Island,eMTB,3,5,6,1,1,0.16666666666666666,1.0
2023-03-01,1180,Sky Island,eMTB,3,6,4,-2,2,0.5,1.5
2023-04-01,1180,Sky Island,eMTB,3,9,13,4,4,0.3076923076923077,1.714
2023-05-01,1180,Sky Island,eMTB,3,11,10,-1,1,0.1,1.473
2023-06-01,1180,Sky Island,eMTB,3,10,14,4,4,0.2857142857142857,1.13
2023-07-01,1180,Sky Island,eMTB,3,11,7,-4,4,0.5714285714285714,0.896
2023-08-01,1180,Sky Island,eMTB,3,8,10,2,2,0.2,0.789
2023-09-01,1180,Sky Island,eMTB,3,8,12,4,4,0.3333333333333333,0.783
2023-10-01,1180,Sky Island,eMTB,3,7,6,-1,1,0.16666666666666666,0.738
2023-11-01,1180,Sky Island,eMTB,3,8,5,-3,3,0.6,0.906
2023-12-01,1180,Sky Island,eMTB,3,6,3,-3,3,1.0,0.735
2024-01-01,1180,Sky Island,eMTB,3,4,7,3,3,0.42857142857142855,0.767
2024-02-01,1180,Sky Island,eMTB,3,5,7,2,2,0.2857142857142857,1.0
2024-03-01,1180,Sky Island,eMTB,3,8,4,-4,4,1.0,1.5
2024-04-01,1180,Sky Island,eMTB,3,10,6,-4,4,0.6666666666666666,1.714
2024-05-01,1180,Sky Island,eMTB,3,8,6,-2,2,0.3333333333333333,1.473
2024-06-01,1180,Sky Island,eMTB,3,6,4,-2,2,0.5,1.13
2024-07-01,1180,Sky Island,eMTB,3,5,4,-1,1,0.25,0.896
2024-08-01,1180,Sky Island,eMTB,3,4,10,6,6,0.6,0.789
2024-09-01,1180,Sky Island,eMTB,3,5,2,-3,3,1.5,0.783
2024-10-01,1180,Sky Island,eMTB,3,4,5,1,1,0.2,0.738
2024-11-01,1180,Sky Island,eMTB,3,5,3,-2,2,0.6666666666666666,0.906
2024-12-01,1180,Sky Island,eMTB,3,2,1,-1,1,1.0,0.735
2025-01-01,1180,Sky Island,eMTB,3,2,5,3,3,0.6,0.767
2025-02-01,1180,Sky Island,eMTB,3,3,8,5,5,0.625,1.0
2025-03-01,1180,Sky Island,eMTB,3,7,6,-1,1,0.16666666666666666,1.5
2025-04-01,1180,Sky Island,eMTB,3,11,4,-7,7,1.75,1.714
2025-05-01,1180,Sky Island,eMTB,3,9,1,-8,8,8.0,1.473
2025-06-01,1180,Sky Island,eMTB,3,4,8,4,4,0.5,1.13
2025-07-01,1180,Sky Island,eMTB,3,4,16,12,12,0.75,0.896
2025-08-01,1180,Sky Island,eMTB,3,7,2,-5,5,2.5,0.789
2025-09-01,1180,Sky Island,eMTB,3,7,14,7,7,0.5,0.783
2025-10-01,1180,Sky Island,eMTB,3,8,4,-4,4,1.0,0.738
2025-11-01,1180,Sky Island,eMTB,3,6,8,2,2,0.25,0.906
2025-12-01,1180,Sky Island,eMTB,3,6,8,2,2,0.25,0.735
2022-04-01,1181,Sonoita,Gravel,3,2,0,-2,2,,1.714
2022-05-01,1181,Sonoita,Gravel,3,1,2,1,1,0.5,1.473
2022-06-01,1181,Sonoita,Gravel,3,2,1,-1,1,1.0,1.13
2022-07-01,1181,Sonoita,Gravel,3,1,0,-1,1,,0.896
2022-08-01,1181,Sonoita,Gravel,3,1,0,-1,1,,0.789
2022-09-01,1181,Sonoita,Gravel,3,0,0,0,0,,0.783
2022-10-01,1181,Sonoita,Gravel,3,0,2,2,2,1.0,0.738
2022-11-01,1181,Sonoita,Gravel,3,1,0,-1,1,,0.906
2022-12-01,1181,Sonoita,Gravel,3,0,2,2,2,1.0,0.735
2023-01-01,1181,Sonoita,Gravel,3,1,0,-1,1,,0.767
2023-02-01,1181,Sonoita,Gravel,3,1,1,0,0,0.0,1.0
2023-03-01,1181,Sonoita,Gravel,3,2,2,0,0,0.0,1.5
2023-04-01,1181,Sonoita,Gravel,3,2,2,0,0,0.0,1.714
2023-05-01,1181,Sonoita,Gravel,3,2,3,1,1,0.3333333333333333,1.473
2023-06-01,1181,Sonoita,Gravel,3,3,1,-2,2,2.0,1.13
2023-07-01,1181,Sonoita,Gravel,3,2,4,2,2,0.5,0.896
2023-08-01,1181,Sonoita,Gravel,3,2,0,-2,2,,0.789
2023-09-01,1181,Sonoita,Gravel,3,1,0,-1,1,,0.783
2023-10-01,1181,Sonoita,Gravel,3,1,5,4,4,0.8,0.738
2023-11-01,1181,Sonoita,Gravel,3,2,1,-1,1,1.0,0.906
2023-12-01,1181,Sonoita,Gravel,3,1,0,-1,1,,0.735
2024-01-01,1181,Sonoita,Gravel,3,2,2,0,0,0.0,0.767
2024-02-01,1181,Sonoita,Gravel,3,1,1,0,0,0.0,1.0
2024-03-01,1181,Sonoita,Gravel,3,2,0,-2,2,,1.5
2024-04-01,1181,Sonoita,Gravel,3,2,1,-1,1,1.0,1.714
2024-05-01,1181,Sonoita,Gravel,3,1,0,-1,1,,1.473
2024-06-01,1181,Sonoita,Gravel,3,0,2,2,2,1.0,1.13
2024-07-01,1181,Sonoita,Gravel,3,1,0,-1,1,,0.896
2024-08-01,1181,Sonoita,Gravel,3,1,0,-1,1,,0.789
2024-09-01,1181,Sonoita,Gravel,3,1,2,1,1,0.5,0.783
2024-10-01,1181,Sonoita,Gravel,3,0,3,3,3,1.0,0.738
2024-11-01,1181,Sonoita,Gravel,3,2,0,-2,2,,0.906
2024-12-01,1181,Sonoita,Gravel,3,1,1,0,0,0.0,0.735
2025-01-01,1181,Sonoita,Gravel,3,1,0,-1,1,,0.767
2025-02-01,1181,Sonoita,Gravel,3,0,0,0,0,,1.0
2025-03-01,1181,Sonoita,Gravel,3,0,0,0,0,,1.5
2025-04-01,1181,Sonoita,Gravel,3,0,1,1,1,1.0,1.714
2025-05-01,1181,Sonoita,Gravel,3,0,2,2,2,1.0,1.473
2025-06-01,1181,Sonoita,Gravel,3,1,2,1,1,0.5,1.13
2025-07-01,1181,Sonoita,Gravel,3,1,0,-1,1,,0.896
2025-08-01,1181,Sonoita,Gravel,3,1,1,0,0,0.0,0.789
2025-09-01,1181,Sonoita,Gravel,3,1,1,0,0,0.0,0.783
2025-10-01,1181,Sonoita,Gravel,3,0,0,0,0,,0.738
2025-11-01,1181,Sonoita,Gravel,3,1,0,-1,1,,0.906
2025-12-01,1181,Sonoita,Gravel,3,0,4,4,4,1.0,0.735
2022-04-01,1182,Sonoita,Gravel,3,2,1,-1,1,1.0,1.714
2022-05-01,1182,Sonoita,Gravel,3,2,4,2,2,0.5,1.473
2022-06-01,1182,Sonoita,Gravel,3,3,3,0,0,0.0,1.13
2022-07-01,1182,Sonoita,Gravel,3,2,3,1,1,0.3333333333333333,0.896
2022-08-01,1182,Sonoita,Gravel,3,3,2,-1,1,0.5,0.789
2022-09-01,1182,Sonoita,Gravel,3,2,1,-1,1,1.0,0.783
2022-10-01,1182,Sonoita,Gravel,3,1,1,0,0,0.0,0.738
2022-11-01,1182,Sonoita,Gravel,3,1,1,0,0,0.0,0.906
2022-12-01,1182,Sonoita,Gravel,3,1,6,5,5,0.8333333333333334,0.735
2023-01-01,1182,Sonoita,Gravel,3,2,0,-2,2,,0.767
2023-02-01,1182,Sonoita,Gravel,3,2,4,2,2,0.5,1.0
2023-03-01,1182,Sonoita,Gravel,3,5,1,-4,4,4.0,1.5
2023-04-01,1182,Sonoita,Gravel,3,3,2,-1,1,0.5,1.714
2023-05-01,1182,Sonoita,Gravel,3,3,1,-2,2,2.0,1.473
2023-06-01,1182,Sonoita,Gravel,3,2,2,0,0,0.0,1.13
2023-07-01,1182,Sonoita,Gravel,3,1,0,-1,1,,0.896
2023-08-01,1182,Sonoita,Gravel,3,1,0,-1,1,,0.789
2023-09-01,1182,Sonoita,Gravel,3,1,0,-1,1,,0.783
2023-10-01,1182,Sonoita,Gravel,3,0,1,1,1,1.0,0.738
2023-11-01,1182,Sonoita,Gravel,3,0,2,2,2,1.0,0.906
2023-12-01,1182,Sonoita,Gravel,3,1,5,4,4,0.8,0.735
2024-01-01,1182,Sonoita,Gravel,3,2,2,0,0,0.0,0.767
2024-02-01,1182,Sonoita,Gravel,3,3,0,-3,3,,1.0
2024-03-01,1182,Sonoita,Gravel,3,4,0,-4,4,,1.5
2024-04-01,1182,Sonoita,Gravel,3,1,2,1,1,0.5,1.714
2024-05-01,1182,Sonoita,Gravel,3,1,2,1,1,0.5,1.473
2024-06-01,1182,Sonoita,Gravel,3,2,0,-2,2,,1.13
2024-07-01,1182,Sonoita,Gravel,3,1,0,-1,1,,0.896
2024-08-01,1182,Sonoita,Gravel,3,1,6,5,5,0.8333333333333334,0.789
2024-09-01,1182,Sonoita,Gravel,3,2,0,-2,2,,0.783
2024-10-01,1182,Sonoita,Gravel,3,1,0,-1,1,,0.738
2024-11-01,1182,Sonoita,Gravel,3,2,2,0,0,0.0,0.906
2024-12-01,1182,Sonoita,Gravel,3,0,0,0,0,,0.735
2025-01-01,1182,Sonoita,Gravel,3,1,0,-1,1,,0.767
2025-02-01,1182,Sonoita,Gravel,3,1,6,5,5,0.8333333333333334,1.0
2025-03-01,1182,Sonoita,Gravel,3,3,2,-1,1,0.5,1.5
2025-04-01,1182,Sonoita,Gravel,3,5,0,-5,5,,1.714
2025-05-01,1182,Sonoita,Gravel,3,4,1,-3,3,3.0,1.473
2025-06-01,1182,Sonoita,Gravel,3,1,5,4,4,0.8,1.13
2025-07-01,1182,Sonoita,Gravel,3,2,3,1,1,0.3333333333333333,0.896
2025-08-01,1182,Sonoita,Gravel,3,2,2,0,0,0.0,0.789
2025-09-01,1182,Sonoita,Gravel,3,3,0,-3,3,,0.783
2025-10-01,1182,Sonoita,Gravel,3,1,0,-1,1,,0.738
2025-11-01,1182,Sonoita,Gravel,3,1,5,4,4,0.8,0.906
2025-12-01,1182,Sonoita,Gravel,3,1,1,0,0,0.0,0.735
2022-04-01,1183,Sonoita,Gravel,3,0,3,3,3,1.0,1.714
2022-05-01,1183,Sonoita,Gravel,3,1,1,0,0,0.0,1.473
2022-06-01,1183,Sonoita,Gravel,3,2,0,-2,2,,1.13
2022-07-01,1183,Sonoita,Gravel,3,1,1,0,0,0.0,0.896
2022-08-01,1183,Sonoita,Gravel,3,1,0,-1,1,,0.789
2022-09-01,1183,Sonoita,Gravel,3,0,0,0,0,,0.783
2022-10-01,1183,Sonoita,Gravel,3,0,0,0,0,,0.738
2022-11-01,1183,Sonoita,Gravel,3,0,0,0,0,,0.906
2022-12-01,1183,Sonoita,Gravel,3,0,0,0,0,,0.735
2023-01-01,1183,Sonoita,Gravel,3,0,3,3,3,1.0,0.767
2023-02-01,1183,Sonoita,Gravel,3,1,2,1,1,0.5,1.0
2023-03-01,1183,Sonoita,Gravel,3,2,0,-2,2,,1.5
2023-04-01,1183,Sonoita,Gravel,3,3,3,0,0,0.0,1.714
2023-05-01,1183,Sonoita,Gravel,3,2,0,-2,2,,1.473
2023-06-01,1183,Sonoita,Gravel,3,1,0,-1,1,,1.13
2023-07-01,1183,Sonoita,Gravel,3,1,3,2,2,0.6666666666666666,0.896
2023-08-01,1183,Sonoita,Gravel,3,1,2,1,1,0.5,0.789
2023-09-01,1183,Sonoita,Gravel,3,1,1,0,0,0.0,0.783
2023-10-01,1183,Sonoita,Gravel,3,1,0,-1,1,,0.738
2023-11-01,1183,Sonoita,Gravel,3,1,0,-1,1,,0.906
2023-12-01,1183,Sonoita,Gravel,3,0,0,0,0,,0.735
2024-01-01,1183,Sonoita,Gravel,3,0,0,0,0,,0.767
2024-02-01,1183,Sonoita,Gravel,3,0,0,0,0,,1.0
2024-03-01,1183,Sonoita,Gravel,3,0,2,2,2,1.0,1.5
2024-04-01,1183,Sonoita,Gravel,3,1,1,0,0,0.0,1.714
2024-05-01,1183,Sonoita,Gravel,3,1,2,1,1,0.5,1.473
2024-06-01,1183,Sonoita,Gravel,3,2,5,3,3,0.6,1.13
2024-07-01,1183,Sonoita,Gravel,3,2,1,-1,1,1.0,0.896
2024-08-01,1183,Sonoita,Gravel,3,2,0,-2,2,,0.789
2024-09-01,1183,Sonoita,Gravel,3,2,3,1,1,0.3333333333333333,0.783
2024-10-01,1183,Sonoita,Gravel,3,1,0,-1,1,,0.738
2024-11-01,1183,Sonoita,Gravel,3,1,0,-1,1,,0.906
2024-12-01,1183,Sonoita,Gravel,3,1,1,0,0,0.0,0.735
2025-01-01,1183,Sonoita,Gravel,3,0,0,0,0,,0.767
2025-02-01,1183,Sonoita,Gravel,3,0,1,1,1,1.0,1.0
2025-03-01,1183,Sonoita,Gravel,3,1,0,-1,1,,1.5
2025-04-01,1183,Sonoita,Gravel,3,1,1,0,0,0.0,1.714
2025-05-01,1183,Sonoita,Gravel,3,1,4,3,3,0.75,1.473
2025-06-01,1183,Sonoita,Gravel,3,2,0,-2,2,,1.13
2025-07-01,1183,Sonoita,Gravel,3,1,3,2,2,0.6666666666666666,0.896
2025-08-01,1183,Sonoita,Gravel,3,2,2,0,0,0.0,0.789
2025-09-01,1183,Sonoita,Gravel,3,1,1,0,0,0.0,0.783
2025-10-01,1183,Sonoita,Gravel,3,1,4,3,3,0.75,0.738
2025-11-01,1183,Sonoita,Gravel,3,2,9,7,7,0.7777777777777778,0.906
2025-12-01,1183,Sonoita,Gravel,3,3,1,-2,2,2.0,0.735
2022-04-01,1184,Sonoita,Gravel,3,2,1,-1,1,1.0,1.714
2022-05-01,1184,Sonoita,Gravel,3,2,2,0,0,0.0,1.473
2022-06-01,1184,Sonoita,Gravel,3,3,0,-3,3,,1.13
2022-07-01,1184,Sonoita,Gravel,3,1,5,4,4,0.8,0.896
2022-08-01,1184,Sonoita,Gravel,3,2,0,-2,2,,0.789
2022-09-01,1184,Sonoita,Gravel,3,1,2,1,1,0.5,0.783
2022-10-01,1184,Sonoita,Gravel,3,2,0,-2,2,,0.738
2022-11-01,1184,Sonoita,Gravel,3,1,0,-1,1,,0.906
2022-12-01,1184,Sonoita,Gravel,3,0,0,0,0,,0.735
2023-01-01,1184,Sonoita,Gravel,3,0,1,1,1,1.0,0.767
2023-02-01,1184,Sonoita,Gravel,3,0,0,0,0,,1.0
2023-03-01,1184,Sonoita,Gravel,3,0,3,3,3,1.0,1.5
2023-04-01,1184,Sonoita,Gravel,3,2,3,1,1,0.3333333333333333,1.714
2023-05-01,1184,Sonoita,Gravel,3,3,0,-3,3,,1.473
2023-06-01,1184,Sonoita,Gravel,3,2,0,-2,2,,1.13
2023-07-01,1184,Sonoita,Gravel,3,1,0,-1,1,,0.896
2023-08-01,1184,Sonoita,Gravel,3,0,0,0,0,,0.789
2023-09-01,1184,Sonoita,Gravel,3,0,4,4,4,1.0,0.783
2023-10-01,1184,Sonoita,Gravel,3,1,0,-1,1,,0.738
2023-11-01,1184,Sonoita,Gravel,3,1,1,0,0,0.0,0.906
2023-12-01,1184,Sonoita,Gravel,3,1,0,-1,1,,0.735
2024-01-01,1184,Sonoita,Gravel,3,0,4,4,4,1.0,0.767
2024-02-01,1184,Sonoita,Gravel,3,2,0,-2,2,,1.0
2024-03-01,1184,Sonoita,Gravel,3,2,2,0,0,0.0,1.5
2024-04-01,1184,Sonoita,Gravel,3,3,0,-3,3,,1.714
2024-05-01,1184,Sonoita,Gravel,3,1,2,1,1,0.5,1.473
2024-06-01,1184,Sonoita,Gravel,3,2,0,-2,2,,1.13
2024-07-01,1184,Sonoita,Gravel,3,1,1,0,0,0.0,0.896
2024-08-01,1184,Sonoita,Gravel,3,1,2,1,1,0.5,0.789
2024-09-01,1184,Sonoita,Gravel,3,1,0,-1,1,,0.783
2024-10-01,1184,Sonoita,Gravel,3,1,3,2,2,0.6666666666666666,0.738
2024-11-01,1184,Sonoita,Gravel,3,2,0,-2,2,,0.906
2024-12-01,1184,Sonoita,Gravel,3,1,2,1,1,0.5,0.735
2025-01-01,1184,Sonoita,Gravel,3,1,1,0,0,0.0,0.767
2025-02-01,1184,Sonoita,Gravel,3,1,3,2,2,0.6666666666666666,1.0
2025-03-01,1184,Sonoita,Gravel,3,3,3,0,0,0.0,1.5
2025-04-01,1184,Sonoita,Gravel,3,4,0,-4,4,,1.714
2025-05-01,1184,Sonoita,Gravel,3,3,0,-3,3,,1.473
2025-06-01,1184,Sonoita,Gravel,3,1,6,5,5,0.8333333333333334,1.13
2025-07-01,1184,Sonoita,Gravel,3,2,0,-2,2,,0.896
2025-08-01,1184,Sonoita,Gravel,3,2,4,2,2,0.5,0.789
2025-09-01,1184,Sonoita,Gravel,3,3,0,-3,3,,0.783
2025-10-01,1184,Sonoita,Gravel,3,1,0,-1,1,,0.738
2025-11-01,1184,Sonoita,Gravel,3,1,0,-1,1,,0.906
2025-12-01,1184,Sonoita,Gravel,3,0,0,0,0,,0.735
2022-04-01,1185,Sonoita,Gravel,3,2,4,2,2,0.5,1.714
2022-05-01,1185,Sonoita,Gravel,3,4,0,-4,4,,1.473
2022-06-01,1185,Sonoita,Gravel,3,2,3,1,1,0.3333333333333333,1.13
2022-07-01,1185,Sonoita,Gravel,3,2,0,-2,2,,0.896
2022-08-01,1185,Sonoita,Gravel,3,1,0,-1,1,,0.789
2022-09-01,1185,Sonoita,Gravel,3,1,1,0,0,0.0,0.783
2022-10-01,1185,Sonoita,Gravel,3,0,0,0,0,,0.738
2022-11-01,1185,Sonoita,Gravel,3,0,2,2,2,1.0,0.906
2022-12-01,1185,Sonoita,Gravel,3,1,1,0,0,0.0,0.735
2023-01-01,1185,Sonoita,Gravel,3,1,0,-1,1,,0.767
2023-02-01,1185,Sonoita,Gravel,3,1,0,-1,1,,1.0
2023-03-01,1185,Sonoita,Gravel,3,0,0,0,0,,1.5
2023-04-01,1185,Sonoita,Gravel,3,0,0,0,0,,1.714
2023-05-01,1185,Sonoita,Gravel,3,0,0,0,0,,1.473
2023-06-01,1185,Sonoita,Gravel,3,0,0,0,0,,1.13
2023-07-01,1185,Sonoita,Gravel,3,0,0,0,0,,0.896
2023-08-01,1185,Sonoita,Gravel,3,0,7,7,7,1.0,0.789
2023-09-01,1185,Sonoita,Gravel,3,2,0,-2,2,,0.783
2023-10-01,1185,Sonoita,Gravel,3,2,0,-2,2,,0.738
2023-11-01,1185,Sonoita,Gravel,3,2,0,-2,2,,0.906
2023-12-01,1185,Sonoita,Gravel,3,0,0,0,0,,0.735
2024-01-01,1185,Sonoita,Gravel,3,0,0,0,0,,0.767
2024-02-01,1185,Sonoita,Gravel,3,0,0,0,0,,1.0
2024-03-01,1185,Sonoita,Gravel,3,0,3,3,3,1.0,1.5
2024-04-01,1185,Sonoita,Gravel,3,2,0,-2,2,,1.714
2024-05-01,1185,Sonoita,Gravel,3,1,0,-1,1,,1.473
2024-06-01,1185,Sonoita,Gravel,3,1,7,6,6,0.8571428571428571,1.13
2024-07-01,1185,Sonoita,Gravel,3,2,1,-1,1,1.0,0.896
2024-08-01,1185,Sonoita,Gravel,3,2,10,8,8,0.8,0.789
2024-09-01,1185,Sonoita,Gravel,3,5,0,-5,5,,0.783
2024-10-01,1185,Sonoita,Gravel,3,3,5,2,2,0.4,0.738
2024-11-01,1185,Sonoita,Gravel,3,5,0,-5,5,,0.906
2024-12-01,1185,Sonoita,Gravel,3,1,1,0,0,0.0,0.735
2025-01-01,1185,Sonoita,Gravel,3,2,7,5,5,0.7142857142857143,0.767
2025-02-01,1185,Sonoita,Gravel,3,3,1,-2,2,2.0,1.0
2025-03-01,1185,Sonoita,Gravel,3,4,0,-4,4,,1.5
2025-04-01,1185,Sonoita,Gravel,3,5,0,-5,5,,1.714
2025-05-01,1185,Sonoita,Gravel,3,0,5,5,5,1.0,1.473
2025-06-01,1185,Sonoita,Gravel,3,2,6,4,4,0.6666666666666666,1.13
2025-07-01,1185,Sonoita,Gravel,3,3,5,2,2,0.4,0.896
2025-08-01,1185,Sonoita,Gravel,3,4,2,-2,2,1.0,0.789
2025-09-01,1185,Sonoita,Gravel,3,3,0,-3,3,,0.783
2025-10-01,1185,Sonoita,Gravel,3,2,1,-1,1,1.0,0.738
2025-11-01,1185,Sonoita,Gravel,3,1,8,7,7,0.875,0.906
2025-12-01,1185,Sonoita,Gravel,3,2,0,-2,2,,0.735
2022-04-01,1186,Sonoita,Gravel,3,0,1,1,1,1.0,1.714
2022-05-01,1186,Sonoita,Gravel,3,0,1,1,1,1.0,1.473
2022-06-01,1186,Sonoita,Gravel,3,1,1,0,0,0.0,1.13
2022-07-01,1186,Sonoita,Gravel,3,1,4,3,3,0.75,0.896
2022-08-01,1186,Sonoita,Gravel,3,2,2,0,0,0.0,0.789
2022-09-01,1186,Sonoita,Gravel,3,2,2,0,0,0.0,0.783
2022-10-01,1186,Sonoita,Gravel,3,2,0,-2,2,,0.738
2022-11-01,1186,Sonoita,Gravel,3,1,1,0,0,0.0,0.906
2022-12-01,1186,Sonoita,Gravel,3,1,0,-1,1,,0.735
2023-01-01,1186,Sonoita,Gravel,3,0,0,0,0,,0.767
2023-02-01,1186,Sonoita,Gravel,3,0,1,1,1,1.0,1.0
2023-03-01,1186,Sonoita,Gravel,3,0,0,0,0,,1.5
2023-04-01,1186,Sonoita,Gravel,3,1,5,4,4,0.8,1.714
2023-05-01,1186,Sonoita,Gravel,3,3,1,-2,2,2.0,1.473
2023-06-01,1186,Sonoita,Gravel,3,2,5,3,3,0.6,1.13
2023-07-01,1186,Sonoita,Gravel,3,3,0,-3,3,,0.896
2023-08-01,1186,Sonoita,Gravel,3,2,3,1,1,0.3333333333333333,0.789
2023-09-01,1186,Sonoita,Gravel,3,2,0,-2,2,,0.783
2023-10-01,1186,Sonoita,Gravel,3,1,0,-1,1,,0.738
2023-11-01,1186,Sonoita,Gravel,3,1,4,3,3,0.75,0.906
2023-12-01,1186,Sonoita,Gravel,3,1,2,1,1,0.5,0.735
2024-01-01,1186,Sonoita,Gravel,3,2,0,-2,2,,0.767
2024-02-01,1186,Sonoita,Gravel,3,2,1,-1,1,1.0,1.0
2024-03-01,1186,Sonoita,Gravel,3,2,3,1,1,0.3333333333333333,1.5
2024-04-01,1186,Sonoita,Gravel,3,2,0,-2,2,,1.714
2024-05-01,1186,Sonoita,Gravel,3,2,3,1,1,0.3333333333333333,1.473
2024-06-01,1186,Sonoita,Gravel,3,2,0,-2,2,,1.13
2024-07-01,1186,Sonoita,Gravel,3,1,0,-1,1,,0.896
2024-08-01,1186,Sonoita,Gravel,3,1,2,1,1,0.5,0.789
2024-09-01,1186,Sonoita,Gravel,3,1,0,-1,1,,0.783
2024-10-01,1186,Sonoita,Gravel,3,0,0,0,0,,0.738
2024-11-01,1186,Sonoita,Gravel,3,1,6,5,5,0.8333333333333334,0.906
2024-12-01,1186,Sonoita,Gravel,3,1,4,3,3,0.75,0.735
2025-01-01,1186,Sonoita,Gravel,3,3,0,-3,3,,0.767
2025-02-01,1186,Sonoita,Gravel,3,3,0,-3,3,,1.0
2025-03-01,1186,Sonoita,Gravel,3,2,0,-2,2,,1.5
2025-04-01,1186,Sonoita,Gravel,3,0,2,2,2,1.0,1.714
2025-05-01,1186,Sonoita,Gravel,3,1,7,6,6,0.8571428571428571,1.473
2025-06-01,1186,Sonoita,Gravel,3,3,9,6,6,0.6666666666666666,1.13
2025-07-01,1186,Sonoita,Gravel,3,5,3,-2,2,0.6666666666666666,0.896
2025-08-01,1186,Sonoita,Gravel,3,5,0,-5,5,,0.789
2025-09-01,1186,Sonoita,Gravel,3,3,0,-3,3,,0.783
2025-10-01,1186,Sonoita,Gravel,3,1,0,-1,1,,0.738
2025-11-01,1186,Sonoita,Gravel,3,0,3,3,3,1.0,0.906
2025-12-01,1186,Sonoita,Gravel,3,1,0,-1,1,,0.735
2022-04-01,1187,Sonoita,Gravel,3,2,3,1,1,0.3333333333333333,1.714
2022-05-01,1187,Sonoita,Gravel,3,3,4,1,1,0.25,1.473
2022-06-01,1187,Sonoita,Gravel,3,3,7,4,4,0.5714285714285714,1.13
2022-07-01,1187,Sonoita,Gravel,3,4,1,-3,3,3.0,0.896
2022-08-01,1187,Sonoita,Gravel,3,3,3,0,0,0.0,0.789
2022-09-01,1187,Sonoita,Gravel,3,3,1,-2,2,2.0,0.783
2022-10-01,1187,Sonoita,Gravel,3,1,7,6,6,0.8571428571428571,0.738
2022-11-01,1187,Sonoita,Gravel,3,3,4,1,1,0.25,0.906
2022-12-01,1187,Sonoita,Gravel,3,3,3,0,0,0.0,0.735
2023-01-01,1187,Sonoita,Gravel,3,4,4,0,0,0.0,0.767
2023-02-01,1187,Sonoita,Gravel,3,4,1,-3,3,3.0,1.0
2023-03-01,1187,Sonoita,Gravel,3,4,1,-3,3,3.0,1.5
2023-04-01,1187,Sonoita,Gravel,3,3,5,2,2,0.4,1.714
2023-05-01,1187,Sonoita,Gravel,3,3,8,5,5,0.625,1.473
2023-06-01,1187,Sonoita,Gravel,3,5,2,-3,3,1.5,1.13
2023-07-01,1187,Sonoita,Gravel,3,4,2,-2,2,1.0,0.896
2023-08-01,1187,Sonoita,Gravel,3,3,5,2,2,0.4,0.789
2023-09-01,1187,Sonoita,Gravel,3,2,5,3,3,0.6,0.783
2023-10-01,1187,Sonoita,Gravel,3,3,1,-2,2,2.0,0.738
2023-11-01,1187,Sonoita,Gravel,3,3,3,0,0,0.0,0.906
2023-12-01,1187,Sonoita,Gravel,3,2,2,0,0,0.0,0.735
2024-01-01,1187,Sonoita,Gravel,3,2,1,-1,1,1.0,0.767
2024-02-01,1187,Sonoita,Gravel,3,2,1,-1,1,1.0,1.0
2024-03-01,1187,Sonoita,Gravel,3,2,1,-1,1,1.0,1.5
2024-04-01,1187,Sonoita,Gravel,3,2,1,-1,1,1.0,1.714
2024-05-01,1187,Sonoita,Gravel,3,1,4,3,3,0.75,1.473
2024-06-01,1187,Sonoita,Gravel,3,2,7,5,5,0.7142857142857143,1.13
2024-07-01,1187,Sonoita,Gravel,3,4,3,-1,1,0.3333333333333333,0.896
2024-08-01,1187,Sonoita,Gravel,3,4,3,-1,1,0.3333333333333333,0.789
2024-09-01,1187,Sonoita,Gravel,3,3,4,1,1,0.25,0.783
2024-10-01,1187,Sonoita,Gravel,3,2,9,7,7,0.7777777777777778,0.738
2024-11-01,1187,Sonoita,Gravel,3,5,3,-2,2,0.6666666666666666,0.906
2024-12-01,1187,Sonoita,Gravel,3,4,0,-4,4,,0.735
2025-01-01,1187,Sonoita,Gravel,3,3,3,0,0,0.0,0.767
2025-02-01,1187,Sonoita,Gravel,3,2,2,0,0,0.0,1.0
2025-03-01,1187,Sonoita,Gravel,3,2,0,-2,2,,1.5
2025-04-01,1187,Sonoita,Gravel,3,3,11,8,8,0.7272727272727273,1.714
2025-05-01,1187,Sonoita,Gravel,3,6,6,0,0,0.0,1.473
2025-06-01,1187,Sonoita,Gravel,3,6,6,0,0,0.0,1.13
2025-07-01,1187,Sonoita,Gravel,3,7,6,-1,1,0.16666666666666666,0.896
2025-08-01,1187,Sonoita,Gravel,3,5,2,-3,3,1.5,0.789
2025-09-01,1187,Sonoita,Gravel,3,4,7,3,3,0.42857142857142855,0.783
2025-10-01,1187,Sonoita,Gravel,3,4,1,-3,3,3.0,0.738
2025-11-01,1187,Sonoita,Gravel,3,3,9,6,6,0.6666666666666666,0.906
2025-12-01,1187,Sonoita,Gravel,3,4,4,0,0,0.0,0.735
2022-04-01,1188,Sonoita,Gravel,3,7,2,-5,5,2.5,1.714
2022-05-01,1188,Sonoita,Gravel,3,7,6,-1,1,0.16666666666666666,1.473
2022-06-01,1188,Sonoita,Gravel,3,6,2,-4,4,2.0,1.13
2022-07-01,1188,Sonoita,Gravel,3,3,2,-1,1,0.5,0.896
2022-08-01,1188,Sonoita,Gravel,3,3,0,-3,3,,0.789
2022-09-01,1188,Sonoita,Gravel,3,1,3,2,2,0.6666666666666666,0.783
2022-10-01,1188,Sonoita,Gravel,3,1,2,1,1,0.5,0.738
2022-11-01,1188,Sonoita,Gravel,3,2,4,2,2,0.5,0.906
2022-12-01,1188,Sonoita,Gravel,3,2,2,0,0,0.0,0.735
2023-01-01,1188,Sonoita,Gravel,3,2,3,1,1,0.3333333333333333,0.767
2023-02-01,1188,Sonoita,Gravel,3,3,2,-1,1,0.5,1.0
2023-03-01,1188,Sonoita,Gravel,3,4,5,1,1,0.2,1.5
2023-04-01,1188,Sonoita,Gravel,3,6,6,0,0,0.0,1.714
2023-05-01,1188,Sonoita,Gravel,3,6,2,-4,4,2.0,1.473
2023-06-01,1188,Sonoita,Gravel,3,5,8,3,3,0.375,1.13
2023-07-01,1188,Sonoita,Gravel,3,5,3,-2,2,0.6666666666666666,0.896
2023-08-01,1188,Sonoita,Gravel,3,3,1,-2,2,2.0,0.789
2023-09-01,1188,Sonoita,Gravel,3,3,6,3,3,0.5,0.783
2023-10-01,1188,Sonoita,Gravel,3,2,6,4,4,0.6666666666666666,0.738
2023-11-01,1188,Sonoita,Gravel,3,4,6,2,2,0.3333333333333333,0.906
2023-12-01,1188,Sonoita,Gravel,3,4,3,-1,1,0.3333333333333333,0.735
2024-01-01,1188,Sonoita,Gravel,3,4,5,1,1,0.2,0.767
2024-02-01,1188,Sonoita,Gravel,3,5,2,-3,3,1.5,1.0
2024-03-01,1188,Sonoita,Gravel,3,5,7,2,2,0.2857142857142857,1.5
2024-04-01,1188,Sonoita,Gravel,3,8,3,-5,5,1.6666666666666667,1.714
2024-05-01,1188,Sonoita,Gravel,3,6,3,-3,3,1.0,1.473
2024-06-01,1188,Sonoita,Gravel,3,5,10,5,5,0.5,1.13
2024-07-01,1188,Sonoita,Gravel,3,5,1,-4,4,4.0,0.896
2024-08-01,1188,Sonoita,Gravel,3,4,3,-1,1,0.3333333333333333,0.789
2024-09-01,1188,Sonoita,Gravel,3,4,5,1,1,0.2,0.783
2024-10-01,1188,Sonoita,Gravel,3,2,6,4,4,0.6666666666666666,0.738
2024-11-01,1188,Sonoita,Gravel,3,4,2,-2,2,1.0,0.906
2024-12-01,1188,Sonoita,Gravel,3,3,1,-2,2,2.0,0.735
2025-01-01,1188,Sonoita,Gravel,3,2,3,1,1,0.3333333333333333,0.767
2025-02-01,1188,Sonoita,Gravel,3,2,2,0,0,0.0,1.0
2025-03-01,1188,Sonoita,Gravel,3,3,7,4,4,0.5714285714285714,1.5
2025-04-01,1188,Sonoita,Gravel,3,7,3,-4,4,1.3333333333333333,1.714
2025-05-01,1188,Sonoita,Gravel,3,6,7,1,1,0.14285714285714285,1.473
2025-06-01,1188,Sonoita,Gravel,3,6,4,-2,2,0.5,1.13
2025-07-01,1188,Sonoita,Gravel,3,4,5,1,1,0.2,0.896
2025-08-01,1188,Sonoita,Gravel,3,4,4,0,0,0.0,0.789
2025-09-01,1188,Sonoita,Gravel,3,3,3,0,0,0.0,0.783
2025-10-01,1188,Sonoita,Gravel,3,3,3,0,0,0.0,0.738
2025-11-01,1188,Sonoita,Gravel,3,3,3,0,0,0.0,0.906
2025-12-01,1188,Sonoita,Gravel,3,2,2,0,0,0.0,0.735
2022-04-01,1189,Sonoita,Gravel,3,14,3,-11,11,3.6666666666666665,1.714
2022-05-01,1189,Sonoita,Gravel,3,8,4,-4,4,1.0,1.473
2022-06-01,1189,Sonoita,Gravel,3,4,10,6,6,0.6,1.13
2022-07-01,1189,Sonoita,Gravel,3,5,1,-4,4,4.0,0.896
2022-08-01,1189,Sonoita,Gravel,3,4,6,2,2,0.3333333333333333,0.789
2022-09-01,1189,Sonoita,Gravel,3,4,5,1,1,0.2,0.783
2022-10-01,1189,Sonoita,Gravel,3,3,2,-1,1,0.5,0.738
2022-11-01,1189,Sonoita,Gravel,3,4,6,2,2,0.3333333333333333,0.906
2022-12-01,1189,Sonoita,Gravel,3,3,8,5,5,0.625,0.735
2023-01-01,1189,Sonoita,Gravel,3,4,5,1,1,0.2,0.767
2023-02-01,1189,Sonoita,Gravel,3,6,9,3,3,0.3333333333333333,1.0
2023-03-01,1189,Sonoita,Gravel,3,11,1,-10,10,10.0,1.5
2023-04-01,1189,Sonoita,Gravel,3,9,5,-4,4,0.8,1.714
2023-05-01,1189,Sonoita,Gravel,3,7,7,0,0,0.0,1.473
2023-06-01,1189,Sonoita,Gravel,3,5,7,2,2,0.2857142857142857,1.13
2023-07-01,1189,Sonoita,Gravel,3,6,7,1,1,0.14285714285714285,0.896
2023-08-01,1189,Sonoita,Gravel,3,6,0,-6,6,,0.789
2023-09-01,1189,Sonoita,Gravel,3,4,1,-3,3,3.0,0.783
2023-10-01,1189,Sonoita,Gravel,3,2,2,0,0,0.0,0.738
2023-11-01,1189,Sonoita,Gravel,3,1,4,3,3,0.75,0.906
2023-12-01,1189,Sonoita,Gravel,3,2,1,-1,1,1.0,0.735
2024-01-01,1189,Sonoita,Gravel,3,2,1,-1,1,1.0,0.767
2024-02-01,1189,Sonoita,Gravel,3,2,0,-2,2,,1.0
2024-03-01,1189,Sonoita,Gravel,3,1,11,10,10,0.9090909090909091,1.5
2024-04-01,1189,Sonoita,Gravel,3,7,4,-3,3,0.75,1.714
2024-05-01,1189,Sonoita,Gravel,3,7,1,-6,6,6.0,1.473
2024-06-01,1189,Sonoita,Gravel,3,6,4,-2,2,0.5,1.13
2024-07-01,1189,Sonoita,Gravel,3,3,3,0,0,0.0,0.896
2024-08-01,1189,Sonoita,Gravel,3,2,2,0,0,0.0,0.789
2024-09-01,1189,Sonoita,Gravel,3,2,3,1,1,0.3333333333333333,0.783
2024-10-01,1189,Sonoita,Gravel,3,2,3,1,1,0.3333333333333333,0.738
2024-11-01,1189,Sonoita,Gravel,3,2,9,7,7,0.7777777777777778,0.906
2024-12-01,1189,Sonoita,Gravel,3,4,1,-3,3,3.0,0.735
2025-01-01,1189,Sonoita,Gravel,3,3,1,-2,2,2.0,0.767
2025-02-01,1189,Sonoita,Gravel,3,4,4,0,0,0.0,1.0
2025-03-01,1189,Sonoita,Gravel,3,3,0,-3,3,,1.5
2025-04-01,1189,Sonoita,Gravel,3,3,3,0,0,0.0,1.714
2025-05-01,1189,Sonoita,Gravel,3,3,6,3,3,0.5,1.473
2025-06-01,1189,Sonoita,Gravel,3,3,7,4,4,0.5714285714285714,1.13
2025-07-01,1189,Sonoita,Gravel,3,5,1,-4,4,4.0,0.896
2025-08-01,1189,Sonoita,Gravel,3,4,5,1,1,0.2,0.789
2025-09-01,1189,Sonoita,Gravel,3,3,3,0,0,0.0,0.783
2025-10-01,1189,Sonoita,Gravel,3,2,1,-1,1,1.0,0.738
2025-11-01,1189,Sonoita,Gravel,3,3,7,4,4,0.5714285714285714,0.906
2025-12-01,1189,Sonoita,Gravel,3,3,0,-3,3,,0.735
2022-04-01,1190,Sonoita,Gravel,3,3,3,0,0,0.0,1.714
2022-05-01,1190,Sonoita,Gravel,3,3,4,1,1,0.25,1.473
2022-06-01,1190,Sonoita,Gravel,3,3,3,0,0,0.0,1.13
2022-07-01,1190,Sonoita,Gravel,3,3,0,-3,3,,0.896
2022-08-01,1190,Sonoita,Gravel,3,2,2,0,0,0.0,0.789
2022-09-01,1190,Sonoita,Gravel,3,1,10,9,9,0.9,0.783
2022-10-01,1190,Sonoita,Gravel,3,3,5,2,2,0.4,0.738
2022-11-01,1190,Sonoita,Gravel,3,5,8,3,3,0.375,0.906
2022-12-01,1190,Sonoita,Gravel,3,6,0,-6,6,,0.735
2023-01-01,1190,Sonoita,Gravel,3,3,3,0,0,0.0,0.767
2023-02-01,1190,Sonoita,Gravel,3,4,3,-1,1,0.3333333333333333,1.0
2023-03-01,1190,Sonoita,Gravel,3,3,8,5,5,0.625,1.5
2023-04-01,1190,Sonoita,Gravel,3,8,3,-5,5,1.6666666666666667,1.714
2023-05-01,1190,Sonoita,Gravel,3,7,3,-4,4,1.3333333333333333,1.473
2023-06-01,1190,Sonoita,Gravel,3,5,11,6,6,0.5454545454545454,1.13
2023-07-01,1190,Sonoita,Gravel,3,5,6,1,1,0.16666666666666666,0.896
2023-08-01,1190,Sonoita,Gravel,3,5,0,-5,5,,0.789
2023-09-01,1190,Sonoita,Gravel,3,4,10,6,6,0.6,0.783
2023-10-01,1190,Sonoita,Gravel,3,4,13,9,9,0.6923076923076923,0.738
2023-11-01,1190,Sonoita,Gravel,3,7,8,1,1,0.125,0.906
2023-12-01,1190,Sonoita,Gravel,3,8,0,-8,8,,0.735
2024-01-01,1190,Sonoita,Gravel,3,5,2,-3,3,1.5,0.767
2024-02-01,1190,Sonoita,Gravel,3,3,0,-3,3,,1.0
2024-03-01,1190,Sonoita,Gravel,3,1,7,6,6,0.8571428571428571,1.5
2024-04-01,1190,Sonoita,Gravel,3,5,3,-2,2,0.6666666666666666,1.714
2024-05-01,1190,Sonoita,Gravel,3,5,4,-1,1,0.25,1.473
2024-06-01,1190,Sonoita,Gravel,3,5,2,-3,3,1.5,1.13
2024-07-01,1190,Sonoita,Gravel,3,3,3,0,0,0.0,0.896
2024-08-01,1190,Sonoita,Gravel,3,2,5,3,3,0.6,0.789
2024-09-01,1190,Sonoita,Gravel,3,3,2,-1,1,0.5,0.783
2024-10-01,1190,Sonoita,Gravel,3,2,2,0,0,0.0,0.738
2024-11-01,1190,Sonoita,Gravel,3,3,3,0,0,0.0,0.906
2024-12-01,1190,Sonoita,Gravel,3,2,3,1,1,0.3333333333333333,0.735
2025-01-01,1190,Sonoita,Gravel,3,2,4,2,2,0.5,0.767
2025-02-01,1190,Sonoita,Gravel,3,3,0,-3,3,,1.0
2025-03-01,1190,Sonoita,Gravel,3,4,0,-4,4,,1.5
2025-04-01,1190,Sonoita,Gravel,3,2,1,-1,1,1.0,1.714
2025-05-01,1190,Sonoita,Gravel,3,0,5,5,5,1.0,1.473
2025-06-01,1190,Sonoita,Gravel,3,2,3,1,1,0.3333333333333333,1.13
2025-07-01,1190,Sonoita,Gravel,3,3,9,6,6,0.6666666666666666,0.896
2025-08-01,1190,Sonoita,Gravel,3,4,5,1,1,0.2,0.789
2025-09-01,1190,Sonoita,Gravel,3,4,5,1,1,0.2,0.783
2025-10-01,1190,Sonoita,Gravel,3,5,2,-3,3,1.5,0.738
2025-11-01,1190,Sonoita,Gravel,3,4,9,5,5,0.5555555555555556,0.906
2025-12-01,1190,Sonoita,Gravel,3,4,7,3,3,0.42857142857142855,0.735
2022-04-01,1191,Sonoita,Gravel,3,4,6,2,2,0.3333333333333333,1.714
2022-05-01,1191,Sonoita,Gravel,3,6,7,1,1,0.14285714285714285,1.473
2022-06-01,1191,Sonoita,Gravel,3,5,10,5,5,0.5,1.13
2022-07-01,1191,Sonoita,Gravel,3,7,3,-4,4,1.3333333333333333,0.896
2022-08-01,1191,Sonoita,Gravel,3,5,5,0,0,0.0,0.789
2022-09-01,1191,Sonoita,Gravel,3,5,0,-5,5,,0.783
2022-10-01,1191,Sonoita,Gravel,3,2,13,11,11,0.8461538461538461,0.738
2022-11-01,1191,Sonoita,Gravel,3,5,6,1,1,0.16666666666666666,0.906
2022-12-01,1191,Sonoita,Gravel,3,5,5,0,0,0.0,0.735
2023-01-01,1191,Sonoita,Gravel,3,6,0,-6,6,,0.767
2023-02-01,1191,Sonoita,Gravel,3,4,3,-1,1,0.3333333333333333,1.0
2023-03-01,1191,Sonoita,Gravel,3,4,2,-2,2,1.0,1.5
2023-04-01,1191,Sonoita,Gravel,3,3,2,-1,1,0.5,1.714
2023-05-01,1191,Sonoita,Gravel,3,3,3,0,0,0.0,1.473
2023-06-01,1191,Sonoita,Gravel,3,3,6,3,3,0.5,1.13
2023-07-01,1191,Sonoita,Gravel,3,3,5,2,2,0.4,0.896
2023-08-01,1191,Sonoita,Gravel,3,4,2,-2,2,1.0,0.789
2023-09-01,1191,Sonoita,Gravel,3,3,0,-3,3,,0.783
2023-10-01,1191,Sonoita,Gravel,3,2,2,0,0,0.0,0.738
2023-11-01,1191,Sonoita,Gravel,3,1,1,0,0,0.0,0.906
2023-12-01,1191,Sonoita,Gravel,3,1,1,0,0,0.0,0.735
2024-01-01,1191,Sonoita,Gravel,3,1,1,0,0,0.0,0.767
2024-02-01,1191,Sonoita,Gravel,3,1,3,2,2,0.6666666666666666,1.0
2024-03-01,1191,Sonoita,Gravel,3,2,3,1,1,0.3333333333333333,1.5
2024-04-01,1191,Sonoita,Gravel,3,4,3,-1,1,0.3333333333333333,1.714
2024-05-01,1191,Sonoita,Gravel,3,4,15,11,11,0.7333333333333333,1.473
2024-06-01,1191,Sonoita,Gravel,3,8,9,1,1,0.1111111111111111,1.13
2024-07-01,1191,Sonoita,Gravel,3,8,6,-2,2,0.3333333333333333,0.896
2024-08-01,1191,Sonoita,Gravel,3,8,8,0,0,0.0,0.789
2024-09-01,1191,Sonoita,Gravel,3,6,0,-6,6,,0.783
2024-10-01,1191,Sonoita,Gravel,3,3,3,0,0,0.0,0.738
2024-11-01,1191,Sonoita,Gravel,3,3,11,8,8,0.7272727272727273,0.906
2024-12-01,1191,Sonoita,Gravel,3,3,0,-3,3,,0.735
2025-01-01,1191,Sonoita,Gravel,3,4,3,-1,1,0.3333333333333333,0.767
2025-02-01,1191,Sonoita,Gravel,3,5,0,-5,5,,1.0
2025-03-01,1191,Sonoita,Gravel,3,2,2,0,0,0.0,1.5
2025-04-01,1191,Sonoita,Gravel,3,3,2,-1,1,0.5,1.714
2025-05-01,1191,Sonoita,Gravel,3,2,8,6,6,0.75,1.473
2025-06-01,1191,Sonoita,Gravel,3,5,0,-5,5,,1.13
2025-07-01,1191,Sonoita,Gravel,3,3,9,6,6,0.6666666666666666,0.896
2025-08-01,1191,Sonoita,Gravel,3,4,6,2,2,0.3333333333333333,0.789
2025-09-01,1191,Sonoita,Gravel,3,4,4,0,0,0.0,0.783
2025-10-01,1191,Sonoita,Gravel,3,5,0,-5,5,,0.738
2025-11-01,1191,Sonoita,Gravel,3,3,1,-2,2,2.0,0.906
2025-12-01,1191,Sonoita,Gravel,3,1,3,2,2,0.6666666666666666,0.735
2022-04-01,1192,Sonoita,Gravel,3,6,0,-6,6,,1.714
2022-05-01,1192,Sonoita,Gravel,3,2,18,16,16,0.8888888888888888,1.473
2022-06-01,1192,Sonoita,Gravel,3,8,6,-2,2,0.3333333333333333,1.13
2022-07-01,1192,Sonoita,Gravel,3,7,6,-1,1,0.16666666666666666,0.896
2022-08-01,1192,Sonoita,Gravel,3,8,7,-1,1,0.14285714285714285,0.789
2022-09-01,1192,Sonoita,Gravel,3,5,1,-4,4,4.0,0.783
2022-10-01,1192,Sonoita,Gravel,3,3,5,2,2,0.4,0.738
2022-11-01,1192,Sonoita,Gravel,3,4,0,-4,4,,0.906
2022-12-01,1192,Sonoita,Gravel,3,1,6,5,5,0.8333333333333334,0.735
2023-01-01,1192,Sonoita,Gravel,3,3,0,-3,3,,0.767
2023-02-01,1192,Sonoita,Gravel,3,2,4,2,2,0.5,1.0
2023-03-01,1192,Sonoita,Gravel,3,5,7,2,2,0.2857142857142857,1.5
2023-04-01,1192,Sonoita,Gravel,3,6,1,-5,5,5.0,1.714
2023-05-01,1192,Sonoita,Gravel,3,6,7,1,1,0.14285714285714285,1.473
2023-06-01,1192,Sonoita,Gravel,3,6,9,3,3,0.3333333333333333,1.13
2023-07-01,1192,Sonoita,Gravel,3,5,4,-1,1,0.25,0.896
2023-08-01,1192,Sonoita,Gravel,3,5,6,1,1,0.16666666666666666,0.789
2023-09-01,1192,Sonoita,Gravel,3,5,12,7,7,0.5833333333333334,0.783
2023-10-01,1192,Sonoita,Gravel,3,5,6,1,1,0.16666666666666666,0.738
2023-11-01,1192,Sonoita,Gravel,3,7,4,-3,3,0.75,0.906
2023-12-01,1192,Sonoita,Gravel,3,5,3,-2,2,0.6666666666666666,0.735
2024-01-01,1192,Sonoita,Gravel,3,3,5,2,2,0.4,0.767
2024-02-01,1192,Sonoita,Gravel,3,4,7,3,3,0.42857142857142855,1.0
2024-03-01,1192,Sonoita,Gravel,3,8,2,-6,6,3.0,1.5
2024-04-01,1192,Sonoita,Gravel,3,8,1,-7,7,7.0,1.714
2024-05-01,1192,Sonoita,Gravel,3,5,10,5,5,0.5,1.473
2024-06-01,1192,Sonoita,Gravel,3,5,2,-3,3,1.5,1.13
2024-07-01,1192,Sonoita,Gravel,3,4,1,-3,3,3.0,0.896
2024-08-01,1192,Sonoita,Gravel,3,3,4,1,1,0.25,0.789
2024-09-01,1192,Sonoita,Gravel,3,2,6,4,4,0.6666666666666666,0.783
2024-10-01,1192,Sonoita,Gravel,3,3,3,0,0,0.0,0.738
2024-11-01,1192,Sonoita,Gravel,3,4,3,-1,1,0.3333333333333333,0.906
2024-12-01,1192,Sonoita,Gravel,3,3,0,-3,3,,0.735
2025-01-01,1192,Sonoita,Gravel,3,2,2,0,0,0.0,0.767
2025-02-01,1192,Sonoita,Gravel,3,2,0,-2,2,,1.0
2025-03-01,1192,Sonoita,Gravel,3,1,1,0,0,0.0,1.5
2025-04-01,1192,Sonoita,Gravel,3,2,7,5,5,0.7142857142857143,1.714
2025-05-01,1192,Sonoita,Gravel,3,4,5,1,1,0.2,1.473
2025-06-01,1192,Sonoita,Gravel,3,5,13,8,8,0.6153846153846154,1.13
2025-07-01,1192,Sonoita,Gravel,3,7,3,-4,4,1.3333333333333333,0.896
2025-08-01,1192,Sonoita,Gravel,3,6,1,-5,5,5.0,0.789
2025-09-01,1192,Sonoita,Gravel,3,4,1,-3,3,3.0,0.783
2025-10-01,1192,Sonoita,Gravel,3,1,0,-1,1,,0.738
2025-11-01,1192,Sonoita,Gravel,3,1,7,6,6,0.8571428571428571,0.906
2025-12-01,1192,Sonoita,Gravel,3,2,1,-1,1,1.0,0.735
2022-04-01,1193,Sonoita,Gravel,3,17,13,-4,4,0.3076923076923077,1.714
2022-05-01,1193,Sonoita,Gravel,3,18,13,-5,5,0.38461538461538464,1.473
2022-06-01,1193,Sonoita,Gravel,3,16,20,4,4,0.2,1.13
2022-07-01,1193,Sonoita,Gravel,3,14,5,-9,9,1.8,0.896
2022-08-01,1193,Sonoita,Gravel,3,10,1,-9,9,9.0,0.789
2022-09-01,1193,Sonoita,Gravel,3,7,16,9,9,0.5625,0.783
2022-10-01,1193,Sonoita,Gravel,3,5,5,0,0,0.0,0.738
2022-11-01,1193,Sonoita,Gravel,3,7,10,3,3,0.3,0.906
2022-12-01,1193,Sonoita,Gravel,3,8,3,-5,5,1.6666666666666667,0.735
2023-01-01,1193,Sonoita,Gravel,3,5,2,-3,3,1.5,0.767
2023-02-01,1193,Sonoita,Gravel,3,5,5,0,0,0.0,1.0
2023-03-01,1193,Sonoita,Gravel,3,5,5,0,0,0.0,1.5
2023-04-01,1193,Sonoita,Gravel,3,7,13,6,6,0.46153846153846156,1.714
2023-05-01,1193,Sonoita,Gravel,3,11,24,13,13,0.5416666666666666,1.473
2023-06-01,1193,Sonoita,Gravel,3,16,17,1,1,0.058823529411764705,1.13
2023-07-01,1193,Sonoita,Gravel,3,16,11,-5,5,0.45454545454545453,0.896
2023-08-01,1193,Sonoita,Gravel,3,14,2,-12,12,6.0,0.789
2023-09-01,1193,Sonoita,Gravel,3,8,10,2,2,0.2,0.783
2023-10-01,1193,Sonoita,Gravel,3,6,6,0,0,0.0,0.738
2023-11-01,1193,Sonoita,Gravel,3,5,10,5,5,0.5,0.906
2023-12-01,1193,Sonoita,Gravel,3,6,10,4,4,0.4,0.735
2024-01-01,1193,Sonoita,Gravel,3,7,6,-1,1,0.16666666666666666,0.767
2024-02-01,1193,Sonoita,Gravel,3,9,5,-4,4,0.8,1.0
2024-03-01,1193,Sonoita,Gravel,3,10,11,1,1,0.09090909090909091,1.5
2024-04-01,1193,Sonoita,Gravel,3,13,6,-7,7,1.1666666666666667,1.714
2024-05-01,1193,Sonoita,Gravel,3,11,15,4,4,0.26666666666666666,1.473
2024-06-01,1193,Sonoita,Gravel,3,12,11,-1,1,0.09090909090909091,1.13
2024-07-01,1193,Sonoita,Gravel,3,10,9,-1,1,0.1111111111111111,0.896
2024-08-01,1193,Sonoita,Gravel,3,9,15,6,6,0.4,0.789
2024-09-01,1193,Sonoita,Gravel,3,9,7,-2,2,0.2857142857142857,0.783
2024-10-01,1193,Sonoita,Gravel,3,8,4,-4,4,1.0,0.738
2024-11-01,1193,Sonoita,Gravel,3,8,11,3,3,0.2727272727272727,0.906
2024-12-01,1193,Sonoita,Gravel,3,5,7,2,2,0.2857142857142857,0.735
2025-01-01,1193,Sonoita,Gravel,3,6,4,-2,2,0.5,0.767
2025-02-01,1193,Sonoita,Gravel,3,7,2,-5,5,2.5,1.0
2025-03-01,1193,Sonoita,Gravel,3,6,6,0,0,0.0,1.5
2025-04-01,1193,Sonoita,Gravel,3,7,3,-4,4,1.3333333333333333,1.714
2025-05-01,1193,Sonoita,Gravel,3,5,28,23,23,0.8214285714285714,1.473
2025-06-01,1193,Sonoita,Gravel,3,14,11,-3,3,0.2727272727272727,1.13
2025-07-01,1193,Sonoita,Gravel,3,13,18,5,5,0.2777777777777778,0.896
2025-08-01,1193,Sonoita,Gravel,3,15,11,-4,4,0.36363636363636365,0.789
2025-09-01,1193,Sonoita,Gravel,3,10,14,4,4,0.2857142857142857,0.783
2025-10-01,1193,Sonoita,Gravel,3,11,9,-2,2,0.2222222222222222,0.738
2025-11-01,1193,Sonoita,Gravel,3,10,3,-7,7,2.3333333333333335,0.906
2025-12-01,1193,Sonoita,Gravel,3,6,8,2,2,0.25,0.735
2022-04-01,1194,Sonoita,Gravel,3,22,22,0,0,0.0,1.714
2022-05-01,1194,Sonoita,Gravel,3,27,22,-5,5,0.22727272727272727,1.473
2022-06-01,1194,Sonoita,Gravel,3,26,24,-2,2,0.08333333333333333,1.13
2022-07-01,1194,Sonoita,Gravel,3,20,7,-13,13,1.8571428571428572,0.896
2022-08-01,1194,Sonoita,Gravel,3,14,10,-4,4,0.4,0.789
2022-09-01,1194,Sonoita,Gravel,3,11,5,-6,6,1.2,0.783
2022-10-01,1194,Sonoita,Gravel,3,5,3,-2,2,0.6666666666666666,0.738
2022-11-01,1194,Sonoita,Gravel,3,5,3,-2,2,0.6666666666666666,0.906
2022-12-01,1194,Sonoita,Gravel,3,3,0,-3,3,,0.735
2023-01-01,1194,Sonoita,Gravel,3,2,2,0,0,0.0,0.767
2023-02-01,1194,Sonoita,Gravel,3,2,8,6,6,0.75,1.0
2023-03-01,1194,Sonoita,Gravel,3,5,9,4,4,0.4444444444444444,1.5
2023-04-01,1194,Sonoita,Gravel,3,11,8,-3,3,0.375,1.714
2023-05-01,1194,Sonoita,Gravel,3,12,27,15,15,0.5555555555555556,1.473
2023-06-01,1194,Sonoita,Gravel,3,17,20,3,3,0.15,1.13
2023-07-01,1194,Sonoita,Gravel,3,16,17,1,1,0.058823529411764705,0.896
2023-08-01,1194,Sonoita,Gravel,3,17,14,-3,3,0.21428571428571427,0.789
2023-09-01,1194,Sonoita,Gravel,3,13,1,-12,12,12.0,0.783
2023-10-01,1194,Sonoita,Gravel,3,8,8,0,0,0.0,0.738
2023-11-01,1194,Sonoita,Gravel,3,7,3,-4,4,1.3333333333333333,0.906
2023-12-01,1194,Sonoita,Gravel,3,3,2,-1,1,0.5,0.735
2024-01-01,1194,Sonoita,Gravel,3,3,12,9,9,0.75,0.767
2024-02-01,1194,Sonoita,Gravel,3,6,0,-6,6,,1.0
2024-03-01,1194,Sonoita,Gravel,3,7,7,0,0,0.0,1.5
2024-04-01,1194,Sonoita,Gravel,3,11,10,-1,1,0.1,1.714
2024-05-01,1194,Sonoita,Gravel,3,8,10,2,2,0.2,1.473
2024-06-01,1194,Sonoita,Gravel,3,10,17,7,7,0.4117647058823529,1.13
2024-07-01,1194,Sonoita,Gravel,3,11,10,-1,1,0.1,0.896
2024-08-01,1194,Sonoita,Gravel,3,10,12,2,2,0.16666666666666666,0.789
2024-09-01,1194,Sonoita,Gravel,3,10,10,0,0,0.0,0.783
2024-10-01,1194,Sonoita,Gravel,3,8,10,2,2,0.2,0.738
2024-11-01,1194,Sonoita,Gravel,3,10,7,-3,3,0.42857142857142855,0.906
2024-12-01,1194,Sonoita,Gravel,3,7,5,-2,2,0.4,0.735
2025-01-01,1194,Sonoita,Gravel,3,6,7,1,1,0.14285714285714285,0.767
2025-02-01,1194,Sonoita,Gravel,3,6,8,2,2,0.25,1.0
2025-03-01,1194,Sonoita,Gravel,3,10,9,-1,1,0.1111111111111111,1.5
2025-04-01,1194,Sonoita,Gravel,3,14,19,5,5,0.2631578947368421,1.714
2025-05-01,1194,Sonoita,Gravel,3,18,15,-3,3,0.2,1.473
2025-06-01,1194,Sonoita,Gravel,3,16,11,-5,5,0.45454545454545453,1.13
2025-07-01,1194,Sonoita,Gravel,3,13,12,-1,1,0.08333333333333333,0.896
2025-08-01,1194,Sonoita,Gravel,3,10,16,6,6,0.375,0.789
2025-09-01,1194,Sonoita,Gravel,3,10,8,-2,2,0.25,0.783
2025-10-01,1194,Sonoita,Gravel,3,9,0,-9,9,,0.738
2025-11-01,1194,Sonoita,Gravel,3,7,4,-3,3,0.75,0.906
2025-12-01,1194,Sonoita,Gravel,3,3,8,5,5,0.625,0.735
2022-04-01,1195,Sonoita,Gravel,3,14,10,-4,4,0.4,1.714
2022-05-01,1195,Sonoita,Gravel,3,15,26,11,11,0.4230769230769231,1.473
2022-06-01,1195,Sonoita,Gravel,3,17,7,-10,10,1.4285714285714286,1.13
2022-07-01,1195,Sonoita,Gravel,3,13,18,5,5,0.2777777777777778,0.896
2022-08-01,1195,Sonoita,Gravel,3,13,1,-12,12,12.0,0.789
2022-09-01,1195,Sonoita,Gravel,3,7,6,-1,1,0.16666666666666666,0.783
2022-10-01,1195,Sonoita,Gravel,3,6,6,0,0,0.0,0.738
2022-11-01,1195,Sonoita,Gravel,3,4,11,7,7,0.6363636363636364,0.906
2022-12-01,1195,Sonoita,Gravel,3,6,1,-5,5,5.0,0.735
2023-01-01,1195,Sonoita,Gravel,3,5,7,2,2,0.2857142857142857,0.767
2023-02-01,1195,Sonoita,Gravel,3,6,6,0,0,0.0,1.0
2023-03-01,1195,Sonoita,Gravel,3,7,6,-1,1,0.16666666666666666,1.5
2023-04-01,1195,Sonoita,Gravel,3,11,26,15,15,0.5769230769230769,1.714
2023-05-01,1195,Sonoita,Gravel,3,19,10,-9,9,0.9,1.473
2023-06-01,1195,Sonoita,Gravel,3,16,7,-9,9,1.2857142857142858,1.13
2023-07-01,1195,Sonoita,Gravel,3,13,10,-3,3,0.3,0.896
2023-08-01,1195,Sonoita,Gravel,3,7,15,8,8,0.5333333333333333,0.789
2023-09-01,1195,Sonoita,Gravel,3,8,0,-8,8,,0.783
2023-10-01,1195,Sonoita,Gravel,3,6,7,1,1,0.14285714285714285,0.738
2023-11-01,1195,Sonoita,Gravel,3,7,11,4,4,0.36363636363636365,0.906
2023-12-01,1195,Sonoita,Gravel,3,4,3,-1,1,0.3333333333333333,0.735
2024-01-01,1195,Sonoita,Gravel,3,5,14,9,9,0.6428571428571429,0.767
2024-02-01,1195,Sonoita,Gravel,3,9,8,-1,1,0.125,1.0
2024-03-01,1195,Sonoita,Gravel,3,12,4,-8,8,2.0,1.5
2024-04-01,1195,Sonoita,Gravel,3,15,30,15,15,0.5,1.714
2024-05-01,1195,Sonoita,Gravel,3,21,19,-2,2,0.10526315789473684,1.473
2024-06-01,1195,Sonoita,Gravel,3,20,22,2,2,0.09090909090909091,1.13
2024-07-01,1195,Sonoita,Gravel,3,21,8,-13,13,1.625,0.896
2024-08-01,1195,Sonoita,Gravel,3,13,16,3,3,0.1875,0.789
2024-09-01,1195,Sonoita,Gravel,3,12,5,-7,7,1.4,0.783
2024-10-01,1195,Sonoita,Gravel,3,7,9,2,2,0.2222222222222222,0.738
2024-11-01,1195,Sonoita,Gravel,3,9,15,6,6,0.4,0.906
2024-12-01,1195,Sonoita,Gravel,3,7,5,-2,2,0.4,0.735
2025-01-01,1195,Sonoita,Gravel,3,7,2,-5,5,2.5,0.767
2025-02-01,1195,Sonoita,Gravel,3,7,5,-2,2,0.4,1.0
2025-03-01,1195,Sonoita,Gravel,3,6,10,4,4,0.4,1.5
2025-04-01,1195,Sonoita,Gravel,3,10,18,8,8,0.4444444444444444,1.714
2025-05-01,1195,Sonoita,Gravel,3,16,12,-4,4,0.3333333333333333,1.473
2025-06-01,1195,Sonoita,Gravel,3,15,11,-4,4,0.36363636363636365,1.13
2025-07-01,1195,Sonoita,Gravel,3,12,10,-2,2,0.2,0.896
2025-08-01,1195,Sonoita,Gravel,3,9,7,-2,2,0.2857142857142857,0.789
2025-09-01,1195,Sonoita,Gravel,3,7,5,-2,2,0.4,0.783
2025-10-01,1195,Sonoita,Gravel,3,5,8,3,3,0.375,0.738
2025-11-01,1195,Sonoita,Gravel,3,6,2,-4,4,2.0,0.906
2025-12-01,1195,Sonoita,Gravel,3,4,7,3,3,0.42857142857142855,0.735
2022-04-01,1196,Sonoita,Gravel,3,10,6,-4,4,0.6666666666666666,1.714
2022-05-01,1196,Sonoita,Gravel,3,8,10,2,2,0.2,1.473
2022-06-01,1196,Sonoita,Gravel,3,9,8,-1,1,0.125,1.13
2022-07-01,1196,Sonoita,Gravel,3,7,19,12,12,0.631578947368421,0.896
2022-08-01,1196,Sonoita,Gravel,3,10,11,1,1,0.09090909090909091,0.789
2022-09-01,1196,Sonoita,Gravel,3,10,12,2,2,0.16666666666666666,0.783
2022-10-01,1196,Sonoita,Gravel,3,10,7,-3,3,0.42857142857142855,0.738
2022-11-01,1196,Sonoita,Gravel,3,9,7,-2,2,0.2857142857142857,0.906
2022-12-01,1196,Sonoita,Gravel,3,6,13,7,7,0.5384615384615384,0.735
2023-01-01,1196,Sonoita,Gravel,3,7,1,-6,6,6.0,0.767
2023-02-01,1196,Sonoita,Gravel,3,7,4,-3,3,0.75,1.0
2023-03-01,1196,Sonoita,Gravel,3,9,6,-3,3,0.5,1.5
2023-04-01,1196,Sonoita,Gravel,3,6,20,14,14,0.7,1.714
2023-05-01,1196,Sonoita,Gravel,3,15,10,-5,5,0.5,1.473
2023-06-01,1196,Sonoita,Gravel,3,14,9,-5,5,0.5555555555555556,1.13
2023-07-01,1196,Sonoita,Gravel,3,12,19,7,7,0.3684210526315789,0.896
2023-08-01,1196,Sonoita,Gravel,3,10,19,9,9,0.47368421052631576,0.789
2023-09-01,1196,Sonoita,Gravel,3,12,8,-4,4,0.5,0.783
2023-10-01,1196,Sonoita,Gravel,3,11,8,-3,3,0.375,0.738
2023-11-01,1196,Sonoita,Gravel,3,11,3,-8,8,2.6666666666666665,0.906
2023-12-01,1196,Sonoita,Gravel,3,5,3,-2,2,0.6666666666666666,0.735
2024-01-01,1196,Sonoita,Gravel,3,4,10,6,6,0.6,0.767
2024-02-01,1196,Sonoita,Gravel,3,5,8,3,3,0.375,1.0
2024-03-01,1196,Sonoita,Gravel,3,10,9,-1,1,0.1111111111111111,1.5
2024-04-01,1196,Sonoita,Gravel,3,15,11,-4,4,0.36363636363636365,1.714
2024-05-01,1196,Sonoita,Gravel,3,14,4,-10,10,2.5,1.473
2024-06-01,1196,Sonoita,Gravel,3,9,23,14,14,0.6086956521739131,1.13
2024-07-01,1196,Sonoita,Gravel,3,11,16,5,5,0.3125,0.896
2024-08-01,1196,Sonoita,Gravel,3,11,9,-2,2,0.2222222222222222,0.789
2024-09-01,1196,Sonoita,Gravel,3,13,9,-4,4,0.4444444444444444,0.783
2024-10-01,1196,Sonoita,Gravel,3,8,6,-2,2,0.3333333333333333,0.738
2024-11-01,1196,Sonoita,Gravel,3,7,5,-2,2,0.4,0.906
2024-12-01,1196,Sonoita,Gravel,3,5,2,-3,3,1.5,0.735
2025-01-01,1196,Sonoita,Gravel,3,3,3,0,0,0.0,0.767
2025-02-01,1196,Sonoita,Gravel,3,3,9,6,6,0.6666666666666666,1.0
2025-03-01,1196,Sonoita,Gravel,3,7,8,1,1,0.125,1.5
2025-04-01,1196,Sonoita,Gravel,3,11,9,-2,2,0.2222222222222222,1.714
2025-05-01,1196,Sonoita,Gravel,3,13,10,-3,3,0.3,1.473
2025-06-01,1196,Sonoita,Gravel,3,10,9,-1,1,0.1111111111111111,1.13
2025-07-01,1196,Sonoita,Gravel,3,8,8,0,0,0.0,0.896
2025-08-01,1196,Sonoita,Gravel,3,7,24,17,17,0.7083333333333334,0.789
2025-09-01,1196,Sonoita,Gravel,3,11,8,-3,3,0.375,0.783
2025-10-01,1196,Sonoita,Gravel,3,10,4,-6,6,1.5,0.738
2025-11-01,1196,Sonoita,Gravel,3,11,16,5,5,0.3125,0.906
2025-12-01,1196,Sonoita,Gravel,3,7,14,7,7,0.5,0.735
2022-04-01,1197,Sonoita,Gravel,3,7,16,9,9,0.5625,1.714
2022-05-01,1197,Sonoita,Gravel,3,11,13,2,2,0.15384615384615385,1.473
2022-06-01,1197,Sonoita,Gravel,3,12,22,10,10,0.45454545454545453,1.13
2022-07-01,1197,Sonoita,Gravel,3,15,11,-4,4,0.36363636363636365,0.896
2022-08-01,1197,Sonoita,Gravel,3,12,9,-3,3,0.3333333333333333,0.789
2022-09-01,1197,Sonoita,Gravel,3,11,9,-2,2,0.2222222222222222,0.783
2022-10-01,1197,Sonoita,Gravel,3,7,8,1,1,0.125,0.738
2022-11-01,1197,Sonoita,Gravel,3,8,8,0,0,0.0,0.906
2022-12-01,1197,Sonoita,Gravel,3,6,2,-4,4,2.0,0.735
2023-01-01,1197,Sonoita,Gravel,3,5,5,0,0,0.0,0.767
2023-02-01,1197,Sonoita,Gravel,3,5,5,0,0,0.0,1.0
2023-03-01,1197,Sonoita,Gravel,3,6,8,2,2,0.25,1.5
2023-04-01,1197,Sonoita,Gravel,3,10,6,-4,4,0.6666666666666666,1.714
2023-05-01,1197,Sonoita,Gravel,3,9,9,0,0,0.0,1.473
2023-06-01,1197,Sonoita,Gravel,3,9,2,-7,7,3.5,1.13
2023-07-01,1197,Sonoita,Gravel,3,5,20,15,15,0.75,0.896
2023-08-01,1197,Sonoita,Gravel,3,8,8,0,0,0.0,0.789
2023-09-01,1197,Sonoita,Gravel,3,8,14,6,6,0.42857142857142855,0.783
2023-10-01,1197,Sonoita,Gravel,3,10,10,0,0,0.0,0.738
2023-11-01,1197,Sonoita,Gravel,3,10,7,-3,3,0.42857142857142855,0.906
2023-12-01,1197,Sonoita,Gravel,3,8,2,-6,6,3.0,0.735
2024-01-01,1197,Sonoita,Gravel,3,5,10,5,5,0.5,0.767
2024-02-01,1197,Sonoita,Gravel,3,6,7,1,1,0.14285714285714285,1.0
2024-03-01,1197,Sonoita,Gravel,3,10,18,8,8,0.4444444444444444,1.5
2024-04-01,1197,Sonoita,Gravel,3,20,7,-13,13,1.8571428571428572,1.714
2024-05-01,1197,Sonoita,Gravel,3,16,15,-1,1,0.06666666666666667,1.473
2024-06-01,1197,Sonoita,Gravel,3,15,26,11,11,0.4230769230769231,1.13
2024-07-01,1197,Sonoita,Gravel,3,14,2,-12,12,6.0,0.896
2024-08-01,1197,Sonoita,Gravel,3,11,11,0,0,0.0,0.789
2024-09-01,1197,Sonoita,Gravel,3,10,9,-1,1,0.1111111111111111,0.783
2024-10-01,1197,Sonoita,Gravel,3,5,6,1,1,0.16666666666666666,0.738
2024-11-01,1197,Sonoita,Gravel,3,8,10,2,2,0.2,0.906
2024-12-01,1197,Sonoita,Gravel,3,6,5,-1,1,0.2,0.735
2025-01-01,1197,Sonoita,Gravel,3,5,8,3,3,0.375,0.767
2025-02-01,1197,Sonoita,Gravel,3,8,4,-4,4,1.0,1.0
2025-03-01,1197,Sonoita,Gravel,3,8,12,4,4,0.3333333333333333,1.5
2025-04-01,1197,Sonoita,Gravel,3,14,5,-9,9,1.8,1.714
2025-05-01,1197,Sonoita,Gravel,3,10,13,3,3,0.23076923076923078,1.473
2025-06-01,1197,Sonoita,Gravel,3,11,10,-1,1,0.1,1.13
2025-07-01,1197,Sonoita,Gravel,3,8,11,3,3,0.2727272727272727,0.896
2025-08-01,1197,Sonoita,Gravel,3,9,14,5,5,0.35714285714285715,0.789
2025-09-01,1197,Sonoita,Gravel,3,9,13,4,4,0.3076923076923077,0.783
2025-10-01,1197,Sonoita,Gravel,3,9,2,-7,7,3.5,0.738
2025-11-01,1197,Sonoita,Gravel,3,9,1,-8,8,8.0,0.906
2025-12-01,1197,Sonoita,Gravel,3,4,3,-1,1,0.3333333333333333,0.735
2022-04-01,1198,Sonoita,Gravel,3,15,6,-9,9,1.5,1.714
2022-05-01,1198,Sonoita,Gravel,3,14,23,9,9,0.391304347826087,1.473
2022-06-01,1198,Sonoita,Gravel,3,17,16,-1,1,0.0625,1.13
2022-07-01,1198,Sonoita,Gravel,3,13,12,-1,1,0.08333333333333333,0.896
2022-08-01,1198,Sonoita,Gravel,3,13,7,-6,6,0.8571428571428571,0.789
2022-09-01,1198,Sonoita,Gravel,3,9,7,-2,2,0.2857142857142857,0.783
2022-10-01,1198,Sonoita,Gravel,3,6,2,-4,4,2.0,0.738
2022-11-01,1198,Sonoita,Gravel,3,5,5,0,0,0.0,0.906
2022-12-01,1198,Sonoita,Gravel,3,3,1,-2,2,2.0,0.735
2023-01-01,1198,Sonoita,Gravel,3,2,12,10,10,0.8333333333333334,0.767
2023-02-01,1198,Sonoita,Gravel,3,6,7,1,1,0.14285714285714285,1.0
2023-03-01,1198,Sonoita,Gravel,3,10,14,4,4,0.2857142857142857,1.5
2023-04-01,1198,Sonoita,Gravel,3,19,7,-12,12,1.7142857142857142,1.714
2023-05-01,1198,Sonoita,Gravel,3,14,17,3,3,0.17647058823529413,1.473
2023-06-01,1198,Sonoita,Gravel,3,14,19,5,5,0.2631578947368421,1.13
2023-07-01,1198,Sonoita,Gravel,3,13,9,-4,4,0.4444444444444444,0.896
2023-08-01,1198,Sonoita,Gravel,3,12,10,-2,2,0.2,0.789
2023-09-01,1198,Sonoita,Gravel,3,10,10,0,0,0.0,0.783
2023-10-01,1198,Sonoita,Gravel,3,7,8,1,1,0.125,0.738
2023-11-01,1198,Sonoita,Gravel,3,8,11,3,3,0.2727272727272727,0.906
2023-12-01,1198,Sonoita,Gravel,3,7,11,4,4,0.36363636363636365,0.735
2024-01-01,1198,Sonoita,Gravel,3,8,4,-4,4,1.0,0.767
2024-02-01,1198,Sonoita,Gravel,3,9,7,-2,2,0.2857142857142857,1.0
2024-03-01,1198,Sonoita,Gravel,3,11,14,3,3,0.21428571428571427,1.5
2024-04-01,1198,Sonoita,Gravel,3,14,18,4,4,0.2222222222222222,1.714
2024-05-01,1198,Sonoita,Gravel,3,19,5,-14,14,2.8,1.473
2024-06-01,1198,Sonoita,Gravel,3,14,8,-6,6,0.75,1.13
2024-07-01,1198,Sonoita,Gravel,3,9,19,10,10,0.5263157894736842,0.896
2024-08-01,1198,Sonoita,Gravel,3,8,12,4,4,0.3333333333333333,0.789
2024-09-01,1198,Sonoita,Gravel,3,10,12,2,2,0.16666666666666666,0.783
2024-10-01,1198,Sonoita,Gravel,3,11,14,3,3,0.21428571428571427,0.738
2024-11-01,1198,Sonoita,Gravel,3,11,10,-1,1,0.1,0.906
2024-12-01,1198,Sonoita,Gravel,3,9,3,-6,6,2.0,0.735
2025-01-01,1198,Sonoita,Gravel,3,7,10,3,3,0.3,0.767
2025-02-01,1198,Sonoita,Gravel,3,8,6,-2,2,0.3333333333333333,1.0
2025-03-01,1198,Sonoita,Gravel,3,10,9,-1,1,0.1111111111111111,1.5
2025-04-01,1198,Sonoita,Gravel,3,14,4,-10,10,2.5,1.714
2025-05-01,1198,Sonoita,Gravel,3,9,6,-3,3,0.5,1.473
2025-06-01,1198,Sonoita,Gravel,3,7,4,-3,3,0.75,1.13
2025-07-01,1198,Sonoita,Gravel,3,4,12,8,8,0.6666666666666666,0.896
2025-08-01,1198,Sonoita,Gravel,3,6,20,14,14,0.7,0.789
2025-09-01,1198,Sonoita,Gravel,3,9,4,-5,5,1.25,0.783
2025-10-01,1198,Sonoita,Gravel,3,9,11,2,2,0.18181818181818182,0.738
2025-11-01,1198,Sonoita,Gravel,3,11,5,-6,6,1.2,0.906
2025-12-01,1198,Sonoita,Gravel,3,5,1,-4,4,4.0,0.735
2022-04-01,1199,Sonoita,Gravel,3,10,9,-1,1,0.1111111111111111,1.714
2022-05-01,1199,Sonoita,Gravel,3,10,17,7,7,0.4117647058823529,1.473
2022-06-01,1199,Sonoita,Gravel,3,11,15,4,4,0.26666666666666666,1.13
2022-07-01,1199,Sonoita,Gravel,3,12,3,-9,9,3.0,0.896
2022-08-01,1199,Sonoita,Gravel,3,9,9,0,0,0.0,0.789
2022-09-01,1199,Sonoita,Gravel,3,7,11,4,4,0.36363636363636365,0.783
2022-10-01,1199,Sonoita,Gravel,3,6,11,5,5,0.45454545454545453,0.738
2022-11-01,1199,Sonoita,Gravel,3,9,2,-7,7,3.5,0.906
2022-12-01,1199,Sonoita,Gravel,3,6,4,-2,2,0.5,0.735
2023-01-01,1199,Sonoita,Gravel,3,4,2,-2,2,1.0,0.767
2023-02-01,1199,Sonoita,Gravel,3,3,0,-3,3,,1.0
2023-03-01,1199,Sonoita,Gravel,3,3,5,2,2,0.4,1.5
2023-04-01,1199,Sonoita,Gravel,3,4,9,5,5,0.5555555555555556,1.714
2023-05-01,1199,Sonoita,Gravel,3,7,11,4,4,0.36363636363636365,1.473
2023-06-01,1199,Sonoita,Gravel,3,9,12,3,3,0.25,1.13
2023-07-01,1199,Sonoita,Gravel,3,10,18,8,8,0.4444444444444444,0.896
2023-08-01,1199,Sonoita,Gravel,3,11,5,-6,6,1.2,0.789
2023-09-01,1199,Sonoita,Gravel,3,9,6,-3,3,0.5,0.783
2023-10-01,1199,Sonoita,Gravel,3,7,8,1,1,0.125,0.738
2023-11-01,1199,Sonoita,Gravel,3,6,4,-2,2,0.5,0.906
2023-12-01,1199,Sonoita,Gravel,3,4,2,-2,2,1.0,0.735
2024-01-01,1199,Sonoita,Gravel,3,4,13,9,9,0.6923076923076923,0.767
2024-02-01,1199,Sonoita,Gravel,3,6,1,-5,5,5.0,1.0
2024-03-01,1199,Sonoita,Gravel,3,8,6,-2,2,0.3333333333333333,1.5
2024-04-01,1199,Sonoita,Gravel,3,11,2,-9,9,4.5,1.714
2024-05-01,1199,Sonoita,Gravel,3,4,10,6,6,0.6,1.473
2024-06-01,1199,Sonoita,Gravel,3,7,7,0,0,0.0,1.13
2024-07-01,1199,Sonoita,Gravel,3,6,17,11,11,0.6470588235294118,0.896
2024-08-01,1199,Sonoita,Gravel,3,9,11,2,2,0.18181818181818182,0.789
2024-09-01,1199,Sonoita,Gravel,3,9,12,3,3,0.25,0.783
2024-10-01,1199,Sonoita,Gravel,3,10,0,-10,10,,0.738
2024-11-01,1199,Sonoita,Gravel,3,7,12,5,5,0.4166666666666667,0.906
2024-12-01,1199,Sonoita,Gravel,3,6,2,-4,4,2.0,0.735
2025-01-01,1199,Sonoita,Gravel,3,4,9,5,5,0.5555555555555556,0.767
2025-02-01,1199,Sonoita,Gravel,3,8,10,2,2,0.2,1.0
2025-03-01,1199,Sonoita,Gravel,3,10,14,4,4,0.2857142857142857,1.5
2025-04-01,1199,Sonoita,Gravel,3,19,3,-16,16,5.333333333333333,1.714
2025-05-01,1199,Sonoita,Gravel,3,13,19,6,6,0.3157894736842105,1.473
2025-06-01,1199,Sonoita,Gravel,3,14,7,-7,7,1.0,1.13
2025-07-01,1199,Sonoita,Gravel,3,9,13,4,4,0.3076923076923077,0.896
2025-08-01,1199,Sonoita,Gravel,3,10,11,1,1,0.09090909090909091,0.789
2025-09-01,1199,Sonoita,Gravel,3,8,4,-4,4,1.0,0.783
2025-10-01,1199,Sonoita,Gravel,3,7,9,2,2,0.2222222222222222,0.738
2025-11-01,1199,Sonoita,Gravel,3,7,8,1,1,0.125,0.906
2025-12-01,1199,Sonoita,Gravel,3,5,3,-2,2,0.6666666666666666,0.735
2022-04-01,1200,Sonoita,Gravel,3,9,10,1,1,0.1,1.714
2022-05-01,1200,Sonoita,Gravel,3,13,12,-1,1,0.08333333333333333,1.473
2022-06-01,1200,Sonoita,Gravel,3,12,4,-8,8,2.0,1.13
2022-07-01,1200,Sonoita,Gravel,3,8,12,4,4,0.3333333333333333,0.896
2022-08-01,1200,Sonoita,Gravel,3,7,10,3,3,0.3,0.789
2022-09-01,1200,Sonoita,Gravel,3,7,5,-2,2,0.4,0.783
2022-10-01,1200,Sonoita,Gravel,3,7,3,-4,4,1.3333333333333333,0.738
2022-11-01,1200,Sonoita,Gravel,3,5,3,-2,2,0.6666666666666666,0.906
2022-12-01,1200,Sonoita,Gravel,3,3,4,1,1,0.25,0.735
2023-01-01,1200,Sonoita,Gravel,3,3,0,-3,3,,0.767
2023-02-01,1200,Sonoita,Gravel,3,2,1,-1,1,1.0,1.0
2023-03-01,1200,Sonoita,Gravel,3,2,11,9,9,0.8181818181818182,1.5
2023-04-01,1200,Sonoita,Gravel,3,7,19,12,12,0.631578947368421,1.714
2023-05-01,1200,Sonoita,Gravel,3,15,20,5,5,0.25,1.473
2023-06-01,1200,Sonoita,Gravel,3,19,14,-5,5,0.35714285714285715,1.13
2023-07-01,1200,Sonoita,Gravel,3,16,22,6,6,0.2727272727272727,0.896
2023-08-01,1200,Sonoita,Gravel,3,15,3,-12,12,4.0,0.789
2023-09-01,1200,Sonoita,Gravel,3,10,5,-5,5,1.0,0.783
2023-10-01,1200,Sonoita,Gravel,3,7,2,-5,5,2.5,0.738
2023-11-01,1200,Sonoita,Gravel,3,3,3,0,0,0.0,0.906
2023-12-01,1200,Sonoita,Gravel,3,2,5,3,3,0.6,0.735
2024-01-01,1200,Sonoita,Gravel,3,3,5,2,2,0.4,0.767
2024-02-01,1200,Sonoita,Gravel,3,4,3,-1,1,0.3333333333333333,1.0
2024-03-01,1200,Sonoita,Gravel,3,6,11,5,5,0.45454545454545453,1.5
2024-04-01,1200,Sonoita,Gravel,3,11,13,2,2,0.15384615384615385,1.714
2024-05-01,1200,Sonoita,Gravel,3,13,10,-3,3,0.3,1.473
2024-06-01,1200,Sonoita,Gravel,3,13,15,2,2,0.13333333333333333,1.13
2024-07-01,1200,Sonoita,Gravel,3,11,9,-2,2,0.2222222222222222,0.896
2024-08-01,1200,Sonoita,Gravel,3,9,5,-4,4,0.8,0.789
2024-09-01,1200,Sonoita,Gravel,3,8,6,-2,2,0.3333333333333333,0.783
2024-10-01,1200,Sonoita,Gravel,3,5,4,-1,1,0.25,0.738
2024-11-01,1200,Sonoita,Gravel,3,5,6,1,1,0.16666666666666666,0.906
2024-12-01,1200,Sonoita,Gravel,3,4,4,0,0,0.0,0.735
2025-01-01,1200,Sonoita,Gravel,3,4,7,3,3,0.42857142857142855,0.767
2025-02-01,1200,Sonoita,Gravel,3,6,2,-4,4,2.0,1.0
2025-03-01,1200,Sonoita,Gravel,3,6,6,0,0,0.0,1.5
2025-04-01,1200,Sonoita,Gravel,3,9,11,2,2,0.18181818181818182,1.714
2025-05-01,1200,Sonoita,Gravel,3,9,18,9,9,0.5,1.473
2025-06-01,1200,Sonoita,Gravel,3,13,10,-3,3,0.3,1.13
2025-07-01,1200,Sonoita,Gravel,3,12,18,6,6,0.3333333333333333,0.896
2025-08-01,1200,Sonoita,Gravel,3,12,24,12,12,0.5,0.789
2025-09-01,1200,Sonoita,Gravel,3,14,5,-9,9,1.8,0.783
2025-10-01,1200,Sonoita,Gravel,3,12,2,-10,10,5.0,0.738
2025-11-01,1200,Sonoita,Gravel,3,9,10,1,1,0.1,0.906
2025-12-01,1200,Sonoita,Gravel,3,4,11,7,7,0.6363636363636364,0.735
2022-04-01,1201,Sonoita,Gravel,3,12,1,-11,11,11.0,1.714
2022-05-01,1201,Sonoita,Gravel,3,10,4,-6,6,1.5,1.473
2022-06-01,1201,Sonoita,Gravel,3,4,15,11,11,0.7333333333333333,1.13
2022-07-01,1201,Sonoita,Gravel,3,6,12,6,6,0.5,0.896
2022-08-01,1201,Sonoita,Gravel,3,8,5,-3,3,0.6,0.789
2022-09-01,1201,Sonoita,Gravel,3,8,10,2,2,0.2,0.783
2022-10-01,1201,Sonoita,Gravel,3,7,4,-3,3,0.75,0.738
2022-11-01,1201,Sonoita,Gravel,3,6,12,6,6,0.5,0.906
2022-12-01,1201,Sonoita,Gravel,3,6,5,-1,1,0.2,0.735
2023-01-01,1201,Sonoita,Gravel,3,5,3,-2,2,0.6666666666666666,0.767
2023-02-01,1201,Sonoita,Gravel,3,7,1,-6,6,6.0,1.0
2023-03-01,1201,Sonoita,Gravel,3,4,10,6,6,0.6,1.5
2023-04-01,1201,Sonoita,Gravel,3,8,11,3,3,0.2727272727272727,1.714
2023-05-01,1201,Sonoita,Gravel,3,11,11,0,0,0.0,1.473
2023-06-01,1201,Sonoita,Gravel,3,12,11,-1,1,0.09090909090909091,1.13
2023-07-01,1201,Sonoita,Gravel,3,10,5,-5,5,1.0,0.896
2023-08-01,1201,Sonoita,Gravel,3,7,11,4,4,0.36363636363636365,0.789
2023-09-01,1201,Sonoita,Gravel,3,7,8,1,1,0.125,0.783
2023-10-01,1201,Sonoita,Gravel,3,6,10,4,4,0.4,0.738
2023-11-01,1201,Sonoita,Gravel,3,9,13,4,4,0.3076923076923077,0.906
2023-12-01,1201,Sonoita,Gravel,3,8,8,0,0,0.0,0.735
2024-01-01,1201,Sonoita,Gravel,3,8,3,-5,5,1.6666666666666667,0.767
2024-02-01,1201,Sonoita,Gravel,3,8,0,-8,8,,1.0
2024-03-01,1201,Sonoita,Gravel,3,6,6,0,0,0.0,1.5
2024-04-01,1201,Sonoita,Gravel,3,5,7,2,2,0.2857142857142857,1.714
2024-05-01,1201,Sonoita,Gravel,3,6,10,4,4,0.4,1.473
2024-06-01,1201,Sonoita,Gravel,3,9,6,-3,3,0.5,1.13
2024-07-01,1201,Sonoita,Gravel,3,7,7,0,0,0.0,0.896
2024-08-01,1201,Sonoita,Gravel,3,6,10,4,4,0.4,0.789
2024-09-01,1201,Sonoita,Gravel,3,6,6,0,0,0.0,0.783
2024-10-01,1201,Sonoita,Gravel,3,6,6,0,0,0.0,0.738
2024-11-01,1201,Sonoita,Gravel,3,7,10,3,3,0.3,0.906
2024-12-01,1201,Sonoita,Gravel,3,5,5,0,0,0.0,0.735
2025-01-01,1201,Sonoita,Gravel,3,5,9,4,4,0.4444444444444444,0.767
2025-02-01,1201,Sonoita,Gravel,3,8,1,-7,7,7.0,1.0
2025-03-01,1201,Sonoita,Gravel,3,8,8,0,0,0.0,1.5
2025-04-01,1201,Sonoita,Gravel,3,10,8,-2,2,0.25,1.714
2025-05-01,1201,Sonoita,Gravel,3,8,13,5,5,0.38461538461538464,1.473
2025-06-01,1201,Sonoita,Gravel,3,11,20,9,9,0.45,1.13
2025-07-01,1201,Sonoita,Gravel,3,12,6,-6,6,1.0,0.896
2025-08-01,1201,Sonoita,Gravel,3,10,10,0,0,0.0,0.789
2025-09-01,1201,Sonoita,Gravel,3,9,14,5,5,0.35714285714285715,0.783
2025-10-01,1201,Sonoita,Gravel,3,7,8,1,1,0.125,0.738
2025-11-01,1201,Sonoita,Gravel,3,10,2,-8,8,4.0,0.906
2025-12-01,1201,Sonoita,Gravel,3,6,0,-6,6,,0.735
2022-04-01,1202,Sonoita,Gravel,3,13,9,-4,4,0.4444444444444444,1.714
2022-05-01,1202,Sonoita,Gravel,3,14,21,7,7,0.3333333333333333,1.473
2022-06-01,1202,Sonoita,Gravel,3,16,9,-7,7,0.7777777777777778,1.13
2022-07-01,1202,Sonoita,Gravel,3,12,1,-11,11,11.0,0.896
2022-08-01,1202,Sonoita,Gravel,3,8,11,3,3,0.2727272727272727,0.789
2022-09-01,1202,Sonoita,Gravel,3,5,19,14,14,0.7368421052631579,0.783
2022-10-01,1202,Sonoita,Gravel,3,8,1,-7,7,7.0,0.738
2022-11-01,1202,Sonoita,Gravel,3,9,7,-2,2,0.2857142857142857,0.906
2022-12-01,1202,Sonoita,Gravel,3,7,17,10,10,0.5882352941176471,0.735
2023-01-01,1202,Sonoita,Gravel,3,6,7,1,1,0.14285714285714285,0.767
2023-02-01,1202,Sonoita,Gravel,3,10,6,-4,4,0.6666666666666666,1.0
2023-03-01,1202,Sonoita,Gravel,3,15,5,-10,10,2.0,1.5
2023-04-01,1202,Sonoita,Gravel,3,10,4,-6,6,1.5,1.714
2023-05-01,1202,Sonoita,Gravel,3,7,10,3,3,0.3,1.473
2023-06-01,1202,Sonoita,Gravel,3,7,13,6,6,0.46153846153846156,1.13
2023-07-01,1202,Sonoita,Gravel,3,8,11,3,3,0.2727272727272727,0.896
2023-08-01,1202,Sonoita,Gravel,3,9,14,5,5,0.35714285714285715,0.789
2023-09-01,1202,Sonoita,Gravel,3,10,13,3,3,0.23076923076923078,0.783
2023-10-01,1202,Sonoita,Gravel,3,9,5,-4,4,0.8,0.738
2023-11-01,1202,Sonoita,Gravel,3,10,10,0,0,0.0,0.906
2023-12-01,1202,Sonoita,Gravel,3,7,3,-4,4,1.3333333333333333,0.735
2024-01-01,1202,Sonoita,Gravel,3,5,3,-2,2,0.6666666666666666,0.767
2024-02-01,1202,Sonoita,Gravel,3,5,1,-4,4,4.0,1.0
2024-03-01,1202,Sonoita,Gravel,3,4,6,2,2,0.3333333333333333,1.5
2024-04-01,1202,Sonoita,Gravel,3,6,5,-1,1,0.2,1.714
2024-05-01,1202,Sonoita,Gravel,3,6,17,11,11,0.6470588235294118,1.473
2024-06-01,1202,Sonoita,Gravel,3,11,2,-9,9,4.5,1.13
2024-07-01,1202,Sonoita,Gravel,3,7,8,1,1,0.125,0.896
2024-08-01,1202,Sonoita,Gravel,3,7,6,-1,1,0.16666666666666666,0.789
2024-09-01,1202,Sonoita,Gravel,3,4,5,1,1,0.2,0.783
2024-10-01,1202,Sonoita,Gravel,3,5,4,-1,1,0.25,0.738
2024-11-01,1202,Sonoita,Gravel,3,5,4,-1,1,0.25,0.906
2024-12-01,1202,Sonoita,Gravel,3,3,6,3,3,0.5,0.735
2025-01-01,1202,Sonoita,Gravel,3,4,3,-1,1,0.3333333333333333,0.767
2025-02-01,1202,Sonoita,Gravel,3,4,7,3,3,0.42857142857142855,1.0
2025-03-01,1202,Sonoita,Gravel,3,8,6,-2,2,0.3333333333333333,1.5
2025-04-01,1202,Sonoita,Gravel,3,9,6,-3,3,0.5,1.714
2025-05-01,1202,Sonoita,Gravel,3,9,12,3,3,0.25,1.473
2025-06-01,1202,Sonoita,Gravel,3,9,16,7,7,0.4375,1.13
2025-07-01,1202,Sonoita,Gravel,3,10,11,1,1,0.09090909090909091,0.896
2025-08-01,1202,Sonoita,Gravel,3,10,5,-5,5,1.0,0.789
2025-09-01,1202,Sonoita,Gravel,3,8,3,-5,5,1.6666666666666667,0.783
2025-10-01,1202,Sonoita,Gravel,3,5,5,0,0,0.0,0.738
2025-11-01,1202,Sonoita,Gravel,3,4,2,-2,2,1.0,0.906
2025-12-01,1202,Sonoita,Gravel,3,2,7,5,5,0.7142857142857143,0.735
2022-04-01,1203,Sonoita,Gravel,3,19,7,-12,12,1.7142857142857142,1.714
2022-05-01,1203,Sonoita,Gravel,3,19,14,-5,5,0.35714285714285715,1.473
2022-06-01,1203,Sonoita,Gravel,3,14,12,-2,2,0.16666666666666666,1.13
2022-07-01,1203,Sonoita,Gravel,3,10,2,-8,8,4.0,0.896
2022-08-01,1203,Sonoita,Gravel,3,7,11,4,4,0.36363636363636365,0.789
2022-09-01,1203,Sonoita,Gravel,3,7,6,-1,1,0.16666666666666666,0.783
2022-10-01,1203,Sonoita,Gravel,3,5,6,1,1,0.16666666666666666,0.738
2022-11-01,1203,Sonoita,Gravel,3,7,2,-5,5,2.5,0.906
2022-12-01,1203,Sonoita,Gravel,3,3,4,1,1,0.25,0.735
2023-01-01,1203,Sonoita,Gravel,3,3,3,0,0,0.0,0.767
2023-02-01,1203,Sonoita,Gravel,3,3,8,5,5,0.625,1.0
2023-03-01,1203,Sonoita,Gravel,3,8,8,0,0,0.0,1.5
2023-04-01,1203,Sonoita,Gravel,3,11,4,-7,7,1.75,1.714
2023-05-01,1203,Sonoita,Gravel,3,10,11,1,1,0.09090909090909091,1.473
2023-06-01,1203,Sonoita,Gravel,3,9,10,1,1,0.1,1.13
2023-07-01,1203,Sonoita,Gravel,3,7,7,0,0,0.0,0.896
2023-08-01,1203,Sonoita,Gravel,3,7,7,0,0,0.0,0.789
2023-09-01,1203,Sonoita,Gravel,3,6,15,9,9,0.6,0.783
2023-10-01,1203,Sonoita,Gravel,3,7,5,-2,2,0.4,0.738
2023-11-01,1203,Sonoita,Gravel,3,8,15,7,7,0.4666666666666667,0.906
2023-12-01,1203,Sonoita,Gravel,3,9,4,-5,5,1.25,0.735
2024-01-01,1203,Sonoita,Gravel,3,6,7,1,1,0.14285714285714285,0.767
2024-02-01,1203,Sonoita,Gravel,3,9,12,3,3,0.25,1.0
2024-03-01,1203,Sonoita,Gravel,3,12,8,-4,4,0.5,1.5
2024-04-01,1203,Sonoita,Gravel,3,15,13,-2,2,0.15384615384615385,1.714
2024-05-01,1203,Sonoita,Gravel,3,16,12,-4,4,0.3333333333333333,1.473
2024-06-01,1203,Sonoita,Gravel,3,12,6,-6,6,1.0,1.13
2024-07-01,1203,Sonoita,Gravel,3,9,24,15,15,0.625,0.896
2024-08-01,1203,Sonoita,Gravel,3,11,11,0,0,0.0,0.789
2024-09-01,1203,Sonoita,Gravel,3,11,8,-3,3,0.375,0.783
2024-10-01,1203,Sonoita,Gravel,3,11,3,-8,8,2.6666666666666665,0.738
2024-11-01,1203,Sonoita,Gravel,3,7,9,2,2,0.2222222222222222,0.906
2024-12-01,1203,Sonoita,Gravel,3,5,3,-2,2,0.6666666666666666,0.735
2025-01-01,1203,Sonoita,Gravel,3,4,9,5,5,0.5555555555555556,0.767
2025-02-01,1203,Sonoita,Gravel,3,7,6,-1,1,0.16666666666666666,1.0
2025-03-01,1203,Sonoita,Gravel,3,9,8,-1,1,0.125,1.5
2025-04-01,1203,Sonoita,Gravel,3,13,8,-5,5,0.625,1.714
2025-05-01,1203,Sonoita,Gravel,3,11,9,-2,2,0.2222222222222222,1.473
2025-06-01,1203,Sonoita,Gravel,3,9,9,0,0,0.0,1.13
2025-07-01,1203,Sonoita,Gravel,3,8,10,2,2,0.2,0.896
2025-08-01,1203,Sonoita,Gravel,3,7,12,5,5,0.4166666666666667,0.789
2025-09-01,1203,Sonoita,Gravel,3,8,6,-2,2,0.3333333333333333,0.783
2025-10-01,1203,Sonoita,Gravel,3,7,3,-4,4,1.3333333333333333,0.738
2025-11-01,1203,Sonoita,Gravel,3,6,5,-1,1,0.2,0.906
2025-12-01,1203,Sonoita,Gravel,3,3,4,1,1,0.25,0.735
2022-04-01,1204,Sonoita,Gravel,3,8,10,2,2,0.2,1.714
2022-05-01,1204,Sonoita,Gravel,3,11,2,-9,9,4.5,1.473
2022-06-01,1204,Sonoita,Gravel,3,8,8,0,0,0.0,1.13
2022-07-01,1204,Sonoita,Gravel,3,6,0,-6,6,,0.896
2022-08-01,1204,Sonoita,Gravel,3,3,5,2,2,0.4,0.789
2022-09-01,1204,Sonoita,Gravel,3,3,3,0,0,0.0,0.783
2022-10-01,1204,Sonoita,Gravel,3,2,12,10,10,0.8333333333333334,0.738
2022-11-01,1204,Sonoita,Gravel,3,6,8,2,2,0.25,0.906
2022-12-01,1204,Sonoita,Gravel,3,6,3,-3,3,1.0,0.735
2023-01-01,1204,Sonoita,Gravel,3,6,10,4,4,0.4,0.767
2023-02-01,1204,Sonoita,Gravel,3,7,6,-1,1,0.16666666666666666,1.0
2023-03-01,1204,Sonoita,Gravel,3,10,3,-7,7,2.3333333333333335,1.5
2023-04-01,1204,Sonoita,Gravel,3,11,8,-3,3,0.375,1.714
2023-05-01,1204,Sonoita,Gravel,3,8,8,0,0,0.0,1.473
2023-06-01,1204,Sonoita,Gravel,3,7,10,3,3,0.3,1.13
2023-07-01,1204,Sonoita,Gravel,3,8,9,1,1,0.1111111111111111,0.896
2023-08-01,1204,Sonoita,Gravel,3,7,11,4,4,0.36363636363636365,0.789
2023-09-01,1204,Sonoita,Gravel,3,8,3,-5,5,1.6666666666666667,0.783
2023-10-01,1204,Sonoita,Gravel,3,6,7,1,1,0.14285714285714285,0.738
2023-11-01,1204,Sonoita,Gravel,3,6,14,8,8,0.5714285714285714,0.906
2023-12-01,1204,Sonoita,Gravel,3,6,7,1,1,0.14285714285714285,0.735
2024-01-01,1204,Sonoita,Gravel,3,7,7,0,0,0.0,0.767
2024-02-01,1204,Sonoita,Gravel,3,9,11,2,2,0.18181818181818182,1.0
2024-03-01,1204,Sonoita,Gravel,3,12,6,-6,6,1.0,1.5
2024-04-01,1204,Sonoita,Gravel,3,14,8,-6,6,0.75,1.714
2024-05-01,1204,Sonoita,Gravel,3,12,20,8,8,0.4,1.473
2024-06-01,1204,Sonoita,Gravel,3,13,11,-2,2,0.18181818181818182,1.13
2024-07-01,1204,Sonoita,Gravel,3,12,3,-9,9,3.0,0.896
2024-08-01,1204,Sonoita,Gravel,3,9,11,2,2,0.18181818181818182,0.789
2024-09-01,1204,Sonoita,Gravel,3,7,9,2,2,0.2222222222222222,0.783
2024-10-01,1204,Sonoita,Gravel,3,6,4,-2,2,0.5,0.738
2024-11-01,1204,Sonoita,Gravel,3,7,13,6,6,0.46153846153846156,0.906
2024-12-01,1204,Sonoita,Gravel,3,6,1,-5,5,5.0,0.735
2025-01-01,1204,Sonoita,Gravel,3,5,8,3,3,0.375,0.767
2025-02-01,1204,Sonoita,Gravel,3,7,2,-5,5,2.5,1.0
2025-03-01,1204,Sonoita,Gravel,3,6,4,-2,2,0.5,1.5
2025-04-01,1204,Sonoita,Gravel,3,8,11,3,3,0.2727272727272727,1.714
2025-05-01,1204,Sonoita,Gravel,3,8,12,4,4,0.3333333333333333,1.473
2025-06-01,1204,Sonoita,Gravel,3,10,18,8,8,0.4444444444444444,1.13
2025-07-01,1204,Sonoita,Gravel,3,12,7,-5,5,0.7142857142857143,0.896
2025-08-01,1204,Sonoita,Gravel,3,10,8,-2,2,0.25,0.789
2025-09-01,1204,Sonoita,Gravel,3,9,22,13,13,0.5909090909090909,0.783
2025-10-01,1204,Sonoita,Gravel,3,9,4,-5,5,1.25,0.738
2025-11-01,1204,Sonoita,Gravel,3,10,15,5,5,0.3333333333333333,0.906
2025-12-01,1204,Sonoita,Gravel,3,10,13,3,3,0.23076923076923078,0.735
2022-04-01,1205,Sonoita,Gravel,3,5,4,-1,1,0.25,1.714
2022-05-01,1205,Sonoita,Gravel,3,6,3,-3,3,1.0,1.473
2022-06-01,1205,Sonoita,Gravel,3,5,4,-1,1,0.25,1.13
2022-07-01,1205,Sonoita,Gravel,3,3,6,3,3,0.5,0.896
2022-08-01,1205,Sonoita,Gravel,3,3,1,-2,2,2.0,0.789
2022-09-01,1205,Sonoita,Gravel,3,3,8,5,5,0.625,0.783
2022-10-01,1205,Sonoita,Gravel,3,4,3,-1,1,0.3333333333333333,0.738
2022-11-01,1205,Sonoita,Gravel,3,4,0,-4,4,,0.906
2022-12-01,1205,Sonoita,Gravel,3,3,2,-1,1,0.5,0.735
2023-01-01,1205,Sonoita,Gravel,3,1,2,1,1,0.5,0.767
2023-02-01,1205,Sonoita,Gravel,3,1,4,3,3,0.75,1.0
2023-03-01,1205,Sonoita,Gravel,3,4,1,-3,3,3.0,1.5
2023-04-01,1205,Sonoita,Gravel,3,4,3,-1,1,0.3333333333333333,1.714
2023-05-01,1205,Sonoita,Gravel,3,4,7,3,3,0.42857142857142855,1.473
2023-06-01,1205,Sonoita,Gravel,3,4,2,-2,2,1.0,1.13
2023-07-01,1205,Sonoita,Gravel,3,4,1,-3,3,3.0,0.896
2023-08-01,1205,Sonoita,Gravel,3,3,7,4,4,0.5714285714285714,0.789
2023-09-01,1205,Sonoita,Gravel,3,3,10,7,7,0.7,0.783
2023-10-01,1205,Sonoita,Gravel,3,4,3,-1,1,0.3333333333333333,0.738
2023-11-01,1205,Sonoita,Gravel,3,6,7,1,1,0.14285714285714285,0.906
2023-12-01,1205,Sonoita,Gravel,3,5,4,-1,1,0.25,0.735
2024-01-01,1205,Sonoita,Gravel,3,4,1,-3,3,3.0,0.767
2024-02-01,1205,Sonoita,Gravel,3,4,1,-3,3,3.0,1.0
2024-03-01,1205,Sonoita,Gravel,3,3,9,6,6,0.6666666666666666,1.5
2024-04-01,1205,Sonoita,Gravel,3,6,14,8,8,0.5714285714285714,1.714
2024-05-01,1205,Sonoita,Gravel,3,12,4,-8,8,2.0,1.473
2024-06-01,1205,Sonoita,Gravel,3,10,9,-1,1,0.1111111111111111,1.13
2024-07-01,1205,Sonoita,Gravel,3,8,8,0,0,0.0,0.896
2024-08-01,1205,Sonoita,Gravel,3,6,2,-4,4,2.0,0.789
2024-09-01,1205,Sonoita,Gravel,3,5,1,-4,4,4.0,0.783
2024-10-01,1205,Sonoita,Gravel,3,3,1,-2,2,2.0,0.738
2024-11-01,1205,Sonoita,Gravel,3,1,3,2,2,0.6666666666666666,0.906
2024-12-01,1205,Sonoita,Gravel,3,1,0,-1,1,,0.735
2025-01-01,1205,Sonoita,Gravel,3,1,3,2,2,0.6666666666666666,0.767
2025-02-01,1205,Sonoita,Gravel,3,2,3,1,1,0.3333333333333333,1.0
2025-03-01,1205,Sonoita,Gravel,3,3,7,4,4,0.5714285714285714,1.5
2025-04-01,1205,Sonoita,Gravel,3,7,0,-7,7,,1.714
2025-05-01,1205,Sonoita,Gravel,3,5,2,-3,3,1.5,1.473
2025-06-01,1205,Sonoita,Gravel,3,3,6,3,3,0.5,1.13
2025-07-01,1205,Sonoita,Gravel,3,2,4,2,2,0.5,0.896
2025-08-01,1205,Sonoita,Gravel,3,3,2,-1,1,0.5,0.789
2025-09-01,1205,Sonoita,Gravel,3,3,2,-1,1,0.5,0.783
2025-10-01,1205,Sonoita,Gravel,3,2,3,1,1,0.3333333333333333,0.738
2025-11-01,1205,Sonoita,Gravel,3,2,5,3,3,0.6,0.906
2025-12-01,1205,Sonoita,Gravel,3,2,5,3,3,0.6,0.735
2022-04-01,1206,Sonoita,Gravel,3,7,6,-1,1,0.16666666666666666,1.714
2022-05-01,1206,Sonoita,Gravel,3,9,4,-5,5,1.25,1.473
2022-06-01,1206,Sonoita,Gravel,3,6,8,2,2,0.25,1.13
2022-07-01,1206,Sonoita,Gravel,3,5,10,5,5,0.5,0.896
2022-08-01,1206,Sonoita,Gravel,3,6,1,-5,5,5.0,0.789
2022-09-01,1206,Sonoita,Gravel,3,5,0,-5,5,,0.783
2022-10-01,1206,Sonoita,Gravel,3,3,4,1,1,0.25,0.738
2022-11-01,1206,Sonoita,Gravel,3,2,14,12,12,0.8571428571428571,0.906
2022-12-01,1206,Sonoita,Gravel,3,4,4,0,0,0.0,0.735
2023-01-01,1206,Sonoita,Gravel,3,6,1,-5,5,5.0,0.767
2023-02-01,1206,Sonoita,Gravel,3,6,6,0,0,0.0,1.0
2023-03-01,1206,Sonoita,Gravel,3,6,1,-5,5,5.0,1.5
2023-04-01,1206,Sonoita,Gravel,3,5,0,-5,5,,1.714
2023-05-01,1206,Sonoita,Gravel,3,3,4,1,1,0.25,1.473
2023-06-01,1206,Sonoita,Gravel,3,2,2,0,0,0.0,1.13
2023-07-01,1206,Sonoita,Gravel,3,2,1,-1,1,1.0,0.896
2023-08-01,1206,Sonoita,Gravel,3,2,5,3,3,0.6,0.789
2023-09-01,1206,Sonoita,Gravel,3,2,2,0,0,0.0,0.783
2023-10-01,1206,Sonoita,Gravel,3,2,4,2,2,0.5,0.738
2023-11-01,1206,Sonoita,Gravel,3,3,6,3,3,0.5,0.906
2023-12-01,1206,Sonoita,Gravel,3,3,3,0,0,0.0,0.735
2024-01-01,1206,Sonoita,Gravel,3,3,5,2,2,0.4,0.767
2024-02-01,1206,Sonoita,Gravel,3,5,6,1,1,0.16666666666666666,1.0
2024-03-01,1206,Sonoita,Gravel,3,7,13,6,6,0.46153846153846156,1.5
2024-04-01,1206,Sonoita,Gravel,3,14,5,-9,9,1.8,1.714
2024-05-01,1206,Sonoita,Gravel,3,12,4,-8,8,2.0,1.473
2024-06-01,1206,Sonoita,Gravel,3,8,2,-6,6,3.0,1.13
2024-07-01,1206,Sonoita,Gravel,3,3,8,5,5,0.625,0.896
2024-08-01,1206,Sonoita,Gravel,3,4,2,-2,2,1.0,0.789
2024-09-01,1206,Sonoita,Gravel,3,3,3,0,0,0.0,0.783
2024-10-01,1206,Sonoita,Gravel,3,3,8,5,5,0.625,0.738
2024-11-01,1206,Sonoita,Gravel,3,4,5,1,1,0.2,0.906
2024-12-01,1206,Sonoita,Gravel,3,4,2,-2,2,1.0,0.735
2025-01-01,1206,Sonoita,Gravel,3,4,1,-3,3,3.0,0.767
2025-02-01,1206,Sonoita,Gravel,3,3,0,-3,3,,1.0
2025-03-01,1206,Sonoita,Gravel,3,2,7,5,5,0.7142857142857143,1.5
2025-04-01,1206,Sonoita,Gravel,3,5,6,1,1,0.16666666666666666,1.714
2025-05-01,1206,Sonoita,Gravel,3,6,4,-2,2,0.5,1.473
2025-06-01,1206,Sonoita,Gravel,3,6,0,-6,6,,1.13
2025-07-01,1206,Sonoita,Gravel,3,3,6,3,3,0.5,0.896
2025-08-01,1206,Sonoita,Gravel,3,3,4,1,1,0.25,0.789
2025-09-01,1206,Sonoita,Gravel,3,3,8,5,5,0.625,0.783
2025-10-01,1206,Sonoita,Gravel,3,4,2,-2,2,1.0,0.738
2025-11-01,1206,Sonoita,Gravel,3,4,3,-1,1,0.3333333333333333,0.906
2025-12-01,1206,Sonoita,Gravel,3,3,2,-1,1,0.5,0.735
2022-04-01,1207,Sonoita,Gravel,3,8,2,-6,6,3.0,1.714
2022-05-01,1207,Sonoita,Gravel,3,4,5,1,1,0.2,1.473
2022-06-01,1207,Sonoita,Gravel,3,4,12,8,8,0.6666666666666666,1.13
2022-07-01,1207,Sonoita,Gravel,3,6,1,-5,5,5.0,0.896
2022-08-01,1207,Sonoita,Gravel,3,5,8,3,3,0.375,0.789
2022-09-01,1207,Sonoita,Gravel,3,5,8,3,3,0.375,0.783
2022-10-01,1207,Sonoita,Gravel,3,4,4,0,0,0.0,0.738
2022-11-01,1207,Sonoita,Gravel,3,6,7,1,1,0.14285714285714285,0.906
2022-12-01,1207,Sonoita,Gravel,3,5,5,0,0,0.0,0.735
2023-01-01,1207,Sonoita,Gravel,3,4,0,-4,4,,0.767
2023-02-01,1207,Sonoita,Gravel,3,4,6,2,2,0.3333333333333333,1.0
2023-03-01,1207,Sonoita,Gravel,3,6,0,-6,6,,1.5
2023-04-01,1207,Sonoita,Gravel,3,3,0,-3,3,,1.714
2023-05-01,1207,Sonoita,Gravel,3,3,0,-3,3,,1.473
2023-06-01,1207,Sonoita,Gravel,3,0,6,6,6,1.0,1.13
2023-07-01,1207,Sonoita,Gravel,3,2,11,9,9,0.8181818181818182,0.896
2023-08-01,1207,Sonoita,Gravel,3,4,4,0,0,0.0,0.789
2023-09-01,1207,Sonoita,Gravel,3,5,3,-2,2,0.6666666666666666,0.783
2023-10-01,1207,Sonoita,Gravel,3,4,0,-4,4,,0.738
2023-11-01,1207,Sonoita,Gravel,3,2,3,1,1,0.3333333333333333,0.906
2023-12-01,1207,Sonoita,Gravel,3,1,2,1,1,0.5,0.735
2024-01-01,1207,Sonoita,Gravel,3,1,10,9,9,0.9,0.767
2024-02-01,1207,Sonoita,Gravel,3,5,0,-5,5,,1.0
2024-03-01,1207,Sonoita,Gravel,3,6,7,1,1,0.14285714285714285,1.5
2024-04-01,1207,Sonoita,Gravel,3,10,4,-6,6,1.5,1.714
2024-05-01,1207,Sonoita,Gravel,3,5,17,12,12,0.7058823529411765,1.473
2024-06-01,1207,Sonoita,Gravel,3,11,15,4,4,0.26666666666666666,1.13
2024-07-01,1207,Sonoita,Gravel,3,11,6,-5,5,0.8333333333333334,0.896
2024-08-01,1207,Sonoita,Gravel,3,10,6,-4,4,0.6666666666666666,0.789
2024-09-01,1207,Sonoita,Gravel,3,7,0,-7,7,,0.783
2024-10-01,1207,Sonoita,Gravel,3,3,4,1,1,0.25,0.738
2024-11-01,1207,Sonoita,Gravel,3,3,5,2,2,0.4,0.906
2024-12-01,1207,Sonoita,Gravel,3,2,0,-2,2,,0.735
2025-01-01,1207,Sonoita,Gravel,3,2,0,-2,2,,0.767
2025-02-01,1207,Sonoita,Gravel,3,2,2,0,0,0.0,1.0
2025-03-01,1207,Sonoita,Gravel,3,1,5,4,4,0.8,1.5
2025-04-01,1207,Sonoita,Gravel,3,4,6,2,2,0.3333333333333333,1.714
2025-05-01,1207,Sonoita,Gravel,3,6,9,3,3,0.3333333333333333,1.473
2025-06-01,1207,Sonoita,Gravel,3,8,0,-8,8,,1.13
2025-07-01,1207,Sonoita,Gravel,3,4,10,6,6,0.6,0.896
2025-08-01,1207,Sonoita,Gravel,3,5,6,1,1,0.16666666666666666,0.789
2025-09-01,1207,Sonoita,Gravel,3,4,2,-2,2,1.0,0.783
2025-10-01,1207,Sonoita,Gravel,3,4,0,-4,4,,0.738
2025-11-01,1207,Sonoita,Gravel,3,2,10,8,8,0.8,0.906
2025-12-01,1207,Sonoita,Gravel,3,3,2,-1,1,0.5,0.735
2022-04-01,1208,Sonoita,Gravel,3,11,1,-10,10,10.0,1.714
2022-05-01,1208,Sonoita,Gravel,3,9,2,-7,7,3.5,1.473
2022-06-01,1208,Sonoita,Gravel,3,2,5,3,3,0.6,1.13
2022-07-01,1208,Sonoita,Gravel,3,2,5,3,3,0.6,0.896
2022-08-01,1208,Sonoita,Gravel,3,3,7,4,4,0.5714285714285714,0.789
2022-09-01,1208,Sonoita,Gravel,3,4,7,3,3,0.42857142857142855,0.783
2022-10-01,1208,Sonoita,Gravel,3,5,5,0,0,0.0,0.738
2022-11-01,1208,Sonoita,Gravel,3,6,0,-6,6,,0.906
2022-12-01,1208,Sonoita,Gravel,3,3,0,-3,3,,0.735
2023-01-01,1208,Sonoita,Gravel,3,1,1,0,0,0.0,0.767
2023-02-01,1208,Sonoita,Gravel,3,0,1,1,1,1.0,1.0
2023-03-01,1208,Sonoita,Gravel,3,1,1,0,0,0.0,1.5
2023-04-01,1208,Sonoita,Gravel,3,2,2,0,0,0.0,1.714
2023-05-01,1208,Sonoita,Gravel,3,2,9,7,7,0.7777777777777778,1.473
2023-06-01,1208,Sonoita,Gravel,3,5,8,3,3,0.375,1.13
2023-07-01,1208,Sonoita,Gravel,3,6,5,-1,1,0.2,0.896
2023-08-01,1208,Sonoita,Gravel,3,6,5,-1,1,0.2,0.789
2023-09-01,1208,Sonoita,Gravel,3,5,3,-2,2,0.6666666666666666,0.783
2023-10-01,1208,Sonoita,Gravel,3,3,0,-3,3,,0.738
2023-11-01,1208,Sonoita,Gravel,3,2,2,0,0,0.0,0.906
2023-12-01,1208,Sonoita,Gravel,3,1,0,-1,1,,0.735
2024-01-01,1208,Sonoita,Gravel,3,1,0,-1,1,,0.767
2024-02-01,1208,Sonoita,Gravel,3,1,0,-1,1,,1.0
2024-03-01,1208,Sonoita,Gravel,3,0,7,7,7,1.0,1.5
2024-04-01,1208,Sonoita,Gravel,3,4,2,-2,2,1.0,1.714
2024-05-01,1208,Sonoita,Gravel,3,4,14,10,10,0.7142857142857143,1.473
2024-06-01,1208,Sonoita,Gravel,3,9,11,2,2,0.18181818181818182,1.13
2024-07-01,1208,Sonoita,Gravel,3,8,5,-3,3,0.6,0.896
2024-08-01,1208,Sonoita,Gravel,3,8,3,-5,5,1.6666666666666667,0.789
2024-09-01,1208,Sonoita,Gravel,3,5,2,-3,3,1.5,0.783
2024-10-01,1208,Sonoita,Gravel,3,2,3,1,1,0.3333333333333333,0.738
2024-11-01,1208,Sonoita,Gravel,3,2,1,-1,1,1.0,0.906
2024-12-01,1208,Sonoita,Gravel,3,1,2,1,1,0.5,0.735
2025-01-01,1208,Sonoita,Gravel,3,2,2,0,0,0.0,0.767
2025-02-01,1208,Sonoita,Gravel,3,2,2,0,0,0.0,1.0
2025-03-01,1208,Sonoita,Gravel,3,3,1,-2,2,2.0,1.5
2025-04-01,1208,Sonoita,Gravel,3,3,6,3,3,0.5,1.714
2025-05-01,1208,Sonoita,Gravel,3,4,9,5,5,0.5555555555555556,1.473
2025-06-01,1208,Sonoita,Gravel,3,6,5,-1,1,0.2,1.13
2025-07-01,1208,Sonoita,Gravel,3,6,13,7,7,0.5384615384615384,0.896
2025-08-01,1208,Sonoita,Gravel,3,7,0,-7,7,,0.789
2025-09-01,1208,Sonoita,Gravel,3,5,1,-4,4,4.0,0.783
2025-10-01,1208,Sonoita,Gravel,3,3,0,-3,3,,0.738
2025-11-01,1208,Sonoita,Gravel,3,0,1,1,1,1.0,0.906
2025-12-01,1208,Sonoita,Gravel,3,0,8,8,8,1.0,0.735
2022-04-01,1209,Sonoita,Gravel,3,4,5,1,1,0.2,1.714
2022-05-01,1209,Sonoita,Gravel,3,5,16,11,11,0.6875,1.473
2022-06-01,1209,Sonoita,Gravel,3,9,6,-3,3,0.5,1.13
2022-07-01,1209,Sonoita,Gravel,3,8,1,-7,7,7.0,0.896
2022-08-01,1209,Sonoita,Gravel,3,6,3,-3,3,1.0,0.789
2022-09-01,1209,Sonoita,Gravel,3,3,3,0,0,0.0,0.783
2022-10-01,1209,Sonoita,Gravel,3,2,0,-2,2,,0.738
2022-11-01,1209,Sonoita,Gravel,3,2,3,1,1,0.3333333333333333,0.906
2022-12-01,1209,Sonoita,Gravel,3,1,6,5,5,0.8333333333333334,0.735
2023-01-01,1209,Sonoita,Gravel,3,2,1,-1,1,1.0,0.767
2023-02-01,1209,Sonoita,Gravel,3,3,0,-3,3,,1.0
2023-03-01,1209,Sonoita,Gravel,3,4,7,3,3,0.42857142857142855,1.5
2023-04-01,1209,Sonoita,Gravel,3,5,11,6,6,0.5454545454545454,1.714
2023-05-01,1209,Sonoita,Gravel,3,9,2,-7,7,3.5,1.473
2023-06-01,1209,Sonoita,Gravel,3,8,4,-4,4,1.0,1.13
2023-07-01,1209,Sonoita,Gravel,3,5,10,5,5,0.5,0.896
2023-08-01,1209,Sonoita,Gravel,3,4,3,-1,1,0.3333333333333333,0.789
2023-09-01,1209,Sonoita,Gravel,3,4,1,-3,3,3.0,0.783
2023-10-01,1209,Sonoita,Gravel,3,3,5,2,2,0.4,0.738
2023-11-01,1209,Sonoita,Gravel,3,3,2,-1,1,0.5,0.906
2023-12-01,1209,Sonoita,Gravel,3,2,9,7,7,0.7777777777777778,0.735
2024-01-01,1209,Sonoita,Gravel,3,4,3,-1,1,0.3333333333333333,0.767
2024-02-01,1209,Sonoita,Gravel,3,5,2,-3,3,1.5,1.0
2024-03-01,1209,Sonoita,Gravel,3,7,7,0,0,0.0,1.5
2024-04-01,1209,Sonoita,Gravel,3,7,1,-6,6,6.0,1.714
2024-05-01,1209,Sonoita,Gravel,3,5,11,6,6,0.5454545454545454,1.473
2024-06-01,1209,Sonoita,Gravel,3,7,5,-2,2,0.4,1.13
2024-07-01,1209,Sonoita,Gravel,3,5,5,0,0,0.0,0.896
2024-08-01,1209,Sonoita,Gravel,3,6,4,-2,2,0.5,0.789
2024-09-01,1209,Sonoita,Gravel,3,4,3,-1,1,0.3333333333333333,0.783
2024-10-01,1209,Sonoita,Gravel,3,3,0,-3,3,,0.738
2024-11-01,1209,Sonoita,Gravel,3,2,2,0,0,0.0,0.906
2024-12-01,1209,Sonoita,Gravel,3,1,0,-1,1,,0.735
2025-01-01,1209,Sonoita,Gravel,3,1,7,6,6,0.8571428571428571,0.767
2025-02-01,1209,Sonoita,Gravel,3,3,12,9,9,0.75,1.0
2025-03-01,1209,Sonoita,Gravel,3,10,5,-5,5,1.0,1.5
2025-04-01,1209,Sonoita,Gravel,3,14,3,-11,11,3.6666666666666665,1.714
2025-05-01,1209,Sonoita,Gravel,3,10,10,0,0,0.0,1.473
2025-06-01,1209,Sonoita,Gravel,3,7,5,-2,2,0.4,1.13
2025-07-01,1209,Sonoita,Gravel,3,5,14,9,9,0.6428571428571429,0.896
2025-08-01,1209,Sonoita,Gravel,3,8,7,-1,1,0.14285714285714285,0.789
2025-09-01,1209,Sonoita,Gravel,3,7,3,-4,4,1.3333333333333333,0.783
2025-10-01,1209,Sonoita,Gravel,3,6,1,-5,5,5.0,0.738
2025-11-01,1209,Sonoita,Gravel,3,3,1,-2,2,2.0,0.906
2025-12-01,1209,Sonoita,Gravel,3,1,2,1,1,0.5,0.735
2022-04-01,1210,Sonoita,Gravel,3,11,1,-10,10,10.0,1.714
2022-05-01,1210,Sonoita,Gravel,3,8,3,-5,5,1.6666666666666667,1.473
2022-06-01,1210,Sonoita,Gravel,3,3,1,-2,2,2.0,1.13
2022-07-01,1210,Sonoita,Gravel,3,1,6,5,5,0.8333333333333334,0.896
2022-08-01,1210,Sonoita,Gravel,3,3,6,3,3,0.5,0.789
2022-09-01,1210,Sonoita,Gravel,3,3,4,1,1,0.25,0.783
2022-10-01,1210,Sonoita,Gravel,3,4,0,-4,4,,0.738
2022-11-01,1210,Sonoita,Gravel,3,3,3,0,0,0.0,0.906
2022-12-01,1210,Sonoita,Gravel,3,2,0,-2,2,,0.735
2023-01-01,1210,Sonoita,Gravel,3,1,0,-1,1,,0.767
2023-02-01,1210,Sonoita,Gravel,3,1,2,1,1,0.5,1.0
2023-03-01,1210,Sonoita,Gravel,3,1,2,1,1,0.5,1.5
2023-04-01,1210,Sonoita,Gravel,3,2,6,4,4,0.6666666666666666,1.714
2023-05-01,1210,Sonoita,Gravel,3,5,9,4,4,0.4444444444444444,1.473
2023-06-01,1210,Sonoita,Gravel,3,6,8,2,2,0.25,1.13
2023-07-01,1210,Sonoita,Gravel,3,7,9,2,2,0.2222222222222222,0.896
2023-08-01,1210,Sonoita,Gravel,3,7,9,2,2,0.2222222222222222,0.789
2023-09-01,1210,Sonoita,Gravel,3,7,3,-4,4,1.3333333333333333,0.783
2023-10-01,1210,Sonoita,Gravel,3,5,7,2,2,0.2857142857142857,0.738
2023-11-01,1210,Sonoita,Gravel,3,6,5,-1,1,0.2,0.906
2023-12-01,1210,Sonoita,Gravel,3,4,1,-3,3,3.0,0.735
2024-01-01,1210,Sonoita,Gravel,3,3,3,0,0,0.0,0.767
2024-02-01,1210,Sonoita,Gravel,3,3,1,-2,2,2.0,1.0
2024-03-01,1210,Sonoita,Gravel,3,2,3,1,1,0.3333333333333333,1.5
2024-04-01,1210,Sonoita,Gravel,3,4,2,-2,2,1.0,1.714
2024-05-01,1210,Sonoita,Gravel,3,3,8,5,5,0.625,1.473
2024-06-01,1210,Sonoita,Gravel,3,5,4,-1,1,0.25,1.13
2024-07-01,1210,Sonoita,Gravel,3,4,11,7,7,0.6363636363636364,0.896
2024-08-01,1210,Sonoita,Gravel,3,6,1,-5,5,5.0,0.789
2024-09-01,1210,Sonoita,Gravel,3,4,3,-1,1,0.3333333333333333,0.783
2024-10-01,1210,Sonoita,Gravel,3,4,0,-4,4,,0.738
2024-11-01,1210,Sonoita,Gravel,3,1,4,3,3,0.75,0.906
2024-12-01,1210,Sonoita,Gravel,3,2,6,4,4,0.6666666666666666,0.735
2025-01-01,1210,Sonoita,Gravel,3,3,0,-3,3,,0.767
2025-02-01,1210,Sonoita,Gravel,3,3,0,-3,3,,1.0
2025-03-01,1210,Sonoita,Gravel,3,3,7,4,4,0.5714285714285714,1.5
2025-04-01,1210,Sonoita,Gravel,3,4,8,4,4,0.5,1.714
2025-05-01,1210,Sonoita,Gravel,3,7,6,-1,1,0.16666666666666666,1.473
2025-06-01,1210,Sonoita,Gravel,3,8,11,3,3,0.2727272727272727,1.13
2025-07-01,1210,Sonoita,Gravel,3,7,2,-5,5,2.5,0.896
2025-08-01,1210,Sonoita,Gravel,3,5,2,-3,3,1.5,0.789
2025-09-01,1210,Sonoita,Gravel,3,4,6,2,2,0.3333333333333333,0.783
2025-10-01,1210,Sonoita,Gravel,3,2,3,1,1,0.3333333333333333,0.738
2025-11-01,1210,Sonoita,Gravel,3,3,0,-3,3,,0.906
2025-12-01,1210,Sonoita,Gravel,3,2,1,-1,1,1.0,0.735
