purchase_order_id,product_id,supplier_id,supplier_name,order_date,expected_receipt_date,actual_receipt_date,lead_time_days,ordered_qty,received_qty,po_status
PO50000,1077,S001,Merida Industry,2022-01-11,2022-03-07,2022-03-07,55,63,63,Received
PO50001,1111,S001,Merida Industry,2022-01-11,2022-03-07,2022-03-07,55,62,62,Received
PO50002,1105,S001,Merida Industry,2022-01-12,2022-03-08,2022-03-08,55,62,62,Received
PO50003,1103,S001,Merida Industry,2022-01-13,2022-03-09,2022-03-09,55,65,65,Received
PO50004,1110,S001,Merida Industry,2022-01-13,2022-03-09,2022-03-09,55,60,60,Received
PO50005,1079,S001,Merida Industry,2022-01-14,2022-03-10,2022-03-10,55,60,60,Received
PO50006,1142,S001,Merida Industry,2022-01-14,2022-03-10,2022-03-10,55,65,65,Received
PO50007,1015,S001,Merida Industry,2022-01-16,2022-03-12,2022-03-12,55,61,61,Received
PO50008,1017,S001,Merida Industry,2022-01-17,2022-03-13,2022-03-13,55,60,60,Received
PO50009,1070,S001,Merida Industry,2022-01-17,2022-03-13,2022-03-13,55,60,60,Received
PO50010,1081,S001,Merida Industry,2022-01-17,2022-03-13,2022-03-13,55,61,61,Received
PO50011,1018,S001,Merida Industry,2022-01-18,2022-03-14,2022-03-14,55,60,60,Received
PO50012,1019,S001,Merida Industry,2022-01-18,2022-03-14,2022-03-14,55,61,61,Received
PO50013,1083,S001,Merida Industry,2022-01-18,2022-03-14,2022-03-14,55,68,68,Received
PO50014,1104,S001,Merida Industry,2022-01-18,2022-03-14,2022-03-14,55,62,62,Received
PO50015,1112,S001,Merida Industry,2022-01-18,2022-03-14,2022-03-14,55,61,61,Received
PO50016,1073,S001,Merida Industry,2022-01-19,2022-03-15,2022-03-15,55,61,61,Received
PO50017,1075,S001,Merida Industry,2022-01-19,2022-03-15,2022-03-15,55,61,61,Received
PO50018,1080,S001,Merida Industry,2022-01-19,2022-03-15,2022-03-15,55,62,62,Received
PO50019,1085,S001,Merida Industry,2022-01-19,2022-03-15,2022-03-15,55,60,60,Received
PO50020,1108,S001,Merida Industry,2022-01-19,2022-03-15,2022-03-15,55,60,60,Received
PO50021,1136,S001,Merida Industry,2022-01-19,2022-03-15,2022-03-15,55,64,64,Received
PO50022,1082,S001,Merida Industry,2022-01-20,2022-03-16,2022-03-16,55,61,61,Received
PO50023,1109,S001,Merida Industry,2022-01-20,2022-03-16,2022-03-16,55,60,60,Received
PO50024,1114,S001,Merida Industry,2022-01-20,2022-03-16,2022-03-16,55,61,61,Received
PO50025,1135,S001,Merida Industry,2022-01-20,2022-03-16,2022-03-16,55,63,63,Received
PO50026,1078,S001,Merida Industry,2022-01-21,2022-03-17,2022-03-17,55,63,63,Received
PO50027,1014,S001,Merida Industry,2022-01-24,2022-03-20,2022-03-20,55,61,61,Received
PO50028,1074,S001,Merida Industry,2022-01-24,2022-03-20,2022-03-20,55,66,66,Received
PO50029,1107,S001,Merida Industry,2022-01-24,2022-03-20,2022-03-20,55,61,61,Received
PO50030,1117,S001,Merida Industry,2022-01-24,2022-03-20,2022-03-20,55,60,60,Received
PO50031,1137,S001,Merida Industry,2022-01-24,2022-03-20,2022-03-20,55,62,62,Received
PO50032,1143,S001,Merida Industry,2022-01-24,2022-03-20,2022-03-20,55,61,61,Received
PO50033,1016,S001,Merida Industry,2022-01-25,2022-03-21,2022-03-21,55,62,62,Received
PO50034,1076,S001,Merida Industry,2022-01-25,2022-03-21,2022-03-21,55,62,62,Received
PO50035,1024,S001,Merida Industry,2022-01-26,2022-03-22,2022-03-22,55,62,62,Received
PO50036,1106,S001,Merida Industry,2022-01-26,2022-03-22,2022-03-22,55,61,61,Received
PO50037,1128,S001,Merida Industry,2022-01-26,2022-03-22,2022-03-22,55,62,62,Received
PO50038,1139,S001,Merida Industry,2022-01-26,2022-03-22,2022-03-22,55,62,62,Received
PO50039,1088,S001,Merida Industry,2022-01-27,2022-03-23,2022-03-23,55,60,60,Received
PO50040,1118,S001,Merida Industry,2022-01-28,2022-03-24,2022-03-24,55,60,60,Received
PO50041,1144,S001,Merida Industry,2022-01-28,2022-03-24,2022-03-24,55,60,60,Received
PO50042,1113,S001,Merida Industry,2022-01-29,2022-03-25,2022-03-25,55,60,60,Received
PO50043,1149,S001,Merida Industry,2022-01-30,2022-03-26,2022-03-26,55,61,61,Received
PO50044,1090,S001,Merida Industry,2022-01-31,2022-03-27,2022-03-27,55,61,61,Received
PO50045,1101,S001,Merida Industry,2022-01-31,2022-03-27,2022-03-27,55,61,61,Received
PO50046,1133,S001,Merida Industry,2022-01-31,2022-03-27,2022-03-27,55,62,62,Received
PO50047,1072,S001,Merida Industry,2022-02-01,2022-03-28,2022-03-28,55,60,60,Received
PO50048,1145,S001,Merida Industry,2022-02-01,2022-03-28,2022-03-28,55,63,63,Received
PO50049,1068,S001,Merida Industry,2022-02-02,2022-03-29,2022-03-29,55,63,63,Received
PO50050,1084,S001,Merida Industry,2022-02-02,2022-03-29,2022-03-29,55,63,63,Received
PO50051,1138,S001,Merida Industry,2022-02-02,2022-03-29,2022-03-29,55,60,60,Received
PO50052,1022,S001,Merida Industry,2022-02-04,2022-03-31,2022-03-31,55,60,60,Received
PO50053,1173,S001,Merida Industry,2022-02-04,2022-03-31,2022-03-31,55,60,60,Received
PO50054,1165,S001,Merida Industry,2022-02-07,2022-04-03,2022-04-03,55,62,62,Received
PO50055,1012,S001,Merida Industry,2022-02-08,2022-04-04,2022-04-04,55,60,60,Received
PO50056,1013,S001,Merida Industry,2022-02-08,2022-04-04,2022-04-04,55,66,66,Received
PO50057,1025,S001,Merida Industry,2022-02-08,2022-04-04,2022-04-04,55,62,62,Received
PO50058,1069,S001,Merida Industry,2022-02-08,2022-04-04,2022-04-04,55,60,60,Received
PO50059,1086,S001,Merida Industry,2022-02-08,2022-04-04,2022-04-04,55,63,63,Received
PO50060,1098,S001,Merida Industry,2022-02-08,2022-04-04,2022-04-04,55,61,61,Received
PO50061,1134,S001,Merida Industry,2022-02-09,2022-04-05,2022-04-05,55,64,64,Received
PO50062,1043,S001,Merida Industry,2022-02-10,2022-04-06,2022-04-06,55,61,61,Received
PO50063,1099,S001,Merida Industry,2022-02-10,2022-04-06,2022-04-06,55,61,61,Received
PO50064,1140,S001,Merida Industry,2022-02-10,2022-04-06,2022-04-06,55,62,62,Received
PO50065,1051,S001,Merida Industry,2022-02-11,2022-04-07,2022-04-07,55,60,60,Received
PO50066,1141,S001,Merida Industry,2022-02-11,2022-04-07,2022-04-07,55,63,63,Received
PO50067,1008,S001,Merida Industry,2022-02-13,2022-04-09,2022-04-09,55,60,60,Received
PO50068,1045,S001,Merida Industry,2022-02-14,2022-04-10,2022-04-10,55,60,60,Received
PO50069,1102,S001,Merida Industry,2022-02-14,2022-04-10,2022-04-10,55,60,60,Received
PO50070,1021,S001,Merida Industry,2022-02-15,2022-04-11,2022-04-11,55,61,61,Received
PO50071,1119,S001,Merida Industry,2022-02-15,2022-04-11,2022-04-11,55,60,60,Received
PO50072,1023,S001,Merida Industry,2022-02-16,2022-04-12,2022-04-12,55,60,60,Received
PO50073,1150,S001,Merida Industry,2022-02-16,2022-04-12,2022-04-12,55,61,61,Received
PO50074,1028,S001,Merida Industry,2022-02-17,2022-04-13,2022-04-13,55,61,61,Received
PO50075,1116,S001,Merida Industry,2022-02-17,2022-04-13,2022-04-13,55,60,60,Received
PO50076,1132,S001,Merida Industry,2022-02-17,2022-04-13,2022-04-13,55,60,60,Received
PO50077,1071,S001,Merida Industry,2022-02-19,2022-04-15,2022-04-15,55,60,60,Received
PO50078,1092,S001,Merida Industry,2022-02-19,2022-04-15,2022-04-15,55,60,60,Received
PO50079,1067,S001,Merida Industry,2022-02-21,2022-04-17,2022-04-17,55,66,66,Received
PO50080,1087,S001,Merida Industry,2022-02-21,2022-04-17,2022-04-17,55,61,61,Received
PO50081,1129,S001,Merida Industry,2022-02-21,2022-04-17,2022-04-17,55,62,62,Received
PO50082,1147,S001,Merida Industry,2022-02-21,2022-04-17,2022-04-17,55,60,60,Received
PO50083,1100,S001,Merida Industry,2022-02-22,2022-04-18,2022-04-18,55,65,65,Received
PO50084,1163,S001,Merida Industry,2022-02-22,2022-04-18,2022-04-18,55,60,60,Received
PO50085,1167,S001,Merida Industry,2022-02-22,2022-04-18,2022-04-18,55,62,62,Received
PO50086,1168,S001,Merida Industry,2022-02-22,2022-04-18,2022-04-18,55,60,60,Received
PO50087,1053,S001,Merida Industry,2022-02-23,2022-04-19,2022-04-19,55,60,60,Received
PO50088,1170,S001,Merida Industry,2022-02-23,2022-04-19,2022-04-19,55,61,61,Received
PO50089,1198,S002,Ideal Bike Corp,2022-02-23,2022-04-09,2022-04-09,45,60,60,Received
PO50090,1011,S001,Merida Industry,2022-02-24,2022-04-20,2022-04-20,55,63,63,Received
PO50091,1120,S001,Merida Industry,2022-02-24,2022-04-20,2022-04-20,55,62,62,Received
PO50092,1064,S001,Merida Industry,2022-02-26,2022-04-22,2022-04-22,55,61,61,Received
PO50093,1020,S001,Merida Industry,2022-02-28,2022-04-24,2022-04-24,55,60,60,Received
PO50094,1115,S001,Merida Industry,2022-03-01,2022-04-25,2022-04-25,55,60,60,Received
PO50095,1127,S001,Merida Industry,2022-03-01,2022-04-25,2022-04-25,55,60,60,Received
PO50096,1044,S001,Merida Industry,2022-03-02,2022-04-26,2022-04-26,55,61,61,Received
PO50097,1089,S001,Merida Industry,2022-03-02,2022-04-26,2022-04-26,55,60,60,Received
PO50098,1027,S001,Merida Industry,2022-03-03,2022-04-27,2022-04-27,55,61,61,Received
PO50099,1030,S001,Merida Industry,2022-03-04,2022-04-28,2022-04-28,55,62,62,Received
PO50100,1049,S001,Merida Industry,2022-03-04,2022-04-28,2022-04-28,55,60,60,Received
PO50101,1148,S001,Merida Industry,2022-03-04,2022-04-28,2022-04-28,55,63,63,Received
PO50102,1196,S002,Ideal Bike Corp,2022-03-04,2022-04-18,2022-04-18,45,60,60,Received
PO50103,1047,S001,Merida Industry,2022-03-05,2022-04-29,2022-04-29,55,60,60,Received
PO50104,1048,S001,Merida Industry,2022-03-05,2022-04-29,2022-04-29,55,60,60,Received
PO50105,1169,S001,Merida Industry,2022-03-05,2022-04-29,2022-04-29,55,60,60,Received
PO50106,1010,S001,Merida Industry,2022-03-07,2022-05-01,2022-05-01,55,63,63,Received
PO50107,1199,S002,Ideal Bike Corp,2022-03-07,2022-04-21,2022-04-21,45,60,60,Received
PO50108,1050,S001,Merida Industry,2022-03-08,2022-05-02,2022-05-02,55,61,61,Received
PO50109,1097,S001,Merida Industry,2022-03-08,2022-05-02,2022-05-02,55,62,62,Received
PO50110,1131,S001,Merida Industry,2022-03-08,2022-05-02,2022-05-02,55,61,61,Received
PO50111,1172,S001,Merida Industry,2022-03-08,2022-05-02,2022-05-02,55,61,61,Received
PO50112,1052,S001,Merida Industry,2022-03-09,2022-05-03,2022-05-03,55,60,60,Received
PO50113,1062,S001,Merida Industry,2022-03-09,2022-05-03,2022-05-03,55,60,60,Received
PO50114,1066,S001,Merida Industry,2022-03-11,2022-05-05,2022-05-05,55,60,60,Received
PO50115,1178,S001,Merida Industry,2022-03-11,2022-05-05,2022-05-05,55,60,60,Received
PO50116,1026,S001,Merida Industry,2022-03-12,2022-05-06,2022-05-06,55,60,60,Received
PO50117,1054,S001,Merida Industry,2022-03-12,2022-05-06,2022-05-06,55,61,61,Received
PO50118,1159,S001,Merida Industry,2022-03-14,2022-05-08,2022-05-08,55,62,62,Received
PO50119,1176,S001,Merida Industry,2022-03-14,2022-05-08,2022-05-08,55,60,60,Received
PO50120,1180,S001,Merida Industry,2022-03-14,2022-05-08,2022-05-08,55,61,61,Received
PO50121,1125,S001,Merida Industry,2022-03-15,2022-05-09,2022-05-09,55,60,60,Received
PO50122,1146,S001,Merida Industry,2022-03-15,2022-05-09,2022-05-09,55,63,63,Received
PO50123,1007,S001,Merida Industry,2022-03-16,2022-05-10,2022-05-10,55,60,60,Received
PO50124,1046,S001,Merida Industry,2022-03-16,2022-05-10,2022-05-10,55,62,62,Received
PO50125,1174,S001,Merida Industry,2022-03-16,2022-05-10,2022-05-10,55,60,60,Received
PO50126,1162,S001,Merida Industry,2022-03-19,2022-05-13,2022-05-13,55,60,60,Received
PO50127,1029,S001,Merida Industry,2022-03-20,2022-05-14,2022-05-14,55,66,66,Received
PO50128,1040,S001,Merida Industry,2022-03-21,2022-05-15,2022-05-15,55,60,60,Received
PO50129,1130,S001,Merida Industry,2022-03-21,2022-05-15,2022-05-15,55,60,60,Received
PO50130,1166,S001,Merida Industry,2022-03-21,2022-05-15,2022-05-15,55,60,60,Received
PO50131,1006,S001,Merida Industry,2022-03-22,2022-05-16,2022-05-16,55,60,60,Received
PO50132,1094,S001,Merida Industry,2022-03-23,2022-05-17,2022-05-17,55,61,61,Received
PO50133,1103,S001,Merida Industry,2022-03-23,2022-05-17,2022-05-17,55,60,60,Received
PO50134,1081,S001,Merida Industry,2022-03-24,2022-05-18,2022-05-18,55,62,62,Received
PO50135,1179,S001,Merida Industry,2022-03-24,2022-05-18,2022-05-18,55,64,64,Received
PO50136,1194,S002,Ideal Bike Corp,2022-03-24,2022-05-08,2022-05-08,45,60,60,Received
PO50137,1096,S001,Merida Industry,2022-03-28,2022-05-22,2022-05-22,55,60,60,Received
PO50138,1104,S001,Merida Industry,2022-03-28,2022-05-22,2022-05-22,55,62,62,Received
PO50139,1073,S001,Merida Industry,2022-03-29,2022-05-23,2022-05-23,55,60,60,Received
PO50140,1105,S001,Merida Industry,2022-03-29,2022-05-23,2022-05-23,55,60,60,Received
PO50141,1041,S001,Merida Industry,2022-03-30,2022-05-24,2022-05-24,55,62,62,Received
PO50142,1157,S001,Merida Industry,2022-03-30,2022-05-24,2022-05-24,55,60,60,Received
PO50143,1037,S001,Merida Industry,2022-03-31,2022-05-25,2022-05-25,55,60,60,Received
PO50144,1075,S001,Merida Industry,2022-03-31,2022-05-25,2022-05-25,55,63,63,Received
PO50145,1009,S001,Merida Industry,2022-04-01,2022-05-26,2022-05-26,55,61,61,Received
PO50146,1079,S001,Merida Industry,2022-04-01,2022-05-26,2022-05-26,55,61,61,Received
PO50147,1171,S001,Merida Industry,2022-04-01,2022-05-26,2022-05-26,55,60,60,Received
PO50148,1083,S001,Merida Industry,2022-04-03,2022-05-28,2022-05-28,55,60,60,Received
PO50149,1055,S001,Merida Industry,2022-04-04,2022-05-29,2022-05-29,55,60,60,Received
PO50150,1058,S001,Merida Industry,2022-04-04,2022-05-29,2022-05-29,55,63,63,Received
PO50151,1077,S001,Merida Industry,2022-04-04,2022-05-29,2022-05-29,55,64,64,Received
PO50152,1110,S001,Merida Industry,2022-04-04,2022-05-29,2022-05-29,55,65,65,Received
PO50153,1111,S001,Merida Industry,2022-04-04,2022-05-29,2022-05-29,55,60,60,Received
PO50154,1076,S001,Merida Industry,2022-04-05,2022-05-30,2022-05-30,55,60,60,Received
PO50155,1078,S001,Merida Industry,2022-04-05,2022-05-30,2022-05-30,55,63,63,Received
PO50156,1107,S001,Merida Industry,2022-04-05,2022-05-30,2022-05-30,55,60,60,Received
PO50157,1112,S001,Merida Industry,2022-04-05,2022-05-30,2022-05-30,55,60,60,Received
PO50158,1018,S001,Merida Industry,2022-04-06,2022-05-31,2022-05-31,55,60,60,Received
PO50159,1059,S001,Merida Industry,2022-04-06,2022-05-31,2022-05-31,55,60,60,Received
PO50160,1142,S001,Merida Industry,2022-04-06,2022-05-31,2022-05-31,55,61,61,Received
PO50161,1202,S002,Ideal Bike Corp,2022-04-06,2022-05-21,2022-05-21,45,60,60,Received
PO50162,1042,S001,Merida Industry,2022-04-07,2022-06-01,2022-06-01,55,60,60,Received
PO50163,1080,S001,Merida Industry,2022-04-07,2022-06-01,2022-06-01,55,63,63,Received
PO50164,1106,S001,Merida Industry,2022-04-07,2022-06-01,2022-06-01,55,60,60,Received
PO50165,1114,S001,Merida Industry,2022-04-07,2022-06-01,2022-06-01,55,62,62,Received
PO50166,1135,S001,Merida Industry,2022-04-07,2022-06-01,2022-06-01,55,65,65,Received
PO50167,1204,S002,Ideal Bike Corp,2022-04-07,2022-05-22,2022-05-22,45,61,61,Received
PO50168,1063,S001,Merida Industry,2022-04-11,2022-06-05,2022-06-05,55,60,60,Received
PO50169,1065,S001,Merida Industry,2022-04-11,2022-06-05,2022-06-05,55,63,63,Received
PO50170,1109,S001,Merida Industry,2022-04-11,2022-06-05,2022-06-05,55,61,61,Received
PO50171,1124,S001,Merida Industry,2022-04-11,2022-06-05,2022-06-05,55,61,61,Received
PO50172,1203,S002,Ideal Bike Corp,2022-04-11,2022-05-26,2022-05-26,45,61,61,Received
PO50173,1056,S001,Merida Industry,2022-04-12,2022-06-06,2022-06-06,55,61,61,Received
PO50174,1084,S001,Merida Industry,2022-04-12,2022-06-06,2022-06-06,55,65,65,Received
PO50175,1014,S001,Merida Industry,2022-04-13,2022-06-07,2022-06-07,55,60,60,Received
PO50176,1015,S001,Merida Industry,2022-04-13,2022-06-07,2022-06-07,55,63,63,Received
PO50177,1095,S001,Merida Industry,2022-04-13,2022-06-07,2022-06-07,55,60,60,Received
PO50178,1108,S001,Merida Industry,2022-04-13,2022-06-07,2022-06-07,55,65,65,Received
PO50179,1113,S001,Merida Industry,2022-04-13,2022-06-07,2022-06-07,55,60,60,Received
PO50180,1126,S001,Merida Industry,2022-04-13,2022-06-07,2022-06-07,55,60,60,Received
PO50181,1164,S001,Merida Industry,2022-04-13,2022-06-07,2022-06-07,55,61,61,Received
PO50182,1197,S002,Ideal Bike Corp,2022-04-13,2022-05-28,2022-05-28,45,60,60,Received
PO50183,1117,S001,Merida Industry,2022-04-14,2022-06-08,2022-06-08,55,64,64,Received
PO50184,1138,S001,Merida Industry,2022-04-15,2022-06-09,2022-06-09,55,60,60,Received
PO50185,1139,S001,Merida Industry,2022-04-15,2022-06-09,2022-06-09,55,62,62,Received
PO50186,1175,S001,Merida Industry,2022-04-15,2022-06-09,2022-06-09,55,60,60,Received
PO50187,1039,S001,Merida Industry,2022-04-16,2022-06-10,2022-06-10,55,61,61,Received
PO50188,1019,S001,Merida Industry,2022-04-18,2022-06-12,2022-06-12,55,63,63,Received
PO50189,1038,S001,Merida Industry,2022-04-18,2022-06-12,2022-06-12,55,60,60,Received
PO50190,1061,S001,Merida Industry,2022-04-18,2022-06-12,2022-06-12,55,60,60,Received
PO50191,1082,S001,Merida Industry,2022-04-18,2022-06-12,2022-06-12,55,63,63,Received
PO50192,1144,S001,Merida Industry,2022-04-18,2022-06-12,2022-06-12,55,62,62,Received
PO50193,1201,S002,Ideal Bike Corp,2022-04-18,2022-06-02,2022-06-02,45,60,60,Received
PO50194,1118,S001,Merida Industry,2022-04-20,2022-06-14,2022-06-14,55,60,60,Received
PO50195,1137,S001,Merida Industry,2022-04-20,2022-06-14,2022-06-14,55,62,62,Received
PO50196,1141,S001,Merida Industry,2022-04-20,2022-06-14,2022-06-14,55,60,60,Received
PO50197,1195,S002,Ideal Bike Corp,2022-04-20,2022-06-04,2022-06-04,45,64,64,Received
PO50198,1017,S001,Merida Industry,2022-04-21,2022-06-15,2022-06-15,55,62,62,Received
PO50199,1060,S001,Merida Industry,2022-04-21,2022-06-15,2022-06-15,55,60,60,Received
PO50200,1068,S001,Merida Industry,2022-04-22,2022-06-16,2022-06-16,55,61,61,Received
PO50201,1136,S001,Merida Industry,2022-04-22,2022-06-16,2022-06-16,55,62,62,Received
PO50202,1200,S002,Ideal Bike Corp,2022-04-22,2022-06-06,2022-06-06,45,61,61,Received
PO50203,1210,S002,Ideal Bike Corp,2022-04-23,2022-06-07,2022-06-07,45,61,61,Received
PO50204,1074,S001,Merida Industry,2022-04-25,2022-06-19,2022-06-19,55,60,60,Received
PO50205,1085,S001,Merida Industry,2022-04-25,2022-06-19,2022-06-19,55,60,60,Received
PO50206,1016,S001,Merida Industry,2022-04-26,2022-06-20,2022-06-20,55,60,60,Received
PO50207,1091,S001,Merida Industry,2022-04-26,2022-06-20,2022-06-20,55,61,61,Received
PO50208,1133,S001,Merida Industry,2022-04-26,2022-06-20,2022-06-20,55,62,62,Received
PO50209,1098,S001,Merida Industry,2022-04-27,2022-06-21,2022-06-21,55,61,61,Received
PO50210,1134,S001,Merida Industry,2022-04-27,2022-06-21,2022-06-21,55,60,60,Received
PO50211,1193,S002,Ideal Bike Corp,2022-04-27,2022-06-11,2022-06-11,45,61,61,Received
PO50212,1143,S001,Merida Industry,2022-04-28,2022-06-22,2022-06-22,55,62,62,Received
PO50213,1160,S001,Merida Industry,2022-04-28,2022-06-22,2022-06-22,55,60,60,Received
PO50214,1024,S001,Merida Industry,2022-05-02,2022-06-26,2022-06-26,55,61,61,Received
PO50215,1072,S001,Merida Industry,2022-05-02,2022-06-26,2022-06-26,55,64,64,Received
PO50216,1022,S001,Merida Industry,2022-05-03,2022-06-27,2022-06-27,55,64,64,Received
PO50217,1070,S001,Merida Industry,2022-05-03,2022-06-27,2022-06-27,55,60,60,Received
PO50218,1090,S001,Merida Industry,2022-05-03,2022-06-27,2022-06-27,55,63,63,Received
PO50219,1140,S001,Merida Industry,2022-05-03,2022-06-27,2022-06-27,55,60,60,Received
PO50220,1001,S001,Merida Industry,2022-05-04,2022-06-28,2022-06-28,55,60,60,Received
PO50221,1093,S001,Merida Industry,2022-05-04,2022-06-28,2022-06-28,55,60,60,Received
PO50222,1101,S001,Merida Industry,2022-05-04,2022-06-28,2022-06-28,55,61,61,Received
PO50223,1013,S001,Merida Industry,2022-05-05,2022-06-29,2022-06-29,55,60,60,Received
PO50224,1021,S001,Merida Industry,2022-05-06,2022-06-30,2022-06-30,55,60,60,Received
PO50225,1069,S001,Merida Industry,2022-05-06,2022-06-30,2022-06-30,55,61,61,Received
PO50226,1187,S002,Ideal Bike Corp,2022-05-08,2022-06-22,2022-06-22,45,60,60,Received
PO50227,1205,S002,Ideal Bike Corp,2022-05-08,2022-06-22,2022-06-22,45,60,60,Received
PO50228,1207,S002,Ideal Bike Corp,2022-05-08,2022-06-22,2022-06-22,45,60,60,Received
PO50229,1086,S001,Merida Industry,2022-05-09,2022-07-03,2022-07-03,55,60,60,Received
PO50230,1122,S001,Merida Industry,2022-05-09,2022-07-03,2022-07-03,55,63,63,Received
PO50231,1099,S001,Merida Industry,2022-05-10,2022-07-04,2022-07-04,55,65,65,Received
PO50232,1102,S001,Merida Industry,2022-05-10,2022-07-04,2022-07-04,55,60,60,Received
PO50233,1161,S001,Merida Industry,2022-05-11,2022-07-05,2022-07-05,55,60,60,Received
PO50234,1002,S001,Merida Industry,2022-05-12,2022-07-06,2022-07-06,55,60,60,Received
PO50235,1020,S001,Merida Industry,2022-05-12,2022-07-06,2022-07-06,55,60,60,Received
PO50236,1051,S001,Merida Industry,2022-05-12,2022-07-06,2022-07-06,55,61,61,Received
PO50237,1100,S001,Merida Industry,2022-05-12,2022-07-06,2022-07-06,55,62,62,Received
PO50238,1209,S002,Ideal Bike Corp,2022-05-12,2022-06-26,2022-06-26,45,60,60,Received
PO50239,1005,S001,Merida Industry,2022-05-13,2022-07-07,2022-07-07,55,63,63,Received
PO50240,1023,S001,Merida Industry,2022-05-13,2022-07-07,2022-07-07,55,60,60,Received
PO50241,1057,S001,Merida Industry,2022-05-13,2022-07-07,2022-07-07,55,60,60,Received
PO50242,1071,S001,Merida Industry,2022-05-14,2022-07-08,2022-07-08,55,60,60,Received
PO50243,1192,S002,Ideal Bike Corp,2022-05-15,2022-06-29,2022-06-29,45,60,60,Received
PO50244,1087,S001,Merida Industry,2022-05-16,2022-07-10,2022-07-10,55,63,63,Received
PO50245,1089,S001,Merida Industry,2022-05-16,2022-07-10,2022-07-10,55,60,60,Received
PO50246,1177,S001,Merida Industry,2022-05-16,2022-07-10,2022-07-10,55,61,61,Received
PO50247,1128,S001,Merida Industry,2022-05-17,2022-07-11,2022-07-11,55,63,63,Received
PO50248,1132,S001,Merida Industry,2022-05-18,2022-07-12,2022-07-12,55,61,61,Received
PO50249,1088,S001,Merida Industry,2022-05-19,2022-07-13,2022-07-13,55,60,60,Received
PO50250,1119,S001,Merida Industry,2022-05-19,2022-07-13,2022-07-13,55,60,60,Received
PO50251,1012,S001,Merida Industry,2022-05-20,2022-07-14,2022-07-14,55,61,61,Received
PO50252,1145,S001,Merida Industry,2022-05-20,2022-07-14,2022-07-14,55,62,62,Received
PO50253,1168,S001,Merida Industry,2022-05-23,2022-07-17,2022-07-17,55,63,63,Received
PO50254,1043,S001,Merida Industry,2022-05-24,2022-07-18,2022-07-18,55,61,61,Received
PO50255,1120,S001,Merida Industry,2022-05-24,2022-07-18,2022-07-18,55,60,60,Received
PO50256,1123,S001,Merida Industry,2022-05-24,2022-07-18,2022-07-18,55,60,60,Received
PO50257,1116,S001,Merida Industry,2022-05-25,2022-07-19,2022-07-19,55,60,60,Received
PO50258,1121,S001,Merida Industry,2022-05-25,2022-07-19,2022-07-19,55,65,65,Received
PO50259,1149,S001,Merida Industry,2022-05-26,2022-07-20,2022-07-20,55,62,62,Received
PO50260,1208,S002,Ideal Bike Corp,2022-05-26,2022-07-10,2022-07-10,45,60,60,Received
PO50261,1044,S001,Merida Industry,2022-05-28,2022-07-22,2022-07-22,55,61,61,Received
PO50262,1067,S001,Merida Industry,2022-05-28,2022-07-22,2022-07-22,55,62,62,Received
PO50263,1103,S001,Merida Industry,2022-05-30,2022-07-24,2022-07-24,55,62,62,Received
PO50264,1165,S001,Merida Industry,2022-05-30,2022-07-24,2022-07-24,55,61,61,Received
PO50265,1190,S002,Ideal Bike Corp,2022-05-30,2022-07-14,2022-07-14,45,60,60,Received
PO50266,1032,S001,Merida Industry,2022-06-01,2022-07-26,2022-07-26,55,60,60,Received
PO50267,1073,S001,Merida Industry,2022-06-01,2022-07-26,2022-07-26,55,64,64,Received
PO50268,1147,S001,Merida Industry,2022-06-01,2022-07-26,2022-07-26,55,60,60,Received
PO50269,1191,S002,Ideal Bike Corp,2022-06-01,2022-07-16,2022-07-16,45,62,62,Received
PO50270,1206,S002,Ideal Bike Corp,2022-06-01,2022-07-16,2022-07-16,45,60,60,Received
PO50271,1033,S001,Merida Industry,2022-06-02,2022-07-27,2022-07-27,55,60,60,Received
PO50272,1104,S001,Merida Industry,2022-06-02,2022-07-27,2022-07-27,55,62,62,Received
PO50273,1115,S001,Merida Industry,2022-06-02,2022-07-27,2022-07-27,55,60,60,Received
PO50274,1173,S001,Merida Industry,2022-06-02,2022-07-27,2022-07-27,55,62,62,Received
PO50275,1105,S001,Merida Industry,2022-06-06,2022-07-31,2022-07-31,55,63,63,Received
PO50276,1027,S001,Merida Industry,2022-06-07,2022-08-01,2022-08-01,55,63,63,Received
PO50277,1047,S001,Merida Industry,2022-06-07,2022-08-01,2022-08-01,55,60,60,Received
PO50278,1081,S001,Merida Industry,2022-06-07,2022-08-01,2022-08-01,55,60,60,Received
PO50279,1158,S001,Merida Industry,2022-06-07,2022-08-01,2022-08-01,55,60,60,Received
PO50280,1075,S001,Merida Industry,2022-06-08,2022-08-02,2022-08-02,55,63,63,Received
PO50281,1167,S001,Merida Industry,2022-06-08,2022-08-02,2022-08-02,55,60,60,Received
PO50282,1111,S001,Merida Industry,2022-06-09,2022-08-03,2022-08-03,55,60,60,Received
PO50283,1163,S001,Merida Industry,2022-06-09,2022-08-03,2022-08-03,55,61,61,Received
PO50284,1025,S001,Merida Industry,2022-06-10,2022-08-04,2022-08-04,55,60,60,Received
PO50285,1045,S001,Merida Industry,2022-06-10,2022-08-04,2022-08-04,55,60,60,Received
PO50286,1078,S001,Merida Industry,2022-06-11,2022-08-05,2022-08-05,55,60,60,Received
PO50287,1150,S001,Merida Industry,2022-06-11,2022-08-05,2022-08-05,55,60,60,Received
PO50288,1007,S001,Merida Industry,2022-06-13,2022-08-07,2022-08-07,55,60,60,Received
PO50289,1107,S001,Merida Industry,2022-06-13,2022-08-07,2022-08-07,55,61,61,Received
PO50290,1112,S001,Merida Industry,2022-06-13,2022-08-07,2022-08-07,55,63,63,Received
PO50291,1052,S001,Merida Industry,2022-06-14,2022-08-08,2022-08-08,55,61,61,Received
PO50292,1079,S001,Merida Industry,2022-06-14,2022-08-08,2022-08-08,55,64,64,Received
PO50293,1083,S001,Merida Industry,2022-06-14,2022-08-08,2022-08-08,55,60,60,Received
PO50294,1097,S001,Merida Industry,2022-06-14,2022-08-08,2022-08-08,55,61,61,Received
PO50295,1076,S001,Merida Industry,2022-06-15,2022-08-09,2022-08-09,55,68,68,Received
PO50296,1106,S001,Merida Industry,2022-06-15,2022-08-09,2022-08-09,55,60,60,Received
PO50297,1108,S001,Merida Industry,2022-06-15,2022-08-09,2022-08-09,55,60,60,Received
PO50298,1109,S001,Merida Industry,2022-06-15,2022-08-09,2022-08-09,55,63,63,Received
PO50299,1114,S001,Merida Industry,2022-06-15,2022-08-09,2022-08-09,55,71,71,Received
PO50300,1127,S001,Merida Industry,2022-06-15,2022-08-09,2022-08-09,55,61,61,Received
PO50301,1146,S001,Merida Industry,2022-06-15,2022-08-09,2022-08-09,55,63,63,Received
PO50302,1188,S002,Ideal Bike Corp,2022-06-15,2022-07-30,2022-07-30,45,60,60,Received
PO50303,1004,S001,Merida Industry,2022-06-16,2022-08-10,2022-08-10,55,63,63,Received
PO50304,1080,S001,Merida Industry,2022-06-16,2022-08-10,2022-08-10,55,62,62,Received
PO50305,1077,S001,Merida Industry,2022-06-17,2022-08-11,2022-08-11,55,61,61,Received
PO50306,1110,S001,Merida Industry,2022-06-17,2022-08-11,2022-08-11,55,61,61,Received
PO50307,1142,S001,Merida Industry,2022-06-20,2022-08-14,2022-08-14,55,61,61,Received
PO50308,1148,S001,Merida Industry,2022-06-20,2022-08-14,2022-08-14,55,64,64,Received
PO50309,1169,S001,Merida Industry,2022-06-20,2022-08-14,2022-08-14,55,61,61,Received
PO50310,1008,S001,Merida Industry,2022-06-21,2022-08-15,2022-08-15,55,61,61,Received
PO50311,1011,S001,Merida Industry,2022-06-21,2022-08-15,2022-08-15,55,62,62,Received
PO50312,1050,S001,Merida Industry,2022-06-21,2022-08-15,2022-08-15,55,60,60,Received
PO50313,1092,S001,Merida Industry,2022-06-21,2022-08-15,2022-08-15,55,63,63,Received
PO50314,1113,S001,Merida Industry,2022-06-21,2022-08-15,2022-08-15,55,64,64,Received
PO50315,1135,S001,Merida Industry,2022-06-21,2022-08-15,2022-08-15,55,60,60,Received
PO50316,1131,S001,Merida Industry,2022-06-23,2022-08-17,2022-08-17,55,61,61,Received
PO50317,1018,S001,Merida Industry,2022-06-28,2022-08-22,2022-08-22,55,63,63,Received
PO50318,1028,S001,Merida Industry,2022-06-28,2022-08-22,2022-08-22,55,62,62,Received
PO50319,1030,S001,Merida Industry,2022-06-28,2022-08-22,2022-08-22,55,60,60,Received
PO50320,1048,S001,Merida Industry,2022-06-28,2022-08-22,2022-08-22,55,60,60,Received
PO50321,1129,S001,Merida Industry,2022-06-28,2022-08-22,2022-08-22,55,62,62,Received
PO50322,1010,S001,Merida Industry,2022-06-29,2022-08-23,2022-08-23,55,62,62,Received
PO50323,1049,S001,Merida Industry,2022-06-29,2022-08-23,2022-08-23,55,60,60,Received
PO50324,1074,S001,Merida Industry,2022-06-29,2022-08-23,2022-08-23,55,64,64,Received
PO50325,1138,S001,Merida Industry,2022-06-29,2022-08-23,2022-08-23,55,63,63,Received
PO50326,1170,S001,Merida Industry,2022-06-29,2022-08-23,2022-08-23,55,60,60,Received
PO50327,1189,S002,Ideal Bike Corp,2022-06-29,2022-08-13,2022-08-13,45,60,60,Received
PO50328,1084,S001,Merida Industry,2022-06-30,2022-08-24,2022-08-24,55,62,62,Received
PO50329,1117,S001,Merida Industry,2022-06-30,2022-08-24,2022-08-24,55,65,65,Received
PO50330,1136,S001,Merida Industry,2022-06-30,2022-08-24,2022-08-24,55,65,65,Received
PO50331,1094,S001,Merida Industry,2022-07-01,2022-08-25,2022-08-25,55,61,61,Received
PO50332,1015,S001,Merida Industry,2022-07-04,2022-08-28,2022-08-28,55,62,62,Received
PO50333,1082,S001,Merida Industry,2022-07-04,2022-08-28,2022-08-28,55,63,63,Received
PO50334,1139,S001,Merida Industry,2022-07-04,2022-08-28,2022-08-28,55,60,60,Received
PO50335,1014,S001,Merida Industry,2022-07-05,2022-08-29,2022-08-29,55,60,60,Received
PO50336,1026,S001,Merida Industry,2022-07-05,2022-08-29,2022-08-29,55,60,60,Received
PO50337,1134,S001,Merida Industry,2022-07-06,2022-08-30,2022-08-30,55,60,60,Received
PO50338,1144,S001,Merida Industry,2022-07-06,2022-08-30,2022-08-30,55,60,60,Received
PO50339,1054,S001,Merida Industry,2022-07-07,2022-08-31,2022-08-31,55,62,62,Received
PO50340,1166,S001,Merida Industry,2022-07-08,2022-09-01,2022-09-01,55,61,61,Received
PO50341,1172,S001,Merida Industry,2022-07-10,2022-09-03,2022-09-03,55,60,60,Received
PO50342,1046,S001,Merida Industry,2022-07-11,2022-09-04,2022-09-04,55,62,62,Received
PO50343,1137,S001,Merida Industry,2022-07-12,2022-09-05,2022-09-05,55,61,61,Received
PO50344,1141,S001,Merida Industry,2022-07-13,2022-09-06,2022-09-06,55,60,60,Received
PO50345,1031,S001,Merida Industry,2022-07-16,2022-09-09,2022-09-09,55,60,60,Received
PO50346,1017,S001,Merida Industry,2022-07-17,2022-09-10,2022-09-10,55,60,60,Received
PO50347,1133,S001,Merida Industry,2022-07-17,2022-09-10,2022-09-10,55,60,60,Received
PO50348,1003,S001,Merida Industry,2022-07-18,2022-09-11,2022-09-11,55,60,60,Received
PO50349,1016,S001,Merida Industry,2022-07-18,2022-09-11,2022-09-11,55,62,62,Received
PO50350,1130,S001,Merida Industry,2022-07-18,2022-09-11,2022-09-11,55,62,62,Received
PO50351,1037,S001,Merida Industry,2022-07-19,2022-09-12,2022-09-12,55,60,60,Received
PO50352,1019,S001,Merida Industry,2022-07-20,2022-09-13,2022-09-13,55,60,60,Received
PO50353,1022,S001,Merida Industry,2022-07-20,2022-09-13,2022-09-13,55,61,61,Received
PO50354,1053,S001,Merida Industry,2022-07-20,2022-09-13,2022-09-13,55,61,61,Received
PO50355,1098,S001,Merida Industry,2022-07-20,2022-09-13,2022-09-13,55,61,61,Received
PO50356,1062,S001,Merida Industry,2022-07-21,2022-09-14,2022-09-14,55,60,60,Received
PO50357,1029,S001,Merida Industry,2022-07-22,2022-09-15,2022-09-15,55,63,63,Received
PO50358,1064,S001,Merida Industry,2022-07-22,2022-09-15,2022-09-15,55,62,62,Received
PO50359,1140,S001,Merida Industry,2022-07-22,2022-09-15,2022-09-15,55,60,60,Received
PO50360,1013,S001,Merida Industry,2022-07-24,2022-09-17,2022-09-17,55,63,63,Received
PO50361,1020,S001,Merida Industry,2022-07-25,2022-09-18,2022-09-18,55,62,62,Received
PO50362,1101,S001,Merida Industry,2022-07-25,2022-09-18,2022-09-18,55,64,64,Received
PO50363,1021,S001,Merida Industry,2022-07-26,2022-09-19,2022-09-19,55,61,61,Received
PO50364,1100,S001,Merida Industry,2022-07-28,2022-09-21,2022-09-21,55,60,60,Received
PO50365,1164,S001,Merida Industry,2022-07-28,2022-09-21,2022-09-21,55,60,60,Received
PO50366,1024,S001,Merida Industry,2022-07-29,2022-09-22,2022-09-22,55,60,60,Received
PO50367,1090,S001,Merida Industry,2022-07-29,2022-09-22,2022-09-22,55,60,60,Received
PO50368,1118,S001,Merida Industry,2022-07-29,2022-09-22,2022-09-22,55,62,62,Received
PO50369,1198,S002,Ideal Bike Corp,2022-07-29,2022-09-12,2022-09-12,45,60,60,Received
PO50370,1072,S001,Merida Industry,2022-07-31,2022-09-24,2022-09-24,55,63,63,Received
PO50371,1086,S001,Merida Industry,2022-08-03,2022-09-27,2022-09-27,55,63,63,Received
PO50372,1068,S001,Merida Industry,2022-08-04,2022-09-28,2022-09-28,55,60,60,Received
PO50373,1087,S001,Merida Industry,2022-08-04,2022-09-28,2022-09-28,55,61,61,Received
PO50374,1009,S001,Merida Industry,2022-08-05,2022-09-29,2022-09-29,55,61,61,Received
PO50375,1085,S001,Merida Industry,2022-08-05,2022-09-29,2022-09-29,55,61,61,Received
PO50376,1102,S001,Merida Industry,2022-08-05,2022-09-29,2022-09-29,55,68,68,Received
PO50377,1103,S001,Merida Industry,2022-08-05,2022-09-29,2022-09-29,55,61,61,Received
PO50378,1104,S001,Merida Industry,2022-08-05,2022-09-29,2022-09-29,55,61,61,Received
PO50379,1051,S001,Merida Industry,2022-08-08,2022-10-02,2022-10-02,55,61,61,Received
PO50380,1089,S001,Merida Industry,2022-08-08,2022-10-02,2022-10-02,55,62,62,Received
PO50381,1143,S001,Merida Industry,2022-08-08,2022-10-02,2022-10-02,55,61,61,Received
PO50382,1034,S001,Merida Industry,2022-08-09,2022-10-03,2022-10-03,55,61,61,Received
PO50383,1073,S001,Merida Industry,2022-08-09,2022-10-03,2022-10-03,55,63,63,Received
PO50384,1071,S001,Merida Industry,2022-08-11,2022-10-05,2022-10-05,55,60,60,Received
PO50385,1099,S001,Merida Industry,2022-08-11,2022-10-05,2022-10-05,55,61,61,Received
PO50386,1105,S001,Merida Industry,2022-08-12,2022-10-06,2022-10-06,55,61,61,Received
PO50387,1069,S001,Merida Industry,2022-08-13,2022-10-07,2022-10-07,55,61,61,Received
PO50388,1088,S001,Merida Industry,2022-08-13,2022-10-07,2022-10-07,55,62,62,Received
PO50389,1120,S001,Merida Industry,2022-08-16,2022-10-10,2022-10-10,55,62,62,Received
PO50390,1155,S001,Merida Industry,2022-08-17,2022-10-11,2022-10-11,55,61,61,Received
PO50391,1171,S001,Merida Industry,2022-08-17,2022-10-11,2022-10-11,55,61,61,Received
PO50392,1023,S001,Merida Industry,2022-08-18,2022-10-12,2022-10-12,55,62,62,Received
PO50393,1055,S001,Merida Industry,2022-08-19,2022-10-13,2022-10-13,55,60,60,Received
PO50394,1070,S001,Merida Industry,2022-08-19,2022-10-13,2022-10-13,55,60,60,Received
PO50395,1174,S001,Merida Industry,2022-08-21,2022-10-15,2022-10-15,55,60,60,Received
PO50396,1036,S001,Merida Industry,2022-08-22,2022-10-16,2022-10-16,55,60,60,Received
PO50397,1075,S001,Merida Industry,2022-08-22,2022-10-16,2022-10-16,55,61,61,Received
PO50398,1081,S001,Merida Industry,2022-08-22,2022-10-16,2022-10-16,55,62,62,Received
PO50399,1083,S001,Merida Industry,2022-08-23,2022-10-17,2022-10-17,55,63,63,Received
PO50400,1078,S001,Merida Industry,2022-08-24,2022-10-18,2022-10-18,55,63,63,Received
PO50401,1111,S001,Merida Industry,2022-08-24,2022-10-18,2022-10-18,55,61,61,Received
PO50402,1116,S001,Merida Industry,2022-08-24,2022-10-18,2022-10-18,55,60,60,Received
PO50403,1176,S001,Merida Industry,2022-08-24,2022-10-18,2022-10-18,55,61,61,Received
PO50404,1204,S002,Ideal Bike Corp,2022-08-24,2022-10-08,2022-10-08,45,62,62,Received
PO50405,1079,S001,Merida Industry,2022-08-25,2022-10-19,2022-10-19,55,60,60,Received
PO50406,1107,S001,Merida Industry,2022-08-26,2022-10-20,2022-10-20,55,61,61,Received
PO50407,1108,S001,Merida Industry,2022-08-29,2022-10-23,2022-10-23,55,64,64,Received
PO50408,1115,S001,Merida Industry,2022-08-29,2022-10-23,2022-10-23,55,66,66,Received
PO50409,1196,S002,Ideal Bike Corp,2022-08-29,2022-10-13,2022-10-13,45,60,60,Received
PO50410,1077,S001,Merida Industry,2022-08-30,2022-10-24,2022-10-24,55,60,60,Received
PO50411,1112,S001,Merida Industry,2022-08-30,2022-10-24,2022-10-24,55,63,63,Received
PO50412,1110,S001,Merida Industry,2022-08-31,2022-10-25,2022-10-25,55,66,66,Received
PO50413,1114,S001,Merida Industry,2022-08-31,2022-10-25,2022-10-25,55,60,60,Received
PO50414,1119,S001,Merida Industry,2022-08-31,2022-10-25,2022-10-25,55,60,60,Received
PO50415,1066,S001,Merida Industry,2022-09-01,2022-10-26,2022-10-26,55,60,60,Received
PO50416,1106,S001,Merida Industry,2022-09-01,2022-10-26,2022-10-26,55,64,64,Received
PO50417,1063,S001,Merida Industry,2022-09-02,2022-10-27,2022-10-27,55,61,61,Received
PO50418,1147,S001,Merida Industry,2022-09-03,2022-10-28,2022-10-28,55,63,63,Received
PO50419,1076,S001,Merida Industry,2022-09-04,2022-10-29,2022-10-29,55,60,60,Received
PO50420,1042,S001,Merida Industry,2022-09-05,2022-10-30,2022-10-30,55,65,65,Received
PO50421,1067,S001,Merida Industry,2022-09-05,2022-10-30,2022-10-30,55,66,66,Received
PO50422,1113,S001,Merida Industry,2022-09-05,2022-10-30,2022-10-30,55,60,60,Received
PO50423,1047,S001,Merida Industry,2022-09-06,2022-10-31,2022-10-31,55,61,61,Received
PO50424,1043,S001,Merida Industry,2022-09-07,2022-11-01,2022-11-01,55,60,60,Received
PO50425,1044,S001,Merida Industry,2022-09-07,2022-11-01,2022-11-01,55,65,65,Received
PO50426,1058,S001,Merida Industry,2022-09-07,2022-11-01,2022-11-01,55,61,61,Received
PO50427,1109,S001,Merida Industry,2022-09-07,2022-11-01,2022-11-01,55,61,61,Received
PO50428,1080,S001,Merida Industry,2022-09-09,2022-11-03,2022-11-03,55,63,63,Received
PO50429,1199,S002,Ideal Bike Corp,2022-09-10,2022-10-25,2022-10-25,45,60,60,Received
PO50430,1074,S001,Merida Industry,2022-09-12,2022-11-06,2022-11-06,55,61,61,Received
PO50431,1084,S001,Merida Industry,2022-09-13,2022-11-07,2022-11-07,55,60,60,Received
PO50432,1128,S001,Merida Industry,2022-09-13,2022-11-07,2022-11-07,55,60,60,Received
PO50433,1168,S001,Merida Industry,2022-09-13,2022-11-07,2022-11-07,55,62,62,Received
PO50434,1012,S001,Merida Industry,2022-09-14,2022-11-08,2022-11-08,55,61,61,Received
PO50435,1138,S001,Merida Industry,2022-09-14,2022-11-08,2022-11-08,55,60,60,Received
PO50436,1142,S001,Merida Industry,2022-09-15,2022-11-09,2022-11-09,55,61,61,Received
PO50437,1082,S001,Merida Industry,2022-09-16,2022-11-10,2022-11-10,55,63,63,Received
PO50438,1132,S001,Merida Industry,2022-09-18,2022-11-12,2022-11-12,55,61,61,Received
PO50439,1135,S001,Merida Industry,2022-09-20,2022-11-14,2022-11-14,55,63,63,Received
PO50440,1152,S001,Merida Industry,2022-09-20,2022-11-14,2022-11-14,55,61,61,Received
PO50441,1040,S001,Merida Industry,2022-09-22,2022-11-16,2022-11-16,55,62,62,Received
PO50442,1097,S001,Merida Industry,2022-09-22,2022-11-16,2022-11-16,55,60,60,Received
PO50443,1145,S001,Merida Industry,2022-09-23,2022-11-17,2022-11-17,55,62,62,Received
PO50444,1134,S001,Merida Industry,2022-09-26,2022-11-20,2022-11-20,55,60,60,Received
PO50445,1136,S001,Merida Industry,2022-09-26,2022-11-20,2022-11-20,55,62,62,Received
PO50446,1041,S001,Merida Industry,2022-09-27,2022-11-21,2022-11-21,55,61,61,Received
PO50447,1117,S001,Merida Industry,2022-09-28,2022-11-22,2022-11-22,55,61,61,Received
PO50448,1133,S001,Merida Industry,2022-09-29,2022-11-23,2022-11-23,55,63,63,Received
PO50449,1146,S001,Merida Industry,2022-09-29,2022-11-23,2022-11-23,55,60,60,Received
PO50450,1149,S001,Merida Industry,2022-09-29,2022-11-23,2022-11-23,55,60,60,Received
PO50451,1014,S001,Merida Industry,2022-09-30,2022-11-24,2022-11-24,55,60,60,Received
PO50452,1144,S001,Merida Industry,2022-10-01,2022-11-25,2022-11-25,55,60,60,Received
PO50453,1015,S001,Merida Industry,2022-10-03,2022-11-27,2022-11-27,55,64,64,Received
PO50454,1154,S001,Merida Industry,2022-10-03,2022-11-27,2022-11-27,55,62,62,Received
PO50455,1018,S001,Merida Industry,2022-10-04,2022-11-28,2022-11-28,55,64,64,Received
PO50456,1059,S001,Merida Industry,2022-10-04,2022-11-28,2022-11-28,55,61,61,Received
PO50457,1061,S001,Merida Industry,2022-10-05,2022-11-29,2022-11-29,55,63,63,Received
PO50458,1008,S001,Merida Industry,2022-10-08,2022-12-02,2022-12-02,55,60,60,Received
PO50459,1048,S001,Merida Industry,2022-10-10,2022-12-04,2022-12-04,55,62,62,Received
PO50460,1139,S001,Merida Industry,2022-10-10,2022-12-04,2022-12-04,55,61,61,Received
PO50461,1157,S001,Merida Industry,2022-10-10,2022-12-04,2022-12-04,55,63,63,Received
PO50462,1095,S001,Merida Industry,2022-10-11,2022-12-05,2022-12-05,55,60,60,Received
PO50463,1022,S001,Merida Industry,2022-10-13,2022-12-07,2022-12-07,55,60,60,Received
PO50464,1178,S001,Merida Industry,2022-10-14,2022-12-08,2022-12-08,55,63,63,Received
PO50465,1137,S001,Merida Industry,2022-10-15,2022-12-09,2022-12-09,55,60,60,Received
PO50466,1127,S001,Merida Industry,2022-10-17,2022-12-11,2022-12-11,55,61,61,Received
PO50467,1010,S001,Merida Industry,2022-10-18,2022-12-12,2022-12-12,55,61,61,Received
PO50468,1017,S001,Merida Industry,2022-10-18,2022-12-12,2022-12-12,55,62,62,Received
PO50469,1150,S001,Merida Industry,2022-10-18,2022-12-12,2022-12-12,55,60,60,Received
PO50470,1045,S001,Merida Industry,2022-10-19,2022-12-13,2022-12-13,55,63,63,Received
PO50471,1021,S001,Merida Industry,2022-10-20,2022-12-14,2022-12-14,55,62,62,Received
PO50472,1027,S001,Merida Industry,2022-10-21,2022-12-15,2022-12-15,55,60,60,Received
PO50473,1140,S001,Merida Industry,2022-10-21,2022-12-15,2022-12-15,55,60,60,Received
PO50474,1141,S001,Merida Industry,2022-10-22,2022-12-16,2022-12-16,55,61,61,Received
PO50475,1011,S001,Merida Industry,2022-10-25,2022-12-19,2022-12-19,55,60,60,Received
PO50476,1016,S001,Merida Industry,2022-10-25,2022-12-19,2022-12-19,55,61,61,Received
PO50477,1020,S001,Merida Industry,2022-10-25,2022-12-19,2022-12-19,55,60,60,Received
PO50478,1103,S001,Merida Industry,2022-10-25,2022-12-19,2022-12-19,55,67,67,Received
PO50479,1025,S001,Merida Industry,2022-10-26,2022-12-20,2022-12-20,55,61,61,Received
PO50480,1101,S001,Merida Industry,2022-10-26,2022-12-20,2022-12-20,55,60,60,Received
PO50481,1013,S001,Merida Industry,2022-10-27,2022-12-21,2022-12-21,55,64,64,Received
PO50482,1131,S001,Merida Industry,2022-10-27,2022-12-21,2022-12-21,55,62,62,Received
PO50483,1073,S001,Merida Industry,2022-10-29,2022-12-23,2022-12-23,55,60,60,Received
PO50484,1104,S001,Merida Industry,2022-10-31,2022-12-25,2022-12-25,55,63,63,Received
PO50485,1105,S001,Merida Industry,2022-10-31,2022-12-25,2022-12-25,55,60,60,Received
PO50486,1194,S002,Ideal Bike Corp,2022-10-31,2022-12-15,2022-12-15,45,61,61,Received
PO50487,1203,S002,Ideal Bike Corp,2022-10-31,2022-12-15,2022-12-15,45,61,61,Received
PO50488,1065,S001,Merida Industry,2022-11-02,2022-12-27,2022-12-27,55,60,60,Received
PO50489,1089,S001,Merida Industry,2022-11-02,2022-12-27,2022-12-27,55,63,63,Received
PO50490,1202,S002,Ideal Bike Corp,2022-11-02,2022-12-17,2022-12-17,45,61,61,Received
PO50491,1019,S001,Merida Industry,2022-11-03,2022-12-28,2022-12-28,55,63,63,Received
PO50492,1024,S001,Merida Industry,2022-11-03,2022-12-28,2022-12-28,55,68,68,Received
PO50493,1129,S001,Merida Industry,2022-11-03,2022-12-28,2022-12-28,55,63,63,Received
PO50494,1162,S001,Merida Industry,2022-11-03,2022-12-28,2022-12-28,55,60,60,Received
PO50495,1195,S002,Ideal Bike Corp,2022-11-05,2022-12-20,2022-12-20,45,60,60,Received
PO50496,1052,S001,Merida Industry,2022-11-07,2023-01-01,2023-01-01,55,62,62,Received
PO50497,1079,S001,Merida Industry,2022-11-08,2023-01-02,2023-01-02,55,60,60,Received
PO50498,1026,S001,Merida Industry,2022-11-09,2023-01-03,2023-01-03,55,61,61,Received
PO50499,1038,S001,Merida Industry,2022-11-09,2023-01-03,2023-01-03,55,60,60,Received
PO50500,1077,S001,Merida Industry,2022-11-09,2023-01-03,2023-01-03,55,60,60,Received
PO50501,1167,S001,Merida Industry,2022-11-09,2023-01-03,2023-01-03,55,63,63,Received
PO50502,1170,S001,Merida Industry,2022-11-09,2023-01-03,2023-01-03,55,60,60,Received
PO50503,1075,S001,Merida Industry,2022-11-10,2023-01-04,2023-01-04,55,62,62,Received
PO50504,1083,S001,Merida Industry,2022-11-10,2023-01-04,2023-01-04,55,69,69,Received
PO50505,1100,S001,Merida Industry,2022-11-10,2023-01-04,2023-01-04,55,60,60,Received
PO50506,1071,S001,Merida Industry,2022-11-11,2023-01-05,2023-01-05,55,60,60,Received
PO50507,1098,S001,Merida Industry,2022-11-11,2023-01-05,2023-01-05,55,63,63,Received
PO50508,1148,S001,Merida Industry,2022-11-11,2023-01-05,2023-01-05,55,60,60,Received
PO50509,1072,S001,Merida Industry,2022-11-14,2023-01-08,2023-01-08,55,62,62,Received
PO50510,1078,S001,Merida Industry,2022-11-14,2023-01-08,2023-01-08,55,65,65,Received
PO50511,1102,S001,Merida Industry,2022-11-14,2023-01-08,2023-01-08,55,64,64,Received
PO50512,1107,S001,Merida Industry,2022-11-14,2023-01-08,2023-01-08,55,60,60,Received
PO50513,1076,S001,Merida Industry,2022-11-15,2023-01-09,2023-01-09,55,60,60,Received
PO50514,1090,S001,Merida Industry,2022-11-15,2023-01-09,2023-01-09,55,60,60,Received
PO50515,1096,S001,Merida Industry,2022-11-15,2023-01-09,2023-01-09,55,61,61,Received
PO50516,1106,S001,Merida Industry,2022-11-15,2023-01-09,2023-01-09,55,60,60,Received
PO50517,1108,S001,Merida Industry,2022-11-15,2023-01-09,2023-01-09,55,65,65,Received
PO50518,1085,S001,Merida Industry,2022-11-16,2023-01-10,2023-01-10,55,60,60,Received
PO50519,1114,S001,Merida Industry,2022-11-16,2023-01-10,2023-01-10,55,60,60,Received
PO50520,1118,S001,Merida Industry,2022-11-16,2023-01-10,2023-01-10,55,64,64,Received
PO50521,1143,S001,Merida Industry,2022-11-16,2023-01-10,2023-01-10,55,62,62,Received
PO50522,1197,S002,Ideal Bike Corp,2022-11-16,2022-12-31,2022-12-31,45,60,60,Received
PO50523,1028,S001,Merida Industry,2022-11-18,2023-01-12,2023-01-12,55,63,63,Received
PO50524,1081,S001,Merida Industry,2022-11-18,2023-01-12,2023-01-12,55,61,61,Received
PO50525,1087,S001,Merida Industry,2022-11-18,2023-01-12,2023-01-12,55,66,66,Received
PO50526,1163,S001,Merida Industry,2022-11-18,2023-01-12,2023-01-12,55,61,61,Received
PO50527,1169,S001,Merida Industry,2022-11-21,2023-01-15,2023-01-15,55,60,60,Received
PO50528,1069,S001,Merida Industry,2022-11-22,2023-01-16,2023-01-16,55,60,60,Received
PO50529,1111,S001,Merida Industry,2022-11-22,2023-01-16,2023-01-16,55,62,62,Received
PO50530,1060,S001,Merida Industry,2022-11-23,2023-01-17,2023-01-17,55,61,61,Received
PO50531,1070,S001,Merida Industry,2022-11-23,2023-01-17,2023-01-17,55,61,61,Received
PO50532,1091,S001,Merida Industry,2022-11-23,2023-01-17,2023-01-17,55,60,60,Received
PO50533,1006,S001,Merida Industry,2022-11-24,2023-01-18,2023-01-18,55,60,60,Received
PO50534,1080,S001,Merida Industry,2022-11-24,2023-01-18,2023-01-18,55,64,64,Received
PO50535,1056,S001,Merida Industry,2022-11-25,2023-01-19,2023-01-19,55,63,63,Received
PO50536,1109,S001,Merida Industry,2022-11-25,2023-01-19,2023-01-19,55,61,61,Received
PO50537,1054,S001,Merida Industry,2022-11-28,2023-01-22,2023-01-22,55,60,60,Received
PO50538,1112,S001,Merida Industry,2022-11-28,2023-01-22,2023-01-22,55,66,66,Received
PO50539,1113,S001,Merida Industry,2022-11-28,2023-01-22,2023-01-22,55,62,62,Received
PO50540,1165,S001,Merida Industry,2022-11-28,2023-01-22,2023-01-22,55,60,60,Received
PO50541,1086,S001,Merida Industry,2022-11-29,2023-01-23,2023-01-23,55,62,62,Received
PO50542,1110,S001,Merida Industry,2022-11-29,2023-01-23,2023-01-23,55,63,63,Received
PO50543,1046,S001,Merida Industry,2022-11-30,2023-01-24,2023-01-24,55,62,62,Received
PO50544,1049,S001,Merida Industry,2022-12-01,2023-01-25,2023-01-25,55,60,60,Received
PO50545,1093,S001,Merida Industry,2022-12-02,2023-01-26,2023-01-26,55,60,60,Received
PO50546,1180,S001,Merida Industry,2022-12-04,2023-01-28,2023-01-28,55,61,61,Received
PO50547,1200,S002,Ideal Bike Corp,2022-12-05,2023-01-19,2023-01-19,45,60,60,Received
PO50548,1030,S001,Merida Industry,2022-12-06,2023-01-30,2023-01-30,55,60,60,Received
PO50549,1053,S001,Merida Industry,2022-12-06,2023-01-30,2023-01-30,55,60,60,Received
PO50550,1068,S001,Merida Industry,2022-12-06,2023-01-30,2023-01-30,55,62,62,Received
PO50551,1023,S001,Merida Industry,2022-12-07,2023-01-31,2023-01-31,55,63,63,Received
PO50552,1082,S001,Merida Industry,2022-12-07,2023-01-31,2023-01-31,55,61,61,Received
PO50553,1088,S001,Merida Industry,2022-12-07,2023-01-31,2023-01-31,55,60,60,Received
PO50554,1142,S001,Merida Industry,2022-12-07,2023-01-31,2023-01-31,55,67,67,Received
PO50555,1084,S001,Merida Industry,2022-12-08,2023-02-01,2023-02-01,55,60,60,Received
PO50556,1047,S001,Merida Industry,2022-12-09,2023-02-02,2023-02-02,55,60,60,Received
PO50557,1074,S001,Merida Industry,2022-12-09,2023-02-02,2023-02-02,55,65,65,Received
PO50558,1099,S001,Merida Industry,2022-12-10,2023-02-03,2023-02-03,55,62,62,Received
PO50559,1116,S001,Merida Industry,2022-12-12,2023-02-05,2023-02-05,55,60,60,Received
PO50560,1172,S001,Merida Industry,2022-12-13,2023-02-06,2023-02-06,55,61,61,Received
PO50561,1173,S001,Merida Industry,2022-12-14,2023-02-07,2023-02-07,55,60,60,Received
PO50562,1183,S002,Ideal Bike Corp,2022-12-14,2023-01-28,2023-01-28,45,63,63,Received
PO50563,1193,S002,Ideal Bike Corp,2022-12-14,2023-01-28,2023-01-28,45,62,62,Received
PO50564,1166,S001,Merida Industry,2022-12-19,2023-02-12,2023-02-12,55,60,60,Received
PO50565,1138,S001,Merida Industry,2022-12-21,2023-02-14,2023-02-14,55,63,63,Received
PO50566,1039,S001,Merida Industry,2022-12-22,2023-02-15,2023-02-15,55,61,61,Received
PO50567,1119,S001,Merida Industry,2022-12-22,2023-02-15,2023-02-15,55,61,61,Received
PO50568,1115,S001,Merida Industry,2022-12-28,2023-02-21,2023-02-21,55,61,61,Received
PO50569,1135,S001,Merida Industry,2022-12-28,2023-02-21,2023-02-21,55,60,60,Received
PO50570,1181,S002,Ideal Bike Corp,2022-12-28,2023-02-11,2023-02-11,45,61,61,Received
PO50571,1050,S001,Merida Industry,2022-12-30,2023-02-23,2023-02-23,55,61,61,Received
PO50572,1057,S001,Merida Industry,2022-12-31,2023-02-24,2023-02-24,55,60,60,Received
PO50573,1133,S001,Merida Industry,2023-01-03,2023-02-27,2023-02-27,55,60,60,Received
PO50574,1009,S001,Merida Industry,2023-01-04,2023-02-28,2023-02-28,55,60,60,Received
PO50575,1136,S001,Merida Industry,2023-01-04,2023-02-28,2023-02-28,55,60,60,Received
PO50576,1156,S001,Merida Industry,2023-01-04,2023-02-28,2023-02-28,55,62,62,Received
PO50577,1130,S001,Merida Industry,2023-01-05,2023-03-01,2023-03-01,55,60,60,Received
PO50578,1134,S001,Merida Industry,2023-01-06,2023-03-02,2023-03-02,55,60,60,Received
PO50579,1029,S001,Merida Industry,2023-01-09,2023-03-05,2023-03-05,55,66,66,Received
PO50580,1120,S001,Merida Industry,2023-01-10,2023-03-06,2023-03-06,55,63,63,Received
PO50581,1153,S001,Merida Industry,2023-01-11,2023-03-07,2023-03-07,55,60,60,Received
PO50582,1140,S001,Merida Industry,2023-01-14,2023-03-10,2023-03-10,55,60,60,Received
PO50583,1177,S001,Merida Industry,2023-01-14,2023-03-10,2023-03-10,55,61,61,Received
PO50584,1051,S001,Merida Industry,2023-01-16,2023-03-12,2023-03-12,55,61,61,Received
PO50585,1137,S001,Merida Industry,2023-01-16,2023-03-12,2023-03-12,55,64,64,Received
PO50586,1044,S001,Merida Industry,2023-01-17,2023-03-13,2023-03-13,55,60,60,Received
PO50587,1164,S001,Merida Industry,2023-01-18,2023-03-14,2023-03-14,55,62,62,Received
PO50588,1097,S001,Merida Industry,2023-01-20,2023-03-16,2023-03-16,55,60,60,Received
PO50589,1147,S001,Merida Industry,2023-01-21,2023-03-17,2023-03-17,55,60,60,Received
PO50590,1002,S001,Merida Industry,2023-01-22,2023-03-18,2023-03-18,55,60,60,Received
PO50591,1104,S001,Merida Industry,2023-01-22,2023-03-18,2023-03-18,55,60,60,Received
PO50592,1105,S001,Merida Industry,2023-01-23,2023-03-19,2023-03-19,55,64,64,Received
PO50593,1067,S001,Merida Industry,2023-01-24,2023-03-20,2023-03-20,55,62,62,Received
PO50594,1073,S001,Merida Industry,2023-01-24,2023-03-20,2023-03-20,55,62,62,Received
PO50595,1079,S001,Merida Industry,2023-01-24,2023-03-20,2023-03-20,55,61,61,Received
PO50596,1123,S001,Merida Industry,2023-01-26,2023-03-22,2023-03-22,55,60,60,Received
PO50597,1014,S001,Merida Industry,2023-01-27,2023-03-23,2023-03-23,55,63,63,Received
PO50598,1075,S001,Merida Industry,2023-02-01,2023-03-28,2023-03-28,55,62,62,Received
PO50599,1106,S001,Merida Industry,2023-02-01,2023-03-28,2023-03-28,55,64,64,Received
PO50600,1016,S001,Merida Industry,2023-02-02,2023-03-29,2023-03-29,55,60,60,Received
PO50601,1043,S001,Merida Industry,2023-02-02,2023-03-29,2023-03-29,55,62,62,Received
PO50602,1192,S002,Ideal Bike Corp,2023-02-04,2023-03-21,2023-03-21,45,60,60,Received
PO50603,1083,S001,Merida Industry,2023-02-05,2023-04-01,2023-04-01,55,60,60,Received
PO50604,1015,S001,Merida Industry,2023-02-07,2023-04-03,2023-04-03,55,60,60,Received
PO50605,1018,S001,Merida Industry,2023-02-07,2023-04-03,2023-04-03,55,62,62,Received
PO50606,1128,S001,Merida Industry,2023-02-07,2023-04-03,2023-04-03,55,61,61,Received
PO50607,1141,S001,Merida Industry,2023-02-07,2023-04-03,2023-04-03,55,68,68,Received
PO50608,1103,S001,Merida Industry,2023-02-08,2023-04-04,2023-04-04,55,60,60,Received
PO50609,1107,S001,Merida Industry,2023-02-08,2023-04-04,2023-04-04,55,60,60,Received
PO50610,1108,S001,Merida Industry,2023-02-08,2023-04-04,2023-04-04,55,60,60,Received
PO50611,1114,S001,Merida Industry,2023-02-08,2023-04-04,2023-04-04,55,60,60,Received
PO50612,1144,S001,Merida Industry,2023-02-09,2023-04-05,2023-04-05,55,63,63,Received
PO50613,1158,S001,Merida Industry,2023-02-09,2023-04-05,2023-04-05,55,60,60,Received
PO50614,1017,S001,Merida Industry,2023-02-10,2023-04-06,2023-04-06,55,60,60,Received
PO50615,1076,S001,Merida Industry,2023-02-10,2023-04-06,2023-04-06,55,61,61,Received
PO50616,1078,S001,Merida Industry,2023-02-10,2023-04-06,2023-04-06,55,62,62,Received
PO50617,1150,S001,Merida Industry,2023-02-12,2023-04-08,2023-04-08,55,60,60,Received
PO50618,1007,S001,Merida Industry,2023-02-13,2023-04-09,2023-04-09,55,63,63,Received
PO50619,1021,S001,Merida Industry,2023-02-13,2023-04-09,2023-04-09,55,60,60,Received
PO50620,1022,S001,Merida Industry,2023-02-13,2023-04-09,2023-04-09,55,61,61,Received
PO50621,1111,S001,Merida Industry,2023-02-14,2023-04-10,2023-04-10,55,60,60,Received
PO50622,1113,S001,Merida Industry,2023-02-14,2023-04-10,2023-04-10,55,60,60,Received
PO50623,1020,S001,Merida Industry,2023-02-15,2023-04-11,2023-04-11,55,60,60,Received
PO50624,1139,S001,Merida Industry,2023-02-15,2023-04-11,2023-04-11,55,62,62,Received
PO50625,1179,S001,Merida Industry,2023-02-15,2023-04-11,2023-04-11,55,60,60,Received
PO50626,1110,S001,Merida Industry,2023-02-16,2023-04-12,2023-04-12,55,60,60,Received
PO50627,1146,S001,Merida Industry,2023-02-16,2023-04-12,2023-04-12,55,61,61,Received
PO50628,1101,S001,Merida Industry,2023-02-17,2023-04-13,2023-04-13,55,62,62,Received
PO50629,1077,S001,Merida Industry,2023-02-18,2023-04-14,2023-04-14,55,60,60,Received
PO50630,1081,S001,Merida Industry,2023-02-20,2023-04-16,2023-04-16,55,61,61,Received
PO50631,1132,S001,Merida Industry,2023-02-21,2023-04-17,2023-04-17,55,61,61,Received
PO50632,1074,S001,Merida Industry,2023-02-22,2023-04-18,2023-04-18,55,62,62,Received
PO50633,1085,S001,Merida Industry,2023-02-23,2023-04-19,2023-04-19,55,62,62,Received
PO50634,1117,S001,Merida Industry,2023-02-24,2023-04-20,2023-04-20,55,62,62,Received
PO50635,1145,S001,Merida Industry,2023-02-24,2023-04-20,2023-04-20,55,60,60,Received
PO50636,1112,S001,Merida Industry,2023-02-28,2023-04-24,2023-04-24,55,63,63,Received
PO50637,1160,S001,Merida Industry,2023-03-01,2023-04-25,2023-04-25,55,60,60,Received
PO50638,1084,S001,Merida Industry,2023-03-02,2023-04-26,2023-04-26,55,61,61,Received
PO50639,1151,S001,Merida Industry,2023-03-02,2023-04-26,2023-04-26,55,61,61,Received
PO50640,1201,S002,Ideal Bike Corp,2023-03-02,2023-04-16,2023-04-16,45,60,60,Received
PO50641,1159,S001,Merida Industry,2023-03-03,2023-04-27,2023-04-27,55,62,62,Received
PO50642,1071,S001,Merida Industry,2023-03-04,2023-04-28,2023-04-28,55,61,61,Received
PO50643,1090,S001,Merida Industry,2023-03-04,2023-04-28,2023-04-28,55,61,61,Received
PO50644,1149,S001,Merida Industry,2023-03-07,2023-05-01,2023-05-01,55,61,61,Received
PO50645,1048,S001,Merida Industry,2023-03-08,2023-05-02,2023-05-02,55,60,60,Received
PO50646,1100,S001,Merida Industry,2023-03-08,2023-05-02,2023-05-02,55,61,61,Received
PO50647,1008,S001,Merida Industry,2023-03-09,2023-05-03,2023-05-03,55,62,62,Received
PO50648,1089,S001,Merida Industry,2023-03-09,2023-05-03,2023-05-03,55,62,62,Received
PO50649,1070,S001,Merida Industry,2023-03-10,2023-05-04,2023-05-04,55,63,63,Received
PO50650,1143,S001,Merida Industry,2023-03-10,2023-05-04,2023-05-04,55,66,66,Received
PO50651,1080,S001,Merida Industry,2023-03-13,2023-05-07,2023-05-07,55,63,63,Received
PO50652,1082,S001,Merida Industry,2023-03-13,2023-05-07,2023-05-07,55,63,63,Received
PO50653,1168,S001,Merida Industry,2023-03-13,2023-05-07,2023-05-07,55,60,60,Received
PO50654,1175,S001,Merida Industry,2023-03-13,2023-05-07,2023-05-07,55,61,61,Received
PO50655,1005,S001,Merida Industry,2023-03-14,2023-05-08,2023-05-08,55,66,66,Received
PO50656,1013,S001,Merida Industry,2023-03-14,2023-05-08,2023-05-08,55,60,60,Received
PO50657,1109,S001,Merida Industry,2023-03-14,2023-05-08,2023-05-08,55,62,62,Received
PO50658,1024,S001,Merida Industry,2023-03-15,2023-05-09,2023-05-09,55,60,60,Received
PO50659,1019,S001,Merida Industry,2023-03-16,2023-05-10,2023-05-10,55,60,60,Received
PO50660,1138,S001,Merida Industry,2023-03-16,2023-05-10,2023-05-10,55,62,62,Received
PO50661,1135,S001,Merida Industry,2023-03-17,2023-05-11,2023-05-11,55,63,63,Received
PO50662,1142,S001,Merida Industry,2023-03-17,2023-05-11,2023-05-11,55,61,61,Received
PO50663,1087,S001,Merida Industry,2023-03-18,2023-05-12,2023-05-12,55,61,61,Received
PO50664,1131,S001,Merida Industry,2023-03-18,2023-05-12,2023-05-12,55,60,60,Received
PO50665,1161,S001,Merida Industry,2023-03-18,2023-05-12,2023-05-12,55,60,60,Received
PO50666,1064,S001,Merida Industry,2023-03-19,2023-05-13,2023-05-13,55,61,61,Received
PO50667,1045,S001,Merida Industry,2023-03-20,2023-05-14,2023-05-14,55,60,60,Received
PO50668,1068,S001,Merida Industry,2023-03-20,2023-05-14,2023-05-14,55,60,60,Received
PO50669,1086,S001,Merida Industry,2023-03-21,2023-05-15,2023-05-15,55,60,60,Received
PO50670,1174,S001,Merida Industry,2023-03-21,2023-05-15,2023-05-15,55,60,60,Received
PO50671,1023,S001,Merida Industry,2023-03-23,2023-05-17,2023-05-17,55,61,61,Received
PO50672,1063,S001,Merida Industry,2023-03-24,2023-05-18,2023-05-18,55,60,60,Received
PO50673,1088,S001,Merida Industry,2023-03-24,2023-05-18,2023-05-18,55,60,60,Received
PO50674,1098,S001,Merida Industry,2023-03-24,2023-05-18,2023-05-18,55,60,60,Received
PO50675,1010,S001,Merida Industry,2023-03-25,2023-05-19,2023-05-19,55,60,60,Received
PO50676,1136,S001,Merida Industry,2023-03-27,2023-05-21,2023-05-21,55,63,63,Received
PO50677,1092,S001,Merida Industry,2023-03-28,2023-05-22,2023-05-22,55,60,60,Received
PO50678,1171,S001,Merida Industry,2023-03-28,2023-05-22,2023-05-22,55,60,60,Received
PO50679,1062,S001,Merida Industry,2023-03-29,2023-05-23,2023-05-23,55,60,60,Received
PO50680,1102,S001,Merida Industry,2023-03-29,2023-05-23,2023-05-23,55,63,63,Received
PO50681,1118,S001,Merida Industry,2023-03-29,2023-05-23,2023-05-23,55,60,60,Received
PO50682,1027,S001,Merida Industry,2023-03-31,2023-05-25,2023-05-25,55,61,61,Received
PO50683,1035,S001,Merida Industry,2023-03-31,2023-05-25,2023-05-25,55,61,61,Received
PO50684,1047,S001,Merida Industry,2023-03-31,2023-05-25,2023-05-25,55,60,60,Received
PO50685,1116,S001,Merida Industry,2023-03-31,2023-05-25,2023-05-25,55,61,61,Received
PO50686,1127,S001,Merida Industry,2023-03-31,2023-05-25,2023-05-25,55,63,63,Received
PO50687,1137,S001,Merida Industry,2023-03-31,2023-05-25,2023-05-25,55,60,60,Received
PO50688,1046,S001,Merida Industry,2023-04-01,2023-05-26,2023-05-26,55,60,60,Received
PO50689,1119,S001,Merida Industry,2023-04-01,2023-05-26,2023-05-26,55,60,60,Received
PO50690,1072,S001,Merida Industry,2023-04-03,2023-05-28,2023-05-28,55,60,60,Received
PO50691,1097,S001,Merida Industry,2023-04-03,2023-05-28,2023-05-28,55,61,61,Received
PO50692,1099,S001,Merida Industry,2023-04-03,2023-05-28,2023-05-28,55,61,61,Received
PO50693,1011,S001,Merida Industry,2023-04-04,2023-05-29,2023-05-29,55,60,60,Received
PO50694,1105,S001,Merida Industry,2023-04-04,2023-05-29,2023-05-29,55,63,63,Received
PO50695,1134,S001,Merida Industry,2023-04-04,2023-05-29,2023-05-29,55,60,60,Received
PO50696,1140,S001,Merida Industry,2023-04-04,2023-05-29,2023-05-29,55,61,61,Received
PO50697,1073,S001,Merida Industry,2023-04-05,2023-05-30,2023-05-30,55,61,61,Received
PO50698,1148,S001,Merida Industry,2023-04-05,2023-05-30,2023-05-30,55,65,65,Received
PO50699,1069,S001,Merida Industry,2023-04-06,2023-05-31,2023-05-31,55,60,60,Received
PO50700,1058,S001,Merida Industry,2023-04-07,2023-06-01,2023-06-01,55,61,61,Received
PO50701,1133,S001,Merida Industry,2023-04-07,2023-06-01,2023-06-01,55,66,66,Received
PO50702,1001,S001,Merida Industry,2023-04-11,2023-06-05,2023-06-05,55,60,60,Received
PO50703,1104,S001,Merida Industry,2023-04-11,2023-06-05,2023-06-05,55,61,61,Received
PO50704,1121,S001,Merida Industry,2023-04-11,2023-06-05,2023-06-05,55,62,62,Received
PO50705,1130,S001,Merida Industry,2023-04-11,2023-06-05,2023-06-05,55,63,63,Received
PO50706,1075,S001,Merida Industry,2023-04-12,2023-06-06,2023-06-06,55,61,61,Received
PO50707,1106,S001,Merida Industry,2023-04-13,2023-06-07,2023-06-07,55,60,60,Received
PO50708,1025,S001,Merida Industry,2023-04-14,2023-06-08,2023-06-08,55,60,60,Received
PO50709,1103,S001,Merida Industry,2023-04-14,2023-06-08,2023-06-08,55,60,60,Received
PO50710,1124,S001,Merida Industry,2023-04-14,2023-06-08,2023-06-08,55,61,61,Received
PO50711,1129,S001,Merida Industry,2023-04-14,2023-06-08,2023-06-08,55,62,62,Received
PO50712,1196,S002,Ideal Bike Corp,2023-04-14,2023-05-29,2023-05-29,45,60,60,Received
PO50713,1176,S001,Merida Industry,2023-04-15,2023-06-09,2023-06-09,55,63,63,Received
PO50714,1054,S001,Merida Industry,2023-04-17,2023-06-11,2023-06-11,55,60,60,Received
PO50715,1167,S001,Merida Industry,2023-04-17,2023-06-11,2023-06-11,55,60,60,Received
PO50716,1012,S001,Merida Industry,2023-04-18,2023-06-12,2023-06-12,55,62,62,Received
PO50717,1030,S001,Merida Industry,2023-04-18,2023-06-12,2023-06-12,55,62,62,Received
PO50718,1016,S001,Merida Industry,2023-04-19,2023-06-13,2023-06-13,55,63,63,Received
PO50719,1044,S001,Merida Industry,2023-04-19,2023-06-13,2023-06-13,55,60,60,Received
PO50720,1053,S001,Merida Industry,2023-04-19,2023-06-13,2023-06-13,55,60,60,Received
PO50721,1078,S001,Merida Industry,2023-04-19,2023-06-13,2023-06-13,55,66,66,Received
PO50722,1079,S001,Merida Industry,2023-04-19,2023-06-13,2023-06-13,55,61,61,Received
PO50723,1094,S001,Merida Industry,2023-04-19,2023-06-13,2023-06-13,55,61,61,Received
PO50724,1107,S001,Merida Industry,2023-04-19,2023-06-13,2023-06-13,55,63,63,Received
PO50725,1114,S001,Merida Industry,2023-04-19,2023-06-13,2023-06-13,55,60,60,Received
PO50726,1164,S001,Merida Industry,2023-04-20,2023-06-14,2023-06-14,55,61,61,Received
PO50727,1009,S001,Merida Industry,2023-04-21,2023-06-15,2023-06-15,55,61,61,Received
PO50728,1018,S001,Merida Industry,2023-04-21,2023-06-15,2023-06-15,55,61,61,Received
PO50729,1026,S001,Merida Industry,2023-04-22,2023-06-16,2023-06-16,55,62,62,Received
PO50730,1014,S001,Merida Industry,2023-04-24,2023-06-18,2023-06-18,55,62,62,Received
PO50731,1076,S001,Merida Industry,2023-04-24,2023-06-18,2023-06-18,55,60,60,Received
PO50732,1083,S001,Merida Industry,2023-04-24,2023-06-18,2023-06-18,55,64,64,Received
PO50733,1111,S001,Merida Industry,2023-04-24,2023-06-18,2023-06-18,55,62,62,Received
PO50734,1170,S001,Merida Industry,2023-04-24,2023-06-18,2023-06-18,55,60,60,Received
PO50735,1166,S001,Merida Industry,2023-04-25,2023-06-19,2023-06-19,55,61,61,Received
PO50736,1050,S001,Merida Industry,2023-04-26,2023-06-20,2023-06-20,55,60,60,Received
PO50737,1120,S001,Merida Industry,2023-04-26,2023-06-20,2023-06-20,55,61,61,Received
PO50738,1125,S001,Merida Industry,2023-04-26,2023-06-20,2023-06-20,55,61,61,Received
PO50739,1059,S001,Merida Industry,2023-04-27,2023-06-21,2023-06-21,55,61,61,Received
PO50740,1108,S001,Merida Industry,2023-04-27,2023-06-21,2023-06-21,55,62,62,Received
PO50741,1049,S001,Merida Industry,2023-04-28,2023-06-22,2023-06-22,55,61,61,Received
PO50742,1074,S001,Merida Industry,2023-04-28,2023-06-22,2023-06-22,55,61,61,Received
PO50743,1169,S001,Merida Industry,2023-04-28,2023-06-22,2023-06-22,55,60,60,Received
PO50744,1015,S001,Merida Industry,2023-04-30,2023-06-24,2023-06-24,55,60,60,Received
PO50745,1020,S001,Merida Industry,2023-05-01,2023-06-25,2023-06-25,55,64,64,Received
PO50746,1037,S001,Merida Industry,2023-05-01,2023-06-25,2023-06-25,55,60,60,Received
PO50747,1042,S001,Merida Industry,2023-05-01,2023-06-25,2023-06-25,55,62,62,Received
PO50748,1052,S001,Merida Industry,2023-05-01,2023-06-25,2023-06-25,55,61,61,Received
PO50749,1113,S001,Merida Industry,2023-05-01,2023-06-25,2023-06-25,55,62,62,Received
PO50750,1163,S001,Merida Industry,2023-05-01,2023-06-25,2023-06-25,55,60,60,Received
PO50751,1029,S001,Merida Industry,2023-05-02,2023-06-26,2023-06-26,55,60,60,Received
PO50752,1077,S001,Merida Industry,2023-05-02,2023-06-26,2023-06-26,55,66,66,Received
PO50753,1081,S001,Merida Industry,2023-05-03,2023-06-27,2023-06-27,55,60,60,Received
PO50754,1110,S001,Merida Industry,2023-05-03,2023-06-27,2023-06-27,55,61,61,Received
PO50755,1165,S001,Merida Industry,2023-05-03,2023-06-27,2023-06-27,55,60,60,Received
PO50756,1173,S001,Merida Industry,2023-05-04,2023-06-28,2023-06-28,55,60,60,Received
PO50757,1067,S001,Merida Industry,2023-05-05,2023-06-29,2023-06-29,55,62,62,Received
PO50758,1203,S002,Ideal Bike Corp,2023-05-05,2023-06-19,2023-06-19,45,60,60,Received
PO50759,1017,S001,Merida Industry,2023-05-06,2023-06-30,2023-06-30,55,60,60,Received
PO50760,1091,S001,Merida Industry,2023-05-06,2023-06-30,2023-06-30,55,60,60,Received
PO50761,1004,S001,Merida Industry,2023-05-08,2023-07-02,2023-07-02,55,64,64,Received
PO50762,1096,S001,Merida Industry,2023-05-08,2023-07-02,2023-07-02,55,62,62,Received
PO50763,1112,S001,Merida Industry,2023-05-09,2023-07-03,2023-07-03,55,65,65,Received
PO50764,1139,S001,Merida Industry,2023-05-09,2023-07-03,2023-07-03,55,62,62,Received
PO50765,1141,S001,Merida Industry,2023-05-09,2023-07-03,2023-07-03,55,61,61,Received
PO50766,1144,S001,Merida Industry,2023-05-09,2023-07-03,2023-07-03,55,60,60,Received
PO50767,1022,S001,Merida Industry,2023-05-10,2023-07-04,2023-07-04,55,60,60,Received
PO50768,1061,S001,Merida Industry,2023-05-10,2023-07-04,2023-07-04,55,61,61,Received
PO50769,1115,S001,Merida Industry,2023-05-10,2023-07-04,2023-07-04,55,62,62,Received
PO50770,1028,S001,Merida Industry,2023-05-11,2023-07-05,2023-07-05,55,64,64,Received
PO50771,1084,S001,Merida Industry,2023-05-11,2023-07-05,2023-07-05,55,61,61,Received
PO50772,1051,S001,Merida Industry,2023-05-17,2023-07-11,2023-07-11,55,61,61,Received
PO50773,1080,S001,Merida Industry,2023-05-19,2023-07-13,2023-07-13,55,62,62,Received
PO50774,1093,S001,Merida Industry,2023-05-22,2023-07-16,2023-07-16,55,60,60,Received
PO50775,1101,S001,Merida Industry,2023-05-22,2023-07-16,2023-07-16,55,60,60,Received
PO50776,1038,S001,Merida Industry,2023-05-23,2023-07-17,2023-07-17,55,60,60,Received
PO50777,1043,S001,Merida Industry,2023-05-23,2023-07-17,2023-07-17,55,60,60,Received
PO50778,1066,S001,Merida Industry,2023-05-23,2023-07-17,2023-07-17,55,62,62,Received
PO50779,1182,S002,Ideal Bike Corp,2023-05-23,2023-07-07,2023-07-07,45,61,61,Received
PO50780,1143,S001,Merida Industry,2023-05-24,2023-07-18,2023-07-18,55,70,70,Received
PO50781,1195,S002,Ideal Bike Corp,2023-05-24,2023-07-08,2023-07-08,45,63,63,Received
PO50782,1082,S001,Merida Industry,2023-05-25,2023-07-19,2023-07-19,55,67,67,Received
PO50783,1122,S001,Merida Industry,2023-05-25,2023-07-19,2023-07-19,55,62,62,Received
PO50784,1055,S001,Merida Industry,2023-05-26,2023-07-20,2023-07-20,55,63,63,Received
PO50785,1070,S001,Merida Industry,2023-05-26,2023-07-20,2023-07-20,55,61,61,Received
PO50786,1071,S001,Merida Industry,2023-05-26,2023-07-20,2023-07-20,55,61,61,Received
PO50787,1095,S001,Merida Industry,2023-05-26,2023-07-20,2023-07-20,55,63,63,Received
PO50788,1013,S001,Merida Industry,2023-05-27,2023-07-21,2023-07-21,55,62,62,Received
PO50789,1019,S001,Merida Industry,2023-05-27,2023-07-21,2023-07-21,55,60,60,Received
PO50790,1146,S001,Merida Industry,2023-05-28,2023-07-22,2023-07-22,55,60,60,Received
PO50791,1021,S001,Merida Industry,2023-05-29,2023-07-23,2023-07-23,55,60,60,Received
PO50792,1117,S001,Merida Industry,2023-05-29,2023-07-23,2023-07-23,55,63,63,Received
PO50793,1041,S001,Merida Industry,2023-05-30,2023-07-24,2023-07-24,55,60,60,Received
PO50794,1145,S001,Merida Industry,2023-05-30,2023-07-24,2023-07-24,55,63,63,Received
PO50795,1172,S001,Merida Industry,2023-05-30,2023-07-24,2023-07-24,55,61,61,Received
PO50796,1090,S001,Merida Industry,2023-05-31,2023-07-25,2023-07-25,55,61,61,Received
PO50797,1149,S001,Merida Industry,2023-05-31,2023-07-25,2023-07-25,55,61,61,Received
PO50798,1109,S001,Merida Industry,2023-06-01,2023-07-26,2023-07-26,55,64,64,Received
PO50799,1135,S001,Merida Industry,2023-06-01,2023-07-26,2023-07-26,55,65,65,Received
PO50800,1068,S001,Merida Industry,2023-06-02,2023-07-27,2023-07-27,55,62,62,Received
PO50801,1147,S001,Merida Industry,2023-06-02,2023-07-27,2023-07-27,55,62,62,Received
PO50802,1168,S001,Merida Industry,2023-06-04,2023-07-29,2023-07-29,55,60,60,Received
PO50803,1209,S002,Ideal Bike Corp,2023-06-04,2023-07-19,2023-07-19,45,60,60,Received
PO50804,1008,S001,Merida Industry,2023-06-06,2023-07-31,2023-07-31,55,62,62,Received
PO50805,1073,S001,Merida Industry,2023-06-07,2023-08-01,2023-08-01,55,62,62,Received
PO50806,1087,S001,Merida Industry,2023-06-07,2023-08-01,2023-08-01,55,61,61,Received
PO50807,1105,S001,Merida Industry,2023-06-07,2023-08-01,2023-08-01,55,70,70,Received
PO50808,1142,S001,Merida Industry,2023-06-07,2023-08-01,2023-08-01,55,61,61,Received
PO50809,1023,S001,Merida Industry,2023-06-08,2023-08-02,2023-08-02,55,62,62,Received
PO50810,1126,S001,Merida Industry,2023-06-08,2023-08-02,2023-08-02,55,61,61,Received
PO50811,1132,S001,Merida Industry,2023-06-08,2023-08-02,2023-08-02,55,66,66,Received
PO50812,1136,S001,Merida Industry,2023-06-08,2023-08-02,2023-08-02,55,62,62,Received
PO50813,1024,S001,Merida Industry,2023-06-09,2023-08-03,2023-08-03,55,62,62,Received
PO50814,1200,S002,Ideal Bike Corp,2023-06-09,2023-07-24,2023-07-24,45,62,62,Received
PO50815,1204,S002,Ideal Bike Corp,2023-06-10,2023-07-25,2023-07-25,45,61,61,Received
PO50816,1137,S001,Merida Industry,2023-06-11,2023-08-05,2023-08-05,55,62,62,Received
PO50817,1089,S001,Merida Industry,2023-06-12,2023-08-06,2023-08-06,55,61,61,Received
PO50818,1138,S001,Merida Industry,2023-06-12,2023-08-06,2023-08-06,55,61,61,Received
PO50819,1140,S001,Merida Industry,2023-06-13,2023-08-07,2023-08-07,55,62,62,Received
PO50820,1197,S002,Ideal Bike Corp,2023-06-15,2023-07-30,2023-07-30,45,65,65,Received
PO50821,1007,S001,Merida Industry,2023-06-16,2023-08-10,2023-08-10,55,61,61,Received
PO50822,1039,S001,Merida Industry,2023-06-16,2023-08-10,2023-08-10,55,62,62,Received
PO50823,1065,S001,Merida Industry,2023-06-16,2023-08-10,2023-08-10,55,62,62,Received
PO50824,1128,S001,Merida Industry,2023-06-16,2023-08-10,2023-08-10,55,61,61,Received
PO50825,1174,S001,Merida Industry,2023-06-16,2023-08-10,2023-08-10,55,60,60,Received
PO50826,1100,S001,Merida Industry,2023-06-19,2023-08-13,2023-08-13,55,60,60,Received
PO50827,1033,S001,Merida Industry,2023-06-20,2023-08-14,2023-08-14,55,60,60,Received
PO50828,1075,S001,Merida Industry,2023-06-20,2023-08-14,2023-08-14,55,61,61,Received
PO50829,1133,S001,Merida Industry,2023-06-20,2023-08-14,2023-08-14,55,61,61,Received
PO50830,1060,S001,Merida Industry,2023-06-21,2023-08-15,2023-08-15,55,62,62,Received
PO50831,1088,S001,Merida Industry,2023-06-21,2023-08-15,2023-08-15,55,60,60,Received
PO50832,1116,S001,Merida Industry,2023-06-21,2023-08-15,2023-08-15,55,60,60,Received
PO50833,1134,S001,Merida Industry,2023-06-21,2023-08-15,2023-08-15,55,62,62,Received
PO50834,1114,S001,Merida Industry,2023-06-22,2023-08-16,2023-08-16,55,62,62,Received
PO50835,1057,S001,Merida Industry,2023-06-23,2023-08-17,2023-08-17,55,61,61,Received
PO50836,1085,S001,Merida Industry,2023-06-23,2023-08-17,2023-08-17,55,60,60,Received
PO50837,1193,S002,Ideal Bike Corp,2023-06-23,2023-08-07,2023-08-07,45,63,63,Received
PO50838,1118,S001,Merida Industry,2023-06-25,2023-08-19,2023-08-19,55,61,61,Received
PO50839,1018,S001,Merida Industry,2023-06-26,2023-08-20,2023-08-20,55,63,63,Received
PO50840,1078,S001,Merida Industry,2023-06-26,2023-08-20,2023-08-20,55,74,74,Received
PO50841,1086,S001,Merida Industry,2023-06-26,2023-08-20,2023-08-20,55,62,62,Received
PO50842,1104,S001,Merida Industry,2023-06-26,2023-08-20,2023-08-20,55,60,60,Received
PO50843,1106,S001,Merida Industry,2023-06-26,2023-08-20,2023-08-20,55,67,67,Received
PO50844,1119,S001,Merida Industry,2023-06-26,2023-08-20,2023-08-20,55,60,60,Received
PO50845,1079,S001,Merida Industry,2023-06-27,2023-08-21,2023-08-21,55,60,60,Received
PO50846,1102,S001,Merida Industry,2023-06-27,2023-08-21,2023-08-21,55,60,60,Received
PO50847,1003,S001,Merida Industry,2023-06-28,2023-08-22,2023-08-22,55,60,60,Received
PO50848,1011,S001,Merida Industry,2023-06-28,2023-08-22,2023-08-22,55,61,61,Received
PO50849,1048,S001,Merida Industry,2023-06-28,2023-08-22,2023-08-22,55,60,60,Received
PO50850,1056,S001,Merida Industry,2023-06-28,2023-08-22,2023-08-22,55,60,60,Received
PO50851,1103,S001,Merida Industry,2023-06-28,2023-08-22,2023-08-22,55,64,64,Received
PO50852,1107,S001,Merida Industry,2023-06-28,2023-08-22,2023-08-22,55,61,61,Received
PO50853,1040,S001,Merida Industry,2023-06-29,2023-08-23,2023-08-23,55,60,60,Received
PO50854,1046,S001,Merida Industry,2023-06-29,2023-08-23,2023-08-23,55,60,60,Received
PO50855,1072,S001,Merida Industry,2023-06-29,2023-08-23,2023-08-23,55,60,60,Received
PO50856,1157,S001,Merida Industry,2023-06-29,2023-08-23,2023-08-23,55,61,61,Received
PO50857,1076,S001,Merida Industry,2023-06-30,2023-08-24,2023-08-24,55,62,62,Received
PO50858,1098,S001,Merida Industry,2023-06-30,2023-08-24,2023-08-24,55,62,62,Received
PO50859,1210,S002,Ideal Bike Corp,2023-06-30,2023-08-14,2023-08-14,45,61,61,Received
PO50860,1069,S001,Merida Industry,2023-07-01,2023-08-25,2023-08-25,55,60,60,Received
PO50861,1045,S001,Merida Industry,2023-07-03,2023-08-27,2023-08-27,55,60,60,Received
PO50862,1150,S001,Merida Industry,2023-07-03,2023-08-27,2023-08-27,55,61,61,Received
PO50863,1202,S002,Ideal Bike Corp,2023-07-03,2023-08-17,2023-08-17,45,60,60,Received
PO50864,1083,S001,Merida Industry,2023-07-04,2023-08-28,2023-08-28,55,63,63,Received
PO50865,1108,S001,Merida Industry,2023-07-04,2023-08-28,2023-08-28,55,61,61,Received
PO50866,1111,S001,Merida Industry,2023-07-04,2023-08-28,2023-08-28,55,62,62,Received
PO50867,1074,S001,Merida Industry,2023-07-06,2023-08-30,2023-08-30,55,60,60,Received
PO50868,1198,S002,Ideal Bike Corp,2023-07-06,2023-08-20,2023-08-20,45,61,61,Received
PO50869,1127,S001,Merida Industry,2023-07-08,2023-09-01,2023-09-01,55,61,61,Received
PO50870,1081,S001,Merida Industry,2023-07-09,2023-09-02,2023-09-02,55,60,60,Received
PO50871,1171,S001,Merida Industry,2023-07-10,2023-09-03,2023-09-03,55,60,60,Received
PO50872,1010,S001,Merida Industry,2023-07-11,2023-09-04,2023-09-04,55,63,63,Received
PO50873,1110,S001,Merida Industry,2023-07-11,2023-09-04,2023-09-04,55,60,60,Received
PO50874,1113,S001,Merida Industry,2023-07-11,2023-09-04,2023-09-04,55,65,65,Received
PO50875,1014,S001,Merida Industry,2023-07-12,2023-09-05,2023-09-05,55,61,61,Received
PO50876,1099,S001,Merida Industry,2023-07-12,2023-09-05,2023-09-05,55,61,61,Received
PO50877,1077,S001,Merida Industry,2023-07-13,2023-09-06,2023-09-06,55,61,61,Received
PO50878,1097,S001,Merida Industry,2023-07-13,2023-09-06,2023-09-06,55,70,70,Received
PO50879,1194,S002,Ideal Bike Corp,2023-07-13,2023-08-27,2023-08-27,45,60,60,Received
PO50880,1199,S002,Ideal Bike Corp,2023-07-14,2023-08-28,2023-08-28,45,61,61,Received
PO50881,1185,S002,Ideal Bike Corp,2023-07-15,2023-08-29,2023-08-29,45,60,60,Received
PO50882,1015,S001,Merida Industry,2023-07-17,2023-09-10,2023-09-10,55,61,61,Received
PO50883,1092,S001,Merida Industry,2023-07-17,2023-09-10,2023-09-10,55,60,60,Received
PO50884,1016,S001,Merida Industry,2023-07-18,2023-09-11,2023-09-11,55,63,63,Received
PO50885,1017,S001,Merida Industry,2023-07-19,2023-09-12,2023-09-12,55,62,62,Received
PO50886,1027,S001,Merida Industry,2023-07-19,2023-09-12,2023-09-12,55,61,61,Received
PO50887,1049,S001,Merida Industry,2023-07-19,2023-09-12,2023-09-12,55,61,61,Received
PO50888,1131,S001,Merida Industry,2023-07-19,2023-09-12,2023-09-12,55,65,65,Received
PO50889,1084,S001,Merida Industry,2023-07-20,2023-09-13,2023-09-13,55,61,61,Received
PO50890,1067,S001,Merida Industry,2023-07-25,2023-09-18,2023-09-18,55,60,60,Received
PO50891,1112,S001,Merida Industry,2023-07-25,2023-09-18,2023-09-18,55,60,60,Received
PO50892,1129,S001,Merida Industry,2023-07-27,2023-09-20,2023-09-20,55,60,60,Received
PO50893,1130,S001,Merida Industry,2023-07-27,2023-09-20,2023-09-20,55,60,60,Received
PO50894,1002,S001,Merida Industry,2023-07-28,2023-09-21,2023-09-21,55,60,60,Received
PO50895,1025,S001,Merida Industry,2023-07-28,2023-09-21,2023-09-21,55,60,60,Received
PO50896,1044,S001,Merida Industry,2023-07-28,2023-09-21,2023-09-21,55,60,60,Received
PO50897,1141,S001,Merida Industry,2023-07-29,2023-09-22,2023-09-22,55,62,62,Received
PO50898,1120,S001,Merida Industry,2023-07-31,2023-09-24,2023-09-24,55,62,62,Received
PO50899,1080,S001,Merida Industry,2023-08-01,2023-09-25,2023-09-25,55,60,60,Received
PO50900,1022,S001,Merida Industry,2023-08-02,2023-09-26,2023-09-26,55,63,63,Received
PO50901,1139,S001,Merida Industry,2023-08-03,2023-09-27,2023-09-27,55,61,61,Received
PO50902,1208,S002,Ideal Bike Corp,2023-08-03,2023-09-17,2023-09-17,45,60,60,Received
PO50903,1020,S001,Merida Industry,2023-08-04,2023-09-28,2023-09-28,55,61,61,Received
PO50904,1047,S001,Merida Industry,2023-08-04,2023-09-28,2023-09-28,55,62,62,Received
PO50905,1006,S001,Merida Industry,2023-08-05,2023-09-29,2023-09-29,55,63,63,Received
PO50906,1148,S001,Merida Industry,2023-08-07,2023-10-01,2023-10-01,55,60,60,Received
PO50907,1167,S001,Merida Industry,2023-08-07,2023-10-01,2023-10-01,55,62,62,Received
PO50908,1189,S002,Ideal Bike Corp,2023-08-07,2023-09-21,2023-09-21,45,60,60,Received
PO50909,1053,S001,Merida Industry,2023-08-08,2023-10-02,2023-10-02,55,61,61,Received
PO50910,1205,S002,Ideal Bike Corp,2023-08-09,2023-09-23,2023-09-23,45,61,61,Received
PO50911,1190,S002,Ideal Bike Corp,2023-08-10,2023-09-24,2023-09-24,45,63,63,Received
PO50912,1030,S001,Merida Industry,2023-08-11,2023-10-05,2023-10-05,55,60,60,Received
PO50913,1109,S001,Merida Industry,2023-08-11,2023-10-05,2023-10-05,55,64,64,Received
PO50914,1188,S002,Ideal Bike Corp,2023-08-13,2023-09-27,2023-09-27,45,60,60,Received
PO50915,1009,S001,Merida Industry,2023-08-14,2023-10-08,2023-10-08,55,60,60,Received
PO50916,1105,S001,Merida Industry,2023-08-14,2023-10-08,2023-10-08,55,62,62,Received
PO50917,1143,S001,Merida Industry,2023-08-14,2023-10-08,2023-10-08,55,61,61,Received
PO50918,1187,S002,Ideal Bike Corp,2023-08-14,2023-09-28,2023-09-28,45,62,62,Received
PO50919,1012,S001,Merida Industry,2023-08-15,2023-10-09,2023-10-09,55,61,61,Received
PO50920,1050,S001,Merida Industry,2023-08-15,2023-10-09,2023-10-09,55,60,60,Received
PO50921,1144,S001,Merida Industry,2023-08-15,2023-10-09,2023-10-09,55,60,60,Received
PO50922,1170,S001,Merida Industry,2023-08-15,2023-10-09,2023-10-09,55,60,60,Received
PO50923,1179,S001,Merida Industry,2023-08-15,2023-10-09,2023-10-09,55,64,64,Received
PO50924,1082,S001,Merida Industry,2023-08-16,2023-10-10,2023-10-10,55,60,60,Received
PO50925,1196,S002,Ideal Bike Corp,2023-08-16,2023-09-30,2023-09-30,45,60,60,Received
PO50926,1073,S001,Merida Industry,2023-08-19,2023-10-13,2023-10-13,55,60,60,Received
PO50927,1013,S001,Merida Industry,2023-08-22,2023-10-16,2023-10-16,55,61,61,Received
PO50928,1123,S001,Merida Industry,2023-08-22,2023-10-16,2023-10-16,55,63,63,Received
PO50929,1138,S001,Merida Industry,2023-08-23,2023-10-17,2023-10-17,55,61,61,Received
PO50930,1117,S001,Merida Industry,2023-08-24,2023-10-18,2023-10-18,55,60,60,Received
PO50931,1184,S002,Ideal Bike Corp,2023-08-24,2023-10-08,2023-10-08,45,60,60,Received
PO50932,1201,S002,Ideal Bike Corp,2023-08-24,2023-10-08,2023-10-08,45,60,60,Received
PO50933,1071,S001,Merida Industry,2023-08-25,2023-10-19,2023-10-19,55,60,60,Received
PO50934,1019,S001,Merida Industry,2023-08-29,2023-10-23,2023-10-23,55,60,60,Received
PO50935,1026,S001,Merida Industry,2023-08-29,2023-10-23,2023-10-23,55,61,61,Received
PO50936,1051,S001,Merida Industry,2023-08-29,2023-10-23,2023-10-23,55,63,63,Received
PO50937,1115,S001,Merida Industry,2023-08-29,2023-10-23,2023-10-23,55,62,62,Received
PO50938,1158,S001,Merida Industry,2023-08-30,2023-10-24,2023-10-24,55,60,60,Received
PO50939,1163,S001,Merida Industry,2023-08-30,2023-10-24,2023-10-24,55,60,60,Received
PO50940,1135,S001,Merida Industry,2023-08-31,2023-10-25,2023-10-25,55,61,61,Received
PO50941,1052,S001,Merida Industry,2023-09-01,2023-10-26,2023-10-26,55,60,60,Received
PO50942,1075,S001,Merida Industry,2023-09-02,2023-10-27,2023-10-27,55,60,60,Received
PO50943,1076,S001,Merida Industry,2023-09-02,2023-10-27,2023-10-27,55,62,62,Received
PO50944,1090,S001,Merida Industry,2023-09-02,2023-10-27,2023-10-27,55,61,61,Received
PO50945,1177,S001,Merida Industry,2023-09-02,2023-10-27,2023-10-27,55,60,60,Received
PO50946,1136,S001,Merida Industry,2023-09-03,2023-10-28,2023-10-28,55,61,61,Received
PO50947,1107,S001,Merida Industry,2023-09-04,2023-10-29,2023-10-29,55,64,64,Received
PO50948,1137,S001,Merida Industry,2023-09-04,2023-10-29,2023-10-29,55,60,60,Received
PO50949,1068,S001,Merida Industry,2023-09-05,2023-10-30,2023-10-30,55,63,63,Received
PO50950,1101,S001,Merida Industry,2023-09-05,2023-10-30,2023-10-30,55,61,61,Received
PO50951,1024,S001,Merida Industry,2023-09-06,2023-10-31,2023-10-31,55,62,62,Received
PO50952,1089,S001,Merida Industry,2023-09-06,2023-10-31,2023-10-31,55,63,63,Received
PO50953,1094,S001,Merida Industry,2023-09-08,2023-11-02,2023-11-02,55,60,60,Received
PO50954,1104,S001,Merida Industry,2023-09-08,2023-11-02,2023-11-02,55,61,61,Received
PO50955,1173,S001,Merida Industry,2023-09-08,2023-11-02,2023-11-02,55,60,60,Received
PO50956,1029,S001,Merida Industry,2023-09-09,2023-11-03,2023-11-03,55,60,60,Received
PO50957,1078,S001,Merida Industry,2023-09-09,2023-11-03,2023-11-03,55,61,61,Received
PO50958,1114,S001,Merida Industry,2023-09-11,2023-11-05,2023-11-05,55,62,62,Received
PO50959,1140,S001,Merida Industry,2023-09-11,2023-11-05,2023-11-05,55,60,60,Received
PO50960,1070,S001,Merida Industry,2023-09-12,2023-11-06,2023-11-06,55,64,64,Received
PO50961,1023,S001,Merida Industry,2023-09-13,2023-11-07,2023-11-07,55,60,60,Received
PO50962,1074,S001,Merida Industry,2023-09-13,2023-11-07,2023-11-07,55,61,61,Received
PO50963,1108,S001,Merida Industry,2023-09-13,2023-11-07,2023-11-07,55,61,61,Received
PO50964,1133,S001,Merida Industry,2023-09-13,2023-11-07,2023-11-07,55,62,62,Received
PO50965,1142,S001,Merida Industry,2023-09-13,2023-11-07,2023-11-07,55,60,60,Received
PO50966,1054,S001,Merida Industry,2023-09-14,2023-11-08,2023-11-08,55,60,60,Received
PO50967,1043,S001,Merida Industry,2023-09-15,2023-11-09,2023-11-09,55,61,61,Received
PO50968,1064,S001,Merida Industry,2023-09-15,2023-11-09,2023-11-09,55,63,63,Received
PO50969,1087,S001,Merida Industry,2023-09-15,2023-11-09,2023-11-09,55,60,60,Received
PO50970,1111,S001,Merida Industry,2023-09-15,2023-11-09,2023-11-09,55,60,60,Received
PO50971,1110,S001,Merida Industry,2023-09-17,2023-11-11,2023-11-11,55,60,60,Received
PO50972,1103,S001,Merida Industry,2023-09-18,2023-11-12,2023-11-12,55,61,61,Received
PO50973,1147,S001,Merida Industry,2023-09-18,2023-11-12,2023-11-12,55,60,60,Received
PO50974,1079,S001,Merida Industry,2023-09-19,2023-11-13,2023-11-13,55,62,62,Received
PO50975,1106,S001,Merida Industry,2023-09-20,2023-11-14,2023-11-14,55,64,64,Received
PO50976,1165,S001,Merida Industry,2023-09-20,2023-11-14,2023-11-14,55,60,60,Received
PO50977,1168,S001,Merida Industry,2023-09-20,2023-11-14,2023-11-14,55,60,60,Received
PO50978,1028,S001,Merida Industry,2023-09-21,2023-11-15,2023-11-15,55,60,60,Received
PO50979,1134,S001,Merida Industry,2023-09-21,2023-11-15,2023-11-15,55,61,61,Received
PO50980,1088,S001,Merida Industry,2023-09-22,2023-11-16,2023-11-16,55,61,61,Received
PO50981,1119,S001,Merida Industry,2023-09-24,2023-11-18,2023-11-18,55,60,60,Received
PO50982,1018,S001,Merida Industry,2023-09-25,2023-11-19,2023-11-19,55,63,63,Received
PO50983,1061,S001,Merida Industry,2023-09-25,2023-11-19,2023-11-19,55,61,61,Received
PO50984,1166,S001,Merida Industry,2023-09-25,2023-11-19,2023-11-19,55,60,60,Received
PO50985,1062,S001,Merida Industry,2023-09-26,2023-11-20,2023-11-20,55,60,60,Received
PO50986,1072,S001,Merida Industry,2023-09-26,2023-11-20,2023-11-20,55,63,63,Received
PO50987,1169,S001,Merida Industry,2023-09-26,2023-11-20,2023-11-20,55,60,60,Received
PO50988,1021,S001,Merida Industry,2023-09-27,2023-11-21,2023-11-21,55,60,60,Received
PO50989,1083,S001,Merida Industry,2023-09-27,2023-11-21,2023-11-21,55,64,64,Received
PO50990,1162,S001,Merida Industry,2023-09-27,2023-11-21,2023-11-21,55,60,60,Received
PO50991,1077,S001,Merida Industry,2023-09-28,2023-11-22,2023-11-22,55,61,61,Received
PO50992,1180,S001,Merida Industry,2023-09-28,2023-11-22,2023-11-22,55,66,66,Received
PO50993,1191,S002,Ideal Bike Corp,2023-09-28,2023-11-12,2023-11-12,45,61,61,Received
PO50994,1118,S001,Merida Industry,2023-09-29,2023-11-23,2023-11-23,55,60,60,Received
PO50995,1164,S001,Merida Industry,2023-09-29,2023-11-23,2023-11-23,55,61,61,Received
PO50996,1017,S001,Merida Industry,2023-09-30,2023-11-24,2023-11-24,55,60,60,Received
PO50997,1058,S001,Merida Industry,2023-10-02,2023-11-26,2023-11-26,55,63,63,Received
PO50998,1063,S001,Merida Industry,2023-10-02,2023-11-26,2023-11-26,55,61,61,Received
PO50999,1081,S001,Merida Industry,2023-10-02,2023-11-26,2023-11-26,55,66,66,Received
PO51000,1085,S001,Merida Industry,2023-10-02,2023-11-26,2023-11-26,55,61,61,Received
PO51001,1059,S001,Merida Industry,2023-10-03,2023-11-27,2023-11-27,55,60,60,Received
PO51002,1098,S001,Merida Industry,2023-10-03,2023-11-27,2023-11-27,55,60,60,Received
PO51003,1102,S001,Merida Industry,2023-10-04,2023-11-28,2023-11-28,55,66,66,Received
PO51004,1096,S001,Merida Industry,2023-10-05,2023-11-29,2023-11-29,55,63,63,Received
PO51005,1113,S001,Merida Industry,2023-10-05,2023-11-29,2023-11-29,55,62,62,Received
PO51006,1116,S001,Merida Industry,2023-10-05,2023-11-29,2023-11-29,55,60,60,Received
PO51007,1100,S001,Merida Industry,2023-10-09,2023-12-03,2023-12-03,55,60,60,Received
PO51008,1132,S001,Merida Industry,2023-10-09,2023-12-03,2023-12-03,55,60,60,Received
PO51009,1086,S001,Merida Industry,2023-10-10,2023-12-04,2023-12-04,55,62,62,Received
PO51010,1145,S001,Merida Industry,2023-10-10,2023-12-04,2023-12-04,55,61,61,Received
PO51011,1084,S001,Merida Industry,2023-10-11,2023-12-05,2023-12-05,55,62,62,Received
PO51012,1149,S001,Merida Industry,2023-10-12,2023-12-06,2023-12-06,55,67,67,Received
PO51013,1112,S001,Merida Industry,2023-10-15,2023-12-09,2023-12-09,55,60,60,Received
PO51014,1146,S001,Merida Industry,2023-10-16,2023-12-10,2023-12-10,55,60,60,Received
PO51015,1016,S001,Merida Industry,2023-10-18,2023-12-12,2023-12-12,55,60,60,Received
PO51016,1080,S001,Merida Industry,2023-10-18,2023-12-12,2023-12-12,55,64,64,Received
PO51017,1011,S001,Merida Industry,2023-10-19,2023-12-13,2023-12-13,55,60,60,Received
PO51018,1015,S001,Merida Industry,2023-10-19,2023-12-13,2023-12-13,55,63,63,Received
PO51019,1014,S001,Merida Industry,2023-10-20,2023-12-14,2023-12-14,55,62,62,Received
PO51020,1069,S001,Merida Industry,2023-10-23,2023-12-17,2023-12-17,55,60,60,Received
PO51021,1141,S001,Merida Industry,2023-10-25,2023-12-19,2023-12-19,55,60,60,Received
PO51022,1008,S001,Merida Industry,2023-10-26,2023-12-20,2023-12-20,55,62,62,Received
PO51023,1109,S001,Merida Industry,2023-10-26,2023-12-20,2023-12-20,55,61,61,Received
PO51024,1161,S001,Merida Industry,2023-10-26,2023-12-20,2023-12-20,55,60,60,Received
PO51025,1095,S001,Merida Industry,2023-10-29,2023-12-23,2023-12-23,55,60,60,Received
PO51026,1048,S001,Merida Industry,2023-10-30,2023-12-24,2023-12-24,55,60,60,Received
PO51027,1143,S001,Merida Industry,2023-10-31,2023-12-25,2023-12-25,55,64,64,Received
PO51028,1099,S001,Merida Industry,2023-11-01,2023-12-26,2023-12-26,55,61,61,Received
PO51029,1178,S001,Merida Industry,2023-11-01,2023-12-26,2023-12-26,55,60,60,Received
PO51030,1144,S001,Merida Industry,2023-11-02,2023-12-27,2023-12-27,55,61,61,Received
PO51031,1174,S001,Merida Industry,2023-11-03,2023-12-28,2023-12-28,55,61,61,Received
PO51032,1093,S001,Merida Industry,2023-11-06,2023-12-31,2023-12-31,55,60,60,Received
PO51033,1128,S001,Merida Industry,2023-11-06,2023-12-31,2023-12-31,55,61,61,Received
PO51034,1175,S001,Merida Industry,2023-11-06,2023-12-31,2023-12-31,55,60,60,Received
PO51035,1007,S001,Merida Industry,2023-11-07,2024-01-01,2024-01-01,55,61,61,Received
PO51036,1172,S001,Merida Industry,2023-11-07,2024-01-01,2024-01-01,55,61,61,Received
PO51037,1067,S001,Merida Industry,2023-11-08,2024-01-02,2024-01-02,55,60,60,Received
PO51038,1073,S001,Merida Industry,2023-11-08,2024-01-02,2024-01-02,55,60,60,Received
PO51039,1010,S001,Merida Industry,2023-11-09,2024-01-03,2024-01-03,55,61,61,Received
PO51040,1082,S001,Merida Industry,2023-11-09,2024-01-03,2024-01-03,55,61,61,Received
PO51041,1022,S001,Merida Industry,2023-11-10,2024-01-04,2024-01-04,55,60,60,Received
PO51042,1046,S001,Merida Industry,2023-11-10,2024-01-04,2024-01-04,55,60,60,Received
PO51043,1127,S001,Merida Industry,2023-11-10,2024-01-04,2024-01-04,55,62,62,Received
PO51044,1139,S001,Merida Industry,2023-11-11,2024-01-05,2024-01-05,55,61,61,Received
PO51045,1020,S001,Merida Industry,2023-11-13,2024-01-07,2024-01-07,55,60,60,Received
PO51046,1045,S001,Merida Industry,2023-11-13,2024-01-07,2024-01-07,55,61,61,Received
PO51047,1120,S001,Merida Industry,2023-11-14,2024-01-08,2024-01-08,55,60,60,Received
PO51048,1138,S001,Merida Industry,2023-11-14,2024-01-08,2024-01-08,55,62,62,Received
PO51049,1150,S001,Merida Industry,2023-11-14,2024-01-08,2024-01-08,55,60,60,Received
PO51050,1044,S001,Merida Industry,2023-11-15,2024-01-09,2024-01-09,55,62,62,Received
PO51051,1105,S001,Merida Industry,2023-11-15,2024-01-09,2024-01-09,55,60,60,Received
PO51052,1075,S001,Merida Industry,2023-11-17,2024-01-11,2024-01-11,55,62,62,Received
PO51053,1130,S001,Merida Industry,2023-11-21,2024-01-15,2024-01-15,55,64,64,Received
PO51054,1025,S001,Merida Industry,2023-11-22,2024-01-16,2024-01-16,55,61,61,Received
PO51055,1031,S001,Merida Industry,2023-11-22,2024-01-16,2024-01-16,55,60,60,Received
PO51056,1097,S001,Merida Industry,2023-11-22,2024-01-16,2024-01-16,55,61,61,Received
PO51057,1104,S001,Merida Industry,2023-11-23,2024-01-17,2024-01-17,55,67,67,Received
PO51058,1107,S001,Merida Industry,2023-11-23,2024-01-17,2024-01-17,55,61,61,Received
PO51059,1131,S001,Merida Industry,2023-11-24,2024-01-18,2024-01-18,55,61,61,Received
PO51060,1160,S001,Merida Industry,2023-11-24,2024-01-18,2024-01-18,55,60,60,Received
PO51061,1108,S001,Merida Industry,2023-11-26,2024-01-20,2024-01-20,55,60,60,Received
PO51062,1103,S001,Merida Industry,2023-11-27,2024-01-21,2024-01-21,55,62,62,Received
PO51063,1013,S001,Merida Industry,2023-11-28,2024-01-22,2024-01-22,55,62,62,Received
PO51064,1076,S001,Merida Industry,2023-11-29,2024-01-23,2024-01-23,55,62,62,Received
PO51065,1159,S001,Merida Industry,2023-11-29,2024-01-23,2024-01-23,55,60,60,Received
PO51066,1038,S001,Merida Industry,2023-11-30,2024-01-24,2024-01-24,55,61,61,Received
PO51067,1050,S001,Merida Industry,2023-11-30,2024-01-24,2024-01-24,55,60,60,Received
PO51068,1136,S001,Merida Industry,2023-11-30,2024-01-24,2024-01-24,55,60,60,Received
PO51069,1047,S001,Merida Industry,2023-12-01,2024-01-25,2024-01-25,55,60,60,Received
PO51070,1071,S001,Merida Industry,2023-12-01,2024-01-25,2024-01-25,55,60,60,Received
PO51071,1079,S001,Merida Industry,2023-12-01,2024-01-25,2024-01-25,55,61,61,Received
PO51072,1027,S001,Merida Industry,2023-12-03,2024-01-27,2024-01-27,55,64,64,Received
PO51073,1124,S001,Merida Industry,2023-12-04,2024-01-28,2024-01-28,55,60,60,Received
PO51074,1106,S001,Merida Industry,2023-12-05,2024-01-29,2024-01-29,55,64,64,Received
PO51075,1117,S001,Merida Industry,2023-12-05,2024-01-29,2024-01-29,55,61,61,Received
PO51076,1074,S001,Merida Industry,2023-12-06,2024-01-30,2024-01-30,55,62,62,Received
PO51077,1111,S001,Merida Industry,2023-12-06,2024-01-30,2024-01-30,55,67,67,Received
PO51078,1114,S001,Merida Industry,2023-12-07,2024-01-31,2024-01-31,55,65,65,Received
PO51079,1037,S001,Merida Industry,2023-12-08,2024-02-01,2024-02-01,55,60,60,Received
PO51080,1078,S001,Merida Industry,2023-12-09,2024-02-02,2024-02-02,55,60,60,Received
PO51081,1140,S001,Merida Industry,2023-12-09,2024-02-02,2024-02-02,55,60,60,Received
PO51082,1090,S001,Merida Industry,2023-12-10,2024-02-03,2024-02-03,55,61,61,Received
PO51083,1129,S001,Merida Industry,2023-12-11,2024-02-04,2024-02-04,55,60,60,Received
PO51084,1137,S001,Merida Industry,2023-12-11,2024-02-04,2024-02-04,55,62,62,Received
PO51085,1135,S001,Merida Industry,2023-12-12,2024-02-05,2024-02-05,55,61,61,Received
PO51086,1101,S001,Merida Industry,2023-12-13,2024-02-06,2024-02-06,55,62,62,Received
PO51087,1019,S001,Merida Industry,2023-12-15,2024-02-08,2024-02-08,55,63,63,Received
PO51088,1041,S001,Merida Industry,2023-12-15,2024-02-08,2024-02-08,55,60,60,Received
PO51089,1207,S002,Ideal Bike Corp,2023-12-15,2024-01-29,2024-01-29,45,63,63,Received
PO51090,1077,S001,Merida Industry,2023-12-17,2024-02-10,2024-02-10,55,64,64,Received
PO51091,1083,S001,Merida Industry,2023-12-19,2024-02-12,2024-02-12,55,64,64,Received
PO51092,1133,S001,Merida Industry,2023-12-19,2024-02-12,2024-02-12,55,61,61,Received
PO51093,1049,S001,Merida Industry,2023-12-20,2024-02-13,2024-02-13,55,60,60,Received
PO51094,1110,S001,Merida Industry,2023-12-25,2024-02-18,2024-02-18,55,65,65,Received
PO51095,1115,S001,Merida Industry,2023-12-25,2024-02-18,2024-02-18,55,60,60,Received
PO51096,1142,S001,Merida Industry,2023-12-25,2024-02-18,2024-02-18,55,60,60,Received
PO51097,1030,S001,Merida Industry,2023-12-26,2024-02-19,2024-02-19,55,61,61,Received
PO51098,1087,S001,Merida Industry,2023-12-26,2024-02-19,2024-02-19,55,61,61,Received
PO51099,1089,S001,Merida Industry,2023-12-26,2024-02-19,2024-02-19,55,62,62,Received
PO51100,1206,S002,Ideal Bike Corp,2023-12-27,2024-02-10,2024-02-10,45,60,60,Received
PO51101,1134,S001,Merida Industry,2023-12-29,2024-02-22,2024-02-22,55,62,62,Received
PO51102,1176,S001,Merida Industry,2023-12-29,2024-02-22,2024-02-22,55,60,60,Received
PO51103,1081,S001,Merida Industry,2023-12-30,2024-02-23,2024-02-23,55,62,62,Received
PO51104,1091,S001,Merida Industry,2023-12-30,2024-02-23,2024-02-23,55,62,62,Received
PO51105,1068,S001,Merida Industry,2024-01-03,2024-02-27,2024-02-27,55,62,62,Received
PO51106,1024,S001,Merida Industry,2024-01-04,2024-02-28,2024-02-28,55,60,60,Received
PO51107,1042,S001,Merida Industry,2024-01-05,2024-02-29,2024-02-29,55,63,63,Received
PO51108,1113,S001,Merida Industry,2024-01-06,2024-03-01,2024-03-01,55,62,62,Received
PO51109,1023,S001,Merida Industry,2024-01-07,2024-03-02,2024-03-02,55,60,60,Received
PO51110,1119,S001,Merida Industry,2024-01-08,2024-03-03,2024-03-03,55,61,61,Received
PO51111,1084,S001,Merida Industry,2024-01-09,2024-03-04,2024-03-04,55,61,61,Received
PO51112,1072,S001,Merida Industry,2024-01-10,2024-03-05,2024-03-05,55,60,60,Received
PO51113,1148,S001,Merida Industry,2024-01-12,2024-03-07,2024-03-07,55,60,60,Received
PO51114,1163,S001,Merida Industry,2024-01-12,2024-03-07,2024-03-07,55,66,66,Received
PO51115,1021,S001,Merida Industry,2024-01-15,2024-03-10,2024-03-10,55,61,61,Received
PO51116,1112,S001,Merida Industry,2024-01-15,2024-03-10,2024-03-10,55,67,67,Received
PO51117,1080,S001,Merida Industry,2024-01-17,2024-03-12,2024-03-12,55,61,61,Received
PO51118,1167,S001,Merida Industry,2024-01-17,2024-03-12,2024-03-12,55,61,61,Received
PO51119,1170,S001,Merida Industry,2024-01-17,2024-03-12,2024-03-12,55,60,60,Received
PO51120,1118,S001,Merida Industry,2024-01-19,2024-03-14,2024-03-14,55,60,60,Received
PO51121,1017,S001,Merida Industry,2024-01-22,2024-03-17,2024-03-17,55,60,60,Received
PO51122,1018,S001,Merida Industry,2024-01-23,2024-03-18,2024-03-18,55,60,60,Received
PO51123,1053,S001,Merida Industry,2024-01-24,2024-03-19,2024-03-19,55,60,60,Received
PO51124,1202,S002,Ideal Bike Corp,2024-01-24,2024-03-09,2024-03-09,45,60,60,Received
PO51125,1109,S001,Merida Industry,2024-01-27,2024-03-22,2024-03-22,55,60,60,Received
PO51126,1141,S001,Merida Industry,2024-01-29,2024-03-24,2024-03-24,55,60,60,Received
PO51127,1116,S001,Merida Industry,2024-01-31,2024-03-26,2024-03-26,55,60,60,Received
PO51128,1075,S001,Merida Industry,2024-02-01,2024-03-27,2024-03-27,55,61,61,Received
PO51129,1054,S001,Merida Industry,2024-02-02,2024-03-28,2024-03-28,55,61,61,Received
PO51130,1100,S001,Merida Industry,2024-02-03,2024-03-29,2024-03-29,55,60,60,Received
PO51131,1052,S001,Merida Industry,2024-02-05,2024-03-31,2024-03-31,55,60,60,Received
PO51132,1085,S001,Merida Industry,2024-02-05,2024-03-31,2024-03-31,55,60,60,Received
PO51133,1197,S002,Ideal Bike Corp,2024-02-07,2024-03-23,2024-03-23,45,63,63,Received
PO51134,1073,S001,Merida Industry,2024-02-08,2024-04-03,2024-04-03,55,60,60,Received
PO51135,1138,S001,Merida Industry,2024-02-08,2024-04-03,2024-04-03,55,61,61,Received
PO51136,1105,S001,Merida Industry,2024-02-09,2024-04-04,2024-04-04,55,62,62,Received
PO51137,1165,S001,Merida Industry,2024-02-10,2024-04-05,2024-04-05,55,60,60,Received
PO51138,1043,S001,Merida Industry,2024-02-12,2024-04-07,2024-04-07,55,60,60,Received
PO51139,1088,S001,Merida Industry,2024-02-12,2024-04-07,2024-04-07,55,61,61,Received
PO51140,1082,S001,Merida Industry,2024-02-13,2024-04-08,2024-04-08,55,60,60,Received
PO51141,1143,S001,Merida Industry,2024-02-13,2024-04-08,2024-04-08,55,61,61,Received
PO51142,1171,S001,Merida Industry,2024-02-13,2024-04-08,2024-04-08,55,61,61,Received
PO51143,1203,S002,Ideal Bike Corp,2024-02-13,2024-03-29,2024-03-29,45,64,64,Received
PO51144,1166,S001,Merida Industry,2024-02-15,2024-04-10,2024-04-10,55,61,61,Received
PO51145,1051,S001,Merida Industry,2024-02-16,2024-04-11,2024-04-11,55,60,60,Received
PO51146,1108,S001,Merida Industry,2024-02-17,2024-04-12,2024-04-12,55,61,61,Received
PO51147,1015,S001,Merida Industry,2024-02-19,2024-04-14,2024-04-14,55,60,60,Received
PO51148,1086,S001,Merida Industry,2024-02-19,2024-04-14,2024-04-14,55,60,60,Received
PO51149,1104,S001,Merida Industry,2024-02-19,2024-04-14,2024-04-14,55,60,60,Received
PO51150,1132,S001,Merida Industry,2024-02-19,2024-04-14,2024-04-14,55,61,61,Received
PO51151,1107,S001,Merida Industry,2024-02-20,2024-04-15,2024-04-15,55,61,61,Received
PO51152,1139,S001,Merida Industry,2024-02-20,2024-04-15,2024-04-15,55,60,60,Received
PO51153,1012,S001,Merida Industry,2024-02-21,2024-04-16,2024-04-16,55,62,62,Received
PO51154,1120,S001,Merida Industry,2024-02-21,2024-04-16,2024-04-16,55,60,60,Received
PO51155,1070,S001,Merida Industry,2024-02-22,2024-04-17,2024-04-17,55,62,62,Received
PO51156,1014,S001,Merida Industry,2024-02-23,2024-04-18,2024-04-18,55,62,62,Received
PO51157,1016,S001,Merida Industry,2024-02-23,2024-04-18,2024-04-18,55,60,60,Received
PO51158,1076,S001,Merida Industry,2024-02-23,2024-04-18,2024-04-18,55,61,61,Received
PO51159,1121,S001,Merida Industry,2024-02-23,2024-04-18,2024-04-18,55,61,61,Received
PO51160,1079,S001,Merida Industry,2024-02-26,2024-04-21,2024-04-21,55,62,62,Received
PO51161,1103,S001,Merida Industry,2024-02-26,2024-04-21,2024-04-21,55,63,63,Received
PO51162,1032,S001,Merida Industry,2024-02-27,2024-04-22,2024-04-22,55,60,60,Received
PO51163,1074,S001,Merida Industry,2024-02-27,2024-04-22,2024-04-22,55,61,61,Received
PO51164,1092,S001,Merida Industry,2024-02-28,2024-04-23,2024-04-23,55,60,60,Received
PO51165,1078,S001,Merida Industry,2024-02-29,2024-04-24,2024-04-24,55,61,61,Received
PO51166,1195,S002,Ideal Bike Corp,2024-02-29,2024-04-14,2024-04-14,45,61,61,Received
PO51167,1114,S001,Merida Industry,2024-03-01,2024-04-25,2024-04-25,55,61,61,Received
PO51168,1004,S001,Merida Industry,2024-03-05,2024-04-29,2024-04-29,55,60,60,Received
PO51169,1069,S001,Merida Industry,2024-03-05,2024-04-29,2024-04-29,55,61,61,Received
PO51170,1077,S001,Merida Industry,2024-03-05,2024-04-29,2024-04-29,55,62,62,Received
PO51171,1164,S001,Merida Industry,2024-03-05,2024-04-29,2024-04-29,55,60,60,Received
PO51172,1005,S001,Merida Industry,2024-03-06,2024-04-30,2024-04-30,55,61,61,Received
PO51173,1009,S001,Merida Industry,2024-03-06,2024-04-30,2024-04-30,55,62,62,Received
PO51174,1039,S001,Merida Industry,2024-03-06,2024-04-30,2024-04-30,55,62,62,Received
PO51175,1098,S001,Merida Industry,2024-03-06,2024-04-30,2024-04-30,55,60,60,Received
PO51176,1048,S001,Merida Industry,2024-03-07,2024-05-01,2024-05-01,55,61,61,Received
PO51177,1065,S001,Merida Industry,2024-03-07,2024-05-01,2024-05-01,55,60,60,Received
PO51178,1110,S001,Merida Industry,2024-03-07,2024-05-01,2024-05-01,55,60,60,Received
PO51179,1147,S001,Merida Industry,2024-03-07,2024-05-01,2024-05-01,55,61,61,Received
PO51180,1020,S001,Merida Industry,2024-03-08,2024-05-02,2024-05-02,55,61,61,Received
PO51181,1102,S001,Merida Industry,2024-03-08,2024-05-02,2024-05-02,55,61,61,Received
PO51182,1106,S001,Merida Industry,2024-03-08,2024-05-02,2024-05-02,55,63,63,Received
PO51183,1144,S001,Merida Industry,2024-03-08,2024-05-02,2024-05-02,55,61,61,Received
PO51184,1013,S001,Merida Industry,2024-03-09,2024-05-03,2024-05-03,55,60,60,Received
PO51185,1056,S001,Merida Industry,2024-03-09,2024-05-03,2024-05-03,55,60,60,Received
PO51186,1133,S001,Merida Industry,2024-03-09,2024-05-03,2024-05-03,55,60,60,Received
PO51187,1083,S001,Merida Industry,2024-03-11,2024-05-05,2024-05-05,55,60,60,Received
PO51188,1111,S001,Merida Industry,2024-03-11,2024-05-05,2024-05-05,55,61,61,Received
PO51189,1204,S002,Ideal Bike Corp,2024-03-11,2024-04-25,2024-04-25,45,61,61,Received
PO51190,1169,S001,Merida Industry,2024-03-12,2024-05-06,2024-05-06,55,60,60,Received
PO51191,1001,S001,Merida Industry,2024-03-13,2024-05-07,2024-05-07,55,61,61,Received
PO51192,1135,S001,Merida Industry,2024-03-13,2024-05-07,2024-05-07,55,60,60,Received
PO51193,1146,S001,Merida Industry,2024-03-13,2024-05-07,2024-05-07,55,61,61,Received
PO51194,1028,S001,Merida Industry,2024-03-15,2024-05-09,2024-05-09,55,61,61,Received
PO51195,1140,S001,Merida Industry,2024-03-15,2024-05-09,2024-05-09,55,62,62,Received
PO51196,1142,S001,Merida Industry,2024-03-16,2024-05-10,2024-05-10,55,60,60,Received
PO51197,1099,S001,Merida Industry,2024-03-18,2024-05-12,2024-05-12,55,63,63,Received
PO51198,1150,S001,Merida Industry,2024-03-18,2024-05-12,2024-05-12,55,60,60,Received
PO51199,1193,S002,Ideal Bike Corp,2024-03-18,2024-05-02,2024-05-02,45,61,61,Received
PO51200,1071,S001,Merida Industry,2024-03-19,2024-05-13,2024-05-13,55,60,60,Received
PO51201,1127,S001,Merida Industry,2024-03-19,2024-05-13,2024-05-13,55,60,60,Received
PO51202,1145,S001,Merida Industry,2024-03-19,2024-05-13,2024-05-13,55,62,62,Received
PO51203,1045,S001,Merida Industry,2024-03-20,2024-05-14,2024-05-14,55,64,64,Received
PO51204,1022,S001,Merida Industry,2024-03-22,2024-05-16,2024-05-16,55,60,60,Received
PO51205,1172,S001,Merida Industry,2024-03-22,2024-05-16,2024-05-16,55,60,60,Received
PO51206,1067,S001,Merida Industry,2024-03-23,2024-05-17,2024-05-17,55,60,60,Received
PO51207,1115,S001,Merida Industry,2024-03-23,2024-05-17,2024-05-17,55,60,60,Received
PO51208,1019,S001,Merida Industry,2024-03-25,2024-05-19,2024-05-19,55,60,60,Received
PO51209,1084,S001,Merida Industry,2024-03-25,2024-05-19,2024-05-19,55,65,65,Received
PO51210,1134,S001,Merida Industry,2024-03-25,2024-05-19,2024-05-19,55,61,61,Received
PO51211,1046,S001,Merida Industry,2024-03-26,2024-05-20,2024-05-20,55,64,64,Received
PO51212,1087,S001,Merida Industry,2024-03-26,2024-05-20,2024-05-20,55,60,60,Received
PO51213,1026,S001,Merida Industry,2024-03-27,2024-05-21,2024-05-21,55,62,62,Received
PO51214,1040,S001,Merida Industry,2024-03-27,2024-05-21,2024-05-21,55,63,63,Received
PO51215,1137,S001,Merida Industry,2024-03-27,2024-05-21,2024-05-21,55,61,61,Received
PO51216,1113,S001,Merida Industry,2024-03-29,2024-05-23,2024-05-23,55,62,62,Received
PO51217,1198,S002,Ideal Bike Corp,2024-03-29,2024-05-13,2024-05-13,45,60,60,Received
PO51218,1024,S001,Merida Industry,2024-03-30,2024-05-24,2024-05-24,55,61,61,Received
PO51219,1066,S001,Merida Industry,2024-04-01,2024-05-26,2024-05-26,55,62,62,Received
PO51220,1068,S001,Merida Industry,2024-04-01,2024-05-26,2024-05-26,55,66,66,Received
PO51221,1136,S001,Merida Industry,2024-04-01,2024-05-26,2024-05-26,55,62,62,Received
PO51222,1044,S001,Merida Industry,2024-04-02,2024-05-27,2024-05-27,55,60,60,Received
PO51223,1055,S001,Merida Industry,2024-04-02,2024-05-27,2024-05-27,55,62,62,Received
PO51224,1081,S001,Merida Industry,2024-04-02,2024-05-27,2024-05-27,55,62,62,Received
PO51225,1125,S001,Merida Industry,2024-04-02,2024-05-27,2024-05-27,55,60,60,Received
PO51226,1131,S001,Merida Industry,2024-04-02,2024-05-27,2024-05-27,55,61,61,Received
PO51227,1060,S001,Merida Industry,2024-04-03,2024-05-28,2024-05-28,55,60,60,Received
PO51228,1089,S001,Merida Industry,2024-04-04,2024-05-29,2024-05-29,55,63,63,Received
PO51229,1097,S001,Merida Industry,2024-04-04,2024-05-29,2024-05-29,55,66,66,Received
PO51230,1209,S002,Ideal Bike Corp,2024-04-04,2024-05-19,2024-05-19,45,61,61,Received
PO51231,1029,S001,Merida Industry,2024-04-05,2024-05-30,2024-05-30,55,61,61,Received
PO51232,1047,S001,Merida Industry,2024-04-05,2024-05-30,2024-05-30,55,61,61,Received
PO51233,1094,S001,Merida Industry,2024-04-05,2024-05-30,2024-05-30,55,62,62,Received
PO51234,1008,S001,Merida Industry,2024-04-06,2024-05-31,2024-05-31,55,60,60,Received
PO51235,1062,S001,Merida Industry,2024-04-06,2024-05-31,2024-05-31,55,60,60,Received
PO51236,1017,S001,Merida Industry,2024-04-08,2024-06-02,2024-06-02,55,60,60,Received
PO51237,1080,S001,Merida Industry,2024-04-08,2024-06-02,2024-06-02,55,60,60,Received
PO51238,1109,S001,Merida Industry,2024-04-08,2024-06-02,2024-06-02,55,61,61,Received
PO51239,1179,S001,Merida Industry,2024-04-08,2024-06-02,2024-06-02,55,62,62,Received
PO51240,1010,S001,Merida Industry,2024-04-09,2024-06-03,2024-06-03,55,62,62,Received
PO51241,1075,S001,Merida Industry,2024-04-09,2024-06-03,2024-06-03,55,63,63,Received
PO51242,1090,S001,Merida Industry,2024-04-09,2024-06-03,2024-06-03,55,63,63,Received
PO51243,1117,S001,Merida Industry,2024-04-09,2024-06-03,2024-06-03,55,63,63,Received
PO51244,1129,S001,Merida Industry,2024-04-09,2024-06-03,2024-06-03,55,63,63,Received
PO51245,1021,S001,Merida Industry,2024-04-10,2024-06-04,2024-06-04,55,62,62,Received
PO51246,1027,S001,Merida Industry,2024-04-10,2024-06-04,2024-06-04,55,60,60,Received
PO51247,1173,S001,Merida Industry,2024-04-10,2024-06-04,2024-06-04,55,60,60,Received
PO51248,1007,S001,Merida Industry,2024-04-11,2024-06-05,2024-06-05,55,61,61,Received
PO51249,1018,S001,Merida Industry,2024-04-11,2024-06-05,2024-06-05,55,61,61,Received
PO51250,1200,S002,Ideal Bike Corp,2024-04-12,2024-05-27,2024-05-27,45,61,61,Received
PO51251,1201,S002,Ideal Bike Corp,2024-04-12,2024-05-27,2024-05-27,45,62,62,Received
PO51252,1119,S001,Merida Industry,2024-04-13,2024-06-07,2024-06-07,55,60,60,Received
PO51253,1049,S001,Merida Industry,2024-04-14,2024-06-08,2024-06-08,55,60,60,Received
PO51254,1057,S001,Merida Industry,2024-04-14,2024-06-08,2024-06-08,55,61,61,Received
PO51255,1101,S001,Merida Industry,2024-04-14,2024-06-08,2024-06-08,55,60,60,Received
PO51256,1061,S001,Merida Industry,2024-04-16,2024-06-10,2024-06-10,55,64,64,Received
PO51257,1011,S001,Merida Industry,2024-04-18,2024-06-12,2024-06-12,55,61,61,Received
PO51258,1073,S001,Merida Industry,2024-04-18,2024-06-12,2024-06-12,55,61,61,Received
PO51259,1105,S001,Merida Industry,2024-04-18,2024-06-12,2024-06-12,55,63,63,Received
PO51260,1118,S001,Merida Industry,2024-04-18,2024-06-12,2024-06-12,55,61,61,Received
PO51261,1082,S001,Merida Industry,2024-04-19,2024-06-13,2024-06-13,55,60,60,Received
PO51262,1025,S001,Merida Industry,2024-04-22,2024-06-16,2024-06-16,55,60,60,Received
PO51263,1108,S001,Merida Industry,2024-04-22,2024-06-16,2024-06-16,55,60,60,Received
PO51264,1130,S001,Merida Industry,2024-04-22,2024-06-16,2024-06-16,55,60,60,Received
PO51265,1149,S001,Merida Industry,2024-04-22,2024-06-16,2024-06-16,55,64,64,Received
PO51266,1138,S001,Merida Industry,2024-04-23,2024-06-17,2024-06-17,55,60,60,Received
PO51267,1174,S001,Merida Industry,2024-04-23,2024-06-17,2024-06-17,55,62,62,Received
PO51268,1168,S001,Merida Industry,2024-04-24,2024-06-18,2024-06-18,55,62,62,Received
PO51269,1072,S001,Merida Industry,2024-04-25,2024-06-19,2024-06-19,55,60,60,Received
PO51270,1112,S001,Merida Industry,2024-04-26,2024-06-20,2024-06-20,55,62,62,Received
PO51271,1023,S001,Merida Industry,2024-04-30,2024-06-24,2024-06-24,55,61,61,Received
PO51272,1104,S001,Merida Industry,2024-04-30,2024-06-24,2024-06-24,55,60,60,Received
PO51273,1141,S001,Merida Industry,2024-04-30,2024-06-24,2024-06-24,55,62,62,Received
PO51274,1063,S001,Merida Industry,2024-05-01,2024-06-25,2024-06-25,55,62,62,Received
PO51275,1085,S001,Merida Industry,2024-05-01,2024-06-25,2024-06-25,55,60,60,Received
PO51276,1143,S001,Merida Industry,2024-05-02,2024-06-26,2024-06-26,55,60,60,Received
PO51277,1030,S001,Merida Industry,2024-05-03,2024-06-27,2024-06-27,55,60,60,Received
PO51278,1103,S001,Merida Industry,2024-05-03,2024-06-27,2024-06-27,55,61,61,Received
PO51279,1199,S002,Ideal Bike Corp,2024-05-03,2024-06-17,2024-06-17,45,60,60,Received
PO51280,1096,S001,Merida Industry,2024-05-04,2024-06-28,2024-06-28,55,61,61,Received
PO51281,1162,S001,Merida Industry,2024-05-04,2024-06-28,2024-06-28,55,60,60,Received
PO51282,1139,S001,Merida Industry,2024-05-06,2024-06-30,2024-06-30,55,61,61,Received
PO51283,1076,S001,Merida Industry,2024-05-07,2024-07-01,2024-07-01,55,68,68,Received
PO51284,1107,S001,Merida Industry,2024-05-07,2024-07-01,2024-07-01,55,68,68,Received
PO51285,1194,S002,Ideal Bike Corp,2024-05-07,2024-06-21,2024-06-21,45,60,60,Received
PO51286,1050,S001,Merida Industry,2024-05-08,2024-07-02,2024-07-02,55,60,60,Received
PO51287,1078,S001,Merida Industry,2024-05-08,2024-07-02,2024-07-02,55,64,64,Received
PO51288,1079,S001,Merida Industry,2024-05-08,2024-07-02,2024-07-02,55,64,64,Received
PO51289,1122,S001,Merida Industry,2024-05-08,2024-07-02,2024-07-02,55,62,62,Received
PO51290,1128,S001,Merida Industry,2024-05-08,2024-07-02,2024-07-02,55,64,64,Received
PO51291,1077,S001,Merida Industry,2024-05-09,2024-07-03,2024-07-03,55,67,67,Received
PO51292,1093,S001,Merida Industry,2024-05-09,2024-07-03,2024-07-03,55,62,62,Received
PO51293,1116,S001,Merida Industry,2024-05-09,2024-07-03,2024-07-03,55,62,62,Received
PO51294,1053,S001,Merida Industry,2024-05-10,2024-07-04,2024-07-04,55,61,61,Received
PO51295,1114,S001,Merida Industry,2024-05-11,2024-07-05,2024-07-05,55,60,60,Received
PO51296,1170,S001,Merida Industry,2024-05-13,2024-07-07,2024-07-07,55,60,60,Received
PO51297,1016,S001,Merida Industry,2024-05-14,2024-07-08,2024-07-08,55,63,63,Received
PO51298,1074,S001,Merida Industry,2024-05-15,2024-07-09,2024-07-09,55,60,60,Received
PO51299,1110,S001,Merida Industry,2024-05-15,2024-07-09,2024-07-09,55,62,62,Received
PO51300,1177,S001,Merida Industry,2024-05-15,2024-07-09,2024-07-09,55,62,62,Received
PO51301,1015,S001,Merida Industry,2024-05-16,2024-07-10,2024-07-10,55,61,61,Received
PO51302,1058,S001,Merida Industry,2024-05-16,2024-07-10,2024-07-10,55,62,62,Received
PO51303,1100,S001,Merida Industry,2024-05-16,2024-07-10,2024-07-10,55,60,60,Received
PO51304,1106,S001,Merida Industry,2024-05-16,2024-07-10,2024-07-10,55,62,62,Received
PO51305,1070,S001,Merida Industry,2024-05-17,2024-07-11,2024-07-11,55,67,67,Received
PO51306,1088,S001,Merida Industry,2024-05-17,2024-07-11,2024-07-11,55,61,61,Received
PO51307,1132,S001,Merida Industry,2024-05-17,2024-07-11,2024-07-11,55,60,60,Received
PO51308,1014,S001,Merida Industry,2024-05-20,2024-07-14,2024-07-14,55,64,64,Received
PO51309,1120,S001,Merida Industry,2024-05-20,2024-07-14,2024-07-14,55,61,61,Received
PO51310,1144,S001,Merida Industry,2024-05-20,2024-07-14,2024-07-14,55,61,61,Received
PO51311,1196,S002,Ideal Bike Corp,2024-05-20,2024-07-04,2024-07-04,45,61,61,Received
PO51312,1043,S001,Merida Industry,2024-05-21,2024-07-15,2024-07-15,55,62,62,Received
PO51313,1052,S001,Merida Industry,2024-05-21,2024-07-15,2024-07-15,55,65,65,Received
PO51314,1111,S001,Merida Industry,2024-05-21,2024-07-15,2024-07-15,55,62,62,Received
PO51315,1126,S001,Merida Industry,2024-05-21,2024-07-15,2024-07-15,55,63,63,Received
PO51316,1148,S001,Merida Industry,2024-05-21,2024-07-15,2024-07-15,55,60,60,Received
PO51317,1157,S001,Merida Industry,2024-05-21,2024-07-15,2024-07-15,55,62,62,Received
PO51318,1133,S001,Merida Industry,2024-05-22,2024-07-16,2024-07-16,55,64,64,Received
PO51319,1083,S001,Merida Industry,2024-05-23,2024-07-17,2024-07-17,55,63,63,Received
PO51320,1135,S001,Merida Industry,2024-05-23,2024-07-17,2024-07-17,55,62,62,Received
PO51321,1142,S001,Merida Industry,2024-05-23,2024-07-17,2024-07-17,55,60,60,Received
PO51322,1086,S001,Merida Industry,2024-05-25,2024-07-19,2024-07-19,55,63,63,Received
PO51323,1155,S001,Merida Industry,2024-05-25,2024-07-19,2024-07-19,55,60,60,Received
PO51324,1163,S001,Merida Industry,2024-05-26,2024-07-20,2024-07-20,55,60,60,Received
PO51325,1013,S001,Merida Industry,2024-05-27,2024-07-21,2024-07-21,55,60,60,Received
PO51326,1069,S001,Merida Industry,2024-05-27,2024-07-21,2024-07-21,55,62,62,Received
PO51327,1051,S001,Merida Industry,2024-05-28,2024-07-22,2024-07-22,55,61,61,Received
PO51328,1084,S001,Merida Industry,2024-05-28,2024-07-22,2024-07-22,55,63,63,Received
PO51329,1098,S001,Merida Industry,2024-05-28,2024-07-22,2024-07-22,55,62,62,Received
PO51330,1102,S001,Merida Industry,2024-05-29,2024-07-23,2024-07-23,55,62,62,Received
PO51331,1140,S001,Merida Industry,2024-05-31,2024-07-25,2024-07-25,55,60,60,Received
PO51332,1192,S002,Ideal Bike Corp,2024-05-31,2024-07-15,2024-07-15,45,61,61,Received
PO51333,1009,S001,Merida Industry,2024-06-03,2024-07-28,2024-07-28,55,61,61,Received
PO51334,1020,S001,Merida Industry,2024-06-03,2024-07-28,2024-07-28,55,60,60,Received
PO51335,1099,S001,Merida Industry,2024-06-03,2024-07-28,2024-07-28,55,61,61,Received
PO51336,1147,S001,Merida Industry,2024-06-03,2024-07-28,2024-07-28,55,60,60,Received
PO51337,1165,S001,Merida Industry,2024-06-04,2024-07-29,2024-07-29,55,62,62,Received
PO51338,1164,S001,Merida Industry,2024-06-05,2024-07-30,2024-07-30,55,62,62,Received
PO51339,1012,S001,Merida Industry,2024-06-06,2024-07-31,2024-07-31,55,60,60,Received
PO51340,1167,S001,Merida Industry,2024-06-06,2024-07-31,2024-07-31,55,60,60,Received
PO51341,1022,S001,Merida Industry,2024-06-07,2024-08-01,2024-08-01,55,61,61,Received
PO51342,1158,S001,Merida Industry,2024-06-07,2024-08-01,2024-08-01,55,60,60,Received
PO51343,1166,S001,Merida Industry,2024-06-07,2024-08-01,2024-08-01,55,60,60,Received
PO51344,1171,S001,Merida Industry,2024-06-08,2024-08-02,2024-08-02,55,60,60,Received
PO51345,1054,S001,Merida Industry,2024-06-09,2024-08-03,2024-08-03,55,63,63,Received
PO51346,1091,S001,Merida Industry,2024-06-10,2024-08-04,2024-08-04,55,60,60,Received
PO51347,1113,S001,Merida Industry,2024-06-10,2024-08-04,2024-08-04,55,63,63,Received
PO51348,1176,S001,Merida Industry,2024-06-11,2024-08-05,2024-08-05,55,61,61,Received
PO51349,1003,S001,Merida Industry,2024-06-12,2024-08-06,2024-08-06,55,60,60,Received
PO51350,1036,S001,Merida Industry,2024-06-12,2024-08-06,2024-08-06,55,60,60,Received
PO51351,1071,S001,Merida Industry,2024-06-12,2024-08-06,2024-08-06,55,65,65,Received
PO51352,1075,S001,Merida Industry,2024-06-13,2024-08-07,2024-08-07,55,63,63,Received
PO51353,1087,S001,Merida Industry,2024-06-13,2024-08-07,2024-08-07,55,62,62,Received
PO51354,1137,S001,Merida Industry,2024-06-13,2024-08-07,2024-08-07,55,61,61,Received
PO51355,1041,S001,Merida Industry,2024-06-14,2024-08-08,2024-08-08,55,60,60,Received
PO51356,1081,S001,Merida Industry,2024-06-14,2024-08-08,2024-08-08,55,64,64,Received
PO51357,1136,S001,Merida Industry,2024-06-14,2024-08-08,2024-08-08,55,61,61,Received
PO51358,1134,S001,Merida Industry,2024-06-15,2024-08-09,2024-08-09,55,63,63,Received
PO51359,1048,S001,Merida Industry,2024-06-16,2024-08-10,2024-08-10,55,60,60,Received
PO51360,1150,S001,Merida Industry,2024-06-17,2024-08-11,2024-08-11,55,60,60,Received
PO51361,1161,S001,Merida Industry,2024-06-19,2024-08-13,2024-08-13,55,62,62,Received
PO51362,1186,S002,Ideal Bike Corp,2024-06-19,2024-08-03,2024-08-03,45,61,61,Received
PO51363,1024,S001,Merida Industry,2024-06-20,2024-08-14,2024-08-14,55,65,65,Received
PO51364,1059,S001,Merida Industry,2024-06-20,2024-08-14,2024-08-14,55,60,60,Received
PO51365,1064,S001,Merida Industry,2024-06-20,2024-08-14,2024-08-14,55,60,60,Received
PO51366,1109,S001,Merida Industry,2024-06-20,2024-08-14,2024-08-14,55,63,63,Received
PO51367,1089,S001,Merida Industry,2024-06-21,2024-08-15,2024-08-15,55,60,60,Received
PO51368,1045,S001,Merida Industry,2024-06-24,2024-08-18,2024-08-18,55,67,67,Received
PO51369,1080,S001,Merida Industry,2024-06-24,2024-08-18,2024-08-18,55,60,60,Received
PO51370,1068,S001,Merida Industry,2024-06-25,2024-08-19,2024-08-19,55,61,61,Received
PO51371,1082,S001,Merida Industry,2024-06-25,2024-08-19,2024-08-19,55,60,60,Received
PO51372,1105,S001,Merida Industry,2024-06-25,2024-08-19,2024-08-19,55,61,61,Received
PO51373,1108,S001,Merida Industry,2024-06-25,2024-08-19,2024-08-19,55,61,61,Received
PO51374,1115,S001,Merida Industry,2024-06-25,2024-08-19,2024-08-19,55,61,61,Received
PO51375,1002,S001,Merida Industry,2024-06-26,2024-08-20,2024-08-20,55,61,61,Received
PO51376,1034,S001,Merida Industry,2024-06-26,2024-08-20,2024-08-20,55,60,60,Received
PO51377,1145,S001,Merida Industry,2024-06-26,2024-08-20,2024-08-20,55,61,61,Received
PO51378,1028,S001,Merida Industry,2024-06-27,2024-08-21,2024-08-21,55,69,69,Received
PO51379,1073,S001,Merida Industry,2024-06-27,2024-08-21,2024-08-21,55,61,61,Received
PO51380,1090,S001,Merida Industry,2024-06-27,2024-08-21,2024-08-21,55,62,62,Received
PO51381,1127,S001,Merida Industry,2024-06-27,2024-08-21,2024-08-21,55,63,63,Received
PO51382,1131,S001,Merida Industry,2024-06-27,2024-08-21,2024-08-21,55,65,65,Received
PO51383,1067,S001,Merida Industry,2024-06-30,2024-08-24,2024-08-24,55,61,61,Received
PO51384,1017,S001,Merida Industry,2024-07-02,2024-08-26,2024-08-26,55,60,60,Received
PO51385,1018,S001,Merida Industry,2024-07-02,2024-08-26,2024-08-26,55,64,64,Received
PO51386,1029,S001,Merida Industry,2024-07-02,2024-08-26,2024-08-26,55,61,61,Received
PO51387,1180,S001,Merida Industry,2024-07-02,2024-08-26,2024-08-26,55,61,61,Received
PO51388,1038,S001,Merida Industry,2024-07-03,2024-08-27,2024-08-27,55,61,61,Received
PO51389,1042,S001,Merida Industry,2024-07-03,2024-08-27,2024-08-27,55,60,60,Received
PO51390,1095,S001,Merida Industry,2024-07-03,2024-08-27,2024-08-27,55,61,61,Received
PO51391,1117,S001,Merida Industry,2024-07-03,2024-08-27,2024-08-27,55,60,60,Received
PO51392,1151,S001,Merida Industry,2024-07-03,2024-08-27,2024-08-27,55,61,61,Received
PO51393,1195,S002,Ideal Bike Corp,2024-07-03,2024-08-17,2024-08-17,45,62,62,Received
PO51394,1047,S001,Merida Industry,2024-07-04,2024-08-28,2024-08-28,55,61,61,Received
PO51395,1104,S001,Merida Industry,2024-07-04,2024-08-28,2024-08-28,55,61,61,Received
PO51396,1118,S001,Merida Industry,2024-07-04,2024-08-28,2024-08-28,55,63,63,Received
PO51397,1119,S001,Merida Industry,2024-07-05,2024-08-29,2024-08-29,55,61,61,Received
PO51398,1138,S001,Merida Industry,2024-07-05,2024-08-29,2024-08-29,55,60,60,Received
PO51399,1019,S001,Merida Industry,2024-07-08,2024-09-01,2024-09-01,55,60,60,Received
PO51400,1097,S001,Merida Industry,2024-07-08,2024-09-01,2024-09-01,55,64,64,Received
PO51401,1112,S001,Merida Industry,2024-07-09,2024-09-02,2024-09-02,55,63,63,Received
PO51402,1143,S001,Merida Industry,2024-07-09,2024-09-02,2024-09-02,55,63,63,Received
PO51403,1208,S002,Ideal Bike Corp,2024-07-09,2024-08-23,2024-08-23,45,60,60,Received
PO51404,1044,S001,Merida Industry,2024-07-10,2024-09-03,2024-09-03,55,63,63,Received
PO51405,1146,S001,Merida Industry,2024-07-10,2024-09-03,2024-09-03,55,60,60,Received
PO51406,1021,S001,Merida Industry,2024-07-15,2024-09-08,2024-09-08,55,63,63,Received
PO51407,1049,S001,Merida Industry,2024-07-15,2024-09-08,2024-09-08,55,62,62,Received
PO51408,1072,S001,Merida Industry,2024-07-15,2024-09-08,2024-09-08,55,64,64,Received
PO51409,1076,S001,Merida Industry,2024-07-15,2024-09-08,2024-09-08,55,64,64,Received
PO51410,1103,S001,Merida Industry,2024-07-15,2024-09-08,2024-09-08,55,64,64,Received
PO51411,1141,S001,Merida Industry,2024-07-15,2024-09-08,2024-09-08,55,62,62,Received
PO51412,1037,S001,Merida Industry,2024-07-16,2024-09-09,2024-09-09,55,61,61,Received
PO51413,1085,S001,Merida Industry,2024-07-16,2024-09-09,2024-09-09,55,62,62,Received
PO51414,1129,S001,Merida Industry,2024-07-17,2024-09-10,2024-09-10,55,60,60,Received
PO51415,1077,S001,Merida Industry,2024-07-18,2024-09-11,2024-09-11,55,60,60,Received
PO51416,1139,S001,Merida Industry,2024-07-18,2024-09-11,2024-09-11,55,63,63,Received
PO51417,1202,S002,Ideal Bike Corp,2024-07-18,2024-09-01,2024-09-01,45,63,63,Received
PO51418,1107,S001,Merida Industry,2024-07-19,2024-09-12,2024-09-12,55,63,63,Received
PO51419,1023,S001,Merida Industry,2024-07-21,2024-09-14,2024-09-14,55,61,61,Received
PO51420,1026,S001,Merida Industry,2024-07-22,2024-09-15,2024-09-15,55,60,60,Received
PO51421,1101,S001,Merida Industry,2024-07-22,2024-09-15,2024-09-15,55,62,62,Received
PO51422,1010,S001,Merida Industry,2024-07-23,2024-09-16,2024-09-16,55,61,61,Received
PO51423,1011,S001,Merida Industry,2024-07-23,2024-09-16,2024-09-16,55,61,61,Received
PO51424,1078,S001,Merida Industry,2024-07-23,2024-09-16,2024-09-16,55,61,61,Received
PO51425,1079,S001,Merida Industry,2024-07-23,2024-09-16,2024-09-16,55,61,61,Received
PO51426,1123,S001,Merida Industry,2024-07-23,2024-09-16,2024-09-16,55,60,60,Received
PO51427,1152,S001,Merida Industry,2024-07-23,2024-09-16,2024-09-16,55,60,60,Received
PO51428,1074,S001,Merida Industry,2024-07-24,2024-09-17,2024-09-17,55,60,60,Received
PO51429,1210,S002,Ideal Bike Corp,2024-07-24,2024-09-07,2024-09-07,45,63,63,Received
PO51430,1106,S001,Merida Industry,2024-07-26,2024-09-19,2024-09-19,55,66,66,Received
PO51431,1092,S001,Merida Industry,2024-07-29,2024-09-22,2024-09-22,55,63,63,Received
PO51432,1110,S001,Merida Industry,2024-07-29,2024-09-22,2024-09-22,55,62,62,Received
PO51433,1111,S001,Merida Industry,2024-07-29,2024-09-22,2024-09-22,55,61,61,Received
PO51434,1144,S001,Merida Industry,2024-07-29,2024-09-22,2024-09-22,55,60,60,Received
PO51435,1027,S001,Merida Industry,2024-07-30,2024-09-23,2024-09-23,55,60,60,Received
PO51436,1006,S001,Merida Industry,2024-07-31,2024-09-24,2024-09-24,55,60,60,Received
PO51437,1169,S001,Merida Industry,2024-07-31,2024-09-24,2024-09-24,55,61,61,Received
PO51438,1173,S001,Merida Industry,2024-07-31,2024-09-24,2024-09-24,55,66,66,Received
PO51439,1053,S001,Merida Industry,2024-08-01,2024-09-25,2024-09-25,55,60,60,Received
PO51440,1114,S001,Merida Industry,2024-08-02,2024-09-26,2024-09-26,55,68,68,Received
PO51441,1172,S001,Merida Industry,2024-08-02,2024-09-26,2024-09-26,55,62,62,Received
PO51442,1025,S001,Merida Industry,2024-08-03,2024-09-27,2024-09-27,55,60,60,Received
PO51443,1149,S001,Merida Industry,2024-08-05,2024-09-29,2024-09-29,55,61,61,Received
PO51444,1084,S001,Merida Industry,2024-08-06,2024-09-30,2024-09-30,55,61,61,Received
PO51445,1133,S001,Merida Industry,2024-08-06,2024-09-30,2024-09-30,55,60,60,Received
PO51446,1016,S001,Merida Industry,2024-08-07,2024-10-01,2024-10-01,55,60,60,Received
PO51447,1046,S001,Merida Industry,2024-08-07,2024-10-01,2024-10-01,55,61,61,Received
PO51448,1015,S001,Merida Industry,2024-08-08,2024-10-02,2024-10-02,55,60,60,Received
PO51449,1065,S001,Merida Industry,2024-08-09,2024-10-03,2024-10-03,55,60,60,Received
PO51450,1083,S001,Merida Industry,2024-08-09,2024-10-03,2024-10-03,55,60,60,Received
PO51451,1069,S001,Merida Industry,2024-08-13,2024-10-07,2024-10-07,55,61,61,Received
PO51452,1100,S001,Merida Industry,2024-08-13,2024-10-07,2024-10-07,55,64,64,Received
PO51453,1116,S001,Merida Industry,2024-08-13,2024-10-07,2024-10-07,55,64,64,Received
PO51454,1088,S001,Merida Industry,2024-08-14,2024-10-08,2024-10-08,55,60,60,Received
PO51455,1142,S001,Merida Industry,2024-08-14,2024-10-08,2024-10-08,55,69,69,Received
PO51456,1014,S001,Merida Industry,2024-08-15,2024-10-09,2024-10-09,55,64,64,Received
PO51457,1130,S001,Merida Industry,2024-08-16,2024-10-10,2024-10-10,55,60,60,Received
PO51458,1168,S001,Merida Industry,2024-08-16,2024-10-10,2024-10-10,55,63,63,Received
PO51459,1197,S002,Ideal Bike Corp,2024-08-16,2024-09-30,2024-09-30,45,60,60,Received
PO51460,1113,S001,Merida Industry,2024-08-19,2024-10-13,2024-10-13,55,63,63,Received
PO51461,1128,S001,Merida Industry,2024-08-19,2024-10-13,2024-10-13,55,61,61,Received
PO51462,1140,S001,Merida Industry,2024-08-20,2024-10-14,2024-10-14,55,63,63,Received
PO51463,1030,S001,Merida Industry,2024-08-21,2024-10-15,2024-10-15,55,61,61,Received
PO51464,1066,S001,Merida Industry,2024-08-22,2024-10-16,2024-10-16,55,60,60,Received
PO51465,1120,S001,Merida Industry,2024-08-22,2024-10-16,2024-10-16,55,64,64,Received
PO51466,1061,S001,Merida Industry,2024-08-23,2024-10-17,2024-10-17,55,61,61,Received
PO51467,1081,S001,Merida Industry,2024-08-23,2024-10-17,2024-10-17,55,60,60,Received
PO51468,1020,S001,Merida Industry,2024-08-26,2024-10-20,2024-10-20,55,63,63,Received
PO51469,1022,S001,Merida Industry,2024-08-27,2024-10-21,2024-10-21,55,61,61,Received
PO51470,1075,S001,Merida Industry,2024-08-27,2024-10-21,2024-10-21,55,60,60,Received
PO51471,1098,S001,Merida Industry,2024-08-28,2024-10-22,2024-10-22,55,63,63,Received
PO51472,1109,S001,Merida Industry,2024-08-28,2024-10-22,2024-10-22,55,62,62,Received
PO51473,1124,S001,Merida Industry,2024-08-28,2024-10-22,2024-10-22,55,60,60,Received
PO51474,1137,S001,Merida Industry,2024-08-28,2024-10-22,2024-10-22,55,62,62,Received
PO51475,1013,S001,Merida Industry,2024-08-29,2024-10-23,2024-10-23,55,68,68,Received
PO51476,1135,S001,Merida Industry,2024-08-29,2024-10-23,2024-10-23,55,62,62,Received
PO51477,1136,S001,Merida Industry,2024-08-30,2024-10-24,2024-10-24,55,60,60,Received
PO51478,1174,S001,Merida Industry,2024-08-31,2024-10-25,2024-10-25,55,61,61,Received
PO51479,1082,S001,Merida Industry,2024-09-02,2024-10-27,2024-10-27,55,64,64,Received
PO51480,1050,S001,Merida Industry,2024-09-03,2024-10-28,2024-10-28,55,62,62,Received
PO51481,1080,S001,Merida Industry,2024-09-03,2024-10-28,2024-10-28,55,63,63,Received
PO51482,1039,S001,Merida Industry,2024-09-04,2024-10-29,2024-10-29,55,62,62,Received
PO51483,1073,S001,Merida Industry,2024-09-04,2024-10-29,2024-10-29,55,61,61,Received
PO51484,1175,S001,Merida Industry,2024-09-04,2024-10-29,2024-10-29,55,62,62,Received
PO51485,1188,S002,Ideal Bike Corp,2024-09-04,2024-10-19,2024-10-19,45,60,60,Received
PO51486,1198,S002,Ideal Bike Corp,2024-09-04,2024-10-19,2024-10-19,45,63,63,Received
PO51487,1087,S001,Merida Industry,2024-09-05,2024-10-30,2024-10-30,55,60,60,Received
PO51488,1108,S001,Merida Industry,2024-09-05,2024-10-30,2024-10-30,55,61,61,Received
PO51489,1134,S001,Merida Industry,2024-09-05,2024-10-30,2024-10-30,55,61,61,Received
PO51490,1008,S001,Merida Industry,2024-09-06,2024-10-31,2024-10-31,55,60,60,Received
PO51491,1070,S001,Merida Industry,2024-09-07,2024-11-01,2024-11-01,55,60,60,Received
PO51492,1148,S001,Merida Industry,2024-09-09,2024-11-03,2024-11-03,55,60,60,Received
PO51493,1052,S001,Merida Industry,2024-09-10,2024-11-04,2024-11-04,55,63,63,Received
PO51494,1055,S001,Merida Industry,2024-09-10,2024-11-04,2024-11-04,55,64,64,Received
PO51495,1086,S001,Merida Industry,2024-09-10,2024-11-04,2024-11-04,55,60,60,Received
PO51496,1190,S002,Ideal Bike Corp,2024-09-10,2024-10-25,2024-10-25,45,61,61,Received
PO51497,1099,S001,Merida Industry,2024-09-11,2024-11-05,2024-11-05,55,62,62,Received
PO51498,1007,S001,Merida Industry,2024-09-12,2024-11-06,2024-11-06,55,60,60,Received
PO51499,1056,S001,Merida Industry,2024-09-12,2024-11-06,2024-11-06,55,62,62,Received
PO51500,1102,S001,Merida Industry,2024-09-12,2024-11-06,2024-11-06,55,60,60,Received
PO51501,1062,S001,Merida Industry,2024-09-13,2024-11-07,2024-11-07,55,60,60,Received
PO51502,1089,S001,Merida Industry,2024-09-13,2024-11-07,2024-11-07,55,60,60,Received
PO51503,1154,S001,Merida Industry,2024-09-13,2024-11-07,2024-11-07,55,60,60,Received
PO51504,1104,S001,Merida Industry,2024-09-15,2024-11-09,2024-11-09,55,60,60,Received
PO51505,1203,S002,Ideal Bike Corp,2024-09-15,2024-10-30,2024-10-30,45,60,60,Received
PO51506,1153,S001,Merida Industry,2024-09-16,2024-11-10,2024-11-10,55,60,60,Received
PO51507,1105,S001,Merida Industry,2024-09-17,2024-11-11,2024-11-11,55,62,62,Received
PO51508,1163,S001,Merida Industry,2024-09-17,2024-11-11,2024-11-11,55,61,61,Received
PO51509,1205,S002,Ideal Bike Corp,2024-09-18,2024-11-02,2024-11-02,45,60,60,Received
PO51510,1112,S001,Merida Industry,2024-09-20,2024-11-14,2024-11-14,55,60,60,Received
PO51511,1160,S001,Merida Industry,2024-09-20,2024-11-14,2024-11-14,55,60,60,Received
PO51512,1071,S001,Merida Industry,2024-09-21,2024-11-15,2024-11-15,55,60,60,Received
PO51513,1096,S001,Merida Industry,2024-09-24,2024-11-18,2024-11-18,55,60,60,Received
PO51514,1019,S001,Merida Industry,2024-09-25,2024-11-19,2024-11-19,55,62,62,Received
PO51515,1150,S001,Merida Industry,2024-09-25,2024-11-19,2024-11-19,55,60,60,Received
PO51516,1068,S001,Merida Industry,2024-09-27,2024-11-21,2024-11-21,55,60,60,Received
PO51517,1043,S001,Merida Industry,2024-09-30,2024-11-24,2024-11-24,55,62,62,Received
PO51518,1121,S001,Merida Industry,2024-09-30,2024-11-24,2024-11-24,55,62,62,Received
PO51519,1132,S001,Merida Industry,2024-10-01,2024-11-25,2024-11-25,55,61,61,Received
PO51520,1103,S001,Merida Industry,2024-10-02,2024-11-26,2024-11-26,55,60,60,Received
PO51521,1074,S001,Merida Industry,2024-10-03,2024-11-27,2024-11-27,55,61,61,Received
PO51522,1090,S001,Merida Industry,2024-10-03,2024-11-27,2024-11-27,55,60,60,Received
PO51523,1107,S001,Merida Industry,2024-10-04,2024-11-28,2024-11-28,55,61,61,Received
PO51524,1125,S001,Merida Industry,2024-10-04,2024-11-28,2024-11-28,55,61,61,Received
PO51525,1076,S001,Merida Industry,2024-10-05,2024-11-29,2024-11-29,55,60,60,Received
PO51526,1077,S001,Merida Industry,2024-10-06,2024-11-30,2024-11-30,55,65,65,Received
PO51527,1078,S001,Merida Industry,2024-10-07,2024-12-01,2024-12-01,55,63,63,Received
PO51528,1139,S001,Merida Industry,2024-10-07,2024-12-01,2024-12-01,55,60,60,Received
PO51529,1024,S001,Merida Industry,2024-10-08,2024-12-02,2024-12-02,55,61,61,Received
PO51530,1115,S001,Merida Industry,2024-10-08,2024-12-02,2024-12-02,55,61,61,Received
PO51531,1178,S001,Merida Industry,2024-10-10,2024-12-04,2024-12-04,55,62,62,Received
PO51532,1009,S001,Merida Industry,2024-10-11,2024-12-05,2024-12-05,55,60,60,Received
PO51533,1017,S001,Merida Industry,2024-10-11,2024-12-05,2024-12-05,55,64,64,Received
PO51534,1143,S001,Merida Industry,2024-10-11,2024-12-05,2024-12-05,55,61,61,Received
PO51535,1193,S002,Ideal Bike Corp,2024-10-11,2024-11-25,2024-11-25,45,61,61,Received
PO51536,1033,S001,Merida Industry,2024-10-12,2024-12-06,2024-12-06,55,63,63,Received
PO51537,1138,S001,Merida Industry,2024-10-15,2024-12-09,2024-12-09,55,60,60,Received
PO51538,1023,S001,Merida Industry,2024-10-16,2024-12-10,2024-12-10,55,62,62,Received
PO51539,1079,S001,Merida Industry,2024-10-16,2024-12-10,2024-12-10,55,61,61,Received
PO51540,1164,S001,Merida Industry,2024-10-16,2024-12-10,2024-12-10,55,64,64,Received
PO51541,1165,S001,Merida Industry,2024-10-17,2024-12-11,2024-12-11,55,63,63,Received
PO51542,1167,S001,Merida Industry,2024-10-17,2024-12-11,2024-12-11,55,61,61,Received
PO51543,1201,S002,Ideal Bike Corp,2024-10-17,2024-12-01,2024-12-01,45,62,62,Received
PO51544,1117,S001,Merida Industry,2024-10-19,2024-12-13,2024-12-13,55,60,60,Received
PO51545,1106,S001,Merida Industry,2024-10-20,2024-12-14,2024-12-14,55,61,61,Received
PO51546,1021,S001,Merida Industry,2024-10-21,2024-12-15,2024-12-15,55,62,62,Received
PO51547,1047,S001,Merida Industry,2024-10-21,2024-12-15,2024-12-15,55,63,63,Received
PO51548,1054,S001,Merida Industry,2024-10-21,2024-12-15,2024-12-15,55,61,61,Received
PO51549,1110,S001,Merida Industry,2024-10-21,2024-12-15,2024-12-15,55,60,60,Received
PO51550,1147,S001,Merida Industry,2024-10-21,2024-12-15,2024-12-15,55,60,60,Received
PO51551,1196,S002,Ideal Bike Corp,2024-10-21,2024-12-05,2024-12-05,45,62,62,Received
PO51552,1012,S001,Merida Industry,2024-10-22,2024-12-16,2024-12-16,55,61,61,Received
PO51553,1018,S001,Merida Industry,2024-10-22,2024-12-16,2024-12-16,55,70,70,Received
PO51554,1067,S001,Merida Industry,2024-10-22,2024-12-16,2024-12-16,55,60,60,Received
PO51555,1084,S001,Merida Industry,2024-10-23,2024-12-17,2024-12-17,55,60,60,Received
PO51556,1127,S001,Merida Industry,2024-10-25,2024-12-19,2024-12-19,55,61,61,Received
PO51557,1058,S001,Merida Industry,2024-10-28,2024-12-22,2024-12-22,55,62,62,Received
PO51558,1085,S001,Merida Industry,2024-10-28,2024-12-22,2024-12-22,55,61,61,Received
PO51559,1179,S001,Merida Industry,2024-10-28,2024-12-22,2024-12-22,55,64,64,Received
PO51560,1194,S002,Ideal Bike Corp,2024-10-28,2024-12-12,2024-12-12,45,62,62,Received
PO51561,1051,S001,Merida Industry,2024-10-29,2024-12-23,2024-12-23,55,60,60,Received
PO51562,1118,S001,Merida Industry,2024-10-30,2024-12-24,2024-12-24,55,63,63,Received
PO51563,1141,S001,Merida Industry,2024-10-30,2024-12-24,2024-12-24,55,62,62,Received
PO51564,1204,S002,Ideal Bike Corp,2024-10-30,2024-12-14,2024-12-14,45,60,60,Received
PO51565,1075,S001,Merida Industry,2024-10-31,2024-12-25,2024-12-25,55,68,68,Received
PO51566,1166,S001,Merida Industry,2024-10-31,2024-12-25,2024-12-25,55,62,62,Received
PO51567,1083,S001,Merida Industry,2024-11-01,2024-12-26,2024-12-26,55,67,67,Received
PO51568,1119,S001,Merida Industry,2024-11-01,2024-12-26,2024-12-26,55,60,60,Received
PO51569,1045,S001,Merida Industry,2024-11-04,2024-12-29,2024-12-29,55,61,61,Received
PO51570,1060,S001,Merida Industry,2024-11-04,2024-12-29,2024-12-29,55,62,62,Received
PO51571,1111,S001,Merida Industry,2024-11-04,2024-12-29,2024-12-29,55,61,61,Received
PO51572,1144,S001,Merida Industry,2024-11-04,2024-12-29,2024-12-29,55,62,62,Received
PO51573,1199,S002,Ideal Bike Corp,2024-11-04,2024-12-19,2024-12-19,45,61,61,Received
PO51574,1097,S001,Merida Industry,2024-11-05,2024-12-30,2024-12-30,55,61,61,Received
PO51575,1015,S001,Merida Industry,2024-11-06,2024-12-31,2024-12-31,55,61,61,Received
PO51576,1081,S001,Merida Industry,2024-11-06,2024-12-31,2024-12-31,55,60,60,Received
PO51577,1114,S001,Merida Industry,2024-11-06,2024-12-31,2024-12-31,55,65,65,Received
PO51578,1133,S001,Merida Industry,2024-11-06,2024-12-31,2024-12-31,55,60,60,Received
PO51579,1149,S001,Merida Industry,2024-11-06,2024-12-31,2024-12-31,55,62,62,Received
PO51580,1014,S001,Merida Industry,2024-11-08,2025-01-02,2025-01-02,55,61,61,Received
PO51581,1159,S001,Merida Industry,2024-11-11,2025-01-05,2025-01-05,55,60,60,Received
PO51582,1171,S001,Merida Industry,2024-11-11,2025-01-05,2025-01-05,55,60,60,Received
PO51583,1016,S001,Merida Industry,2024-11-13,2025-01-07,2025-01-07,55,61,61,Received
PO51584,1029,S001,Merida Industry,2024-11-14,2025-01-08,2025-01-08,55,62,62,Received
PO51585,1073,S001,Merida Industry,2024-11-14,2025-01-08,2025-01-08,55,61,61,Received
PO51586,1082,S001,Merida Industry,2024-11-14,2025-01-08,2025-01-08,55,61,61,Received
PO51587,1088,S001,Merida Industry,2024-11-15,2025-01-09,2025-01-09,55,60,60,Received
PO51588,1145,S001,Merida Industry,2024-11-17,2025-01-11,2025-01-11,55,61,61,Received
PO51589,1044,S001,Merida Industry,2024-11-18,2025-01-12,2025-01-12,55,61,61,Received
PO51590,1195,S002,Ideal Bike Corp,2024-11-18,2025-01-02,2025-01-02,45,60,60,Received
PO51591,1026,S001,Merida Industry,2024-11-19,2025-01-13,2025-01-13,55,60,60,Received
PO51592,1057,S001,Merida Industry,2024-11-19,2025-01-13,2025-01-13,55,60,60,Received
PO51593,1046,S001,Merida Industry,2024-11-20,2025-01-14,2025-01-14,55,60,60,Received
PO51594,1069,S001,Merida Industry,2024-11-21,2025-01-15,2025-01-15,55,61,61,Received
PO51595,1101,S001,Merida Industry,2024-11-21,2025-01-15,2025-01-15,55,60,60,Received
PO51596,1109,S001,Merida Industry,2024-11-21,2025-01-15,2025-01-15,55,61,61,Received
PO51597,1137,S001,Merida Industry,2024-11-21,2025-01-15,2025-01-15,55,61,61,Received
PO51598,1040,S001,Merida Industry,2024-11-22,2025-01-16,2025-01-16,55,61,61,Received
PO51599,1048,S001,Merida Industry,2024-11-22,2025-01-16,2025-01-16,55,63,63,Received
PO51600,1136,S001,Merida Industry,2024-11-22,2025-01-16,2025-01-16,55,60,60,Received
PO51601,1072,S001,Merida Industry,2024-11-23,2025-01-17,2025-01-17,55,63,63,Received
PO51602,1104,S001,Merida Industry,2024-11-23,2025-01-17,2025-01-17,55,60,60,Received
PO51603,1135,S001,Merida Industry,2024-11-25,2025-01-19,2025-01-19,55,61,61,Received
PO51604,1113,S001,Merida Industry,2024-11-26,2025-01-20,2025-01-20,55,62,62,Received
PO51605,1146,S001,Merida Industry,2024-11-26,2025-01-20,2025-01-20,55,60,60,Received
PO51606,1200,S002,Ideal Bike Corp,2024-11-26,2025-01-10,2025-01-10,45,63,63,Received
PO51607,1013,S001,Merida Industry,2024-11-27,2025-01-21,2025-01-21,55,61,61,Received
PO51608,1080,S001,Merida Industry,2024-11-27,2025-01-21,2025-01-21,55,61,61,Received
PO51609,1116,S001,Merida Industry,2024-11-27,2025-01-21,2025-01-21,55,61,61,Received
PO51610,1001,S001,Merida Industry,2024-11-28,2025-01-22,2025-01-22,55,60,60,Received
PO51611,1108,S001,Merida Industry,2024-11-28,2025-01-22,2025-01-22,55,60,60,Received
PO51612,1105,S001,Merida Industry,2024-11-29,2025-01-23,2025-01-23,55,61,61,Received
PO51613,1131,S001,Merida Industry,2024-12-02,2025-01-26,2025-01-26,55,62,62,Received
PO51614,1170,S001,Merida Industry,2024-12-02,2025-01-26,2025-01-26,55,62,62,Received
PO51615,1063,S001,Merida Industry,2024-12-04,2025-01-28,2025-01-28,55,61,61,Received
PO51616,1091,S001,Merida Industry,2024-12-07,2025-01-31,2025-01-31,55,60,60,Received
PO51617,1100,S001,Merida Industry,2024-12-07,2025-01-31,2025-01-31,55,61,61,Received
PO51618,1169,S001,Merida Industry,2024-12-09,2025-02-02,2025-02-02,55,60,60,Received
PO51619,1140,S001,Merida Industry,2024-12-11,2025-02-04,2025-02-04,55,63,63,Received
PO51620,1142,S001,Merida Industry,2024-12-11,2025-02-04,2025-02-04,55,65,65,Received
PO51621,1103,S001,Merida Industry,2024-12-12,2025-02-05,2025-02-05,55,62,62,Received
PO51622,1134,S001,Merida Industry,2024-12-12,2025-02-05,2025-02-05,55,63,63,Received
PO51623,1112,S001,Merida Industry,2024-12-13,2025-02-06,2025-02-06,55,60,60,Received
PO51624,1020,S001,Merida Industry,2024-12-16,2025-02-09,2025-02-09,55,60,60,Received
PO51625,1027,S001,Merida Industry,2024-12-16,2025-02-09,2025-02-09,55,63,63,Received
PO51626,1087,S001,Merida Industry,2024-12-16,2025-02-09,2025-02-09,55,60,60,Received
PO51627,1028,S001,Merida Industry,2024-12-17,2025-02-10,2025-02-10,55,60,60,Received
PO51628,1074,S001,Merida Industry,2024-12-17,2025-02-10,2025-02-10,55,65,65,Received
PO51629,1093,S001,Merida Industry,2024-12-17,2025-02-10,2025-02-10,55,62,62,Received
PO51630,1120,S001,Merida Industry,2024-12-18,2025-02-11,2025-02-11,55,60,60,Received
PO51631,1173,S001,Merida Industry,2024-12-23,2025-02-16,2025-02-16,55,60,60,Received
PO51632,1128,S001,Merida Industry,2024-12-24,2025-02-17,2025-02-17,55,61,61,Received
PO51633,1019,S001,Merida Industry,2024-12-25,2025-02-18,2025-02-18,55,63,63,Received
PO51634,1010,S001,Merida Industry,2024-12-26,2025-02-19,2025-02-19,55,60,60,Received
PO51635,1078,S001,Merida Industry,2024-12-27,2025-02-20,2025-02-20,55,67,67,Received
PO51636,1098,S001,Merida Industry,2024-12-27,2025-02-20,2025-02-20,55,63,63,Received
PO51637,1076,S001,Merida Industry,2024-12-28,2025-02-21,2025-02-21,55,64,64,Received
PO51638,1129,S001,Merida Industry,2024-12-31,2025-02-24,2025-02-24,55,62,62,Received
PO51639,1099,S001,Merida Industry,2025-01-01,2025-02-25,2025-02-25,55,61,61,Received
PO51640,1172,S001,Merida Industry,2025-01-01,2025-02-25,2025-02-25,55,61,61,Received
PO51641,1107,S001,Merida Industry,2025-01-02,2025-02-26,2025-02-26,55,61,61,Received
PO51642,1049,S001,Merida Industry,2025-01-03,2025-02-27,2025-02-27,55,64,64,Received
PO51643,1011,S001,Merida Industry,2025-01-06,2025-03-02,2025-03-02,55,60,60,Received
PO51644,1089,S001,Merida Industry,2025-01-06,2025-03-02,2025-03-02,55,61,61,Received
PO51645,1077,S001,Merida Industry,2025-01-08,2025-03-04,2025-03-04,55,60,60,Received
PO51646,1086,S001,Merida Industry,2025-01-08,2025-03-04,2025-03-04,55,61,61,Received
PO51647,1189,S002,Ideal Bike Corp,2025-01-09,2025-02-23,2025-02-23,45,61,61,Received
PO51648,1191,S002,Ideal Bike Corp,2025-01-09,2025-02-23,2025-02-23,45,60,60,Received
PO51649,1022,S001,Merida Industry,2025-01-10,2025-03-06,2025-03-06,55,61,61,Received
PO51650,1094,S001,Merida Industry,2025-01-10,2025-03-06,2025-03-06,55,62,62,Received
PO51651,1079,S001,Merida Industry,2025-01-11,2025-03-07,2025-03-07,55,63,63,Received
PO51652,1041,S001,Merida Industry,2025-01-13,2025-03-09,2025-03-09,55,61,61,Received
PO51653,1138,S001,Merida Industry,2025-01-16,2025-03-12,2025-03-12,55,63,63,Received
PO51654,1083,S001,Merida Industry,2025-01-17,2025-03-13,2025-03-13,55,62,62,Received
PO51655,1110,S001,Merida Industry,2025-01-19,2025-03-15,2025-03-15,55,64,64,Received
PO51656,1017,S001,Merida Industry,2025-01-20,2025-03-16,2025-03-16,55,60,60,Received
PO51657,1176,S001,Merida Industry,2025-01-20,2025-03-16,2025-03-16,55,60,60,Received
PO51658,1042,S001,Merida Industry,2025-01-21,2025-03-17,2025-03-17,55,60,60,Received
PO51659,1068,S001,Merida Industry,2025-01-22,2025-03-18,2025-03-18,55,62,62,Received
PO51660,1143,S001,Merida Industry,2025-01-23,2025-03-19,2025-03-19,55,60,60,Received
PO51661,1024,S001,Merida Industry,2025-01-24,2025-03-20,2025-03-20,55,61,61,Received
PO51662,1130,S001,Merida Industry,2025-01-24,2025-03-20,2025-03-20,55,61,61,Received
PO51663,1038,S001,Merida Industry,2025-01-28,2025-03-24,2025-03-24,55,62,62,Received
PO51664,1071,S001,Merida Industry,2025-01-28,2025-03-24,2025-03-24,55,60,60,Received
PO51665,1209,S002,Ideal Bike Corp,2025-01-28,2025-03-14,2025-03-14,45,60,60,Received
PO51666,1117,S001,Merida Industry,2025-01-30,2025-03-26,2025-03-26,55,60,60,Received
PO51667,1053,S001,Merida Industry,2025-02-01,2025-03-28,2025-03-28,55,61,61,Received
PO51668,1073,S001,Merida Industry,2025-02-02,2025-03-29,2025-03-29,55,62,62,Received
PO51669,1067,S001,Merida Industry,2025-02-03,2025-03-30,2025-03-30,55,62,62,Received
PO51670,1106,S001,Merida Industry,2025-02-03,2025-03-30,2025-03-30,55,61,61,Received
PO51671,1050,S001,Merida Industry,2025-02-04,2025-03-31,2025-03-31,55,60,60,Received
PO51672,1075,S001,Merida Industry,2025-02-05,2025-04-01,2025-04-01,55,60,60,Received
PO51673,1102,S001,Merida Industry,2025-02-05,2025-04-01,2025-04-01,55,60,60,Received
PO51674,1139,S001,Merida Industry,2025-02-05,2025-04-01,2025-04-01,55,60,60,Received
PO51675,1081,S001,Merida Industry,2025-02-06,2025-04-02,2025-04-02,55,60,60,Received
PO51676,1084,S001,Merida Industry,2025-02-06,2025-04-02,2025-04-02,55,60,60,Received
PO51677,1023,S001,Merida Industry,2025-02-07,2025-04-03,2025-04-03,55,62,62,Received
PO51678,1109,S001,Merida Industry,2025-02-07,2025-04-03,2025-04-03,55,63,63,Received
PO51679,1122,S001,Merida Industry,2025-02-11,2025-04-07,2025-04-07,55,60,60,Received
PO51680,1133,S001,Merida Industry,2025-02-11,2025-04-07,2025-04-07,55,61,61,Received
PO51681,1105,S001,Merida Industry,2025-02-13,2025-04-09,2025-04-09,55,60,60,Received
PO51682,1082,S001,Merida Industry,2025-02-14,2025-04-10,2025-04-10,55,61,61,Received
PO51683,1090,S001,Merida Industry,2025-02-14,2025-04-10,2025-04-10,55,61,61,Received
PO51684,1104,S001,Merida Industry,2025-02-14,2025-04-10,2025-04-10,55,65,65,Received
PO51685,1111,S001,Merida Industry,2025-02-14,2025-04-10,2025-04-10,55,60,60,Received
PO51686,1115,S001,Merida Industry,2025-02-14,2025-04-10,2025-04-10,55,60,60,Received
PO51687,1113,S001,Merida Industry,2025-02-16,2025-04-12,2025-04-12,55,60,60,Received
PO51688,1114,S001,Merida Industry,2025-02-16,2025-04-12,2025-04-12,55,61,61,Received
PO51689,1018,S001,Merida Industry,2025-02-18,2025-04-14,2025-04-14,55,60,60,Received
PO51690,1043,S001,Merida Industry,2025-02-18,2025-04-14,2025-04-14,55,60,60,Received
PO51691,1061,S001,Merida Industry,2025-02-19,2025-04-15,2025-04-15,55,60,60,Received
PO51692,1144,S001,Merida Industry,2025-02-19,2025-04-15,2025-04-15,55,61,61,Received
PO51693,1162,S001,Merida Industry,2025-02-19,2025-04-15,2025-04-15,55,61,61,Received
PO51694,1015,S001,Merida Industry,2025-02-20,2025-04-16,2025-04-16,55,67,67,Received
PO51695,1047,S001,Merida Industry,2025-02-20,2025-04-16,2025-04-16,55,63,63,Received
PO51696,1052,S001,Merida Industry,2025-02-20,2025-04-16,2025-04-16,55,62,62,Received
PO51697,1014,S001,Merida Industry,2025-02-21,2025-04-17,2025-04-17,55,66,66,Received
PO51698,1163,S001,Merida Industry,2025-02-21,2025-04-17,2025-04-17,55,61,61,Received
PO51699,1025,S001,Merida Industry,2025-02-24,2025-04-20,2025-04-20,55,60,60,Received
PO51700,1103,S001,Merida Industry,2025-02-24,2025-04-20,2025-04-20,55,60,60,Received
PO51701,1080,S001,Merida Industry,2025-02-25,2025-04-21,2025-04-21,55,62,62,Received
PO51702,1108,S001,Merida Industry,2025-02-25,2025-04-21,2025-04-21,55,60,60,Received
PO51703,1021,S001,Merida Industry,2025-02-27,2025-04-23,2025-04-23,55,60,60,Received
PO51704,1074,S001,Merida Industry,2025-02-27,2025-04-23,2025-04-23,55,61,61,Received
PO51705,1137,S001,Merida Industry,2025-02-27,2025-04-23,2025-04-23,55,60,60,Received
PO51706,1168,S001,Merida Industry,2025-02-27,2025-04-23,2025-04-23,55,61,61,Received
PO51707,1008,S001,Merida Industry,2025-02-28,2025-04-24,2025-04-24,55,61,61,Received
PO51708,1070,S001,Merida Industry,2025-02-28,2025-04-24,2025-04-24,55,60,60,Received
PO51709,1135,S001,Merida Industry,2025-02-28,2025-04-24,2025-04-24,55,65,65,Received
PO51710,1072,S001,Merida Industry,2025-03-02,2025-04-26,2025-04-26,55,60,60,Received
PO51711,1119,S001,Merida Industry,2025-03-03,2025-04-27,2025-04-27,55,60,60,Received
PO51712,1059,S001,Merida Industry,2025-03-04,2025-04-28,2025-04-28,55,61,61,Received
PO51713,1112,S001,Merida Industry,2025-03-05,2025-04-29,2025-04-29,55,60,60,Received
PO51714,1136,S001,Merida Industry,2025-03-06,2025-04-30,2025-04-30,55,60,60,Received
PO51715,1076,S001,Merida Industry,2025-03-10,2025-05-04,2025-05-04,55,61,61,Received
PO51716,1085,S001,Merida Industry,2025-03-10,2025-05-04,2025-05-04,55,60,60,Received
PO51717,1141,S001,Merida Industry,2025-03-10,2025-05-04,2025-05-04,55,60,60,Received
PO51718,1202,S002,Ideal Bike Corp,2025-03-10,2025-04-24,2025-04-24,45,61,61,Received
PO51719,1064,S001,Merida Industry,2025-03-11,2025-05-05,2025-05-05,55,62,62,Received
PO51720,1088,S001,Merida Industry,2025-03-11,2025-05-05,2025-05-05,55,61,61,Received
PO51721,1174,S001,Merida Industry,2025-03-11,2025-05-05,2025-05-05,55,63,63,Received
PO51722,1078,S001,Merida Industry,2025-03-12,2025-05-06,2025-05-06,55,61,61,Received
PO51723,1095,S001,Merida Industry,2025-03-12,2025-05-06,2025-05-06,55,60,60,Received
PO51724,1149,S001,Merida Industry,2025-03-12,2025-05-06,2025-05-06,55,63,63,Received
PO51725,1127,S001,Merida Industry,2025-03-13,2025-05-07,2025-05-07,55,60,60,Received
PO51726,1044,S001,Merida Industry,2025-03-14,2025-05-08,2025-05-08,55,60,60,Received
PO51727,1016,S001,Merida Industry,2025-03-16,2025-05-10,2025-05-10,55,60,60,Received
PO51728,1097,S001,Merida Industry,2025-03-16,2025-05-10,2025-05-10,55,60,60,Received
PO51729,1156,S001,Merida Industry,2025-03-18,2025-05-12,2025-05-12,55,61,61,Received
PO51730,1035,S001,Merida Industry,2025-03-19,2025-05-13,2025-05-13,55,60,60,Received
PO51731,1134,S001,Merida Industry,2025-03-19,2025-05-13,2025-05-13,55,72,72,Received
PO51732,1142,S001,Merida Industry,2025-03-19,2025-05-13,2025-05-13,55,61,61,Received
PO51733,1013,S001,Merida Industry,2025-03-20,2025-05-14,2025-05-14,55,62,62,Received
PO51734,1037,S001,Merida Industry,2025-03-20,2025-05-14,2025-05-14,55,60,60,Received
PO51735,1107,S001,Merida Industry,2025-03-20,2025-05-14,2025-05-14,55,64,64,Received
PO51736,1140,S001,Merida Industry,2025-03-20,2025-05-14,2025-05-14,55,62,62,Received
PO51737,1077,S001,Merida Industry,2025-03-21,2025-05-15,2025-05-15,55,62,62,Received
PO51738,1007,S001,Merida Industry,2025-03-22,2025-05-16,2025-05-16,55,61,61,Received
PO51739,1051,S001,Merida Industry,2025-03-24,2025-05-18,2025-05-18,55,63,63,Received
PO51740,1118,S001,Merida Industry,2025-03-24,2025-05-18,2025-05-18,55,60,60,Received
PO51741,1150,S001,Merida Industry,2025-03-24,2025-05-18,2025-05-18,55,60,60,Received
PO51742,1177,S001,Merida Industry,2025-03-24,2025-05-18,2025-05-18,55,60,60,Received
PO51743,1087,S001,Merida Industry,2025-03-25,2025-05-19,2025-05-19,55,61,61,Received
PO51744,1100,S001,Merida Industry,2025-03-26,2025-05-20,2025-05-20,55,61,61,Received
PO51745,1055,S001,Merida Industry,2025-03-27,2025-05-21,2025-05-21,55,61,61,Received
PO51746,1147,S001,Merida Industry,2025-03-27,2025-05-21,2025-05-21,55,63,63,Received
PO51747,1056,S001,Merida Industry,2025-03-28,2025-05-22,2025-05-22,55,60,60,Received
PO51748,1165,S001,Merida Industry,2025-03-28,2025-05-22,2025-05-22,55,60,60,Received
PO51749,1020,S001,Merida Industry,2025-03-29,2025-05-23,2025-05-23,55,62,62,Received
PO51750,1030,S001,Merida Industry,2025-03-31,2025-05-25,2025-05-25,55,61,61,Received
PO51751,1069,S001,Merida Industry,2025-03-31,2025-05-25,2025-05-25,55,61,61,Received
PO51752,1120,S001,Merida Industry,2025-04-01,2025-05-26,2025-05-26,55,60,60,Received
PO51753,1146,S001,Merida Industry,2025-04-01,2025-05-26,2025-05-26,55,60,60,Received
PO51754,1148,S001,Merida Industry,2025-04-01,2025-05-26,2025-05-26,55,63,63,Received
PO51755,1026,S001,Merida Industry,2025-04-02,2025-05-27,2025-05-27,55,60,60,Received
PO51756,1079,S001,Merida Industry,2025-04-02,2025-05-27,2025-05-27,55,63,63,Received
PO51757,1138,S001,Merida Industry,2025-04-02,2025-05-27,2025-05-27,55,61,61,Received
PO51758,1145,S001,Merida Industry,2025-04-02,2025-05-27,2025-05-27,55,63,63,Received
PO51759,1207,S002,Ideal Bike Corp,2025-04-02,2025-05-17,2025-05-17,45,62,62,Received
PO51760,1048,S001,Merida Industry,2025-04-04,2025-05-29,2025-05-29,55,61,61,Received
PO51761,1164,S001,Merida Industry,2025-04-04,2025-05-29,2025-05-29,55,60,60,Received
PO51762,1045,S001,Merida Industry,2025-04-07,2025-06-01,2025-06-01,55,62,62,Received
PO51763,1086,S001,Merida Industry,2025-04-07,2025-06-01,2025-06-01,55,61,61,Received
PO51764,1017,S001,Merida Industry,2025-04-08,2025-06-02,2025-06-02,55,63,63,Received
PO51765,1096,S001,Merida Industry,2025-04-08,2025-06-02,2025-06-02,55,63,63,Received
PO51766,1167,S001,Merida Industry,2025-04-08,2025-06-02,2025-06-02,55,63,63,Received
PO51767,1099,S001,Merida Industry,2025-04-09,2025-06-03,2025-06-03,55,60,60,Received
PO51768,1101,S001,Merida Industry,2025-04-09,2025-06-03,2025-06-03,55,61,61,Received
PO51769,1132,S001,Merida Industry,2025-04-09,2025-06-03,2025-06-03,55,60,60,Received
PO51770,1029,S001,Merida Industry,2025-04-10,2025-06-04,2025-06-04,55,60,60,Received
PO51771,1089,S001,Merida Industry,2025-04-10,2025-06-04,2025-06-04,55,61,61,Received
PO51772,1106,S001,Merida Industry,2025-04-10,2025-06-04,2025-06-04,55,61,61,Received
PO51773,1075,S001,Merida Industry,2025-04-12,2025-06-06,2025-06-06,55,60,60,Received
PO51774,1110,S001,Merida Industry,2025-04-12,2025-06-06,2025-06-06,55,61,61,Received
PO51775,1143,S001,Merida Industry,2025-04-12,2025-06-06,2025-06-06,55,61,61,Received
PO51776,1009,S001,Merida Industry,2025-04-14,2025-06-08,2025-06-08,55,61,61,Received
PO51777,1019,S001,Merida Industry,2025-04-14,2025-06-08,2025-06-08,55,60,60,Received
PO51778,1081,S001,Merida Industry,2025-04-14,2025-06-08,2025-06-08,55,63,63,Received
PO51779,1116,S001,Merida Industry,2025-04-14,2025-06-08,2025-06-08,55,60,60,Received
PO51780,1180,S001,Merida Industry,2025-04-14,2025-06-08,2025-06-08,55,62,62,Received
PO51781,1022,S001,Merida Industry,2025-04-15,2025-06-09,2025-06-09,55,63,63,Received
PO51782,1062,S001,Merida Industry,2025-04-15,2025-06-09,2025-06-09,55,61,61,Received
PO51783,1073,S001,Merida Industry,2025-04-15,2025-06-09,2025-06-09,55,64,64,Received
PO51784,1083,S001,Merida Industry,2025-04-15,2025-06-09,2025-06-09,55,63,63,Received
PO51785,1158,S001,Merida Industry,2025-04-15,2025-06-09,2025-06-09,55,60,60,Received
PO51786,1098,S001,Merida Industry,2025-04-16,2025-06-10,2025-06-10,55,63,63,Received
PO51787,1012,S001,Merida Industry,2025-04-17,2025-06-11,2025-06-11,55,60,60,Received
PO51788,1166,S001,Merida Industry,2025-04-17,2025-06-11,2025-06-11,55,60,60,Received
PO51789,1066,S001,Merida Industry,2025-04-18,2025-06-12,2025-06-12,55,61,61,Received
PO51790,1084,S001,Merida Industry,2025-04-20,2025-06-14,2025-06-14,55,60,60,Received
PO51791,1065,S001,Merida Industry,2025-04-21,2025-06-15,2025-06-15,55,61,61,Received
PO51792,1092,S001,Merida Industry,2025-04-21,2025-06-15,2025-06-15,55,61,61,Received
PO51793,1126,S001,Merida Industry,2025-04-21,2025-06-15,2025-06-15,55,61,61,Received
PO51794,1054,S001,Merida Industry,2025-04-22,2025-06-16,2025-06-16,55,60,60,Received
PO51795,1129,S001,Merida Industry,2025-04-22,2025-06-16,2025-06-16,55,61,61,Received
PO51796,1161,S001,Merida Industry,2025-04-22,2025-06-16,2025-06-16,55,61,61,Received
PO51797,1109,S001,Merida Industry,2025-04-23,2025-06-17,2025-06-17,55,60,60,Received
PO51798,1131,S001,Merida Industry,2025-04-23,2025-06-17,2025-06-17,55,64,64,Received
PO51799,1046,S001,Merida Industry,2025-04-24,2025-06-18,2025-06-18,55,61,61,Received
PO51800,1139,S001,Merida Industry,2025-04-24,2025-06-18,2025-06-18,55,65,65,Received
PO51801,1049,S001,Merida Industry,2025-04-25,2025-06-19,2025-06-19,55,60,60,Received
PO51802,1068,S001,Merida Industry,2025-04-25,2025-06-19,2025-06-19,55,62,62,Received
PO51803,1071,S001,Merida Industry,2025-04-25,2025-06-19,2025-06-19,55,60,60,Received
PO51804,1104,S001,Merida Industry,2025-04-25,2025-06-19,2025-06-19,55,66,66,Received
PO51805,1105,S001,Merida Industry,2025-04-25,2025-06-19,2025-06-19,55,66,66,Received
PO51806,1082,S001,Merida Industry,2025-04-26,2025-06-20,2025-06-20,55,61,61,Received
PO51807,1111,S001,Merida Industry,2025-04-28,2025-06-22,2025-06-22,55,60,60,Received
PO51808,1023,S001,Merida Industry,2025-04-29,2025-06-23,2025-06-23,55,60,60,Received
PO51809,1117,S001,Merida Industry,2025-04-30,2025-06-24,2025-06-24,55,63,63,Received
PO51810,1157,S001,Merida Industry,2025-04-30,2025-06-24,2025-06-24,55,60,60,Received
PO51811,1067,S001,Merida Industry,2025-05-01,2025-06-25,2025-06-25,55,64,64,Received
PO51812,1173,S001,Merida Industry,2025-05-01,2025-06-25,2025-06-25,55,61,61,Received
PO51813,1027,S001,Merida Industry,2025-05-02,2025-06-26,2025-06-26,55,64,64,Received
PO51814,1028,S001,Merida Industry,2025-05-05,2025-06-29,2025-06-29,55,60,60,Received
PO51815,1103,S001,Merida Industry,2025-05-05,2025-06-29,2025-06-29,55,60,60,Received
PO51816,1113,S001,Merida Industry,2025-05-05,2025-06-29,2025-06-29,55,61,61,Received
PO51817,1133,S001,Merida Industry,2025-05-05,2025-06-29,2025-06-29,55,64,64,Received
PO51818,1128,S001,Merida Industry,2025-05-06,2025-06-30,2025-06-30,55,60,60,Received
PO51819,1108,S001,Merida Industry,2025-05-07,2025-07-01,2025-07-01,55,60,60,Received
PO51820,1114,S001,Merida Industry,2025-05-07,2025-07-01,2025-07-01,55,64,64,Received
PO51821,1169,S001,Merida Industry,2025-05-07,2025-07-01,2025-07-01,55,61,61,Received
PO51822,1197,S002,Ideal Bike Corp,2025-05-07,2025-06-21,2025-06-21,45,63,63,Received
PO51823,1024,S001,Merida Industry,2025-05-08,2025-07-02,2025-07-02,55,61,61,Received
PO51824,1074,S001,Merida Industry,2025-05-08,2025-07-02,2025-07-02,55,60,60,Received
PO51825,1102,S001,Merida Industry,2025-05-08,2025-07-02,2025-07-02,55,63,63,Received
PO51826,1195,S002,Ideal Bike Corp,2025-05-08,2025-06-22,2025-06-22,45,61,61,Received
PO51827,1018,S001,Merida Industry,2025-05-09,2025-07-03,2025-07-03,55,68,68,Received
PO51828,1144,S001,Merida Industry,2025-05-11,2025-07-05,2025-07-05,55,60,60,Received
PO51829,1011,S001,Merida Industry,2025-05-12,2025-07-06,2025-07-06,55,60,60,Received
PO51830,1080,S001,Merida Industry,2025-05-12,2025-07-06,2025-07-06,55,65,65,Received
PO51831,1090,S001,Merida Industry,2025-05-12,2025-07-06,2025-07-06,55,60,60,Received
PO51832,1112,S001,Merida Industry,2025-05-13,2025-07-07,2025-07-07,55,65,65,Received
PO51833,1172,S001,Merida Industry,2025-05-15,2025-07-09,2025-07-09,55,63,63,Received
PO51834,1078,S001,Merida Industry,2025-05-16,2025-07-10,2025-07-10,55,67,67,Received
PO51835,1060,S001,Merida Industry,2025-05-17,2025-07-11,2025-07-11,55,60,60,Received
PO51836,1076,S001,Merida Industry,2025-05-18,2025-07-12,2025-07-12,55,60,60,Received
PO51837,1141,S001,Merida Industry,2025-05-19,2025-07-13,2025-07-13,55,60,60,Received
PO51838,1053,S001,Merida Industry,2025-05-20,2025-07-14,2025-07-14,55,61,61,Received
PO51839,1072,S001,Merida Industry,2025-05-20,2025-07-14,2025-07-14,55,60,60,Received
PO51840,1010,S001,Merida Industry,2025-05-21,2025-07-15,2025-07-15,55,60,60,Received
PO51841,1015,S001,Merida Industry,2025-05-21,2025-07-15,2025-07-15,55,61,61,Received
PO51842,1021,S001,Merida Industry,2025-05-21,2025-07-15,2025-07-15,55,62,62,Received
PO51843,1135,S001,Merida Industry,2025-05-21,2025-07-15,2025-07-15,55,61,61,Received
PO51844,1136,S001,Merida Industry,2025-05-21,2025-07-15,2025-07-15,55,61,61,Received
PO51845,1137,S001,Merida Industry,2025-05-21,2025-07-15,2025-07-15,55,61,61,Received
PO51846,1004,S001,Merida Industry,2025-05-22,2025-07-16,2025-07-16,55,60,60,Received
PO51847,1119,S001,Merida Industry,2025-05-22,2025-07-16,2025-07-16,55,61,61,Received
PO51848,1130,S001,Merida Industry,2025-05-23,2025-07-17,2025-07-17,55,61,61,Received
PO51849,1171,S001,Merida Industry,2025-05-23,2025-07-17,2025-07-17,55,60,60,Received
PO51850,1194,S002,Ideal Bike Corp,2025-05-25,2025-07-09,2025-07-09,45,61,61,Received
PO51851,1016,S001,Merida Industry,2025-05-26,2025-07-20,2025-07-20,55,61,61,Received
PO51852,1070,S001,Merida Industry,2025-05-26,2025-07-20,2025-07-20,55,62,62,Received
PO51853,1077,S001,Merida Industry,2025-05-26,2025-07-20,2025-07-20,55,64,64,Received
PO51854,1115,S001,Merida Industry,2025-05-26,2025-07-20,2025-07-20,55,60,60,Received
PO51855,1168,S001,Merida Industry,2025-05-26,2025-07-20,2025-07-20,55,62,62,Received
PO51856,1107,S001,Merida Industry,2025-05-27,2025-07-21,2025-07-21,55,61,61,Received
PO51857,1039,S001,Merida Industry,2025-05-28,2025-07-22,2025-07-22,55,62,62,Received
PO51858,1058,S001,Merida Industry,2025-05-28,2025-07-22,2025-07-22,55,60,60,Received
PO51859,1196,S002,Ideal Bike Corp,2025-05-28,2025-07-12,2025-07-12,45,61,61,Received
PO51860,1005,S001,Merida Industry,2025-05-29,2025-07-23,2025-07-23,55,61,61,Received
PO51861,1088,S001,Merida Industry,2025-05-29,2025-07-23,2025-07-23,55,62,62,Received
PO51862,1134,S001,Merida Industry,2025-05-29,2025-07-23,2025-07-23,55,61,61,Received
PO51863,1142,S001,Merida Industry,2025-05-29,2025-07-23,2025-07-23,55,62,62,Received
PO51864,1014,S001,Merida Industry,2025-06-02,2025-07-27,2025-07-27,55,62,62,Received
PO51865,1124,S001,Merida Industry,2025-06-02,2025-07-27,2025-07-27,55,60,60,Received
PO51866,1170,S001,Merida Industry,2025-06-02,2025-07-27,2025-07-27,55,60,60,Received
PO51867,1050,S001,Merida Industry,2025-06-03,2025-07-28,2025-07-28,55,61,61,Received
PO51868,1149,S001,Merida Industry,2025-06-03,2025-07-28,2025-07-28,55,60,60,Received
PO51869,1085,S001,Merida Industry,2025-06-04,2025-07-29,2025-07-29,55,61,61,Received
PO51870,1044,S001,Merida Industry,2025-06-06,2025-07-31,2025-07-31,55,60,60,Received
PO51871,1063,S001,Merida Industry,2025-06-06,2025-07-31,2025-07-31,55,60,60,Received
PO51872,1187,S002,Ideal Bike Corp,2025-06-06,2025-07-21,2025-07-21,45,60,60,Received
PO51873,1198,S002,Ideal Bike Corp,2025-06-07,2025-07-22,2025-07-22,45,60,60,Received
PO51874,1097,S001,Merida Industry,2025-06-08,2025-08-02,2025-08-02,55,60,60,Received
PO51875,1052,S001,Merida Industry,2025-06-10,2025-08-04,2025-08-04,55,63,63,Received
PO51876,1079,S001,Merida Industry,2025-06-10,2025-08-04,2025-08-04,55,63,63,Received
PO51877,1043,S001,Merida Industry,2025-06-13,2025-08-07,2025-08-07,55,62,62,Received
PO51878,1140,S001,Merida Industry,2025-06-14,2025-08-08,2025-08-08,55,60,60,Received
PO51879,1025,S001,Merida Industry,2025-06-17,2025-08-11,2025-08-11,55,60,60,Received
PO51880,1106,S001,Merida Industry,2025-06-17,2025-08-11,2025-08-11,55,63,63,Received
PO51881,1120,S001,Merida Industry,2025-06-17,2025-08-11,2025-08-11,55,62,62,Received
PO51882,1047,S001,Merida Industry,2025-06-18,2025-08-12,2025-08-12,55,61,61,Received
PO51883,1013,S001,Merida Industry,2025-06-19,2025-08-13,2025-08-13,55,65,65,Received
PO51884,1100,S001,Merida Industry,2025-06-19,2025-08-13,2025-08-13,55,64,64,Received
PO51885,1178,S001,Merida Industry,2025-06-19,2025-08-13,2025-08-13,55,60,60,Received
PO51886,1075,S001,Merida Industry,2025-06-20,2025-08-14,2025-08-14,55,62,62,Received
PO51887,1007,S001,Merida Industry,2025-06-23,2025-08-17,2025-08-17,55,61,61,Received
PO51888,1042,S001,Merida Industry,2025-06-23,2025-08-17,2025-08-17,55,61,61,Received
PO51889,1073,S001,Merida Industry,2025-06-23,2025-08-17,2025-08-17,55,60,60,Received
PO51890,1081,S001,Merida Industry,2025-06-23,2025-08-17,2025-08-17,55,60,60,Received
PO51891,1038,S001,Merida Industry,2025-06-24,2025-08-18,2025-08-18,55,62,62,Received
PO51892,1041,S001,Merida Industry,2025-06-25,2025-08-19,2025-08-19,55,63,63,Received
PO51893,1118,S001,Merida Industry,2025-06-26,2025-08-20,2025-08-20,55,61,61,Received
PO51894,1204,S002,Ideal Bike Corp,2025-06-26,2025-08-10,2025-08-10,45,61,61,Received
PO51895,1150,S001,Merida Industry,2025-06-27,2025-08-21,2025-08-21,55,60,60,Received
PO51896,1091,S001,Merida Industry,2025-06-28,2025-08-22,2025-08-22,55,62,62,Received
PO51897,1206,S002,Ideal Bike Corp,2025-06-28,2025-08-12,2025-08-12,45,61,61,Received
PO51898,1086,S001,Merida Industry,2025-06-29,2025-08-23,2025-08-23,55,60,60,Received
PO51899,1087,S001,Merida Industry,2025-06-29,2025-08-23,2025-08-23,55,61,61,Received
PO51900,1057,S001,Merida Industry,2025-06-30,2025-08-24,2025-08-24,55,62,62,Received
PO51901,1089,S001,Merida Industry,2025-06-30,2025-08-24,2025-08-24,55,62,62,Received
PO51902,1200,S002,Ideal Bike Corp,2025-06-30,2025-08-14,2025-08-14,45,63,63,Received
PO51903,1069,S001,Merida Industry,2025-07-01,2025-08-25,2025-08-25,55,60,60,Received
PO51904,1138,S001,Merida Industry,2025-07-01,2025-08-25,2025-08-25,55,63,63,Received
PO51905,1008,S001,Merida Industry,2025-07-02,2025-08-26,2025-08-26,55,60,60,Received
PO51906,1020,S001,Merida Industry,2025-07-02,2025-08-26,2025-08-26,55,61,61,Received
PO51907,1083,S001,Merida Industry,2025-07-02,2025-08-26,2025-08-26,55,63,63,Received
PO51908,1109,S001,Merida Industry,2025-07-02,2025-08-26,2025-08-26,55,70,70,Received
PO51909,1201,S002,Ideal Bike Corp,2025-07-02,2025-08-16,2025-08-16,45,60,60,Received
PO51910,1101,S001,Merida Industry,2025-07-03,2025-08-27,2025-08-27,55,61,61,Received
PO51911,1110,S001,Merida Industry,2025-07-03,2025-08-27,2025-08-27,55,66,66,Received
PO51912,1139,S001,Merida Industry,2025-07-03,2025-08-27,2025-08-27,55,61,61,Received
PO51913,1026,S001,Merida Industry,2025-07-04,2025-08-28,2025-08-28,55,60,60,Received
PO51914,1143,S001,Merida Industry,2025-07-04,2025-08-28,2025-08-28,55,61,61,Received
PO51915,1208,S002,Ideal Bike Corp,2025-07-04,2025-08-18,2025-08-18,45,62,62,Received
PO51916,1006,S001,Merida Industry,2025-07-05,2025-08-29,2025-08-29,55,62,62,Received
PO51917,1084,S001,Merida Industry,2025-07-06,2025-08-30,2025-08-30,55,60,60,Received
PO51918,1019,S001,Merida Industry,2025-07-07,2025-08-31,2025-08-31,55,60,60,Received
PO51919,1147,S001,Merida Industry,2025-07-07,2025-08-31,2025-08-31,55,60,60,Received
PO51920,1193,S002,Ideal Bike Corp,2025-07-07,2025-08-21,2025-08-21,45,60,60,Received
PO51921,1031,S001,Merida Industry,2025-07-08,2025-09-01,2025-09-01,55,62,62,Received
PO51922,1104,S001,Merida Industry,2025-07-08,2025-09-01,2025-09-01,55,62,62,Received
PO51923,1111,S001,Merida Industry,2025-07-08,2025-09-01,2025-09-01,55,61,61,Received
PO51924,1074,S001,Merida Industry,2025-07-09,2025-09-02,2025-09-02,55,63,63,Received
PO51925,1082,S001,Merida Industry,2025-07-09,2025-09-02,2025-09-02,55,66,66,Received
PO51926,1163,S001,Merida Industry,2025-07-09,2025-09-02,2025-09-02,55,63,63,Received
PO51927,1203,S002,Ideal Bike Corp,2025-07-09,2025-08-23,2025-08-23,45,61,61,Received
PO51928,1093,S001,Merida Industry,2025-07-10,2025-09-03,2025-09-03,55,62,62,Received
PO51929,1099,S001,Merida Industry,2025-07-11,2025-09-04,2025-09-04,55,61,61,Received
PO51930,1148,S001,Merida Industry,2025-07-12,2025-09-05,2025-09-05,55,60,60,Received
PO51931,1017,S001,Merida Industry,2025-07-15,2025-09-08,2025-09-08,55,60,60,Received
PO51932,1105,S001,Merida Industry,2025-07-15,2025-09-08,2025-09-08,55,62,62,Received
PO51933,1116,S001,Merida Industry,2025-07-15,2025-09-08,2025-09-08,55,60,60,Received
PO51934,1146,S001,Merida Industry,2025-07-15,2025-09-08,2025-09-08,55,60,60,Received
PO51935,1103,S001,Merida Industry,2025-07-17,2025-09-10,2025-09-10,55,61,61,Received
PO51936,1108,S001,Merida Industry,2025-07-17,2025-09-10,2025-09-10,55,60,60,Received
PO51937,1133,S001,Merida Industry,2025-07-17,2025-09-10,2025-09-10,55,66,66,Received
PO51938,1145,S001,Merida Industry,2025-07-17,2025-09-10,2025-09-10,55,62,62,Received
PO51939,1061,S001,Merida Industry,2025-07-18,2025-09-11,2025-09-11,55,61,61,Received
PO51940,1030,S001,Merida Industry,2025-07-21,2025-09-14,2025-09-14,55,61,61,Received
PO51941,1045,S001,Merida Industry,2025-07-22,2025-09-15,2025-09-15,55,62,62,Received
PO51942,1068,S001,Merida Industry,2025-07-22,2025-09-15,2025-09-15,55,61,61,Received
PO51943,1113,S001,Merida Industry,2025-07-22,2025-09-15,2025-09-15,55,63,63,Received
PO51944,1040,S001,Merida Industry,2025-07-23,2025-09-16,2025-09-16,55,60,60,Received
PO51945,1046,S001,Merida Industry,2025-07-23,2025-09-16,2025-09-16,55,63,63,Received
PO51946,1123,S001,Merida Industry,2025-07-23,2025-09-16,2025-09-16,55,60,60,Received
PO51947,1022,S001,Merida Industry,2025-07-24,2025-09-17,2025-09-17,55,62,62,Received
PO51948,1051,S001,Merida Industry,2025-07-24,2025-09-17,2025-09-17,55,60,60,Received
PO51949,1127,S001,Merida Industry,2025-07-24,2025-09-17,2025-09-17,55,62,62,Received
PO51950,1129,S001,Merida Industry,2025-07-24,2025-09-17,2025-09-17,55,62,62,Received
PO51951,1071,S001,Merida Industry,2025-07-28,2025-09-21,2025-09-21,55,62,62,Received
PO51952,1076,S001,Merida Industry,2025-07-28,2025-09-21,2025-09-21,55,67,67,Received
PO51953,1179,S001,Merida Industry,2025-07-28,2025-09-21,2025-09-21,55,62,62,Received
PO51954,1181,S002,Ideal Bike Corp,2025-07-28,2025-09-11,2025-09-11,45,60,60,Received
PO51955,1023,S001,Merida Industry,2025-07-29,2025-09-22,2025-09-22,55,60,60,Received
PO51956,1048,S001,Merida Industry,2025-07-29,2025-09-22,2025-09-22,55,60,60,Received
PO51957,1056,S001,Merida Industry,2025-07-30,2025-09-23,2025-09-23,55,60,60,Received
PO51958,1054,S001,Merida Industry,2025-07-31,2025-09-24,2025-09-24,55,60,60,Received
PO51959,1077,S001,Merida Industry,2025-07-31,2025-09-24,2025-09-24,55,61,61,Received
PO51960,1067,S001,Merida Industry,2025-08-01,2025-09-25,2025-09-25,55,60,60,Received
PO51961,1078,S001,Merida Industry,2025-08-01,2025-09-25,2025-09-25,55,63,63,Received
PO51962,1095,S001,Merida Industry,2025-08-01,2025-09-25,2025-09-25,55,60,60,Received
PO51963,1137,S001,Merida Industry,2025-08-01,2025-09-25,2025-09-25,55,60,60,Received
PO51964,1024,S001,Merida Industry,2025-08-04,2025-09-28,2025-09-28,55,61,61,Received
PO51965,1049,S001,Merida Industry,2025-08-04,2025-09-28,2025-09-28,55,60,60,Received
PO51966,1029,S001,Merida Industry,2025-08-05,2025-09-29,2025-09-29,55,60,60,Received
PO51967,1098,S001,Merida Industry,2025-08-06,2025-09-30,2025-09-30,55,60,60,Received
PO51968,1114,S001,Merida Industry,2025-08-06,2025-09-30,2025-09-30,55,60,60,Received
PO51969,1175,S001,Merida Industry,2025-08-06,2025-09-30,2025-09-30,55,62,62,Received
PO51970,1080,S001,Merida Industry,2025-08-07,2025-10-01,2025-10-01,55,60,60,Received
PO51971,1174,S001,Merida Industry,2025-08-07,2025-10-01,2025-10-01,55,63,63,Received
PO51972,1112,S001,Merida Industry,2025-08-08,2025-10-02,2025-10-02,55,63,63,Received
PO51973,1117,S001,Merida Industry,2025-08-08,2025-10-02,2025-10-02,55,60,60,Received
PO51974,1135,S001,Merida Industry,2025-08-08,2025-10-02,2025-10-02,55,60,60,Received
PO51975,1136,S001,Merida Industry,2025-08-08,2025-10-02,2025-10-02,55,60,60,Received
PO51976,1015,S001,Merida Industry,2025-08-11,2025-10-05,2025-10-05,55,70,70,Received
PO51977,1018,S001,Merida Industry,2025-08-11,2025-10-05,2025-10-05,55,60,60,Received
PO51978,1072,S001,Merida Industry,2025-08-12,2025-10-06,2025-10-06,55,61,61,Received
PO51979,1115,S001,Merida Industry,2025-08-12,2025-10-06,2025-10-06,55,62,62,Received
PO51980,1131,S001,Merida Industry,2025-08-12,2025-10-06,2025-10-06,55,61,61,Received
PO51981,1144,S001,Merida Industry,2025-08-13,2025-10-07,2025-10-07,55,63,63,Received
PO51982,1107,S001,Merida Industry,2025-08-14,2025-10-08,2025-10-08,55,62,62,Received
PO51983,1002,S001,Merida Industry,2025-08-15,2025-10-09,2025-10-09,55,60,60,Received
PO51984,1160,S001,Merida Industry,2025-08-15,2025-10-09,2025-10-09,55,60,60,Received
PO51985,1128,S001,Merida Industry,2025-08-18,2025-10-12,2025-10-12,55,60,60,Received
PO51986,1132,S001,Merida Industry,2025-08-18,2025-10-12,2025-10-12,55,61,61,Received
PO51987,1090,S001,Merida Industry,2025-08-19,2025-10-13,2025-10-13,55,60,60,Received
PO51988,1134,S001,Merida Industry,2025-08-19,2025-10-13,2025-10-13,55,63,63,Received
PO51989,1141,S001,Merida Industry,2025-08-19,2025-10-13,2025-10-13,55,60,60,Received
PO51990,1167,S001,Merida Industry,2025-08-19,2025-10-13,2025-10-13,55,62,62,Received
PO51991,1173,S001,Merida Industry,2025-08-19,2025-10-13,2025-10-13,55,61,61,Received
PO51992,1195,S002,Ideal Bike Corp,2025-08-19,2025-10-03,2025-10-03,45,60,60,Received
PO51993,1102,S001,Merida Industry,2025-08-20,2025-10-14,2025-10-14,55,61,61,Received
PO51994,1159,S001,Merida Industry,2025-08-20,2025-10-14,2025-10-14,55,61,61,Received
PO51995,1166,S001,Merida Industry,2025-08-20,2025-10-14,2025-10-14,55,61,61,Received
PO51996,1003,S001,Merida Industry,2025-08-21,2025-10-15,2025-10-15,55,61,61,Received
PO51997,1079,S001,Merida Industry,2025-08-22,2025-10-16,2025-10-16,55,63,63,Received
PO51998,1021,S001,Merida Industry,2025-08-23,2025-10-17,2025-10-17,55,60,60,Received
PO51999,1014,S001,Merida Industry,2025-08-25,2025-10-19,2025-10-19,55,61,61,Received
PO52000,1070,S001,Merida Industry,2025-08-25,2025-10-19,2025-10-19,55,60,60,Received
PO52001,1027,S001,Merida Industry,2025-08-26,2025-10-20,2025-10-20,55,67,67,Received
PO52002,1106,S001,Merida Industry,2025-08-26,2025-10-20,2025-10-20,55,61,61,Received
PO52003,1119,S001,Merida Industry,2025-08-26,2025-10-20,2025-10-20,55,60,60,Received
PO52004,1016,S001,Merida Industry,2025-08-27,2025-10-21,2025-10-21,55,60,60,Received
PO52005,1140,S001,Merida Industry,2025-08-27,2025-10-21,2025-10-21,55,64,64,Received
PO52006,1165,S001,Merida Industry,2025-08-27,2025-10-21,2025-10-21,55,63,63,Received
PO52007,1164,S001,Merida Industry,2025-08-28,2025-10-22,2025-10-22,55,60,60,Received
PO52008,1009,S001,Merida Industry,2025-08-29,2025-10-23,2025-10-23,55,60,60,Received
PO52009,1012,S001,Merida Industry,2025-08-29,2025-10-23,2025-10-23,55,61,61,Received
PO52010,1073,S001,Merida Industry,2025-09-02,2025-10-27,2025-10-27,55,63,63,Received
PO52011,1075,S001,Merida Industry,2025-09-04,2025-10-29,2025-10-29,55,60,60,Received
PO52012,1202,S002,Ideal Bike Corp,2025-09-04,2025-10-19,2025-10-19,45,60,60,Received
PO52013,1028,S001,Merida Industry,2025-09-05,2025-10-30,2025-10-30,55,61,61,Received
PO52014,1064,S001,Merida Industry,2025-09-05,2025-10-30,2025-10-30,55,62,62,Received
PO52015,1168,S001,Merida Industry,2025-09-07,2025-11-01,2025-11-01,55,60,60,Received
PO52016,1121,S001,Merida Industry,2025-09-10,2025-11-04,2025-11-04,55,61,61,Received
PO52017,1088,S001,Merida Industry,2025-09-11,2025-11-05,2025-11-05,55,61,61,Received
PO52018,1011,S001,Merida Industry,2025-09-12,2025-11-06,2025-11-06,55,62,62,Received
PO52019,1043,S001,Merida Industry,2025-09-12,2025-11-06,2025-11-06,55,63,63,Received
PO52020,1065,S001,Merida Industry,2025-09-15,2025-11-09,2025-11-09,55,60,60,Received
PO52021,1010,S001,Merida Industry,2025-09-16,2025-11-10,2025-11-10,55,63,63,Received
PO52022,1081,S001,Merida Industry,2025-09-16,2025-11-10,2025-11-10,55,61,61,Received
PO52023,1085,S001,Merida Industry,2025-09-16,2025-11-10,2025-11-10,55,61,61,Received
PO52024,1083,S001,Merida Industry,2025-09-17,2025-11-11,2025-11-11,55,61,61,Received
PO52025,1089,S001,Merida Industry,2025-09-17,2025-11-11,2025-11-11,55,60,60,Received
PO52026,1125,S001,Merida Industry,2025-09-17,2025-11-11,2025-11-11,55,60,60,Received
PO52027,1176,S001,Merida Industry,2025-09-17,2025-11-11,2025-11-11,55,60,60,Received
PO52028,1104,S001,Merida Industry,2025-09-18,2025-11-12,2025-11-12,55,60,60,Received
PO52029,1053,S001,Merida Industry,2025-09-19,2025-11-13,2025-11-13,55,63,63,Received
PO52030,1097,S001,Merida Industry,2025-09-19,2025-11-13,2025-11-13,55,62,62,Received
PO52031,1111,S001,Merida Industry,2025-09-19,2025-11-13,2025-11-13,55,62,62,Received
PO52032,1138,S001,Merida Industry,2025-09-19,2025-11-13,2025-11-13,55,60,60,Received
PO52033,1087,S001,Merida Industry,2025-09-21,2025-11-15,2025-11-15,55,63,63,Received
PO52034,1084,S001,Merida Industry,2025-09-22,2025-11-16,2025-11-16,55,65,65,Received
PO52035,1103,S001,Merida Industry,2025-09-23,2025-11-17,2025-11-17,55,67,67,Received
PO52036,1066,S001,Merida Industry,2025-09-24,2025-11-18,2025-11-18,55,62,62,Received
PO52037,1100,S001,Merida Industry,2025-09-24,2025-11-18,2025-11-18,55,60,60,Received
PO52038,1118,S001,Merida Industry,2025-09-24,2025-11-18,2025-11-18,55,61,61,Received
PO52039,1120,S001,Merida Industry,2025-09-24,2025-11-18,2025-11-18,55,60,60,Received
PO52040,1142,S001,Merida Industry,2025-09-24,2025-11-18,2025-11-18,55,63,63,Received
PO52041,1094,S001,Merida Industry,2025-09-25,2025-11-19,2025-11-19,55,60,60,Received
PO52042,1109,S001,Merida Industry,2025-09-25,2025-11-19,2025-11-19,55,60,60,Received
PO52043,1149,S001,Merida Industry,2025-09-25,2025-11-19,2025-11-19,55,62,62,Received
PO52044,1050,S001,Merida Industry,2025-09-26,2025-11-20,2025-11-20,55,62,62,Received
PO52045,1110,S001,Merida Industry,2025-09-26,2025-11-20,2025-11-20,55,61,61,Received
PO52046,1074,S001,Merida Industry,2025-09-28,2025-11-22,2025-11-22,55,60,60,Received
PO52047,1105,S001,Merida Industry,2025-09-29,2025-11-23,2025-11-23,55,61,61,Received
PO52048,1108,S001,Merida Industry,2025-09-29,2025-11-23,2025-11-23,55,60,60,Received
PO52049,1013,S001,Merida Industry,2025-09-30,2025-11-24,2025-11-24,55,60,60,Received
PO52050,1172,S001,Merida Industry,2025-09-30,2025-11-24,2025-11-24,55,60,60,Received
PO52051,1001,S001,Merida Industry,2025-10-02,2025-11-26,2025-11-26,55,60,60,Received
PO52052,1044,S001,Merida Industry,2025-10-02,2025-11-26,2025-11-26,55,62,62,Received
PO52053,1099,S001,Merida Industry,2025-10-02,2025-11-26,2025-11-26,55,60,60,Received
PO52054,1130,S001,Merida Industry,2025-10-02,2025-11-26,2025-11-26,55,60,60,Received
PO52055,1069,S001,Merida Industry,2025-10-06,2025-11-30,2025-11-30,55,63,63,Received
PO52056,1150,S001,Merida Industry,2025-10-06,2025-11-30,2025-11-30,55,62,62,Received
PO52057,1068,S001,Merida Industry,2025-10-07,2025-12-01,2025-12-01,55,62,62,Received
PO52058,1076,S001,Merida Industry,2025-10-08,2025-12-02,2025-12-02,55,63,63,Received
PO52059,1059,S001,Merida Industry,2025-10-09,2025-12-03,2025-12-03,55,61,61,Received
PO52060,1143,S001,Merida Industry,2025-10-09,2025-12-03,2025-12-03,55,60,60,Received
PO52061,1007,S001,Merida Industry,2025-10-10,2025-12-04,2025-12-04,55,60,60,Received
PO52062,1082,S001,Merida Industry,2025-10-10,2025-12-04,2025-12-04,55,62,62,Received
PO52063,1113,S001,Merida Industry,2025-10-11,2025-12-05,2025-12-05,55,61,61,Received
PO52064,1037,S001,Merida Industry,2025-10-13,2025-12-07,2025-12-07,55,60,60,Received
PO52065,1055,S001,Merida Industry,2025-10-13,2025-12-07,2025-12-07,55,61,61,Received
PO52066,1170,S001,Merida Industry,2025-10-13,2025-12-07,2025-12-07,55,60,60,Received
PO52067,1017,S001,Merida Industry,2025-10-15,2025-12-09,2025-12-09,55,60,60,Received
PO52068,1020,S001,Merida Industry,2025-10-15,2025-12-09,2025-12-09,55,62,62,Received
PO52069,1026,S001,Merida Industry,2025-10-15,2025-12-09,2025-12-09,55,60,60,Received
PO52070,1078,S001,Merida Industry,2025-10-16,2025-12-10,2025-12-10,55,63,63,Received
PO52071,1047,S001,Merida Industry,2025-10-17,2025-12-11,2025-12-11,55,63,63,Received
PO52072,1025,S001,Merida Industry,2025-10-19,2025-12-13,2025-12-13,55,62,62,Received
PO52073,1096,S001,Merida Industry,2025-10-20,2025-12-14,2025-12-14,55,61,61,Received
PO52074,1133,S001,Merida Industry,2025-10-20,2025-12-14,2025-12-14,55,61,61,Received
PO52075,1019,S001,Merida Industry,2025-10-22,2025-12-16,2025-12-16,55,60,60,Received
PO52076,1077,S001,Merida Industry,2025-10-22,2025-12-16,2025-12-16,55,62,62,Received
PO52077,1080,S001,Merida Industry,2025-10-22,2025-12-16,2025-12-16,55,66,66,Received
PO52078,1101,S001,Merida Industry,2025-10-22,2025-12-16,2025-12-16,55,60,60,Received
PO52079,1112,S001,Merida Industry,2025-10-23,2025-12-17,2025-12-17,55,61,61,Received
PO52080,1137,S001,Merida Industry,2025-10-24,2025-12-18,2025-12-18,55,63,63,Received
PO52081,1177,S001,Merida Industry,2025-10-24,2025-12-18,2025-12-18,55,62,62,Received
PO52082,1116,S001,Merida Industry,2025-10-28,2025-12-22,2025-12-22,55,60,60,Received
PO52083,1199,S002,Ideal Bike Corp,2025-10-29,2025-12-13,2025-12-13,45,60,60,Received
PO52084,1086,S001,Merida Industry,2025-10-30,2025-12-24,2025-12-24,55,60,60,Received
PO52085,1092,S001,Merida Industry,2025-10-30,2025-12-24,2025-12-24,55,60,60,Received
PO52086,1107,S001,Merida Industry,2025-10-30,2025-12-24,2025-12-24,55,60,60,Received
PO52087,1169,S001,Merida Industry,2025-10-30,2025-12-24,2025-12-24,55,60,60,Received
PO52088,1052,S001,Merida Industry,2025-10-31,2025-12-25,2025-12-25,55,61,61,Received
PO52089,1114,S001,Merida Industry,2025-10-31,2025-12-25,2025-12-25,55,63,63,Received
PO52090,1062,S001,Merida Industry,2025-11-01,2025-12-26,2025-12-26,55,61,61,Received
PO52091,1008,S001,Merida Industry,2025-11-03,2025-12-28,2025-12-28,55,61,61,Received
PO52092,1139,S001,Merida Industry,2025-11-03,2025-12-28,2025-12-28,55,61,61,Received
PO52093,1023,S001,Merida Industry,2025-11-05,2025-12-30,2025-12-30,55,60,60,Received
PO52094,1145,S001,Merida Industry,2025-11-05,2025-12-30,2025-12-30,55,60,60,Received
PO52095,1136,S001,Merida Industry,2025-11-06,2025-12-31,2025-12-31,55,60,60,Received
PO52096,1158,S001,Merida Industry,2025-11-06,2025-12-31,2025-12-31,55,62,62,Received
PO52097,1018,S001,Merida Industry,2025-11-07,2026-01-01,,55,60,0,Open
PO52098,1022,S001,Merida Industry,2025-11-09,2026-01-03,,55,60,0,Open
PO52099,1060,S001,Merida Industry,2025-11-10,2026-01-04,,55,60,0,Open
PO52100,1106,S001,Merida Industry,2025-11-10,2026-01-04,,55,60,0,Open
PO52101,1135,S001,Merida Industry,2025-11-10,2026-01-04,,55,60,0,Open
PO52102,1163,S001,Merida Industry,2025-11-10,2026-01-04,,55,62,0,Open
PO52103,1071,S001,Merida Industry,2025-11-12,2026-01-06,,55,60,0,Open
PO52104,1045,S001,Merida Industry,2025-11-17,2026-01-11,,55,62,0,Open
PO52105,1144,S001,Merida Industry,2025-11-17,2026-01-11,,55,60,0,Open
PO52106,1146,S001,Merida Industry,2025-11-17,2026-01-11,,55,60,0,Open
PO52107,1073,S001,Merida Industry,2025-11-18,2026-01-12,,55,63,0,Open
PO52108,1148,S001,Merida Industry,2025-11-18,2026-01-12,,55,60,0,Open
PO52109,1147,S001,Merida Industry,2025-11-19,2026-01-13,,55,64,0,Open
PO52110,1180,S001,Merida Industry,2025-11-19,2026-01-13,,55,60,0,Open
PO52111,1051,S001,Merida Industry,2025-11-20,2026-01-14,,55,60,0,Open
PO52112,1079,S001,Merida Industry,2025-11-20,2026-01-14,,55,60,0,Open
PO52113,1021,S001,Merida Industry,2025-11-23,2026-01-17,,55,60,0,Open
PO52114,1129,S001,Merida Industry,2025-11-23,2026-01-17,,55,60,0,Open
PO52115,1194,S002,Ideal Bike Corp,2025-11-23,2026-01-07,,45,60,0,Open
PO52116,1024,S001,Merida Industry,2025-11-25,2026-01-19,,55,61,0,Open
PO52117,1075,S001,Merida Industry,2025-11-25,2026-01-19,,55,65,0,Open
PO52118,1090,S001,Merida Industry,2025-11-25,2026-01-19,,55,61,0,Open
PO52119,1104,S001,Merida Industry,2025-11-26,2026-01-20,,55,60,0,Open
PO52120,1131,S001,Merida Industry,2025-11-26,2026-01-20,,55,61,0,Open
PO52121,1015,S001,Merida Industry,2025-11-27,2026-01-21,,55,60,0,Open
PO52122,1126,S001,Merida Industry,2025-11-27,2026-01-21,,55,62,0,Open
PO52123,1188,S002,Ideal Bike Corp,2025-11-27,2026-01-11,,45,60,0,Open
PO52124,1196,S002,Ideal Bike Corp,2025-11-27,2026-01-11,,45,60,0,Open
PO52125,1072,S001,Merida Industry,2025-11-28,2026-01-22,,55,60,0,Open
PO52126,1083,S001,Merida Industry,2025-11-28,2026-01-22,,55,62,0,Open
PO52127,1048,S001,Merida Industry,2025-11-29,2026-01-23,,55,60,0,Open
PO52128,1070,S001,Merida Industry,2025-12-01,2026-01-25,,55,60,0,Open
PO52129,1141,S001,Merida Industry,2025-12-01,2026-01-25,,55,62,0,Open
PO52130,1103,S001,Merida Industry,2025-12-02,2026-01-26,,55,61,0,Open
PO52131,1117,S001,Merida Industry,2025-12-02,2026-01-26,,55,60,0,Open
PO52132,1161,S001,Merida Industry,2025-12-04,2026-01-28,,55,60,0,Open
PO52133,1134,S001,Merida Industry,2025-12-06,2026-01-30,,55,60,0,Open
PO52134,1081,S001,Merida Industry,2025-12-08,2026-02-01,,55,61,0,Open
PO52135,1193,S002,Ideal Bike Corp,2025-12-09,2026-01-23,,45,60,0,Open
PO52136,1098,S001,Merida Industry,2025-12-10,2026-02-03,,55,63,0,Open
PO52137,1014,S001,Merida Industry,2025-12-11,2026-02-04,,55,60,0,Open
PO52138,1074,S001,Merida Industry,2025-12-12,2026-02-05,,55,60,0,Open
PO52139,1102,S001,Merida Industry,2025-12-12,2026-02-05,,55,62,0,Open
PO52140,1140,S001,Merida Industry,2025-12-12,2026-02-05,,55,62,0,Open
PO52141,1084,S001,Merida Industry,2025-12-15,2026-02-08,,55,60,0,Open
PO52142,1111,S001,Merida Industry,2025-12-15,2026-02-08,,55,62,0,Open
PO52143,1128,S001,Merida Industry,2025-12-16,2026-02-09,,55,62,0,Open
PO52144,1151,S001,Merida Industry,2025-12-16,2026-02-09,,55,62,0,Open
PO52145,1190,S002,Ideal Bike Corp,2025-12-16,2026-01-30,,45,61,0,Open
PO52146,1115,S001,Merida Industry,2025-12-17,2026-02-10,,55,61,0,Open
PO52147,1085,S001,Merida Industry,2025-12-18,2026-02-11,,55,62,0,Open
PO52148,1108,S001,Merida Industry,2025-12-18,2026-02-11,,55,62,0,Open
PO52149,1067,S001,Merida Industry,2025-12-19,2026-02-12,,55,61,0,Open
PO52150,1119,S001,Merida Industry,2025-12-19,2026-02-12,,55,60,0,Open
PO52151,1164,S001,Merida Industry,2025-12-20,2026-02-13,,55,62,0,Open
PO52152,1046,S001,Merida Industry,2025-12-22,2026-02-15,,55,63,0,Open
PO52153,1132,S001,Merida Industry,2025-12-23,2026-02-16,,55,60,0,Open
PO52154,1030,S001,Merida Industry,2025-12-24,2026-02-17,,55,60,0,Open
PO52155,1054,S001,Merida Industry,2025-12-24,2026-02-17,,55,61,0,Open
PO52156,1157,S001,Merida Industry,2025-12-25,2026-02-18,,55,60,0,Open
PO52157,1016,S001,Merida Industry,2025-12-26,2026-02-19,,55,63,0,Open
PO52158,1197,S002,Ideal Bike Corp,2025-12-26,2026-02-09,,45,60,0,Open
PO52159,1127,S001,Merida Industry,2025-12-27,2026-02-20,,55,62,0,Open
PO52160,1138,S001,Merida Industry,2025-12-27,2026-02-20,,55,60,0,Open
PO52161,1036,S001,Merida Industry,2025-12-29,2026-02-22,,55,61,0,Open
PO52162,1042,S001,Merida Industry,2025-12-29,2026-02-22,,55,60,0,Open
PO52163,1109,S001,Merida Industry,2025-12-29,2026-02-22,,55,61,0,Open
PO52164,1110,S001,Merida Industry,2025-12-29,2026-02-22,,55,63,0,Open
PO52165,1076,S001,Merida Industry,2025-12-31,2026-02-24,,55,65,0,Open
PO52166,1082,S001,Merida Industry,2025-12-31,2026-02-24,,55,61,0,Open
PO52167,1097,S001,Merida Industry,2025-12-31,2026-02-24,,55,62,0,Open
