sales_order_id,order_date,customer_id,customer_name,sales_channel,order_status,payment_terms,warehouse,order_total
SO100000,2023-01-01,C0008,Sedona Ride Center,Dealer,Booked,Net 30,Phoenix Distribution Center,17356.9
SO100001,2023-01-01,C0001,Sonoran Cycles Online,DTC,Booked,Credit Card,Phoenix Distribution Center,3299.0
SO100002,2023-01-01,C0001,Sonoran Cycles Online,DTC,Booked,Credit Card,Phoenix Distribution Center,3299.0
SO100003,2023-01-01,C0001,Sonoran Cycles Online,DTC,Booked,Credit Card,Phoenix Distribution Center,4599.0
SO100004,2023-01-01,C0001,Sonoran Cycles Online,DTC,Booked,Credit Card,Phoenix Distribution Center,3299.0
SO100005,2023-01-01,C0001,Sonoran Cycles Online,DTC,Booked,Credit Card,Phoenix Distribution Center,3299.0
SO100006,2023-01-01,C0001,Sonoran Cycles Online,DTC,Booked,Credit Card,Phoenix Distribution Center,6199.0
SO100007,2023-01-01,C0001,Sonoran Cycles Online,DTC,Booked,Credit Card,Phoenix Distribution Center,5199.0
SO100008,2023-01-01,C0001,Sonoran Cycles Online,DTC,Booked,Credit Card,Phoenix Distribution Center,11398.0
SO100009,2023-01-02,C0005,Mesa Mountain Bikes,Dealer,Booked,Net 30,Phoenix Distribution Center,21574.8
SO100010,2023-01-02,C0014,Redwood Ride Shop,Dealer,Booked,Net 30,Phoenix Distribution Center,25289.8
SO100011,2023-01-02,C0034,Green Mountain Bikes,Dealer,Booked,Net 30,Phoenix Distribution Center,28885.18
SO100012,2023-01-02,C0018,High Country Bikes,Dealer,Booked,Net 45,Phoenix Distribution Center,30038.78
SO100013,2023-01-02,C0002,Desert Trail Bikes,Dealer,Booked,Net 45,Phoenix Distribution Center,14091.1
SO100014,2023-01-02,C0012,Rain City Cycles,Dealer,Booked,Net 30,Phoenix Distribution Center,24499.8
SO100015,2023-01-02,C0030,Blue Ridge Cycles,Dealer,Booked,Net 30,Phoenix Distribution Center,38990.56
SO100016,2023-01-02,C0030,Blue Ridge Cycles,Dealer,Booked,Net 30,Phoenix Distribution Center,5702.76
SO100017,2023-01-02,C0024,Teton Cycling,Dealer,Booked,Net 30,Phoenix Distribution Center,24759.15
SO100018,2023-01-02,C0021,Rocky Peak Cycles,Dealer,Booked,Net 30,Phoenix Distribution Center,22550.45
SO100019,2023-01-02,C0027,Prairie Trail Bikes,Dealer,Booked,Net 30,Phoenix Distribution Center,13389.52
SO100020,2023-01-02,C0013,Pacific Trail Bikes,Dealer,Booked,Net 45,Phoenix Distribution Center,43494.2
SO100021,2023-01-02,C0013,Pacific Trail Bikes,Dealer,Booked,Net 45,Phoenix Distribution Center,8698.84
SO100022,2023-01-02,C0001,Sonoran Cycles Online,DTC,Booked,Credit Card,Phoenix Distribution Center,4599.0
SO100023,2023-01-02,C0001,Sonoran Cycles Online,DTC,Booked,Credit Card,Phoenix Distribution Center,5199.0
SO100024,2023-01-02,C0001,Sonoran Cycles Online,DTC,Booked,Credit Card,Phoenix Distribution Center,5199.0
SO100025,2023-01-02,C0001,Sonoran Cycles Online,DTC,Booked,Credit Card,Phoenix Distribution Center,6199.0
SO100026,2023-01-02,C0001,Sonoran Cycles Online,DTC,Booked,Credit Card,Phoenix Distribution Center,5199.0
SO100027,2023-01-02,C0001,Sonoran Cycles Online,DTC,Booked,Credit Card,Phoenix Distribution Center,6199.0
SO100028,2023-01-03,C0020,Alpine Ride Co.,Dealer,Booked,Net 30,Phoenix Distribution Center,18471.04
SO100029,2023-01-03,C0003,Cactus Cycling,Dealer,Booked,Net 30,Phoenix Distribution Center,33411.8
SO100030,2023-01-03,C0008,Sedona Ride Center,Dealer,Booked,Net 30,Phoenix Distribution Center,28949.66
SO100031,2023-01-03,C0004,Sonoran Bike Co.,Dealer,Booked,Net 30,Phoenix Distribution Center,31613.8
SO100032,2023-01-03,C0034,Green Mountain Bikes,Dealer,Booked,Net 30,Phoenix Distribution Center,6942.14
SO100033,2023-01-03,C0009,Las Cruces Cycling,Dealer,Booked,Net 30,Phoenix Distribution Center,46595.25
SO100034,2023-01-03,C0020,Alpine Ride Co.,Dealer,Booked,Net 30,Phoenix Distribution Center,24111.8
SO100035,2023-01-03,C0029,River Bend Bikes,Dealer,Booked,Net 30,Phoenix Distribution Center,23655.45
SO100036,2023-01-03,C0026,Great Lakes Cyclery,Dealer,Booked,Net 30,Phoenix Distribution Center,11307.4
SO100037,2023-01-03,C0006,Tucson Trail Works,Dealer,Booked,Net 30,Phoenix Distribution Center,20393.04
SO100038,2023-01-03,C0006,Tucson Trail Works,Dealer,Booked,Net 30,Phoenix Distribution Center,6942.14
SO100039,2023-01-03,C0019,Front Range Cyclery,Dealer,Booked,Net 30,Phoenix Distribution Center,37439.94
SO100040,2023-01-03,C0001,Sonoran Cycles Online,DTC,Booked,Credit Card,Phoenix Distribution Center,3299.0
SO100041,2023-01-03,C0001,Sonoran Cycles Online,DTC,Booked,Credit Card,Phoenix Distribution Center,5199.0
SO100042,2023-01-03,C0001,Sonoran Cycles Online,DTC,Booked,Credit Card,Phoenix Distribution Center,5199.0
SO100043,2023-01-03,C0001,Sonoran Cycles Online,DTC,Booked,Credit Card,Phoenix Distribution Center,5199.0
SO100044,2023-01-03,C0001,Sonoran Cycles Online,DTC,Booked,Credit Card,Phoenix Distribution Center,4599.0
SO100045,2023-01-04,C0010,Evergreen Cyclery,Dealer,Booked,Net 45,Phoenix Distribution Center,24005.62
SO100046,2023-01-04,C0014,Redwood Ride Shop,Dealer,Booked,Net 30,Phoenix Distribution Center,10661.52
SO100047,2023-01-04,C0026,Great Lakes Cyclery,Dealer,Booked,Net 30,Phoenix Distribution Center,24435.45
SO100048,2023-01-04,C0030,Blue Ridge Cycles,Dealer,Booked,Net 30,Phoenix Distribution Center,14690.9
SO100049,2023-01-04,C0017,Bay Mountain Bikes,Dealer,Booked,Net 30,Phoenix Distribution Center,17356.9
SO100050,2023-01-04,C0025,Lakeshore Bikes,Dealer,Booked,Net 30,Phoenix Distribution Center,12272.28
SO100051,2023-01-04,C0033,Appalachian Bikes,Dealer,Booked,Net 30,Phoenix Distribution Center,15372.9
SO100052,2023-01-04,C0013,Pacific Trail Bikes,Dealer,Booked,Net 45,Phoenix Distribution Center,30445.94
SO100053,2023-01-04,C0009,Las Cruces Cycling,Dealer,Booked,Net 30,Phoenix Distribution Center,27164.15
SO100054,2023-01-04,C0015,Sierra Cycle Works,Dealer,Booked,Net 30,Phoenix Distribution Center,34711.94
SO100055,2023-01-04,C0028,Windy City Cycles,Dealer,Booked,Net 30,Phoenix Distribution Center,26384.15
SO100056,2023-01-04,C0027,Prairie Trail Bikes,Dealer,Booked,Net 30,Phoenix Distribution Center,32109.18
SO100057,2023-01-04,C0001,Sonoran Cycles Online,DTC,Booked,Credit Card,Phoenix Distribution Center,3999.0
SO100058,2023-01-04,C0001,Sonoran Cycles Online,DTC,Booked,Credit Card,Phoenix Distribution Center,7898.0
SO100059,2023-01-04,C0001,Sonoran Cycles Online,DTC,Booked,Credit Card,Phoenix Distribution Center,3299.0
SO100060,2023-01-04,C0001,Sonoran Cycles Online,DTC,Booked,Credit Card,Phoenix Distribution Center,3999.0
SO100061,2023-01-04,C0001,Sonoran Cycles Online,DTC,Booked,Credit Card,Phoenix Distribution Center,3499.0
SO100062,2023-01-04,C0001,Sonoran Cycles Online,DTC,Booked,Credit Card,Phoenix Distribution Center,6199.0
SO100063,2023-01-05,C0002,Desert Trail Bikes,Dealer,Booked,Net 45,Phoenix Distribution Center,16700.52
SO100064,2023-01-05,C0034,Green Mountain Bikes,Dealer,Booked,Net 30,Phoenix Distribution Center,11094.9
SO100065,2023-01-05,C0008,Sedona Ride Center,Dealer,Booked,Net 30,Phoenix Distribution Center,25291.66
SO100066,2023-01-05,C0021,Rocky Peak Cycles,Dealer,Booked,Net 30,Phoenix Distribution Center,20469.8
SO100067,2023-01-05,C0013,Pacific Trail Bikes,Dealer,Booked,Net 45,Phoenix Distribution Center,56542.46
SO100068,2023-01-05,C0003,Cactus Cycling,Dealer,Booked,Net 30,Phoenix Distribution Center,48537.32
SO100069,2023-01-05,C0035,Adirondack Cycles,Dealer,Booked,Net 30,Phoenix Distribution Center,28983.5
SO100070,2023-01-05,C0002,Desert Trail Bikes,Dealer,Booked,Net 45,Phoenix Distribution Center,8002.26
SO100071,2023-01-05,C0033,Appalachian Bikes,Dealer,Booked,Net 30,Phoenix Distribution Center,27771.04
SO100072,2023-01-05,C0026,Great Lakes Cyclery,Dealer,Booked,Net 30,Phoenix Distribution Center,15401.75
SO100073,2023-01-05,C0001,Sonoran Cycles Online,DTC,Booked,Credit Card,Phoenix Distribution Center,7499.0
SO100074,2023-01-05,C0001,Sonoran Cycles Online,DTC,Booked,Credit Card,Phoenix Distribution Center,3299.0
SO100075,2023-01-05,C0001,Sonoran Cycles Online,DTC,Booked,Credit Card,Phoenix Distribution Center,3299.0
SO100076,2023-01-05,C0001,Sonoran Cycles Online,DTC,Booked,Credit Card,Phoenix Distribution Center,4599.0
SO100077,2023-01-05,C0001,Sonoran Cycles Online,DTC,Booked,Credit Card,Phoenix Distribution Center,3299.0
SO100078,2023-01-05,C0001,Sonoran Cycles Online,DTC,Booked,Credit Card,Phoenix Distribution Center,3299.0
SO100079,2023-01-06,C0029,River Bend Bikes,Dealer,Booked,Net 30,Phoenix Distribution Center,26514.8
SO100080,2023-01-06,C0036,Pine Tree Bicycles,Dealer,Booked,Net 30,Phoenix Distribution Center,23524.8
SO100081,2023-01-06,C0022,Wasatch Wheel Works,Dealer,Booked,Net 30,Phoenix Distribution Center,30745.8
SO100082,2023-01-06,C0012,Rain City Cycles,Dealer,Booked,Net 30,Phoenix Distribution Center,38145.9
SO100083,2023-01-06,C0013,Pacific Trail Bikes,Dealer,Booked,Net 45,Phoenix Distribution Center,50394.46
SO100084,2023-01-06,C0025,Lakeshore Bikes,Dealer,Booked,Net 30,Phoenix Distribution Center,16611.66
SO100085,2023-01-06,C0003,Cactus Cycling,Dealer,Booked,Net 30,Phoenix Distribution Center,15062.28
SO100086,2023-01-06,C0018,High Country Bikes,Dealer,Booked,Net 45,Phoenix Distribution Center,27486.78
SO100087,2023-01-06,C0035,Adirondack Cycles,Dealer,Booked,Net 30,Phoenix Distribution Center,33533.5
SO100088,2023-01-06,C0026,Great Lakes Cyclery,Dealer,Booked,Net 30,Phoenix Distribution Center,9358.05
SO100089,2023-01-06,C0001,Sonoran Cycles Online,DTC,Booked,Credit Card,Phoenix Distribution Center,5199.0
SO100090,2023-01-06,C0001,Sonoran Cycles Online,DTC,Booked,Credit Card,Phoenix Distribution Center,3999.0
SO100091,2023-01-06,C0001,Sonoran Cycles Online,DTC,Booked,Credit Card,Phoenix Distribution Center,5199.0
SO100092,2023-01-06,C0001,Sonoran Cycles Online,DTC,Booked,Credit Card,Phoenix Distribution Center,4599.0
SO100093,2023-01-06,C0001,Sonoran Cycles Online,DTC,Booked,Credit Card,Phoenix Distribution Center,3499.0
SO100094,2023-01-06,C0001,Sonoran Cycles Online,DTC,Booked,Credit Card,Phoenix Distribution Center,5199.0
SO100095,2023-01-06,C0001,Sonoran Cycles Online,DTC,Booked,Credit Card,Phoenix Distribution Center,5199.0
SO100096,2023-01-07,C0003,Cactus Cycling,Dealer,Booked,Net 30,Phoenix Distribution Center,23618.28
SO100097,2023-01-07,C0018,High Country Bikes,Dealer,Booked,Net 45,Phoenix Distribution Center,25051.36
SO100098,2023-01-07,C0025,Lakeshore Bikes,Dealer,Booked,Net 30,Phoenix Distribution Center,32231.94
SO100099,2023-01-07,C0001,Sonoran Cycles Online,DTC,Booked,Credit Card,Phoenix Distribution Center,7998.0
SO100100,2023-01-07,C0001,Sonoran Cycles Online,DTC,Booked,Credit Card,Phoenix Distribution Center,4599.0
SO100101,2023-01-07,C0001,Sonoran Cycles Online,DTC,Booked,Credit Card,Phoenix Distribution Center,6199.0
SO100102,2023-01-07,C0001,Sonoran Cycles Online,DTC,Booked,Credit Card,Phoenix Distribution Center,7499.0
SO100103,2023-01-07,C0001,Sonoran Cycles Online,DTC,Booked,Credit Card,Phoenix Distribution Center,4599.0
SO100104,2023-01-07,C0001,Sonoran Cycles Online,DTC,Booked,Credit Card,Phoenix Distribution Center,7499.0
SO100105,2023-01-07,C0001,Sonoran Cycles Online,DTC,Booked,Credit Card,Phoenix Distribution Center,12597.0
SO100106,2023-01-07,C0001,Sonoran Cycles Online,DTC,Booked,Credit Card,Phoenix Distribution Center,4599.0
SO100107,2023-01-08,C0008,Sedona Ride Center,Dealer,Booked,Net 30,Phoenix Distribution Center,68747.46
SO100108,2023-01-08,C0001,Sonoran Cycles Online,DTC,Booked,Credit Card,Phoenix Distribution Center,13698.0
SO100109,2023-01-08,C0001,Sonoran Cycles Online,DTC,Booked,Credit Card,Phoenix Distribution Center,4599.0
SO100110,2023-01-08,C0001,Sonoran Cycles Online,DTC,Booked,Credit Card,Phoenix Distribution Center,5199.0
SO100111,2023-01-08,C0001,Sonoran Cycles Online,DTC,Booked,Credit Card,Phoenix Distribution Center,5199.0
SO100112,2023-01-08,C0001,Sonoran Cycles Online,DTC,Booked,Credit Card,Phoenix Distribution Center,4599.0
SO100113,2023-01-08,C0001,Sonoran Cycles Online,DTC,Booked,Credit Card,Phoenix Distribution Center,9798.0
SO100114,2023-01-08,C0001,Sonoran Cycles Online,DTC,Booked,Credit Card,Phoenix Distribution Center,4599.0
SO100115,2023-01-08,C0001,Sonoran Cycles Online,DTC,Booked,Credit Card,Phoenix Distribution Center,4599.0
SO100116,2023-01-09,C0024,Teton Cycling,Dealer,Booked,Net 30,Phoenix Distribution Center,21770.45
SO100117,2023-01-09,C0033,Appalachian Bikes,Dealer,Booked,Net 30,Phoenix Distribution Center,28018.42
SO100118,2023-01-09,C0032,Southern Singletrack,Dealer,Booked,Net 30,Phoenix Distribution Center,10267.4
SO100119,2023-01-09,C0007,Red Rock Cycles,Dealer,Booked,Net 30,Phoenix Distribution Center,8058.7
SO100120,2023-01-09,C0025,Lakeshore Bikes,Dealer,Booked,Net 30,Phoenix Distribution Center,27025.8
SO100121,2023-01-09,C0002,Desert Trail Bikes,Dealer,Booked,Net 45,Phoenix Distribution Center,16817.1
SO100122,2023-01-09,C0003,Cactus Cycling,Dealer,Booked,Net 30,Phoenix Distribution Center,39051.32
SO100123,2023-01-09,C0006,Tucson Trail Works,Dealer,Booked,Net 30,Phoenix Distribution Center,31737.18
SO100124,2023-01-09,C0026,Great Lakes Cyclery,Dealer,Booked,Net 30,Phoenix Distribution Center,38277.85
SO100125,2023-01-09,C0004,Sonoran Bike Co.,Dealer,Booked,Net 30,Phoenix Distribution Center,10041.52
SO100126,2023-01-09,C0025,Lakeshore Bikes,Dealer,Booked,Net 30,Phoenix Distribution Center,27211.18
SO100127,2023-01-09,C0001,Sonoran Cycles Online,DTC,Booked,Credit Card,Phoenix Distribution Center,4599.0
SO100128,2023-01-09,C0001,Sonoran Cycles Online,DTC,Booked,Credit Card,Phoenix Distribution Center,4599.0
SO100129,2023-01-09,C0001,Sonoran Cycles Online,DTC,Booked,Credit Card,Phoenix Distribution Center,3299.0
SO100130,2023-01-09,C0001,Sonoran Cycles Online,DTC,Booked,Credit Card,Phoenix Distribution Center,4599.0
SO100131,2023-01-09,C0001,Sonoran Cycles Online,DTC,Booked,Credit Card,Phoenix Distribution Center,4599.0
SO100132,2023-01-10,C0034,Green Mountain Bikes,Dealer,Booked,Net 30,Phoenix Distribution Center,34586.7
SO100133,2023-01-10,C0013,Pacific Trail Bikes,Dealer,Booked,Net 45,Phoenix Distribution Center,35548.2
SO100134,2023-01-10,C0002,Desert Trail Bikes,Dealer,Booked,Net 45,Phoenix Distribution Center,15077.1
SO100135,2023-01-10,C0023,Bozeman Bike Works,Dealer,Booked,Net 30,Phoenix Distribution Center,21576.1
SO100136,2023-01-10,C0008,Sedona Ride Center,Dealer,Booked,Net 30,Phoenix Distribution Center,31801.04
SO100137,2023-01-10,C0014,Redwood Ride Shop,Dealer,Booked,Net 30,Phoenix Distribution Center,32604.56
SO100138,2023-01-10,C0012,Rain City Cycles,Dealer,Booked,Net 30,Phoenix Distribution Center,21250.45
SO100139,2023-01-10,C0033,Appalachian Bikes,Dealer,Booked,Net 30,Phoenix Distribution Center,42523.32
SO100140,2023-01-10,C0018,High Country Bikes,Dealer,Booked,Net 45,Phoenix Distribution Center,31778.78
SO100141,2023-01-10,C0010,Evergreen Cyclery,Dealer,Booked,Net 45,Phoenix Distribution Center,32587.88
SO100142,2023-01-10,C0004,Sonoran Bike Co.,Dealer,Booked,Net 30,Phoenix Distribution Center,16736.9
SO100143,2023-01-10,C0001,Sonoran Cycles Online,DTC,Booked,Credit Card,Phoenix Distribution Center,7898.0
SO100144,2023-01-10,C0001,Sonoran Cycles Online,DTC,Booked,Credit Card,Phoenix Distribution Center,5199.0
SO100145,2023-01-10,C0001,Sonoran Cycles Online,DTC,Booked,Credit Card,Phoenix Distribution Center,5199.0
SO100146,2023-01-10,C0001,Sonoran Cycles Online,DTC,Booked,Credit Card,Phoenix Distribution Center,6199.0
SO100147,2023-01-10,C0001,Sonoran Cycles Online,DTC,Booked,Credit Card,Phoenix Distribution Center,6199.0
SO100148,2023-01-11,C0011,Cascade Bikes,Dealer,Booked,Net 30,Phoenix Distribution Center,13141.52
SO100149,2023-01-11,C0035,Adirondack Cycles,Dealer,Booked,Net 30,Phoenix Distribution Center,41851.55
SO100150,2023-01-11,C0025,Lakeshore Bikes,Dealer,Booked,Net 30,Phoenix Distribution Center,27891.94
SO100151,2023-01-11,C0019,Front Range Cyclery,Dealer,Booked,Net 30,Phoenix Distribution Center,23803.66
SO100152,2023-01-11,C0023,Bozeman Bike Works,Dealer,Booked,Net 30,Phoenix Distribution Center,10788.05
SO100153,2023-01-11,C0002,Desert Trail Bikes,Dealer,Booked,Net 45,Phoenix Distribution Center,17512.52
SO100154,2023-01-11,C0002,Desert Trail Bikes,Dealer,Booked,Net 45,Phoenix Distribution Center,25862.78
SO100155,2023-01-11,C0019,Front Range Cyclery,Dealer,Booked,Net 30,Phoenix Distribution Center,35332.56
SO100156,2023-01-11,C0031,Pisgah Bike Co.,Dealer,Booked,Net 45,Phoenix Distribution Center,16817.1
SO100157,2023-01-11,C0022,Wasatch Wheel Works,Dealer,Booked,Net 30,Phoenix Distribution Center,22935.66
SO100158,2023-01-11,C0031,Pisgah Bike Co.,Dealer,Booked,Net 45,Phoenix Distribution Center,41520.46
SO100159,2023-01-11,C0001,Sonoran Cycles Online,DTC,Booked,Credit Card,Phoenix Distribution Center,6798.0
SO100160,2023-01-11,C0001,Sonoran Cycles Online,DTC,Booked,Credit Card,Phoenix Distribution Center,9498.0
SO100161,2023-01-11,C0001,Sonoran Cycles Online,DTC,Booked,Credit Card,Phoenix Distribution Center,6199.0
SO100162,2023-01-11,C0001,Sonoran Cycles Online,DTC,Booked,Credit Card,Phoenix Distribution Center,4599.0
SO100163,2023-01-11,C0001,Sonoran Cycles Online,DTC,Booked,Credit Card,Phoenix Distribution Center,3299.0
SO100164,2023-01-11,C0001,Sonoran Cycles Online,DTC,Booked,Credit Card,Phoenix Distribution Center,3499.0
SO100165,2023-01-12,C0003,Cactus Cycling,Dealer,Booked,Net 30,Phoenix Distribution Center,33658.56
SO100166,2023-01-12,C0022,Wasatch Wheel Works,Dealer,Booked,Net 30,Phoenix Distribution Center,12893.52
SO100167,2023-01-12,C0005,Mesa Mountain Bikes,Dealer,Booked,Net 30,Phoenix Distribution Center,23394.15
SO100168,2023-01-12,C0034,Green Mountain Bikes,Dealer,Booked,Net 30,Phoenix Distribution Center,23801.18
SO100169,2023-01-12,C0013,Pacific Trail Bikes,Dealer,Booked,Net 45,Phoenix Distribution Center,43551.04
SO100170,2023-01-12,C0011,Cascade Bikes,Dealer,Booked,Net 30,Phoenix Distribution Center,15000.9
SO100171,2023-01-12,C0018,High Country Bikes,Dealer,Booked,Net 45,Phoenix Distribution Center,15193.1
SO100172,2023-01-12,C0014,Redwood Ride Shop,Dealer,Booked,Net 30,Phoenix Distribution Center,26467.8
SO100173,2023-01-12,C0015,Sierra Cycle Works,Dealer,Booked,Net 30,Phoenix Distribution Center,10290.14
SO100174,2023-01-12,C0025,Lakeshore Bikes,Dealer,Booked,Net 30,Phoenix Distribution Center,16053.66
SO100175,2023-01-12,C0001,Sonoran Cycles Online,DTC,Booked,Credit Card,Phoenix Distribution Center,3499.0
SO100176,2023-01-12,C0001,Sonoran Cycles Online,DTC,Booked,Credit Card,Phoenix Distribution Center,12098.0
SO100177,2023-01-12,C0001,Sonoran Cycles Online,DTC,Booked,Credit Card,Phoenix Distribution Center,7499.0
SO100178,2023-01-12,C0001,Sonoran Cycles Online,DTC,Booked,Credit Card,Phoenix Distribution Center,4599.0
SO100179,2023-01-12,C0001,Sonoran Cycles Online,DTC,Booked,Credit Card,Phoenix Distribution Center,3499.0
SO100180,2023-01-12,C0001,Sonoran Cycles Online,DTC,Booked,Credit Card,Phoenix Distribution Center,3999.0
SO100181,2023-01-13,C0033,Appalachian Bikes,Dealer,Booked,Net 30,Phoenix Distribution Center,27522.42
SO100182,2023-01-13,C0003,Cactus Cycling,Dealer,Booked,Net 30,Phoenix Distribution Center,14690.9
SO100183,2023-01-13,C0022,Wasatch Wheel Works,Dealer,Booked,Net 30,Phoenix Distribution Center,38183.94
SO100184,2023-01-13,C0017,Bay Mountain Bikes,Dealer,Booked,Net 30,Phoenix Distribution Center,19649.66
SO100185,2023-01-13,C0015,Sierra Cycle Works,Dealer,Booked,Net 30,Phoenix Distribution Center,35642.56
SO100186,2023-01-13,C0021,Rocky Peak Cycles,Dealer,Booked,Net 30,Phoenix Distribution Center,20276.1
SO100187,2023-01-13,C0013,Pacific Trail Bikes,Dealer,Booked,Net 45,Phoenix Distribution Center,50740.14
SO100188,2023-01-13,C0011,Cascade Bikes,Dealer,Booked,Net 30,Phoenix Distribution Center,24051.66
SO100189,2023-01-13,C0035,Adirondack Cycles,Dealer,Booked,Net 30,Phoenix Distribution Center,18586.1
SO100190,2023-01-13,C0001,Sonoran Cycles Online,DTC,Booked,Credit Card,Phoenix Distribution Center,4599.0
SO100191,2023-01-13,C0001,Sonoran Cycles Online,DTC,Booked,Credit Card,Phoenix Distribution Center,5199.0
SO100192,2023-01-13,C0001,Sonoran Cycles Online,DTC,Booked,Credit Card,Phoenix Distribution Center,3999.0
SO100193,2023-01-13,C0001,Sonoran Cycles Online,DTC,Booked,Credit Card,Phoenix Distribution Center,6199.0
SO100194,2023-01-13,C0001,Sonoran Cycles Online,DTC,Booked,Credit Card,Phoenix Distribution Center,11398.0
SO100195,2023-01-13,C0001,Sonoran Cycles Online,DTC,Booked,Credit Card,Phoenix Distribution Center,3499.0
SO100196,2023-01-13,C0001,Sonoran Cycles Online,DTC,Booked,Credit Card,Phoenix Distribution Center,4599.0
SO100197,2023-01-14,C0013,Pacific Trail Bikes,Dealer,Booked,Net 45,Phoenix Distribution Center,26096.52
SO100198,2023-01-14,C0013,Pacific Trail Bikes,Dealer,Booked,Net 45,Phoenix Distribution Center,61006.14
SO100199,2023-01-14,C0011,Cascade Bikes,Dealer,Booked,Net 30,Phoenix Distribution Center,30498.42
SO100200,2023-01-14,C0001,Sonoran Cycles Online,DTC,Booked,Credit Card,Phoenix Distribution Center,4599.0
SO100201,2023-01-14,C0001,Sonoran Cycles Online,DTC,Booked,Credit Card,Phoenix Distribution Center,7499.0
SO100202,2023-01-14,C0001,Sonoran Cycles Online,DTC,Booked,Credit Card,Phoenix Distribution Center,3299.0
SO100203,2023-01-14,C0001,Sonoran Cycles Online,DTC,Booked,Credit Card,Phoenix Distribution Center,4599.0
SO100204,2023-01-14,C0001,Sonoran Cycles Online,DTC,Booked,Credit Card,Phoenix Distribution Center,6199.0
SO100205,2023-01-14,C0001,Sonoran Cycles Online,DTC,Booked,Credit Card,Phoenix Distribution Center,6199.0
SO100206,2023-01-14,C0001,Sonoran Cycles Online,DTC,Booked,Credit Card,Phoenix Distribution Center,7499.0
SO100207,2023-01-14,C0001,Sonoran Cycles Online,DTC,Booked,Credit Card,Phoenix Distribution Center,5199.0
SO100208,2023-01-15,C0016,Coastal Gravel Co.,Dealer,Booked,Net 30,Phoenix Distribution Center,26772.85
SO100209,2023-01-15,C0001,Sonoran Cycles Online,DTC,Booked,Credit Card,Phoenix Distribution Center,3299.0
SO100210,2023-01-15,C0001,Sonoran Cycles Online,DTC,Booked,Credit Card,Phoenix Distribution Center,6199.0
SO100211,2023-01-15,C0001,Sonoran Cycles Online,DTC,Booked,Credit Card,Phoenix Distribution Center,7499.0
SO100212,2023-01-15,C0001,Sonoran Cycles Online,DTC,Booked,Credit Card,Phoenix Distribution Center,12698.0
SO100213,2023-01-15,C0001,Sonoran Cycles Online,DTC,Booked,Credit Card,Phoenix Distribution Center,4599.0
SO100214,2023-01-15,C0001,Sonoran Cycles Online,DTC,Booked,Credit Card,Phoenix Distribution Center,3299.0
SO100215,2023-01-15,C0001,Sonoran Cycles Online,DTC,Booked,Credit Card,Phoenix Distribution Center,5199.0
SO100216,2023-01-15,C0001,Sonoran Cycles Online,DTC,Booked,Credit Card,Phoenix Distribution Center,6199.0
SO100217,2023-01-16,C0022,Wasatch Wheel Works,Dealer,Booked,Net 30,Phoenix Distribution Center,24671.04
SO100218,2023-01-16,C0004,Sonoran Bike Co.,Dealer,Booked,Net 30,Phoenix Distribution Center,18472.28
SO100219,2023-01-16,C0031,Pisgah Bike Co.,Dealer,Booked,Net 45,Phoenix Distribution Center,26327.36
SO100220,2023-01-16,C0033,Appalachian Bikes,Dealer,Booked,Net 30,Phoenix Distribution Center,33721.8
SO100221,2023-01-16,C0003,Cactus Cycling,Dealer,Booked,Net 30,Phoenix Distribution Center,27583.18
SO100222,2023-01-16,C0007,Red Rock Cycles,Dealer,Booked,Net 30,Phoenix Distribution Center,38732.85
SO100223,2023-01-16,C0002,Desert Trail Bikes,Dealer,Booked,Net 45,Phoenix Distribution Center,20063.94
SO100224,2023-01-16,C0023,Bozeman Bike Works,Dealer,Booked,Net 30,Phoenix Distribution Center,47570.9
SO100225,2023-01-16,C0006,Tucson Trail Works,Dealer,Booked,Net 30,Phoenix Distribution Center,11405.52
SO100226,2023-01-16,C0031,Pisgah Bike Co.,Dealer,Booked,Net 45,Phoenix Distribution Center,30850.2
SO100227,2023-01-16,C0007,Red Rock Cycles,Dealer,Booked,Net 30,Phoenix Distribution Center,21836.75
SO100228,2023-01-16,C0001,Sonoran Cycles Online,DTC,Booked,Credit Card,Phoenix Distribution Center,12497.0
SO100229,2023-01-16,C0001,Sonoran Cycles Online,DTC,Booked,Credit Card,Phoenix Distribution Center,3299.0
SO100230,2023-01-16,C0001,Sonoran Cycles Online,DTC,Booked,Credit Card,Phoenix Distribution Center,5199.0
SO100231,2023-01-16,C0001,Sonoran Cycles Online,DTC,Booked,Credit Card,Phoenix Distribution Center,5199.0
SO100232,2023-01-16,C0001,Sonoran Cycles Online,DTC,Booked,Credit Card,Phoenix Distribution Center,4599.0
SO100233,2023-01-16,C0001,Sonoran Cycles Online,DTC,Booked,Credit Card,Phoenix Distribution Center,5199.0
SO100234,2023-01-17,C0019,Front Range Cyclery,Dealer,Booked,Net 30,Phoenix Distribution Center,34589.8
SO100235,2023-01-17,C0003,Cactus Cycling,Dealer,Booked,Net 30,Phoenix Distribution Center,11157.52
SO100236,2023-01-17,C0022,Wasatch Wheel Works,Dealer,Booked,Net 30,Phoenix Distribution Center,32109.8
SO100237,2023-01-17,C0017,Bay Mountain Bikes,Dealer,Booked,Net 30,Phoenix Distribution Center,27523.04
SO100238,2023-01-17,C0015,Sierra Cycle Works,Dealer,Booked,Net 30,Phoenix Distribution Center,28885.8
SO100239,2023-01-17,C0018,High Country Bikes,Dealer,Booked,Net 45,Phoenix Distribution Center,20239.1
SO100240,2023-01-17,C0034,Green Mountain Bikes,Dealer,Booked,Net 30,Phoenix Distribution Center,18719.04
SO100241,2023-01-17,C0018,High Country Bikes,Dealer,Booked,Net 45,Phoenix Distribution Center,41288.46
SO100242,2023-01-17,C0013,Pacific Trail Bikes,Dealer,Booked,Net 45,Phoenix Distribution Center,13975.68
SO100243,2023-01-17,C0011,Cascade Bikes,Dealer,Booked,Net 30,Phoenix Distribution Center,43267.94
SO100244,2023-01-17,C0027,Prairie Trail Bikes,Dealer,Booked,Net 30,Phoenix Distribution Center,25662.42
SO100245,2023-01-17,C0021,Rocky Peak Cycles,Dealer,Booked,Net 30,Phoenix Distribution Center,15336.75
SO100246,2023-01-17,C0013,Pacific Trail Bikes,Dealer,Booked,Net 45,Phoenix Distribution Center,17745.1
SO100247,2023-01-17,C0001,Sonoran Cycles Online,DTC,Booked,Credit Card,Phoenix Distribution Center,4599.0
SO100248,2023-01-17,C0001,Sonoran Cycles Online,DTC,Booked,Credit Card,Phoenix Distribution Center,4599.0
SO100249,2023-01-17,C0001,Sonoran Cycles Online,DTC,Booked,Credit Card,Phoenix Distribution Center,3499.0
SO100250,2023-01-17,C0001,Sonoran Cycles Online,DTC,Booked,Credit Card,Phoenix Distribution Center,7499.0
SO100251,2023-01-17,C0001,Sonoran Cycles Online,DTC,Booked,Credit Card,Phoenix Distribution Center,6199.0
SO100252,2023-01-18,C0031,Pisgah Bike Co.,Dealer,Booked,Net 45,Phoenix Distribution Center,48247.3
SO100253,2023-01-18,C0019,Front Range Cyclery,Dealer,Booked,Net 30,Phoenix Distribution Center,8554.14
SO100254,2023-01-18,C0025,Lakeshore Bikes,Dealer,Booked,Net 30,Phoenix Distribution Center,6136.14
SO100255,2023-01-18,C0032,Southern Singletrack,Dealer,Booked,Net 30,Phoenix Distribution Center,11502.4
SO100256,2023-01-18,C0033,Appalachian Bikes,Dealer,Booked,Net 30,Phoenix Distribution Center,8926.14
SO100257,2023-01-18,C0011,Cascade Bikes,Dealer,Booked,Net 30,Phoenix Distribution Center,41779.32
SO100258,2023-01-18,C0024,Teton Cycling,Dealer,Booked,Net 30,Phoenix Distribution Center,27748.5
SO100259,2023-01-18,C0017,Bay Mountain Bikes,Dealer,Booked,Net 30,Phoenix Distribution Center,31490.42
SO100260,2023-01-18,C0027,Prairie Trail Bikes,Dealer,Booked,Net 30,Phoenix Distribution Center,22315.66
SO100261,2023-01-18,C0011,Cascade Bikes,Dealer,Booked,Net 30,Phoenix Distribution Center,18410.28
SO100262,2023-01-18,C0027,Prairie Trail Bikes,Dealer,Booked,Net 30,Phoenix Distribution Center,35953.18
SO100263,2023-01-18,C0001,Sonoran Cycles Online,DTC,Booked,Credit Card,Phoenix Distribution Center,6199.0
SO100264,2023-01-18,C0001,Sonoran Cycles Online,DTC,Booked,Credit Card,Phoenix Distribution Center,3299.0
SO100265,2023-01-18,C0001,Sonoran Cycles Online,DTC,Booked,Credit Card,Phoenix Distribution Center,4599.0
SO100266,2023-01-18,C0001,Sonoran Cycles Online,DTC,Booked,Credit Card,Phoenix Distribution Center,6199.0
SO100267,2023-01-18,C0001,Sonoran Cycles Online,DTC,Booked,Credit Card,Phoenix Distribution Center,3299.0
SO100268,2023-01-18,C0001,Sonoran Cycles Online,DTC,Booked,Credit Card,Phoenix Distribution Center,6199.0
SO100269,2023-01-19,C0020,Alpine Ride Co.,Dealer,Booked,Net 30,Phoenix Distribution Center,28202.56
SO100270,2023-01-19,C0027,Prairie Trail Bikes,Dealer,Booked,Net 30,Phoenix Distribution Center,38556.56
SO100271,2023-01-19,C0008,Sedona Ride Center,Dealer,Booked,Net 30,Phoenix Distribution Center,36389.04
SO100272,2023-01-19,C0032,Southern Singletrack,Dealer,Booked,Net 30,Phoenix Distribution Center,21056.1
SO100273,2023-01-19,C0006,Tucson Trail Works,Dealer,Booked,Net 30,Phoenix Distribution Center,37564.56
SO100274,2023-01-19,C0023,Bozeman Bike Works,Dealer,Booked,Net 30,Phoenix Distribution Center,7408.7
SO100275,2023-01-19,C0017,Bay Mountain Bikes,Dealer,Booked,Net 30,Phoenix Distribution Center,33350.42
SO100276,2023-01-19,C0033,Appalachian Bikes,Dealer,Booked,Net 30,Phoenix Distribution Center,17790.28
SO100277,2023-01-19,C0034,Green Mountain Bikes,Dealer,Booked,Net 30,Phoenix Distribution Center,17665.04
SO100278,2023-01-19,C0014,Redwood Ride Shop,Dealer,Booked,Net 30,Phoenix Distribution Center,16302.28
SO100279,2023-01-19,C0015,Sierra Cycle Works,Dealer,Booked,Net 30,Phoenix Distribution Center,6446.76
SO100280,2023-01-19,C0031,Pisgah Bike Co.,Dealer,Booked,Net 45,Phoenix Distribution Center,6262.84
SO100281,2023-01-19,C0001,Sonoran Cycles Online,DTC,Booked,Credit Card,Phoenix Distribution Center,5199.0
SO100282,2023-01-19,C0001,Sonoran Cycles Online,DTC,Booked,Credit Card,Phoenix Distribution Center,7499.0
SO100283,2023-01-19,C0001,Sonoran Cycles Online,DTC,Booked,Credit Card,Phoenix Distribution Center,6199.0
SO100284,2023-01-19,C0001,Sonoran Cycles Online,DTC,Booked,Credit Card,Phoenix Distribution Center,5199.0
SO100285,2023-01-19,C0001,Sonoran Cycles Online,DTC,Booked,Credit Card,Phoenix Distribution Center,5199.0
SO100286,2023-01-20,C0011,Cascade Bikes,Dealer,Booked,Net 30,Phoenix Distribution Center,32419.8
SO100287,2023-01-20,C0021,Rocky Peak Cycles,Dealer,Booked,Net 30,Phoenix Distribution Center,12347.4
SO100288,2023-01-20,C0011,Cascade Bikes,Dealer,Booked,Net 30,Phoenix Distribution Center,32109.8
SO100289,2023-01-20,C0036,Pine Tree Bicycles,Dealer,Booked,Net 30,Phoenix Distribution Center,19366.1
SO100290,2023-01-20,C0019,Front Range Cyclery,Dealer,Booked,Net 30,Phoenix Distribution Center,23927.04
SO100291,2023-01-20,C0023,Bozeman Bike Works,Dealer,Booked,Net 30,Phoenix Distribution Center,16116.75
SO100292,2023-01-20,C0020,Alpine Ride Co.,Dealer,Booked,Net 30,Phoenix Distribution Center,10660.9
SO100293,2023-01-20,C0011,Cascade Bikes,Dealer,Booked,Net 30,Phoenix Distribution Center,21943.66
SO100294,2023-01-20,C0008,Sedona Ride Center,Dealer,Booked,Net 30,Phoenix Distribution Center,32917.04
SO100295,2023-01-20,C0030,Blue Ridge Cycles,Dealer,Booked,Net 30,Phoenix Distribution Center,29257.8
SO100296,2023-01-20,C0001,Sonoran Cycles Online,DTC,Booked,Credit Card,Phoenix Distribution Center,3499.0
SO100297,2023-01-20,C0001,Sonoran Cycles Online,DTC,Booked,Credit Card,Phoenix Distribution Center,4599.0
SO100298,2023-01-20,C0001,Sonoran Cycles Online,DTC,Booked,Credit Card,Phoenix Distribution Center,3299.0
SO100299,2023-01-20,C0001,Sonoran Cycles Online,DTC,Booked,Credit Card,Phoenix Distribution Center,5199.0
SO100300,2023-01-20,C0001,Sonoran Cycles Online,DTC,Booked,Credit Card,Phoenix Distribution Center,3299.0
SO100301,2023-01-20,C0001,Sonoran Cycles Online,DTC,Booked,Credit Card,Phoenix Distribution Center,7499.0
SO100302,2023-01-20,C0001,Sonoran Cycles Online,DTC,Booked,Credit Card,Phoenix Distribution Center,5199.0
SO100303,2023-01-21,C0015,Sierra Cycle Works,Dealer,Booked,Net 30,Phoenix Distribution Center,7934.14
SO100304,2023-01-21,C0004,Sonoran Bike Co.,Dealer,Booked,Net 30,Phoenix Distribution Center,15744.9
SO100305,2023-01-21,C0031,Pisgah Bike Co.,Dealer,Booked,Net 45,Phoenix Distribution Center,28183.36
SO100306,2023-01-21,C0001,Sonoran Cycles Online,DTC,Booked,Credit Card,Phoenix Distribution Center,13698.0
SO100307,2023-01-21,C0001,Sonoran Cycles Online,DTC,Booked,Credit Card,Phoenix Distribution Center,6199.0
SO100308,2023-01-21,C0001,Sonoran Cycles Online,DTC,Booked,Credit Card,Phoenix Distribution Center,12197.0
SO100309,2023-01-21,C0001,Sonoran Cycles Online,DTC,Booked,Credit Card,Phoenix Distribution Center,4599.0
SO100310,2023-01-21,C0001,Sonoran Cycles Online,DTC,Booked,Credit Card,Phoenix Distribution Center,4599.0
SO100311,2023-01-21,C0001,Sonoran Cycles Online,DTC,Booked,Credit Card,Phoenix Distribution Center,6199.0
SO100312,2023-01-21,C0001,Sonoran Cycles Online,DTC,Booked,Credit Card,Phoenix Distribution Center,5199.0
SO100313,2023-01-22,C0014,Redwood Ride Shop,Dealer,Booked,Net 30,Phoenix Distribution Center,23927.66
SO100314,2023-01-22,C0001,Sonoran Cycles Online,DTC,Booked,Credit Card,Phoenix Distribution Center,7499.0
SO100315,2023-01-22,C0001,Sonoran Cycles Online,DTC,Booked,Credit Card,Phoenix Distribution Center,4599.0
SO100316,2023-01-22,C0001,Sonoran Cycles Online,DTC,Booked,Credit Card,Phoenix Distribution Center,3299.0
SO100317,2023-01-22,C0001,Sonoran Cycles Online,DTC,Booked,Credit Card,Phoenix Distribution Center,8598.0
SO100318,2023-01-22,C0001,Sonoran Cycles Online,DTC,Booked,Credit Card,Phoenix Distribution Center,8498.0
SO100319,2023-01-22,C0001,Sonoran Cycles Online,DTC,Booked,Credit Card,Phoenix Distribution Center,10798.0
SO100320,2023-01-22,C0001,Sonoran Cycles Online,DTC,Booked,Credit Card,Phoenix Distribution Center,3299.0
SO100321,2023-01-23,C0006,Tucson Trail Works,Dealer,Booked,Net 30,Phoenix Distribution Center,33162.56
SO100322,2023-01-23,C0013,Pacific Trail Bikes,Dealer,Booked,Net 45,Phoenix Distribution Center,10437.68
SO100323,2023-01-23,C0012,Rain City Cycles,Dealer,Booked,Net 30,Phoenix Distribution Center,28528.5
SO100324,2023-01-23,C0030,Blue Ridge Cycles,Dealer,Booked,Net 30,Phoenix Distribution Center,38804.56
SO100325,2023-01-23,C0017,Bay Mountain Bikes,Dealer,Booked,Net 30,Phoenix Distribution Center,16240.9
SO100326,2023-01-23,C0022,Wasatch Wheel Works,Dealer,Booked,Net 30,Phoenix Distribution Center,18596.28
SO100327,2023-01-23,C0036,Pine Tree Bicycles,Dealer,Booked,Net 30,Phoenix Distribution Center,13517.4
SO100328,2023-01-23,C0008,Sedona Ride Center,Dealer,Booked,Net 30,Phoenix Distribution Center,66326.36
SO100329,2023-01-23,C0026,Great Lakes Cyclery,Dealer,Booked,Net 30,Phoenix Distribution Center,23916.1
SO100330,2023-01-23,C0032,Southern Singletrack,Dealer,Booked,Net 30,Phoenix Distribution Center,15206.75
SO100331,2023-01-23,C0023,Bozeman Bike Works,Dealer,Booked,Net 30,Phoenix Distribution Center,27880.45
SO100332,2023-01-23,C0001,Sonoran Cycles Online,DTC,Booked,Credit Card,Phoenix Distribution Center,7499.0
SO100333,2023-01-23,C0001,Sonoran Cycles Online,DTC,Booked,Credit Card,Phoenix Distribution Center,3499.0
SO100334,2023-01-23,C0001,Sonoran Cycles Online,DTC,Booked,Credit Card,Phoenix Distribution Center,3299.0
SO100335,2023-01-23,C0001,Sonoran Cycles Online,DTC,Booked,Credit Card,Phoenix Distribution Center,3299.0
SO100336,2023-01-23,C0001,Sonoran Cycles Online,DTC,Booked,Credit Card,Phoenix Distribution Center,4599.0
SO100337,2023-01-23,C0001,Sonoran Cycles Online,DTC,Booked,Credit Card,Phoenix Distribution Center,4599.0
SO100338,2023-01-24,C0013,Pacific Trail Bikes,Dealer,Booked,Net 45,Phoenix Distribution Center,59440.72
SO100339,2023-01-24,C0002,Desert Trail Bikes,Dealer,Booked,Net 45,Phoenix Distribution Center,14961.1
SO100340,2023-01-24,C0011,Cascade Bikes,Dealer,Booked,Net 30,Phoenix Distribution Center,30869.8
SO100341,2023-01-24,C0017,Bay Mountain Bikes,Dealer,Booked,Net 30,Phoenix Distribution Center,10290.14
SO100342,2023-01-24,C0019,Front Range Cyclery,Dealer,Booked,Net 30,Phoenix Distribution Center,6446.76
SO100343,2023-01-24,C0005,Mesa Mountain Bikes,Dealer,Booked,Net 30,Phoenix Distribution Center,4288.7
SO100344,2023-01-24,C0010,Evergreen Cyclery,Dealer,Booked,Net 45,Phoenix Distribution Center,15423.94
SO100345,2023-01-24,C0012,Rain City Cycles,Dealer,Booked,Net 30,Phoenix Distribution Center,44646.55
SO100346,2023-01-24,C0010,Evergreen Cyclery,Dealer,Booked,Net 45,Phoenix Distribution Center,32126.2
SO100347,2023-01-24,C0033,Appalachian Bikes,Dealer,Booked,Net 30,Phoenix Distribution Center,30745.8
SO100348,2023-01-24,C0014,Redwood Ride Shop,Dealer,Booked,Net 30,Phoenix Distribution Center,27771.04
SO100349,2023-01-24,C0001,Sonoran Cycles Online,DTC,Booked,Credit Card,Phoenix Distribution Center,3299.0
SO100350,2023-01-24,C0001,Sonoran Cycles Online,DTC,Booked,Credit Card,Phoenix Distribution Center,4599.0
SO100351,2023-01-24,C0001,Sonoran Cycles Online,DTC,Booked,Credit Card,Phoenix Distribution Center,3299.0
SO100352,2023-01-24,C0001,Sonoran Cycles Online,DTC,Booked,Credit Card,Phoenix Distribution Center,7499.0
SO100353,2023-01-24,C0001,Sonoran Cycles Online,DTC,Booked,Credit Card,Phoenix Distribution Center,4599.0
SO100354,2023-01-25,C0011,Cascade Bikes,Dealer,Booked,Net 30,Phoenix Distribution Center,27832.42
SO100355,2023-01-25,C0034,Green Mountain Bikes,Dealer,Booked,Net 30,Phoenix Distribution Center,9483.52
SO100356,2023-01-25,C0029,River Bend Bikes,Dealer,Booked,Net 30,Phoenix Distribution Center,37043.5
SO100357,2023-01-25,C0021,Rocky Peak Cycles,Dealer,Booked,Net 30,Phoenix Distribution Center,41982.2
SO100358,2023-01-25,C0010,Evergreen Cyclery,Dealer,Booked,Net 45,Phoenix Distribution Center,16119.36
SO100359,2023-01-25,C0005,Mesa Mountain Bikes,Dealer,Booked,Net 30,Phoenix Distribution Center,28917.2
SO100360,2023-01-25,C0034,Green Mountain Bikes,Dealer,Booked,Net 30,Phoenix Distribution Center,29070.56
SO100361,2023-01-25,C0011,Cascade Bikes,Dealer,Booked,Net 30,Phoenix Distribution Center,49094.7
SO100362,2023-01-25,C0027,Prairie Trail Bikes,Dealer,Booked,Net 30,Phoenix Distribution Center,17356.9
SO100363,2023-01-25,C0009,Las Cruces Cycling,Dealer,Booked,Net 30,Phoenix Distribution Center,14881.75
SO100364,2023-01-25,C0008,Sedona Ride Center,Dealer,Booked,Net 30,Phoenix Distribution Center,25044.28
SO100365,2023-01-25,C0011,Cascade Bikes,Dealer,Booked,Net 30,Phoenix Distribution Center,44011.94
SO100366,2023-01-25,C0001,Sonoran Cycles Online,DTC,Booked,Credit Card,Phoenix Distribution Center,3499.0
SO100367,2023-01-25,C0001,Sonoran Cycles Online,DTC,Booked,Credit Card,Phoenix Distribution Center,3299.0
SO100368,2023-01-25,C0001,Sonoran Cycles Online,DTC,Booked,Credit Card,Phoenix Distribution Center,4599.0
SO100369,2023-01-25,C0001,Sonoran Cycles Online,DTC,Booked,Credit Card,Phoenix Distribution Center,6199.0
SO100370,2023-01-25,C0001,Sonoran Cycles Online,DTC,Booked,Credit Card,Phoenix Distribution Center,4599.0
SO100371,2023-01-26,C0027,Prairie Trail Bikes,Dealer,Booked,Net 30,Phoenix Distribution Center,5888.76
SO100372,2023-01-26,C0034,Green Mountain Bikes,Dealer,Booked,Net 30,Phoenix Distribution Center,32419.18
SO100373,2023-01-26,C0036,Pine Tree Bicycles,Dealer,Booked,Net 30,Phoenix Distribution Center,30804.15
SO100374,2023-01-26,C0010,Evergreen Cyclery,Dealer,Booked,Net 45,Phoenix Distribution Center,7306.26
SO100375,2023-01-26,C0011,Cascade Bikes,Dealer,Booked,Net 30,Phoenix Distribution Center,31674.56
SO100376,2023-01-26,C0019,Front Range Cyclery,Dealer,Booked,Net 30,Phoenix Distribution Center,41842.56
SO100377,2023-01-26,C0005,Mesa Mountain Bikes,Dealer,Booked,Net 30,Phoenix Distribution Center,26516.1
SO100378,2023-01-26,C0010,Evergreen Cyclery,Dealer,Booked,Net 45,Phoenix Distribution Center,19946.78
SO100379,2023-01-26,C0031,Pisgah Bike Co.,Dealer,Booked,Net 45,Phoenix Distribution Center,55784.98
SO100380,2023-01-26,C0033,Appalachian Bikes,Dealer,Booked,Net 30,Phoenix Distribution Center,27895.04
SO100381,2023-01-26,C0001,Sonoran Cycles Online,DTC,Booked,Credit Card,Phoenix Distribution Center,3499.0
SO100382,2023-01-26,C0001,Sonoran Cycles Online,DTC,Booked,Credit Card,Phoenix Distribution Center,4599.0
SO100383,2023-01-26,C0001,Sonoran Cycles Online,DTC,Booked,Credit Card,Phoenix Distribution Center,10798.0
SO100384,2023-01-26,C0001,Sonoran Cycles Online,DTC,Booked,Credit Card,Phoenix Distribution Center,4599.0
SO100385,2023-01-26,C0001,Sonoran Cycles Online,DTC,Booked,Credit Card,Phoenix Distribution Center,4599.0
SO100386,2023-01-27,C0020,Alpine Ride Co.,Dealer,Booked,Net 30,Phoenix Distribution Center,22623.8
SO100387,2023-01-27,C0027,Prairie Trail Bikes,Dealer,Booked,Net 30,Phoenix Distribution Center,36449.18
SO100388,2023-01-27,C0016,Coastal Gravel Co.,Dealer,Booked,Net 30,Phoenix Distribution Center,27617.85
SO100389,2023-01-27,C0029,River Bend Bikes,Dealer,Booked,Net 30,Phoenix Distribution Center,20796.1
SO100390,2023-01-27,C0026,Great Lakes Cyclery,Dealer,Booked,Net 30,Phoenix Distribution Center,47636.55
SO100391,2023-01-27,C0034,Green Mountain Bikes,Dealer,Booked,Net 30,Phoenix Distribution Center,9049.52
SO100392,2023-01-27,C0008,Sedona Ride Center,Dealer,Booked,Net 30,Phoenix Distribution Center,22440.9
SO100393,2023-01-27,C0019,Front Range Cyclery,Dealer,Booked,Net 30,Phoenix Distribution Center,13389.52
SO100394,2023-01-27,C0025,Lakeshore Bikes,Dealer,Booked,Net 30,Phoenix Distribution Center,9483.52
SO100395,2023-01-27,C0018,High Country Bikes,Dealer,Booked,Net 45,Phoenix Distribution Center,21572.52
SO100396,2023-01-27,C0001,Sonoran Cycles Online,DTC,Booked,Credit Card,Phoenix Distribution Center,3299.0
SO100397,2023-01-27,C0001,Sonoran Cycles Online,DTC,Booked,Credit Card,Phoenix Distribution Center,3299.0
SO100398,2023-01-27,C0001,Sonoran Cycles Online,DTC,Booked,Credit Card,Phoenix Distribution Center,4599.0
SO100399,2023-01-27,C0001,Sonoran Cycles Online,DTC,Booked,Credit Card,Phoenix Distribution Center,3299.0
SO100400,2023-01-27,C0001,Sonoran Cycles Online,DTC,Booked,Credit Card,Phoenix Distribution Center,6199.0
SO100401,2023-01-27,C0001,Sonoran Cycles Online,DTC,Booked,Credit Card,Phoenix Distribution Center,4599.0
SO100402,2023-01-27,C0001,Sonoran Cycles Online,DTC,Booked,Credit Card,Phoenix Distribution Center,3299.0
SO100403,2023-01-28,C0031,Pisgah Bike Co.,Dealer,Booked,Net 45,Phoenix Distribution Center,21107.36
SO100404,2023-01-28,C0008,Sedona Ride Center,Dealer,Booked,Net 30,Phoenix Distribution Center,15745.52
SO100405,2023-01-28,C0027,Prairie Trail Bikes,Dealer,Booked,Net 30,Phoenix Distribution Center,49093.46
SO100406,2023-01-28,C0001,Sonoran Cycles Online,DTC,Booked,Credit Card,Phoenix Distribution Center,9198.0
SO100407,2023-01-28,C0001,Sonoran Cycles Online,DTC,Booked,Credit Card,Phoenix Distribution Center,3299.0
SO100408,2023-01-28,C0001,Sonoran Cycles Online,DTC,Booked,Credit Card,Phoenix Distribution Center,4599.0
SO100409,2023-01-28,C0001,Sonoran Cycles Online,DTC,Booked,Credit Card,Phoenix Distribution Center,3299.0
SO100410,2023-01-28,C0001,Sonoran Cycles Online,DTC,Booked,Credit Card,Phoenix Distribution Center,7898.0
SO100411,2023-01-28,C0001,Sonoran Cycles Online,DTC,Booked,Credit Card,Phoenix Distribution Center,4599.0
SO100412,2023-01-28,C0001,Sonoran Cycles Online,DTC,Booked,Credit Card,Phoenix Distribution Center,7499.0
SO100413,2023-01-28,C0001,Sonoran Cycles Online,DTC,Booked,Credit Card,Phoenix Distribution Center,3999.0
SO100414,2023-01-28,C0001,Sonoran Cycles Online,DTC,Booked,Credit Card,Phoenix Distribution Center,4599.0
SO100415,2023-01-29,C0015,Sierra Cycle Works,Dealer,Booked,Net 30,Phoenix Distribution Center,46118.7
SO100416,2023-01-29,C0001,Sonoran Cycles Online,DTC,Booked,Credit Card,Phoenix Distribution Center,4599.0
SO100417,2023-01-29,C0001,Sonoran Cycles Online,DTC,Booked,Credit Card,Phoenix Distribution Center,3299.0
SO100418,2023-01-29,C0001,Sonoran Cycles Online,DTC,Booked,Credit Card,Phoenix Distribution Center,6199.0
SO100419,2023-01-29,C0001,Sonoran Cycles Online,DTC,Booked,Credit Card,Phoenix Distribution Center,7499.0
SO100420,2023-01-29,C0001,Sonoran Cycles Online,DTC,Booked,Credit Card,Phoenix Distribution Center,8498.0
SO100421,2023-01-29,C0001,Sonoran Cycles Online,DTC,Booked,Credit Card,Phoenix Distribution Center,7499.0
SO100422,2023-01-29,C0001,Sonoran Cycles Online,DTC,Booked,Credit Card,Phoenix Distribution Center,5199.0
SO100423,2023-01-29,C0001,Sonoran Cycles Online,DTC,Booked,Credit Card,Phoenix Distribution Center,3299.0
SO100424,2023-01-30,C0031,Pisgah Bike Co.,Dealer,Booked,Net 45,Phoenix Distribution Center,17397.1
SO100425,2023-01-30,C0024,Teton Cycling,Dealer,Booked,Net 30,Phoenix Distribution Center,11307.4
SO100426,2023-01-30,C0023,Bozeman Bike Works,Dealer,Booked,Net 30,Phoenix Distribution Center,24761.1
SO100427,2023-01-30,C0032,Southern Singletrack,Dealer,Booked,Net 30,Phoenix Distribution Center,31585.45
SO100428,2023-01-30,C0026,Great Lakes Cyclery,Dealer,Booked,Net 30,Phoenix Distribution Center,27099.8
SO100429,2023-01-30,C0010,Evergreen Cyclery,Dealer,Booked,Net 45,Phoenix Distribution Center,16699.94
SO100430,2023-01-30,C0004,Sonoran Bike Co.,Dealer,Booked,Net 30,Phoenix Distribution Center,17852.28
SO100431,2023-01-30,C0019,Front Range Cyclery,Dealer,Booked,Net 30,Phoenix Distribution Center,8182.14
SO100432,2023-01-30,C0036,Pine Tree Bicycles,Dealer,Booked,Net 30,Phoenix Distribution Center,19820.45
SO100433,2023-01-30,C0004,Sonoran Bike Co.,Dealer,Booked,Net 30,Phoenix Distribution Center,14753.52
SO100434,2023-01-30,C0001,Sonoran Cycles Online,DTC,Booked,Credit Card,Phoenix Distribution Center,6199.0
SO100435,2023-01-30,C0001,Sonoran Cycles Online,DTC,Booked,Credit Card,Phoenix Distribution Center,5199.0
SO100436,2023-01-30,C0001,Sonoran Cycles Online,DTC,Booked,Credit Card,Phoenix Distribution Center,6199.0
SO100437,2023-01-30,C0001,Sonoran Cycles Online,DTC,Booked,Credit Card,Phoenix Distribution Center,3499.0
SO100438,2023-01-30,C0001,Sonoran Cycles Online,DTC,Booked,Credit Card,Phoenix Distribution Center,10398.0
SO100439,2023-01-31,C0004,Sonoran Bike Co.,Dealer,Booked,Net 30,Phoenix Distribution Center,6694.76
SO100440,2023-01-31,C0028,Windy City Cycles,Dealer,Booked,Net 30,Phoenix Distribution Center,20729.8
SO100441,2023-01-31,C0023,Bozeman Bike Works,Dealer,Booked,Net 30,Phoenix Distribution Center,23070.45
SO100442,2023-01-31,C0035,Adirondack Cycles,Dealer,Booked,Net 30,Phoenix Distribution Center,27554.15
SO100443,2023-01-31,C0021,Rocky Peak Cycles,Dealer,Booked,Net 30,Phoenix Distribution Center,45685.9
SO100444,2023-01-31,C0033,Appalachian Bikes,Dealer,Booked,Net 30,Phoenix Distribution Center,43514.08
SO100445,2023-01-31,C0004,Sonoran Bike Co.,Dealer,Booked,Net 30,Phoenix Distribution Center,10290.14
SO100446,2023-01-31,C0030,Blue Ridge Cycles,Dealer,Booked,Net 30,Phoenix Distribution Center,16984.28
SO100447,2023-01-31,C0031,Pisgah Bike Co.,Dealer,Booked,Net 45,Phoenix Distribution Center,12294.26
SO100448,2023-01-31,C0007,Red Rock Cycles,Dealer,Booked,Net 30,Phoenix Distribution Center,43672.85
SO100449,2023-01-31,C0031,Pisgah Bike Co.,Dealer,Booked,Net 45,Phoenix Distribution Center,24007.36
SO100450,2023-01-31,C0004,Sonoran Bike Co.,Dealer,Booked,Net 30,Phoenix Distribution Center,13450.28
SO100451,2023-01-31,C0032,Southern Singletrack,Dealer,Booked,Net 30,Phoenix Distribution Center,38602.2
SO100452,2023-01-31,C0001,Sonoran Cycles Online,DTC,Booked,Credit Card,Phoenix Distribution Center,4599.0
SO100453,2023-01-31,C0001,Sonoran Cycles Online,DTC,Booked,Credit Card,Phoenix Distribution Center,4599.0
SO100454,2023-01-31,C0001,Sonoran Cycles Online,DTC,Booked,Credit Card,Phoenix Distribution Center,5199.0
SO100455,2023-01-31,C0001,Sonoran Cycles Online,DTC,Booked,Credit Card,Phoenix Distribution Center,4599.0
SO100456,2023-01-31,C0001,Sonoran Cycles Online,DTC,Booked,Credit Card,Phoenix Distribution Center,3999.0
SO100457,2023-02-01,C0023,Bozeman Bike Works,Dealer,Booked,Net 30,Phoenix Distribution Center,38343.5
SO100458,2023-02-01,C0018,High Country Bikes,Dealer,Booked,Net 45,Phoenix Distribution Center,27023.36
SO100459,2023-02-01,C0034,Green Mountain Bikes,Dealer,Booked,Net 30,Phoenix Distribution Center,22933.8
SO100460,2023-02-01,C0006,Tucson Trail Works,Dealer,Booked,Net 30,Phoenix Distribution Center,36449.18
SO100461,2023-02-01,C0022,Wasatch Wheel Works,Dealer,Booked,Net 30,Phoenix Distribution Center,27646.42
SO100462,2023-02-01,C0007,Red Rock Cycles,Dealer,Booked,Net 30,Phoenix Distribution Center,18716.75
SO100463,2023-02-01,C0015,Sierra Cycle Works,Dealer,Booked,Net 30,Phoenix Distribution Center,44630.7
SO100464,2023-02-01,C0002,Desert Trail Bikes,Dealer,Booked,Net 45,Phoenix Distribution Center,38678.46
SO100465,2023-02-01,C0022,Wasatch Wheel Works,Dealer,Booked,Net 30,Phoenix Distribution Center,9670.14
SO100466,2023-02-01,C0006,Tucson Trail Works,Dealer,Booked,Net 30,Phoenix Distribution Center,32481.18
SO100467,2023-02-01,C0016,Coastal Gravel Co.,Dealer,Booked,Net 30,Phoenix Distribution Center,13646.1
SO100468,2023-02-01,C0019,Front Range Cyclery,Dealer,Booked,Net 30,Phoenix Distribution Center,27646.42
SO100469,2023-02-01,C0019,Front Range Cyclery,Dealer,Booked,Net 30,Phoenix Distribution Center,24795.04
SO100470,2023-02-01,C0026,Great Lakes Cyclery,Dealer,Booked,Net 30,Phoenix Distribution Center,18779.8
SO100471,2023-02-01,C0012,Rain City Cycles,Dealer,Booked,Net 30,Phoenix Distribution Center,10008.05
SO100472,2023-02-01,C0001,Sonoran Cycles Online,DTC,Booked,Credit Card,Phoenix Distribution Center,5199.0
SO100473,2023-02-01,C0001,Sonoran Cycles Online,DTC,Booked,Credit Card,Phoenix Distribution Center,6598.0
SO100474,2023-02-01,C0001,Sonoran Cycles Online,DTC,Booked,Credit Card,Phoenix Distribution Center,6199.0
SO100475,2023-02-01,C0001,Sonoran Cycles Online,DTC,Booked,Credit Card,Phoenix Distribution Center,3999.0
SO100476,2023-02-01,C0001,Sonoran Cycles Online,DTC,Booked,Credit Card,Phoenix Distribution Center,6199.0
SO100477,2023-02-01,C0001,Sonoran Cycles Online,DTC,Booked,Credit Card,Phoenix Distribution Center,6199.0
SO100478,2023-02-02,C0020,Alpine Ride Co.,Dealer,Booked,Net 30,Phoenix Distribution Center,19525.66
SO100479,2023-02-02,C0030,Blue Ridge Cycles,Dealer,Booked,Net 30,Phoenix Distribution Center,20828.28
SO100480,2023-02-02,C0028,Windy City Cycles,Dealer,Booked,Net 30,Phoenix Distribution Center,21964.8
SO100481,2023-02-02,C0029,River Bend Bikes,Dealer,Booked,Net 30,Phoenix Distribution Center,53940.25
SO100482,2023-02-02,C0027,Prairie Trail Bikes,Dealer,Booked,Net 30,Phoenix Distribution Center,15868.28
SO100483,2023-02-02,C0010,Evergreen Cyclery,Dealer,Booked,Net 45,Phoenix Distribution Center,28817.88
SO100484,2023-02-02,C0019,Front Range Cyclery,Dealer,Booked,Net 30,Phoenix Distribution Center,36573.18
SO100485,2023-02-02,C0004,Sonoran Bike Co.,Dealer,Booked,Net 30,Phoenix Distribution Center,9793.52
SO100486,2023-02-02,C0014,Redwood Ride Shop,Dealer,Booked,Net 30,Phoenix Distribution Center,25292.28
SO100487,2023-02-02,C0034,Green Mountain Bikes,Dealer,Booked,Net 30,Phoenix Distribution Center,20453.8
SO100488,2023-02-02,C0006,Tucson Trail Works,Dealer,Booked,Net 30,Phoenix Distribution Center,31117.8
SO100489,2023-02-02,C0002,Desert Trail Bikes,Dealer,Booked,Net 45,Phoenix Distribution Center,11713.68
SO100490,2023-02-02,C0001,Sonoran Cycles Online,DTC,Booked,Credit Card,Phoenix Distribution Center,5199.0
SO100491,2023-02-02,C0001,Sonoran Cycles Online,DTC,Booked,Credit Card,Phoenix Distribution Center,6199.0
SO100492,2023-02-02,C0001,Sonoran Cycles Online,DTC,Booked,Credit Card,Phoenix Distribution Center,4599.0
SO100493,2023-02-02,C0001,Sonoran Cycles Online,DTC,Booked,Credit Card,Phoenix Distribution Center,5199.0
SO100494,2023-02-02,C0001,Sonoran Cycles Online,DTC,Booked,Credit Card,Phoenix Distribution Center,5199.0
SO100495,2023-02-02,C0001,Sonoran Cycles Online,DTC,Booked,Credit Card,Phoenix Distribution Center,12698.0
SO100496,2023-02-02,C0001,Sonoran Cycles Online,DTC,Booked,Credit Card,Phoenix Distribution Center,6598.0
SO100497,2023-02-03,C0031,Pisgah Bike Co.,Dealer,Booked,Net 45,Phoenix Distribution Center,18324.52
SO100498,2023-02-03,C0031,Pisgah Bike Co.,Dealer,Booked,Net 45,Phoenix Distribution Center,36069.62
SO100499,2023-02-03,C0035,Adirondack Cycles,Dealer,Booked,Net 30,Phoenix Distribution Center,44190.9
SO100500,2023-02-03,C0022,Wasatch Wheel Works,Dealer,Booked,Net 30,Phoenix Distribution Center,35704.56
SO100501,2023-02-03,C0010,Evergreen Cyclery,Dealer,Booked,Net 45,Phoenix Distribution Center,10785.1
SO100502,2023-02-03,C0032,Southern Singletrack,Dealer,Booked,Net 30,Phoenix Distribution Center,41072.2
SO100503,2023-02-03,C0014,Redwood Ride Shop,Dealer,Booked,Net 30,Phoenix Distribution Center,24174.42
SO100504,2023-02-03,C0018,High Country Bikes,Dealer,Booked,Net 45,Phoenix Distribution Center,24703.36
SO100505,2023-02-03,C0018,High Country Bikes,Dealer,Booked,Net 45,Phoenix Distribution Center,34794.2
SO100506,2023-02-03,C0034,Green Mountain Bikes,Dealer,Booked,Net 30,Phoenix Distribution Center,24235.18
SO100507,2023-02-03,C0035,Adirondack Cycles,Dealer,Booked,Net 30,Phoenix Distribution Center,38992.2
SO100508,2023-02-03,C0001,Sonoran Cycles Online,DTC,Booked,Credit Card,Phoenix Distribution Center,3999.0
SO100509,2023-02-03,C0001,Sonoran Cycles Online,DTC,Booked,Credit Card,Phoenix Distribution Center,3499.0
SO100510,2023-02-03,C0001,Sonoran Cycles Online,DTC,Booked,Credit Card,Phoenix Distribution Center,4599.0
SO100511,2023-02-03,C0001,Sonoran Cycles Online,DTC,Booked,Credit Card,Phoenix Distribution Center,11597.0
SO100512,2023-02-03,C0001,Sonoran Cycles Online,DTC,Booked,Credit Card,Phoenix Distribution Center,3299.0
SO100513,2023-02-03,C0001,Sonoran Cycles Online,DTC,Booked,Credit Card,Phoenix Distribution Center,4599.0
SO100514,2023-02-03,C0001,Sonoran Cycles Online,DTC,Booked,Credit Card,Phoenix Distribution Center,4599.0
SO100515,2023-02-03,C0001,Sonoran Cycles Online,DTC,Booked,Credit Card,Phoenix Distribution Center,4599.0
SO100516,2023-02-04,C0029,River Bend Bikes,Dealer,Booked,Net 30,Phoenix Distribution Center,20796.1
SO100517,2023-02-04,C0002,Desert Trail Bikes,Dealer,Booked,Net 45,Phoenix Distribution Center,12873.1
SO100518,2023-02-04,C0013,Pacific Trail Bikes,Dealer,Booked,Net 45,Phoenix Distribution Center,40825.04
SO100519,2023-02-04,C0011,Cascade Bikes,Dealer,Booked,Net 30,Phoenix Distribution Center,27150.42
SO100520,2023-02-04,C0001,Sonoran Cycles Online,DTC,Booked,Credit Card,Phoenix Distribution Center,6199.0
SO100521,2023-02-04,C0001,Sonoran Cycles Online,DTC,Booked,Credit Card,Phoenix Distribution Center,4599.0
SO100522,2023-02-04,C0001,Sonoran Cycles Online,DTC,Booked,Credit Card,Phoenix Distribution Center,6199.0
SO100523,2023-02-04,C0001,Sonoran Cycles Online,DTC,Booked,Credit Card,Phoenix Distribution Center,3299.0
SO100524,2023-02-04,C0001,Sonoran Cycles Online,DTC,Booked,Credit Card,Phoenix Distribution Center,4599.0
SO100525,2023-02-04,C0001,Sonoran Cycles Online,DTC,Booked,Credit Card,Phoenix Distribution Center,3299.0
SO100526,2023-02-04,C0001,Sonoran Cycles Online,DTC,Booked,Credit Card,Phoenix Distribution Center,5199.0
SO100527,2023-02-04,C0001,Sonoran Cycles Online,DTC,Booked,Credit Card,Phoenix Distribution Center,3299.0
SO100528,2023-02-04,C0001,Sonoran Cycles Online,DTC,Booked,Credit Card,Phoenix Distribution Center,19597.0
SO100529,2023-02-05,C0012,Rain City Cycles,Dealer,Booked,Net 30,Phoenix Distribution Center,35419.15
SO100530,2023-02-05,C0001,Sonoran Cycles Online,DTC,Booked,Credit Card,Phoenix Distribution Center,3299.0
SO100531,2023-02-05,C0001,Sonoran Cycles Online,DTC,Booked,Credit Card,Phoenix Distribution Center,10798.0
SO100532,2023-02-05,C0001,Sonoran Cycles Online,DTC,Booked,Credit Card,Phoenix Distribution Center,4599.0
SO100533,2023-02-05,C0001,Sonoran Cycles Online,DTC,Booked,Credit Card,Phoenix Distribution Center,4599.0
SO100534,2023-02-05,C0001,Sonoran Cycles Online,DTC,Booked,Credit Card,Phoenix Distribution Center,5199.0
SO100535,2023-02-05,C0001,Sonoran Cycles Online,DTC,Booked,Credit Card,Phoenix Distribution Center,3299.0
SO100536,2023-02-05,C0001,Sonoran Cycles Online,DTC,Booked,Credit Card,Phoenix Distribution Center,7499.0
SO100537,2023-02-05,C0001,Sonoran Cycles Online,DTC,Booked,Credit Card,Phoenix Distribution Center,3499.0
SO100538,2023-02-05,C0001,Sonoran Cycles Online,DTC,Booked,Credit Card,Phoenix Distribution Center,3299.0
SO100539,2023-02-05,C0001,Sonoran Cycles Online,DTC,Booked,Credit Card,Phoenix Distribution Center,5199.0
SO100540,2023-02-06,C0021,Rocky Peak Cycles,Dealer,Booked,Net 30,Phoenix Distribution Center,16506.1
SO100541,2023-02-06,C0006,Tucson Trail Works,Dealer,Booked,Net 30,Phoenix Distribution Center,15496.28
SO100542,2023-02-06,C0009,Las Cruces Cycling,Dealer,Booked,Net 30,Phoenix Distribution Center,38340.9
SO100543,2023-02-06,C0006,Tucson Trail Works,Dealer,Booked,Net 30,Phoenix Distribution Center,27769.8
SO100544,2023-02-06,C0031,Pisgah Bike Co.,Dealer,Booked,Net 45,Phoenix Distribution Center,18788.52
SO100545,2023-02-06,C0014,Redwood Ride Shop,Dealer,Booked,Net 30,Phoenix Distribution Center,24546.42
SO100546,2023-02-06,C0030,Blue Ridge Cycles,Dealer,Booked,Net 30,Phoenix Distribution Center,54362.22
SO100547,2023-02-06,C0018,High Country Bikes,Dealer,Booked,Net 45,Phoenix Distribution Center,20991.94
SO100548,2023-02-06,C0036,Pine Tree Bicycles,Dealer,Booked,Net 30,Phoenix Distribution Center,15337.4
SO100549,2023-02-06,C0034,Green Mountain Bikes,Dealer,Booked,Net 30,Phoenix Distribution Center,35703.32
SO100550,2023-02-06,C0005,Mesa Mountain Bikes,Dealer,Booked,Net 30,Phoenix Distribution Center,30931.55
SO100551,2023-02-06,C0027,Prairie Trail Bikes,Dealer,Booked,Net 30,Phoenix Distribution Center,25787.04
SO100552,2023-02-06,C0011,Cascade Bikes,Dealer,Booked,Net 30,Phoenix Distribution Center,53680.22
SO100553,2023-02-06,C0001,Sonoran Cycles Online,DTC,Booked,Credit Card,Phoenix Distribution Center,3299.0
SO100554,2023-02-06,C0001,Sonoran Cycles Online,DTC,Booked,Credit Card,Phoenix Distribution Center,3299.0
SO100555,2023-02-06,C0001,Sonoran Cycles Online,DTC,Booked,Credit Card,Phoenix Distribution Center,3499.0
SO100556,2023-02-06,C0001,Sonoran Cycles Online,DTC,Booked,Credit Card,Phoenix Distribution Center,5199.0
SO100557,2023-02-06,C0001,Sonoran Cycles Online,DTC,Booked,Credit Card,Phoenix Distribution Center,7499.0
SO100558,2023-02-06,C0001,Sonoran Cycles Online,DTC,Booked,Credit Card,Phoenix Distribution Center,3999.0
SO100559,2023-02-07,C0027,Prairie Trail Bikes,Dealer,Booked,Net 30,Phoenix Distribution Center,12644.28
SO100560,2023-02-07,C0010,Evergreen Cyclery,Dealer,Booked,Net 45,Phoenix Distribution Center,9567.68
SO100561,2023-02-07,C0002,Desert Trail Bikes,Dealer,Booked,Net 45,Phoenix Distribution Center,33922.46
SO100562,2023-02-07,C0025,Lakeshore Bikes,Dealer,Booked,Net 30,Phoenix Distribution Center,18099.04
SO100563,2023-02-07,C0013,Pacific Trail Bikes,Dealer,Booked,Net 45,Phoenix Distribution Center,29574.78
SO100564,2023-02-07,C0017,Bay Mountain Bikes,Dealer,Booked,Net 30,Phoenix Distribution Center,25291.04
SO100565,2023-02-07,C0021,Rocky Peak Cycles,Dealer,Booked,Net 30,Phoenix Distribution Center,46205.9
SO100566,2023-02-07,C0004,Sonoran Bike Co.,Dealer,Booked,Net 30,Phoenix Distribution Center,6074.76
SO100567,2023-02-07,C0017,Bay Mountain Bikes,Dealer,Booked,Net 30,Phoenix Distribution Center,23679.66
SO100568,2023-02-07,C0027,Prairie Trail Bikes,Dealer,Booked,Net 30,Phoenix Distribution Center,29754.42
SO100569,2023-02-07,C0006,Tucson Trail Works,Dealer,Booked,Net 30,Phoenix Distribution Center,9670.14
SO100570,2023-02-07,C0027,Prairie Trail Bikes,Dealer,Booked,Net 30,Phoenix Distribution Center,28018.42
SO100571,2023-02-07,C0011,Cascade Bikes,Dealer,Booked,Net 30,Phoenix Distribution Center,24175.04
SO100572,2023-02-07,C0034,Green Mountain Bikes,Dealer,Booked,Net 30,Phoenix Distribution Center,4090.76
SO100573,2023-02-07,C0032,Southern Singletrack,Dealer,Booked,Net 30,Phoenix Distribution Center,7408.7
SO100574,2023-02-07,C0018,High Country Bikes,Dealer,Booked,Net 45,Phoenix Distribution Center,32126.2
SO100575,2023-02-07,C0001,Sonoran Cycles Online,DTC,Booked,Credit Card,Phoenix Distribution Center,5199.0
SO100576,2023-02-07,C0001,Sonoran Cycles Online,DTC,Booked,Credit Card,Phoenix Distribution Center,3299.0
SO100577,2023-02-07,C0001,Sonoran Cycles Online,DTC,Booked,Credit Card,Phoenix Distribution Center,4599.0
SO100578,2023-02-07,C0001,Sonoran Cycles Online,DTC,Booked,Credit Card,Phoenix Distribution Center,6199.0
SO100579,2023-02-07,C0001,Sonoran Cycles Online,DTC,Booked,Credit Card,Phoenix Distribution Center,6199.0
SO100580,2023-02-07,C0001,Sonoran Cycles Online,DTC,Booked,Credit Card,Phoenix Distribution Center,4599.0
SO100581,2023-02-08,C0012,Rain City Cycles,Dealer,Booked,Net 30,Phoenix Distribution Center,10462.4
SO100582,2023-02-08,C0034,Green Mountain Bikes,Dealer,Booked,Net 30,Phoenix Distribution Center,27585.04
SO100583,2023-02-08,C0009,Las Cruces Cycling,Dealer,Booked,Net 30,Phoenix Distribution Center,26254.8
SO100584,2023-02-08,C0020,Alpine Ride Co.,Dealer,Booked,Net 30,Phoenix Distribution Center,43638.08
SO100585,2023-02-08,C0010,Evergreen Cyclery,Dealer,Booked,Net 45,Phoenix Distribution Center,9567.1
SO100586,2023-02-08,C0011,Cascade Bikes,Dealer,Booked,Net 30,Phoenix Distribution Center,38061.18
SO100587,2023-02-08,C0003,Cactus Cycling,Dealer,Booked,Net 30,Phoenix Distribution Center,8492.76
SO100588,2023-02-08,C0031,Pisgah Bike Co.,Dealer,Booked,Net 45,Phoenix Distribution Center,25167.36
SO100589,2023-02-08,C0030,Blue Ridge Cycles,Dealer,Booked,Net 30,Phoenix Distribution Center,30373.8
SO100590,2023-02-08,C0005,Mesa Mountain Bikes,Dealer,Booked,Net 30,Phoenix Distribution Center,9032.4
SO100591,2023-02-08,C0034,Green Mountain Bikes,Dealer,Booked,Net 30,Phoenix Distribution Center,20578.42
SO100592,2023-02-08,C0001,Sonoran Cycles Online,DTC,Booked,Credit Card,Phoenix Distribution Center,4599.0
SO100593,2023-02-08,C0001,Sonoran Cycles Online,DTC,Booked,Credit Card,Phoenix Distribution Center,7499.0
SO100594,2023-02-08,C0001,Sonoran Cycles Online,DTC,Booked,Credit Card,Phoenix Distribution Center,3499.0
SO100595,2023-02-08,C0001,Sonoran Cycles Online,DTC,Booked,Credit Card,Phoenix Distribution Center,4599.0
SO100596,2023-02-08,C0001,Sonoran Cycles Online,DTC,Booked,Credit Card,Phoenix Distribution Center,5199.0
SO100597,2023-02-08,C0001,Sonoran Cycles Online,DTC,Booked,Credit Card,Phoenix Distribution Center,5199.0
SO100598,2023-02-09,C0013,Pacific Trail Bikes,Dealer,Booked,Net 45,Phoenix Distribution Center,15019.1
SO100599,2023-02-09,C0015,Sierra Cycle Works,Dealer,Booked,Net 30,Phoenix Distribution Center,24794.42
SO100600,2023-02-09,C0011,Cascade Bikes,Dealer,Booked,Net 30,Phoenix Distribution Center,27894.42
SO100601,2023-02-09,C0031,Pisgah Bike Co.,Dealer,Booked,Net 45,Phoenix Distribution Center,12525.68
SO100602,2023-02-09,C0034,Green Mountain Bikes,Dealer,Booked,Net 30,Phoenix Distribution Center,28017.18
SO100603,2023-02-09,C0036,Pine Tree Bicycles,Dealer,Booked,Net 30,Phoenix Distribution Center,48608.95
SO100604,2023-02-09,C0018,High Country Bikes,Dealer,Booked,Net 45,Phoenix Distribution Center,19136.52
SO100605,2023-02-09,C0011,Cascade Bikes,Dealer,Booked,Net 30,Phoenix Distribution Center,27150.42
SO100606,2023-02-09,C0036,Pine Tree Bicycles,Dealer,Booked,Net 30,Phoenix Distribution Center,27682.85
SO100607,2023-02-09,C0002,Desert Trail Bikes,Dealer,Booked,Net 45,Phoenix Distribution Center,5334.84
SO100608,2023-02-09,C0031,Pisgah Bike Co.,Dealer,Booked,Net 45,Phoenix Distribution Center,36997.04
SO100609,2023-02-09,C0019,Front Range Cyclery,Dealer,Booked,Net 30,Phoenix Distribution Center,24671.04
SO100610,2023-02-09,C0001,Sonoran Cycles Online,DTC,Booked,Credit Card,Phoenix Distribution Center,5199.0
SO100611,2023-02-09,C0001,Sonoran Cycles Online,DTC,Booked,Credit Card,Phoenix Distribution Center,3299.0
SO100612,2023-02-09,C0001,Sonoran Cycles Online,DTC,Booked,Credit Card,Phoenix Distribution Center,3299.0
SO100613,2023-02-09,C0001,Sonoran Cycles Online,DTC,Booked,Credit Card,Phoenix Distribution Center,5199.0
SO100614,2023-02-09,C0001,Sonoran Cycles Online,DTC,Booked,Credit Card,Phoenix Distribution Center,7499.0
SO100615,2023-02-09,C0001,Sonoran Cycles Online,DTC,Booked,Credit Card,Phoenix Distribution Center,4599.0
SO100616,2023-02-09,C0001,Sonoran Cycles Online,DTC,Booked,Credit Card,Phoenix Distribution Center,10198.0
SO100617,2023-02-09,C0001,Sonoran Cycles Online,DTC,Booked,Credit Card,Phoenix Distribution Center,3299.0
SO100618,2023-02-10,C0015,Sierra Cycle Works,Dealer,Booked,Net 30,Phoenix Distribution Center,12521.52
SO100619,2023-02-10,C0033,Appalachian Bikes,Dealer,Booked,Net 30,Phoenix Distribution Center,28266.42
SO100620,2023-02-10,C0031,Pisgah Bike Co.,Dealer,Booked,Net 45,Phoenix Distribution Center,47551.3
SO100621,2023-02-10,C0030,Blue Ridge Cycles,Dealer,Booked,Net 30,Phoenix Distribution Center,19897.66
SO100622,2023-02-10,C0030,Blue Ridge Cycles,Dealer,Booked,Net 30,Phoenix Distribution Center,23803.04
SO100623,2023-02-10,C0034,Green Mountain Bikes,Dealer,Booked,Net 30,Phoenix Distribution Center,4090.76
SO100624,2023-02-10,C0007,Red Rock Cycles,Dealer,Booked,Net 30,Phoenix Distribution Center,14817.4
SO100625,2023-02-10,C0011,Cascade Bikes,Dealer,Booked,Net 30,Phoenix Distribution Center,8926.14
SO100626,2023-02-10,C0010,Evergreen Cyclery,Dealer,Booked,Net 45,Phoenix Distribution Center,21570.2
SO100627,2023-02-10,C0006,Tucson Trail Works,Dealer,Booked,Net 30,Phoenix Distribution Center,40105.32
SO100628,2023-02-10,C0003,Cactus Cycling,Dealer,Booked,Net 30,Phoenix Distribution Center,28761.8
SO100629,2023-02-10,C0001,Sonoran Cycles Online,DTC,Booked,Credit Card,Phoenix Distribution Center,3499.0
SO100630,2023-02-10,C0001,Sonoran Cycles Online,DTC,Booked,Credit Card,Phoenix Distribution Center,4599.0
SO100631,2023-02-10,C0001,Sonoran Cycles Online,DTC,Booked,Credit Card,Phoenix Distribution Center,3299.0
SO100632,2023-02-10,C0001,Sonoran Cycles Online,DTC,Booked,Credit Card,Phoenix Distribution Center,5199.0
SO100633,2023-02-10,C0001,Sonoran Cycles Online,DTC,Booked,Credit Card,Phoenix Distribution Center,4599.0
SO100634,2023-02-10,C0001,Sonoran Cycles Online,DTC,Booked,Credit Card,Phoenix Distribution Center,3299.0
SO100635,2023-02-10,C0001,Sonoran Cycles Online,DTC,Booked,Credit Card,Phoenix Distribution Center,4599.0
SO100636,2023-02-11,C0020,Alpine Ride Co.,Dealer,Booked,Net 30,Phoenix Distribution Center,16859.66
SO100637,2023-02-11,C0018,High Country Bikes,Dealer,Booked,Net 45,Phoenix Distribution Center,33054.2
SO100638,2023-02-11,C0012,Rain City Cycles,Dealer,Booked,Net 30,Phoenix Distribution Center,14037.4
SO100639,2023-02-11,C0034,Green Mountain Bikes,Dealer,Booked,Net 30,Phoenix Distribution Center,13575.52
SO100640,2023-02-11,C0001,Sonoran Cycles Online,DTC,Booked,Credit Card,Phoenix Distribution Center,3499.0
SO100641,2023-02-11,C0001,Sonoran Cycles Online,DTC,Booked,Credit Card,Phoenix Distribution Center,3499.0
SO100642,2023-02-11,C0001,Sonoran Cycles Online,DTC,Booked,Credit Card,Phoenix Distribution Center,5199.0
SO100643,2023-02-11,C0001,Sonoran Cycles Online,DTC,Booked,Credit Card,Phoenix Distribution Center,3499.0
SO100644,2023-02-11,C0001,Sonoran Cycles Online,DTC,Booked,Credit Card,Phoenix Distribution Center,5199.0
SO100645,2023-02-11,C0001,Sonoran Cycles Online,DTC,Booked,Credit Card,Phoenix Distribution Center,3299.0
SO100646,2023-02-11,C0001,Sonoran Cycles Online,DTC,Booked,Credit Card,Phoenix Distribution Center,5199.0
SO100647,2023-02-11,C0001,Sonoran Cycles Online,DTC,Booked,Credit Card,Phoenix Distribution Center,5199.0
SO100648,2023-02-11,C0001,Sonoran Cycles Online,DTC,Booked,Credit Card,Phoenix Distribution Center,4599.0
SO100649,2023-02-12,C0031,Pisgah Bike Co.,Dealer,Booked,Net 45,Phoenix Distribution Center,33401.62
SO100650,2023-02-12,C0001,Sonoran Cycles Online,DTC,Booked,Credit Card,Phoenix Distribution Center,5199.0
SO100651,2023-02-12,C0001,Sonoran Cycles Online,DTC,Booked,Credit Card,Phoenix Distribution Center,3299.0
SO100652,2023-02-12,C0001,Sonoran Cycles Online,DTC,Booked,Credit Card,Phoenix Distribution Center,7898.0
SO100653,2023-02-12,C0001,Sonoran Cycles Online,DTC,Booked,Credit Card,Phoenix Distribution Center,6199.0
SO100654,2023-02-12,C0001,Sonoran Cycles Online,DTC,Booked,Credit Card,Phoenix Distribution Center,3299.0
SO100655,2023-02-12,C0001,Sonoran Cycles Online,DTC,Booked,Credit Card,Phoenix Distribution Center,7499.0
SO100656,2023-02-12,C0001,Sonoran Cycles Online,DTC,Booked,Credit Card,Phoenix Distribution Center,5199.0
SO100657,2023-02-13,C0003,Cactus Cycling,Dealer,Booked,Net 30,Phoenix Distribution Center,45436.7
SO100658,2023-02-13,C0015,Sierra Cycle Works,Dealer,Booked,Net 30,Phoenix Distribution Center,15620.9
SO100659,2023-02-13,C0002,Desert Trail Bikes,Dealer,Booked,Net 45,Phoenix Distribution Center,40128.46
SO100660,2023-02-13,C0006,Tucson Trail Works,Dealer,Booked,Net 30,Phoenix Distribution Center,23802.42
SO100661,2023-02-13,C0015,Sierra Cycle Works,Dealer,Booked,Net 30,Phoenix Distribution Center,13761.52
SO100662,2023-02-13,C0010,Evergreen Cyclery,Dealer,Booked,Net 45,Phoenix Distribution Center,17221.36
SO100663,2023-02-13,C0014,Redwood Ride Shop,Dealer,Booked,Net 30,Phoenix Distribution Center,18224.28
SO100664,2023-02-13,C0008,Sedona Ride Center,Dealer,Booked,Net 30,Phoenix Distribution Center,54737.94
SO100665,2023-02-13,C0031,Pisgah Bike Co.,Dealer,Booked,Net 45,Phoenix Distribution Center,14265.1
SO100666,2023-02-13,C0035,Adirondack Cycles,Dealer,Booked,Net 30,Phoenix Distribution Center,14946.75
SO100667,2023-02-13,C0002,Desert Trail Bikes,Dealer,Booked,Net 45,Phoenix Distribution Center,16004.52
SO100668,2023-02-13,C0023,Bozeman Bike Works,Dealer,Booked,Net 30,Phoenix Distribution Center,43931.55
SO100669,2023-02-13,C0001,Sonoran Cycles Online,DTC,Booked,Credit Card,Phoenix Distribution Center,5199.0
SO100670,2023-02-13,C0001,Sonoran Cycles Online,DTC,Booked,Credit Card,Phoenix Distribution Center,5199.0
SO100671,2023-02-13,C0001,Sonoran Cycles Online,DTC,Booked,Credit Card,Phoenix Distribution Center,3299.0
SO100672,2023-02-13,C0001,Sonoran Cycles Online,DTC,Booked,Credit Card,Phoenix Distribution Center,3999.0
SO100673,2023-02-13,C0001,Sonoran Cycles Online,DTC,Booked,Credit Card,Phoenix Distribution Center,3499.0
SO100674,2023-02-13,C0001,Sonoran Cycles Online,DTC,Booked,Credit Card,Phoenix Distribution Center,4599.0
SO100675,2023-02-13,C0001,Sonoran Cycles Online,DTC,Booked,Credit Card,Phoenix Distribution Center,4599.0
SO100676,2023-02-14,C0009,Las Cruces Cycling,Dealer,Booked,Net 30,Phoenix Distribution Center,26772.85
SO100677,2023-02-14,C0010,Evergreen Cyclery,Dealer,Booked,Net 45,Phoenix Distribution Center,18497.36
SO100678,2023-02-14,C0014,Redwood Ride Shop,Dealer,Booked,Net 30,Phoenix Distribution Center,41654.7
SO100679,2023-02-14,C0007,Red Rock Cycles,Dealer,Booked,Net 30,Phoenix Distribution Center,25084.8
SO100680,2023-02-14,C0022,Wasatch Wheel Works,Dealer,Booked,Net 30,Phoenix Distribution Center,26779.04
SO100681,2023-02-14,C0013,Pacific Trail Bikes,Dealer,Booked,Net 45,Phoenix Distribution Center,8350.26
SO100682,2023-02-14,C0005,Mesa Mountain Bikes,Dealer,Booked,Net 30,Phoenix Distribution Center,10267.4
SO100683,2023-02-14,C0018,High Country Bikes,Dealer,Booked,Net 45,Phoenix Distribution Center,24819.36
SO100684,2023-02-14,C0008,Sedona Ride Center,Dealer,Booked,Net 30,Phoenix Distribution Center,11405.52
SO100685,2023-02-14,C0031,Pisgah Bike Co.,Dealer,Booked,Net 45,Phoenix Distribution Center,37229.62
SO100686,2023-02-14,C0026,Great Lakes Cyclery,Dealer,Booked,Net 30,Phoenix Distribution Center,53550.25
SO100687,2023-02-14,C0014,Redwood Ride Shop,Dealer,Booked,Net 30,Phoenix Distribution Center,27211.18
SO100688,2023-02-14,C0002,Desert Trail Bikes,Dealer,Booked,Net 45,Phoenix Distribution Center,35605.04
SO100689,2023-02-14,C0029,River Bend Bikes,Dealer,Booked,Net 30,Phoenix Distribution Center,27294.8
SO100690,2023-02-14,C0034,Green Mountain Bikes,Dealer,Booked,Net 30,Phoenix Distribution Center,13078.28
SO100691,2023-02-14,C0001,Sonoran Cycles Online,DTC,Booked,Credit Card,Phoenix Distribution Center,5199.0
SO100692,2023-02-14,C0001,Sonoran Cycles Online,DTC,Booked,Credit Card,Phoenix Distribution Center,3299.0
SO100693,2023-02-14,C0001,Sonoran Cycles Online,DTC,Booked,Credit Card,Phoenix Distribution Center,6598.0
SO100694,2023-02-14,C0001,Sonoran Cycles Online,DTC,Booked,Credit Card,Phoenix Distribution Center,3299.0
SO100695,2023-02-14,C0001,Sonoran Cycles Online,DTC,Booked,Credit Card,Phoenix Distribution Center,3299.0
SO100696,2023-02-15,C0020,Alpine Ride Co.,Dealer,Booked,Net 30,Phoenix Distribution Center,29131.94
SO100697,2023-02-15,C0027,Prairie Trail Bikes,Dealer,Booked,Net 30,Phoenix Distribution Center,36573.18
SO100698,2023-02-15,C0024,Teton Cycling,Dealer,Booked,Net 30,Phoenix Distribution Center,21575.45
SO100699,2023-02-15,C0010,Evergreen Cyclery,Dealer,Booked,Net 45,Phoenix Distribution Center,19947.36
SO100700,2023-02-15,C0003,Cactus Cycling,Dealer,Booked,Net 30,Phoenix Distribution Center,37441.8
SO100701,2023-02-15,C0006,Tucson Trail Works,Dealer,Booked,Net 30,Phoenix Distribution Center,34093.18
SO100702,2023-02-15,C0027,Prairie Trail Bikes,Dealer,Booked,Net 30,Phoenix Distribution Center,29505.8
SO100703,2023-02-15,C0014,Redwood Ride Shop,Dealer,Booked,Net 30,Phoenix Distribution Center,26529.18
SO100704,2023-02-15,C0035,Adirondack Cycles,Dealer,Booked,Net 30,Phoenix Distribution Center,18326.1
SO100705,2023-02-15,C0010,Evergreen Cyclery,Dealer,Booked,Net 45,Phoenix Distribution Center,10785.1
SO100706,2023-02-15,C0007,Red Rock Cycles,Dealer,Booked,Net 30,Phoenix Distribution Center,32364.15
SO100707,2023-02-15,C0018,High Country Bikes,Dealer,Booked,Net 45,Phoenix Distribution Center,16121.1
SO100708,2023-02-15,C0004,Sonoran Bike Co.,Dealer,Booked,Net 30,Phoenix Distribution Center,30747.04
SO100709,2023-02-15,C0001,Sonoran Cycles Online,DTC,Booked,Credit Card,Phoenix Distribution Center,4599.0
SO100710,2023-02-15,C0001,Sonoran Cycles Online,DTC,Booked,Credit Card,Phoenix Distribution Center,6598.0
SO100711,2023-02-15,C0001,Sonoran Cycles Online,DTC,Booked,Credit Card,Phoenix Distribution Center,4599.0
SO100712,2023-02-15,C0001,Sonoran Cycles Online,DTC,Booked,Credit Card,Phoenix Distribution Center,4599.0
SO100713,2023-02-15,C0001,Sonoran Cycles Online,DTC,Booked,Credit Card,Phoenix Distribution Center,3299.0
SO100714,2023-02-15,C0001,Sonoran Cycles Online,DTC,Booked,Credit Card,Phoenix Distribution Center,8498.0
SO100715,2023-02-16,C0019,Front Range Cyclery,Dealer,Booked,Net 30,Phoenix Distribution Center,25662.42
SO100716,2023-02-16,C0002,Desert Trail Bikes,Dealer,Booked,Net 45,Phoenix Distribution Center,37112.46
SO100717,2023-02-16,C0010,Evergreen Cyclery,Dealer,Booked,Net 45,Phoenix Distribution Center,40590.14
SO100718,2023-02-16,C0029,River Bend Bikes,Dealer,Booked,Net 30,Phoenix Distribution Center,39643.5
SO100719,2023-02-16,C0035,Adirondack Cycles,Dealer,Booked,Net 30,Phoenix Distribution Center,30544.15
SO100720,2023-02-16,C0010,Evergreen Cyclery,Dealer,Booked,Net 45,Phoenix Distribution Center,25862.78
SO100721,2023-02-16,C0006,Tucson Trail Works,Dealer,Booked,Net 30,Phoenix Distribution Center,19959.66
SO100722,2023-02-16,C0015,Sierra Cycle Works,Dealer,Booked,Net 30,Phoenix Distribution Center,34588.56
SO100723,2023-02-16,C0005,Mesa Mountain Bikes,Dealer,Booked,Net 30,Phoenix Distribution Center,9358.05
SO100724,2023-02-16,C0004,Sonoran Bike Co.,Dealer,Booked,Net 30,Phoenix Distribution Center,42400.56
SO100725,2023-02-16,C0031,Pisgah Bike Co.,Dealer,Booked,Net 45,Phoenix Distribution Center,29167.62
SO100726,2023-02-16,C0004,Sonoran Bike Co.,Dealer,Booked,Net 30,Phoenix Distribution Center,29507.04
SO100727,2023-02-16,C0033,Appalachian Bikes,Dealer,Booked,Net 30,Phoenix Distribution Center,25600.42
SO100728,2023-02-16,C0011,Cascade Bikes,Dealer,Booked,Net 30,Phoenix Distribution Center,21820.28
SO100729,2023-02-16,C0001,Sonoran Cycles Online,DTC,Booked,Credit Card,Phoenix Distribution Center,3299.0
SO100730,2023-02-16,C0001,Sonoran Cycles Online,DTC,Booked,Credit Card,Phoenix Distribution Center,4599.0
SO100731,2023-02-16,C0001,Sonoran Cycles Online,DTC,Booked,Credit Card,Phoenix Distribution Center,6199.0
SO100732,2023-02-16,C0001,Sonoran Cycles Online,DTC,Booked,Credit Card,Phoenix Distribution Center,6199.0
SO100733,2023-02-16,C0001,Sonoran Cycles Online,DTC,Booked,Credit Card,Phoenix Distribution Center,9198.0
SO100734,2023-02-16,C0001,Sonoran Cycles Online,DTC,Booked,Credit Card,Phoenix Distribution Center,3999.0
SO100735,2023-02-16,C0001,Sonoran Cycles Online,DTC,Booked,Credit Card,Phoenix Distribution Center,6199.0
SO100736,2023-02-17,C0030,Blue Ridge Cycles,Dealer,Booked,Net 30,Phoenix Distribution Center,38183.94
SO100737,2023-02-17,C0026,Great Lakes Cyclery,Dealer,Booked,Net 30,Phoenix Distribution Center,25475.45
SO100738,2023-02-17,C0024,Teton Cycling,Dealer,Booked,Net 30,Phoenix Distribution Center,38212.85
SO100739,2023-02-17,C0034,Green Mountain Bikes,Dealer,Booked,Net 30,Phoenix Distribution Center,41096.08
SO100740,2023-02-17,C0013,Pacific Trail Bikes,Dealer,Booked,Net 45,Phoenix Distribution Center,40998.46
SO100741,2023-02-17,C0021,Rocky Peak Cycles,Dealer,Booked,Net 30,Phoenix Distribution Center,30217.2
SO100742,2023-02-17,C0019,Front Range Cyclery,Dealer,Booked,Net 30,Phoenix Distribution Center,19215.66
SO100743,2023-02-17,C0005,Mesa Mountain Bikes,Dealer,Booked,Net 30,Phoenix Distribution Center,46269.6
SO100744,2023-02-17,C0001,Sonoran Cycles Online,DTC,Booked,Credit Card,Phoenix Distribution Center,6199.0
SO100745,2023-02-17,C0001,Sonoran Cycles Online,DTC,Booked,Credit Card,Phoenix Distribution Center,5199.0
SO100746,2023-02-17,C0001,Sonoran Cycles Online,DTC,Booked,Credit Card,Phoenix Distribution Center,10398.0
SO100747,2023-02-17,C0001,Sonoran Cycles Online,DTC,Booked,Credit Card,Phoenix Distribution Center,3999.0
SO100748,2023-02-17,C0001,Sonoran Cycles Online,DTC,Booked,Credit Card,Phoenix Distribution Center,6199.0
SO100749,2023-02-17,C0001,Sonoran Cycles Online,DTC,Booked,Credit Card,Phoenix Distribution Center,7298.0
SO100750,2023-02-17,C0001,Sonoran Cycles Online,DTC,Booked,Credit Card,Phoenix Distribution Center,4599.0
SO100751,2023-02-17,C0001,Sonoran Cycles Online,DTC,Booked,Credit Card,Phoenix Distribution Center,4599.0
SO100752,2023-02-18,C0002,Desert Trail Bikes,Dealer,Booked,Net 45,Phoenix Distribution Center,22847.94
SO100753,2023-02-18,C0004,Sonoran Bike Co.,Dealer,Booked,Net 30,Phoenix Distribution Center,13760.9
SO100754,2023-02-18,C0015,Sierra Cycle Works,Dealer,Booked,Net 30,Phoenix Distribution Center,32729.18
SO100755,2023-02-18,C0023,Bozeman Bike Works,Dealer,Booked,Net 30,Phoenix Distribution Center,24045.45
SO100756,2023-02-18,C0001,Sonoran Cycles Online,DTC,Booked,Credit Card,Phoenix Distribution Center,9198.0
SO100757,2023-02-18,C0001,Sonoran Cycles Online,DTC,Booked,Credit Card,Phoenix Distribution Center,4599.0
SO100758,2023-02-18,C0001,Sonoran Cycles Online,DTC,Booked,Credit Card,Phoenix Distribution Center,3299.0
SO100759,2023-02-18,C0001,Sonoran Cycles Online,DTC,Booked,Credit Card,Phoenix Distribution Center,4599.0
SO100760,2023-02-18,C0001,Sonoran Cycles Online,DTC,Booked,Credit Card,Phoenix Distribution Center,5199.0
SO100761,2023-02-18,C0001,Sonoran Cycles Online,DTC,Booked,Credit Card,Phoenix Distribution Center,5199.0
SO100762,2023-02-18,C0001,Sonoran Cycles Online,DTC,Booked,Credit Card,Phoenix Distribution Center,5199.0
SO100763,2023-02-18,C0001,Sonoran Cycles Online,DTC,Booked,Credit Card,Phoenix Distribution Center,3299.0
SO100764,2023-02-18,C0001,Sonoran Cycles Online,DTC,Booked,Credit Card,Phoenix Distribution Center,7499.0
SO100765,2023-02-18,C0001,Sonoran Cycles Online,DTC,Booked,Credit Card,Phoenix Distribution Center,9198.0
SO100766,2023-02-19,C0002,Desert Trail Bikes,Dealer,Booked,Net 45,Phoenix Distribution Center,36996.46
SO100767,2023-02-19,C0001,Sonoran Cycles Online,DTC,Booked,Credit Card,Phoenix Distribution Center,7499.0
SO100768,2023-02-19,C0001,Sonoran Cycles Online,DTC,Booked,Credit Card,Phoenix Distribution Center,5199.0
SO100769,2023-02-19,C0001,Sonoran Cycles Online,DTC,Booked,Credit Card,Phoenix Distribution Center,6199.0
SO100770,2023-02-19,C0001,Sonoran Cycles Online,DTC,Booked,Credit Card,Phoenix Distribution Center,3299.0
SO100771,2023-02-19,C0001,Sonoran Cycles Online,DTC,Booked,Credit Card,Phoenix Distribution Center,4599.0
SO100772,2023-02-19,C0001,Sonoran Cycles Online,DTC,Booked,Credit Card,Phoenix Distribution Center,7499.0
SO100773,2023-02-19,C0001,Sonoran Cycles Online,DTC,Booked,Credit Card,Phoenix Distribution Center,3299.0
SO100774,2023-02-19,C0001,Sonoran Cycles Online,DTC,Booked,Credit Card,Phoenix Distribution Center,6199.0
SO100775,2023-02-19,C0001,Sonoran Cycles Online,DTC,Booked,Credit Card,Phoenix Distribution Center,6199.0
SO100776,2023-02-20,C0015,Sierra Cycle Works,Dealer,Booked,Net 30,Phoenix Distribution Center,9546.14
SO100777,2023-02-20,C0036,Pine Tree Bicycles,Dealer,Booked,Net 30,Phoenix Distribution Center,21446.1
SO100778,2023-02-20,C0012,Rain City Cycles,Dealer,Booked,Net 30,Phoenix Distribution Center,26839.15
SO100779,2023-02-20,C0011,Cascade Bikes,Dealer,Booked,Net 30,Phoenix Distribution Center,36323.94
SO100780,2023-02-20,C0020,Alpine Ride Co.,Dealer,Booked,Net 30,Phoenix Distribution Center,15930.28
SO100781,2023-02-20,C0018,High Country Bikes,Dealer,Booked,Net 45,Phoenix Distribution Center,18324.52
SO100782,2023-02-20,C0027,Prairie Trail Bikes,Dealer,Booked,Net 30,Phoenix Distribution Center,35953.18
SO100783,2023-02-20,C0035,Adirondack Cycles,Dealer,Booked,Net 30,Phoenix Distribution Center,23914.8
SO100784,2023-02-20,C0034,Green Mountain Bikes,Dealer,Booked,Net 30,Phoenix Distribution Center,9049.52
SO100785,2023-02-20,C0002,Desert Trail Bikes,Dealer,Booked,Net 45,Phoenix Distribution Center,5682.84
SO100786,2023-02-20,C0013,Pacific Trail Bikes,Dealer,Booked,Net 45,Phoenix Distribution Center,35432.2
SO100787,2023-02-20,C0008,Sedona Ride Center,Dealer,Booked,Net 30,Phoenix Distribution Center,27896.28
SO100788,2023-02-20,C0001,Sonoran Cycles Online,DTC,Booked,Credit Card,Phoenix Distribution Center,4599.0
SO100789,2023-02-20,C0001,Sonoran Cycles Online,DTC,Booked,Credit Card,Phoenix Distribution Center,6199.0
SO100790,2023-02-20,C0001,Sonoran Cycles Online,DTC,Booked,Credit Card,Phoenix Distribution Center,3299.0
SO100791,2023-02-20,C0001,Sonoran Cycles Online,DTC,Booked,Credit Card,Phoenix Distribution Center,4599.0
SO100792,2023-02-20,C0001,Sonoran Cycles Online,DTC,Booked,Credit Card,Phoenix Distribution Center,3299.0
SO100793,2023-02-20,C0001,Sonoran Cycles Online,DTC,Booked,Credit Card,Phoenix Distribution Center,4599.0
SO100794,2023-02-20,C0001,Sonoran Cycles Online,DTC,Booked,Credit Card,Phoenix Distribution Center,4599.0
SO100795,2023-02-21,C0006,Tucson Trail Works,Dealer,Booked,Net 30,Phoenix Distribution Center,29134.42
SO100796,2023-02-21,C0015,Sierra Cycle Works,Dealer,Booked,Net 30,Phoenix Distribution Center,25911.04
SO100797,2023-02-21,C0027,Prairie Trail Bikes,Dealer,Booked,Net 30,Phoenix Distribution Center,43452.7
SO100798,2023-02-21,C0002,Desert Trail Bikes,Dealer,Booked,Net 45,Phoenix Distribution Center,25630.78
SO100799,2023-02-21,C0006,Tucson Trail Works,Dealer,Booked,Net 30,Phoenix Distribution Center,27584.42
SO100800,2023-02-21,C0004,Sonoran Bike Co.,Dealer,Booked,Net 30,Phoenix Distribution Center,28267.04
SO100801,2023-02-21,C0014,Redwood Ride Shop,Dealer,Booked,Net 30,Phoenix Distribution Center,11156.9
SO100802,2023-02-21,C0018,High Country Bikes,Dealer,Booked,Net 45,Phoenix Distribution Center,54626.14
SO100803,2023-02-21,C0018,High Country Bikes,Dealer,Booked,Net 45,Phoenix Distribution Center,25167.94
SO100804,2023-02-21,C0008,Sedona Ride Center,Dealer,Booked,Net 30,Phoenix Distribution Center,38620.42
SO100805,2023-02-21,C0018,High Country Bikes,Dealer,Booked,Net 45,Phoenix Distribution Center,45695.88
SO100806,2023-02-21,C0033,Appalachian Bikes,Dealer,Booked,Net 30,Phoenix Distribution Center,12521.52
SO100807,2023-02-21,C0029,River Bend Bikes,Dealer,Booked,Net 30,Phoenix Distribution Center,16896.75
SO100808,2023-02-21,C0030,Blue Ridge Cycles,Dealer,Booked,Net 30,Phoenix Distribution Center,20084.28
SO100809,2023-02-21,C0031,Pisgah Bike Co.,Dealer,Booked,Net 45,Phoenix Distribution Center,5682.84
SO100810,2023-02-21,C0001,Sonoran Cycles Online,DTC,Booked,Credit Card,Phoenix Distribution Center,7898.0
SO100811,2023-02-21,C0001,Sonoran Cycles Online,DTC,Booked,Credit Card,Phoenix Distribution Center,6998.0
SO100812,2023-02-21,C0001,Sonoran Cycles Online,DTC,Booked,Credit Card,Phoenix Distribution Center,5199.0
SO100813,2023-02-21,C0001,Sonoran Cycles Online,DTC,Booked,Credit Card,Phoenix Distribution Center,6199.0
SO100814,2023-02-21,C0001,Sonoran Cycles Online,DTC,Booked,Credit Card,Phoenix Distribution Center,4599.0
SO100815,2023-02-21,C0001,Sonoran Cycles Online,DTC,Booked,Credit Card,Phoenix Distribution Center,12398.0
SO100816,2023-02-21,C0001,Sonoran Cycles Online,DTC,Booked,Credit Card,Phoenix Distribution Center,4599.0
SO100817,2023-02-22,C0016,Coastal Gravel Co.,Dealer,Booked,Net 30,Phoenix Distribution Center,22743.5
SO100818,2023-02-22,C0005,Mesa Mountain Bikes,Dealer,Booked,Net 30,Phoenix Distribution Center,8577.4
SO100819,2023-02-22,C0007,Red Rock Cycles,Dealer,Booked,Net 30,Phoenix Distribution Center,25084.8
SO100820,2023-02-22,C0011,Cascade Bikes,Dealer,Booked,Net 30,Phoenix Distribution Center,34341.18
SO100821,2023-02-22,C0033,Appalachian Bikes,Dealer,Booked,Net 30,Phoenix Distribution Center,26903.66
SO100822,2023-02-22,C0008,Sedona Ride Center,Dealer,Booked,Net 30,Phoenix Distribution Center,17791.52
SO100823,2023-02-22,C0005,Mesa Mountain Bikes,Dealer,Booked,Net 30,Phoenix Distribution Center,22029.15
SO100824,2023-02-22,C0005,Mesa Mountain Bikes,Dealer,Booked,Net 30,Phoenix Distribution Center,26513.5
SO100825,2023-02-22,C0002,Desert Trail Bikes,Dealer,Booked,Net 45,Phoenix Distribution Center,33749.04
SO100826,2023-02-22,C0007,Red Rock Cycles,Dealer,Booked,Net 30,Phoenix Distribution Center,51210.9
SO100827,2023-02-22,C0016,Coastal Gravel Co.,Dealer,Booked,Net 30,Phoenix Distribution Center,18194.8
SO100828,2023-02-22,C0033,Appalachian Bikes,Dealer,Booked,Net 30,Phoenix Distribution Center,55416.22
SO100829,2023-02-22,C0015,Sierra Cycle Works,Dealer,Booked,Net 30,Phoenix Distribution Center,17541.66
SO100830,2023-02-22,C0003,Cactus Cycling,Dealer,Booked,Net 30,Phoenix Distribution Center,54303.32
SO100831,2023-02-22,C0001,Sonoran Cycles Online,DTC,Booked,Credit Card,Phoenix Distribution Center,6199.0
SO100832,2023-02-22,C0001,Sonoran Cycles Online,DTC,Booked,Credit Card,Phoenix Distribution Center,12398.0
SO100833,2023-02-22,C0001,Sonoran Cycles Online,DTC,Booked,Credit Card,Phoenix Distribution Center,6199.0
SO100834,2023-02-22,C0001,Sonoran Cycles Online,DTC,Booked,Credit Card,Phoenix Distribution Center,3299.0
SO100835,2023-02-22,C0001,Sonoran Cycles Online,DTC,Booked,Credit Card,Phoenix Distribution Center,5199.0
SO100836,2023-02-22,C0001,Sonoran Cycles Online,DTC,Booked,Credit Card,Phoenix Distribution Center,3299.0
SO100837,2023-02-23,C0004,Sonoran Bike Co.,Dealer,Booked,Net 30,Phoenix Distribution Center,37316.56
SO100838,2023-02-23,C0012,Rain City Cycles,Dealer,Booked,Net 30,Phoenix Distribution Center,15791.1
SO100839,2023-02-23,C0019,Front Range Cyclery,Dealer,Booked,Net 30,Phoenix Distribution Center,8926.14
SO100840,2023-02-23,C0010,Evergreen Cyclery,Dealer,Booked,Net 45,Phoenix Distribution Center,26441.04
SO100841,2023-02-23,C0033,Appalachian Bikes,Dealer,Booked,Net 30,Phoenix Distribution Center,19959.66
SO100842,2023-02-23,C0015,Sierra Cycle Works,Dealer,Booked,Net 30,Phoenix Distribution Center,18844.28
SO100843,2023-02-23,C0012,Rain City Cycles,Dealer,Booked,Net 30,Phoenix Distribution Center,18129.8
SO100844,2023-02-23,C0006,Tucson Trail Works,Dealer,Booked,Net 30,Phoenix Distribution Center,12893.52
SO100845,2023-02-23,C0030,Blue Ridge Cycles,Dealer,Booked,Net 30,Phoenix Distribution Center,36325.18
SO100846,2023-02-23,C0033,Appalachian Bikes,Dealer,Booked,Net 30,Phoenix Distribution Center,32233.8
SO100847,2023-02-23,C0012,Rain City Cycles,Dealer,Booked,Net 30,Phoenix Distribution Center,28205.45
SO100848,2023-02-23,C0008,Sedona Ride Center,Dealer,Booked,Net 30,Phoenix Distribution Center,46741.18
SO100849,2023-02-23,C0006,Tucson Trail Works,Dealer,Booked,Net 30,Phoenix Distribution Center,35209.18
SO100850,2023-02-23,C0015,Sierra Cycle Works,Dealer,Booked,Net 30,Phoenix Distribution Center,16302.28
SO100851,2023-02-23,C0001,Sonoran Cycles Online,DTC,Booked,Credit Card,Phoenix Distribution Center,3499.0
SO100852,2023-02-23,C0001,Sonoran Cycles Online,DTC,Booked,Credit Card,Phoenix Distribution Center,9798.0
SO100853,2023-02-23,C0001,Sonoran Cycles Online,DTC,Booked,Credit Card,Phoenix Distribution Center,7998.0
SO100854,2023-02-23,C0001,Sonoran Cycles Online,DTC,Booked,Credit Card,Phoenix Distribution Center,4599.0
SO100855,2023-02-23,C0001,Sonoran Cycles Online,DTC,Booked,Credit Card,Phoenix Distribution Center,3499.0
SO100856,2023-02-23,C0001,Sonoran Cycles Online,DTC,Booked,Credit Card,Phoenix Distribution Center,8498.0
SO100857,2023-02-23,C0001,Sonoran Cycles Online,DTC,Booked,Credit Card,Phoenix Distribution Center,9198.0
SO100858,2023-02-24,C0015,Sierra Cycle Works,Dealer,Booked,Net 30,Phoenix Distribution Center,7066.76
SO100859,2023-02-24,C0013,Pacific Trail Bikes,Dealer,Booked,Net 45,Phoenix Distribution Center,11366.26
SO100860,2023-02-24,C0031,Pisgah Bike Co.,Dealer,Booked,Net 45,Phoenix Distribution Center,30038.78
SO100861,2023-02-24,C0025,Lakeshore Bikes,Dealer,Booked,Net 30,Phoenix Distribution Center,30061.94
SO100862,2023-02-24,C0027,Prairie Trail Bikes,Dealer,Booked,Net 30,Phoenix Distribution Center,32977.8
SO100863,2023-02-24,C0014,Redwood Ride Shop,Dealer,Booked,Net 30,Phoenix Distribution Center,19959.04
SO100864,2023-02-24,C0003,Cactus Cycling,Dealer,Booked,Net 30,Phoenix Distribution Center,13946.9
SO100865,2023-02-24,C0013,Pacific Trail Bikes,Dealer,Booked,Net 45,Phoenix Distribution Center,15889.68
SO100866,2023-02-24,C0018,High Country Bikes,Dealer,Booked,Net 45,Phoenix Distribution Center,22267.94
SO100867,2023-02-24,C0011,Cascade Bikes,Dealer,Booked,Net 30,Phoenix Distribution Center,41655.32
SO100868,2023-02-24,C0011,Cascade Bikes,Dealer,Booked,Net 30,Phoenix Distribution Center,36076.56
SO100869,2023-02-24,C0001,Sonoran Cycles Online,DTC,Booked,Credit Card,Phoenix Distribution Center,3999.0
SO100870,2023-02-24,C0001,Sonoran Cycles Online,DTC,Booked,Credit Card,Phoenix Distribution Center,4599.0
SO100871,2023-02-24,C0001,Sonoran Cycles Online,DTC,Booked,Credit Card,Phoenix Distribution Center,3299.0
SO100872,2023-02-24,C0001,Sonoran Cycles Online,DTC,Booked,Credit Card,Phoenix Distribution Center,7499.0
SO100873,2023-02-24,C0001,Sonoran Cycles Online,DTC,Booked,Credit Card,Phoenix Distribution Center,4599.0
SO100874,2023-02-24,C0001,Sonoran Cycles Online,DTC,Booked,Credit Card,Phoenix Distribution Center,3499.0
SO100875,2023-02-24,C0001,Sonoran Cycles Online,DTC,Booked,Credit Card,Phoenix Distribution Center,4599.0
SO100876,2023-02-25,C0008,Sedona Ride Center,Dealer,Booked,Net 30,Phoenix Distribution Center,24300.28
SO100877,2023-02-25,C0036,Pine Tree Bicycles,Dealer,Booked,Net 30,Phoenix Distribution Center,19236.1
SO100878,2023-02-25,C0033,Appalachian Bikes,Dealer,Booked,Net 30,Phoenix Distribution Center,25911.04
SO100879,2023-02-25,C0004,Sonoran Bike Co.,Dealer,Booked,Net 30,Phoenix Distribution Center,41841.94
SO100880,2023-02-25,C0001,Sonoran Cycles Online,DTC,Booked,Credit Card,Phoenix Distribution Center,9198.0
SO100881,2023-02-25,C0001,Sonoran Cycles Online,DTC,Booked,Credit Card,Phoenix Distribution Center,7499.0
SO100882,2023-02-25,C0001,Sonoran Cycles Online,DTC,Booked,Credit Card,Phoenix Distribution Center,5199.0
SO100883,2023-02-25,C0001,Sonoran Cycles Online,DTC,Booked,Credit Card,Phoenix Distribution Center,4599.0
SO100884,2023-02-25,C0001,Sonoran Cycles Online,DTC,Booked,Credit Card,Phoenix Distribution Center,5199.0
SO100885,2023-02-25,C0001,Sonoran Cycles Online,DTC,Booked,Credit Card,Phoenix Distribution Center,4599.0
SO100886,2023-02-25,C0001,Sonoran Cycles Online,DTC,Booked,Credit Card,Phoenix Distribution Center,5199.0
SO100887,2023-02-25,C0001,Sonoran Cycles Online,DTC,Booked,Credit Card,Phoenix Distribution Center,4599.0
SO100888,2023-02-25,C0001,Sonoran Cycles Online,DTC,Booked,Credit Card,Phoenix Distribution Center,4599.0
SO100889,2023-02-26,C0003,Cactus Cycling,Dealer,Booked,Net 30,Phoenix Distribution Center,37688.56
SO100890,2023-02-26,C0001,Sonoran Cycles Online,DTC,Booked,Credit Card,Phoenix Distribution Center,3299.0
SO100891,2023-02-26,C0001,Sonoran Cycles Online,DTC,Booked,Credit Card,Phoenix Distribution Center,14998.0
SO100892,2023-02-26,C0001,Sonoran Cycles Online,DTC,Booked,Credit Card,Phoenix Distribution Center,7499.0
SO100893,2023-02-26,C0001,Sonoran Cycles Online,DTC,Booked,Credit Card,Phoenix Distribution Center,5199.0
SO100894,2023-02-26,C0001,Sonoran Cycles Online,DTC,Booked,Credit Card,Phoenix Distribution Center,5199.0
SO100895,2023-02-26,C0001,Sonoran Cycles Online,DTC,Booked,Credit Card,Phoenix Distribution Center,4599.0
SO100896,2023-02-26,C0001,Sonoran Cycles Online,DTC,Booked,Credit Card,Phoenix Distribution Center,5199.0
SO100897,2023-02-26,C0001,Sonoran Cycles Online,DTC,Booked,Credit Card,Phoenix Distribution Center,3299.0
SO100898,2023-02-26,C0001,Sonoran Cycles Online,DTC,Booked,Credit Card,Phoenix Distribution Center,12398.0
SO100899,2023-02-27,C0004,Sonoran Bike Co.,Dealer,Booked,Net 30,Phoenix Distribution Center,31490.42
SO100900,2023-02-27,C0013,Pacific Trail Bikes,Dealer,Booked,Net 45,Phoenix Distribution Center,7364.84
SO100901,2023-02-27,C0034,Green Mountain Bikes,Dealer,Booked,Net 30,Phoenix Distribution Center,16363.04
SO100902,2023-02-27,C0002,Desert Trail Bikes,Dealer,Booked,Net 45,Phoenix Distribution Center,20353.36
SO100903,2023-02-27,C0006,Tucson Trail Works,Dealer,Booked,Net 30,Phoenix Distribution Center,11405.52
SO100904,2023-02-27,C0031,Pisgah Bike Co.,Dealer,Booked,Net 45,Phoenix Distribution Center,46159.3
SO100905,2023-02-27,C0008,Sedona Ride Center,Dealer,Booked,Net 30,Phoenix Distribution Center,41594.56
SO100906,2023-02-27,C0018,High Country Bikes,Dealer,Booked,Net 45,Phoenix Distribution Center,24239.94
SO100907,2023-02-27,C0015,Sierra Cycle Works,Dealer,Booked,Net 30,Phoenix Distribution Center,27151.04
SO100908,2023-02-27,C0002,Desert Trail Bikes,Dealer,Booked,Net 45,Phoenix Distribution Center,30327.62
SO100909,2023-02-27,C0008,Sedona Ride Center,Dealer,Booked,Net 30,Phoenix Distribution Center,38309.18
SO100910,2023-02-27,C0007,Red Rock Cycles,Dealer,Booked,Net 30,Phoenix Distribution Center,38992.85
SO100911,2023-02-27,C0019,Front Range Cyclery,Dealer,Booked,Net 30,Phoenix Distribution Center,16736.28
SO100912,2023-02-27,C0001,Sonoran Cycles Online,DTC,Booked,Credit Card,Phoenix Distribution Center,3299.0
SO100913,2023-02-27,C0001,Sonoran Cycles Online,DTC,Booked,Credit Card,Phoenix Distribution Center,6199.0
SO100914,2023-02-27,C0001,Sonoran Cycles Online,DTC,Booked,Credit Card,Phoenix Distribution Center,4599.0
SO100915,2023-02-27,C0001,Sonoran Cycles Online,DTC,Booked,Credit Card,Phoenix Distribution Center,4599.0
SO100916,2023-02-27,C0001,Sonoran Cycles Online,DTC,Booked,Credit Card,Phoenix Distribution Center,4599.0
SO100917,2023-02-27,C0001,Sonoran Cycles Online,DTC,Booked,Credit Card,Phoenix Distribution Center,3299.0
SO100918,2023-02-28,C0004,Sonoran Bike Co.,Dealer,Booked,Net 30,Phoenix Distribution Center,34217.8
SO100919,2023-02-28,C0024,Teton Cycling,Dealer,Booked,Net 30,Phoenix Distribution Center,34182.85
SO100920,2023-02-28,C0030,Blue Ridge Cycles,Dealer,Booked,Net 30,Phoenix Distribution Center,18844.28
SO100921,2023-02-28,C0031,Pisgah Bike Co.,Dealer,Booked,Net 45,Phoenix Distribution Center,49986.72
SO100922,2023-02-28,C0019,Front Range Cyclery,Dealer,Booked,Net 30,Phoenix Distribution Center,14938.9
SO100923,2023-02-28,C0016,Coastal Gravel Co.,Dealer,Booked,Net 30,Phoenix Distribution Center,23133.5
SO100924,2023-02-28,C0034,Green Mountain Bikes,Dealer,Booked,Net 30,Phoenix Distribution Center,22067.04
SO100925,2023-02-28,C0005,Mesa Mountain Bikes,Dealer,Booked,Net 30,Phoenix Distribution Center,24174.15
SO100926,2023-02-28,C0031,Pisgah Bike Co.,Dealer,Booked,Net 45,Phoenix Distribution Center,32937.62
SO100927,2023-02-28,C0008,Sedona Ride Center,Dealer,Booked,Net 30,Phoenix Distribution Center,44323.18
SO100928,2023-02-28,C0015,Sierra Cycle Works,Dealer,Booked,Net 30,Phoenix Distribution Center,17108.28
SO100929,2023-02-28,C0018,High Country Bikes,Dealer,Booked,Net 45,Phoenix Distribution Center,60888.4
SO100930,2023-02-28,C0036,Pine Tree Bicycles,Dealer,Booked,Net 30,Phoenix Distribution Center,18326.1
SO100931,2023-02-28,C0025,Lakeshore Bikes,Dealer,Booked,Net 30,Phoenix Distribution Center,27582.56
SO100932,2023-02-28,C0013,Pacific Trail Bikes,Dealer,Booked,Net 45,Phoenix Distribution Center,9626.26
SO100933,2023-02-28,C0001,Sonoran Cycles Online,DTC,Booked,Credit Card,Phoenix Distribution Center,3299.0
SO100934,2023-02-28,C0001,Sonoran Cycles Online,DTC,Booked,Credit Card,Phoenix Distribution Center,4599.0
SO100935,2023-02-28,C0001,Sonoran Cycles Online,DTC,Booked,Credit Card,Phoenix Distribution Center,7499.0
SO100936,2023-02-28,C0001,Sonoran Cycles Online,DTC,Booked,Credit Card,Phoenix Distribution Center,5199.0
SO100937,2023-02-28,C0001,Sonoran Cycles Online,DTC,Booked,Credit Card,Phoenix Distribution Center,4599.0
SO100938,2023-03-01,C0016,Coastal Gravel Co.,Dealer,Booked,Net 30,Phoenix Distribution Center,44708.3
SO100939,2023-03-01,C0035,Adirondack Cycles,Dealer,Booked,Net 30,Phoenix Distribution Center,35937.85
SO100940,2023-03-01,C0032,Southern Singletrack,Dealer,Booked,Net 30,Phoenix Distribution Center,27943.5
SO100941,2023-03-01,C0033,Appalachian Bikes,Dealer,Booked,Net 30,Phoenix Distribution Center,34092.56
SO100942,2023-03-01,C0005,Mesa Mountain Bikes,Dealer,Booked,Net 30,Phoenix Distribution Center,10722.4
SO100943,2023-03-01,C0035,Adirondack Cycles,Dealer,Booked,Net 30,Phoenix Distribution Center,26254.8
SO100944,2023-03-01,C0012,Rain City Cycles,Dealer,Booked,Net 30,Phoenix Distribution Center,25732.85
SO100945,2023-03-01,C0034,Green Mountain Bikes,Dealer,Booked,Net 30,Phoenix Distribution Center,44628.22
SO100946,2023-03-01,C0010,Evergreen Cyclery,Dealer,Booked,Net 45,Phoenix Distribution Center,19077.36
SO100947,2023-03-01,C0006,Tucson Trail Works,Dealer,Booked,Net 30,Phoenix Distribution Center,35829.8
SO100948,2023-03-01,C0010,Evergreen Cyclery,Dealer,Booked,Net 45,Phoenix Distribution Center,18032.78
SO100949,2023-03-01,C0031,Pisgah Bike Co.,Dealer,Booked,Net 45,Phoenix Distribution Center,27197.36
SO100950,2023-03-01,C0033,Appalachian Bikes,Dealer,Booked,Net 30,Phoenix Distribution Center,38928.56
SO100951,2023-03-01,C0020,Alpine Ride Co.,Dealer,Booked,Net 30,Phoenix Distribution Center,9421.52
SO100952,2023-03-01,C0006,Tucson Trail Works,Dealer,Booked,Net 30,Phoenix Distribution Center,20331.04
SO100953,2023-03-01,C0022,Wasatch Wheel Works,Dealer,Booked,Net 30,Phoenix Distribution Center,26034.42
SO100954,2023-03-01,C0025,Lakeshore Bikes,Dealer,Booked,Net 30,Phoenix Distribution Center,18099.66
SO100955,2023-03-01,C0017,Bay Mountain Bikes,Dealer,Booked,Net 30,Phoenix Distribution Center,16736.9
SO100956,2023-03-01,C0020,Alpine Ride Co.,Dealer,Booked,Net 30,Phoenix Distribution Center,15619.66
SO100957,2023-03-01,C0028,Windy City Cycles,Dealer,Booked,Net 30,Phoenix Distribution Center,38470.9
SO100958,2023-03-01,C0006,Tucson Trail Works,Dealer,Booked,Net 30,Phoenix Distribution Center,51573.46
SO100959,2023-03-01,C0010,Evergreen Cyclery,Dealer,Booked,Net 45,Phoenix Distribution Center,26557.04
SO100960,2023-03-01,C0001,Sonoran Cycles Online,DTC,Booked,Credit Card,Phoenix Distribution Center,6199.0
SO100961,2023-03-01,C0001,Sonoran Cycles Online,DTC,Booked,Credit Card,Phoenix Distribution Center,3299.0
SO100962,2023-03-01,C0001,Sonoran Cycles Online,DTC,Booked,Credit Card,Phoenix Distribution Center,3999.0
SO100963,2023-03-01,C0001,Sonoran Cycles Online,DTC,Booked,Credit Card,Phoenix Distribution Center,5199.0
SO100964,2023-03-01,C0001,Sonoran Cycles Online,DTC,Booked,Credit Card,Phoenix Distribution Center,4599.0
SO100965,2023-03-01,C0001,Sonoran Cycles Online,DTC,Booked,Credit Card,Phoenix Distribution Center,4599.0
SO100966,2023-03-01,C0001,Sonoran Cycles Online,DTC,Booked,Credit Card,Phoenix Distribution Center,6199.0
SO100967,2023-03-01,C0001,Sonoran Cycles Online,DTC,Booked,Credit Card,Phoenix Distribution Center,3499.0
SO100968,2023-03-02,C0036,Pine Tree Bicycles,Dealer,Booked,Net 30,Phoenix Distribution Center,24435.45
SO100969,2023-03-02,C0008,Sedona Ride Center,Dealer,Booked,Net 30,Phoenix Distribution Center,44075.18
SO100970,2023-03-02,C0021,Rocky Peak Cycles,Dealer,Booked,Net 30,Phoenix Distribution Center,23524.15
SO100971,2023-03-02,C0033,Appalachian Bikes,Dealer,Booked,Net 30,Phoenix Distribution Center,24671.04
SO100972,2023-03-02,C0013,Pacific Trail Bikes,Dealer,Booked,Net 45,Phoenix Distribution Center,46971.88
SO100973,2023-03-02,C0009,Las Cruces Cycling,Dealer,Booked,Net 30,Phoenix Distribution Center,26839.8
SO100974,2023-03-02,C0018,High Country Bikes,Dealer,Booked,Net 45,Phoenix Distribution Center,37229.62
SO100975,2023-03-02,C0005,Mesa Mountain Bikes,Dealer,Booked,Net 30,Phoenix Distribution Center,26317.85
SO100976,2023-03-02,C0011,Cascade Bikes,Dealer,Booked,Net 30,Phoenix Distribution Center,24299.04
SO100977,2023-03-02,C0006,Tucson Trail Works,Dealer,Booked,Net 30,Phoenix Distribution Center,42522.08
SO100978,2023-03-02,C0014,Redwood Ride Shop,Dealer,Booked,Net 30,Phoenix Distribution Center,16178.9
SO100979,2023-03-02,C0014,Redwood Ride Shop,Dealer,Booked,Net 30,Phoenix Distribution Center,26530.42
SO100980,2023-03-02,C0024,Teton Cycling,Dealer,Booked,Net 30,Phoenix Distribution Center,8448.05
SO100981,2023-03-02,C0030,Blue Ridge Cycles,Dealer,Booked,Net 30,Phoenix Distribution Center,13141.52
SO100982,2023-03-02,C0002,Desert Trail Bikes,Dealer,Booked,Net 45,Phoenix Distribution Center,15598.52
SO100983,2023-03-02,C0027,Prairie Trail Bikes,Dealer,Booked,Net 30,Phoenix Distribution Center,30249.8
SO100984,2023-03-02,C0022,Wasatch Wheel Works,Dealer,Booked,Net 30,Phoenix Distribution Center,58268.22
SO100985,2023-03-02,C0020,Alpine Ride Co.,Dealer,Booked,Net 30,Phoenix Distribution Center,22623.8
SO100986,2023-03-02,C0011,Cascade Bikes,Dealer,Booked,Net 30,Phoenix Distribution Center,27027.04
SO100987,2023-03-02,C0001,Sonoran Cycles Online,DTC,Booked,Credit Card,Phoenix Distribution Center,3999.0
SO100988,2023-03-02,C0001,Sonoran Cycles Online,DTC,Booked,Credit Card,Phoenix Distribution Center,4599.0
SO100989,2023-03-02,C0001,Sonoran Cycles Online,DTC,Booked,Credit Card,Phoenix Distribution Center,4599.0
SO100990,2023-03-02,C0001,Sonoran Cycles Online,DTC,Booked,Credit Card,Phoenix Distribution Center,6199.0
SO100991,2023-03-02,C0001,Sonoran Cycles Online,DTC,Booked,Credit Card,Phoenix Distribution Center,6199.0
SO100992,2023-03-02,C0001,Sonoran Cycles Online,DTC,Booked,Credit Card,Phoenix Distribution Center,4599.0
SO100993,2023-03-02,C0001,Sonoran Cycles Online,DTC,Booked,Credit Card,Phoenix Distribution Center,5199.0
SO100994,2023-03-02,C0001,Sonoran Cycles Online,DTC,Booked,Credit Card,Phoenix Distribution Center,3499.0
SO100995,2023-03-02,C0001,Sonoran Cycles Online,DTC,Booked,Credit Card,Phoenix Distribution Center,3299.0
SO100996,2023-03-02,C0001,Sonoran Cycles Online,DTC,Booked,Credit Card,Phoenix Distribution Center,4599.0
SO100997,2023-03-03,C0014,Redwood Ride Shop,Dealer,Booked,Net 30,Phoenix Distribution Center,17294.28
SO100998,2023-03-03,C0025,Lakeshore Bikes,Dealer,Booked,Net 30,Phoenix Distribution Center,10289.52
SO100999,2023-03-03,C0022,Wasatch Wheel Works,Dealer,Booked,Net 30,Phoenix Distribution Center,19959.66
SO101000,2023-03-03,C0005,Mesa Mountain Bikes,Dealer,Booked,Net 30,Phoenix Distribution Center,30606.55
SO101001,2023-03-03,C0031,Pisgah Bike Co.,Dealer,Booked,Net 45,Phoenix Distribution Center,6610.84
SO101002,2023-03-03,C0016,Coastal Gravel Co.,Dealer,Booked,Net 30,Phoenix Distribution Center,45553.95
SO101003,2023-03-03,C0008,Sedona Ride Center,Dealer,Booked,Net 30,Phoenix Distribution Center,31366.42
SO101004,2023-03-03,C0018,High Country Bikes,Dealer,Booked,Net 45,Phoenix Distribution Center,44420.46
SO101005,2023-03-03,C0031,Pisgah Bike Co.,Dealer,Booked,Net 45,Phoenix Distribution Center,28819.62
SO101006,2023-03-03,C0026,Great Lakes Cyclery,Dealer,Booked,Net 30,Phoenix Distribution Center,7863.7
SO101007,2023-03-03,C0017,Bay Mountain Bikes,Dealer,Booked,Net 30,Phoenix Distribution Center,21820.28
SO101008,2023-03-03,C0021,Rocky Peak Cycles,Dealer,Booked,Net 30,Phoenix Distribution Center,32233.5
SO101009,2023-03-03,C0017,Bay Mountain Bikes,Dealer,Booked,Net 30,Phoenix Distribution Center,50087.32
SO101010,2023-03-03,C0027,Prairie Trail Bikes,Dealer,Booked,Net 30,Phoenix Distribution Center,13389.52
SO101011,2023-03-03,C0028,Windy City Cycles,Dealer,Booked,Net 30,Phoenix Distribution Center,32233.5
SO101012,2023-03-03,C0011,Cascade Bikes,Dealer,Booked,Net 30,Phoenix Distribution Center,25911.04
SO101013,2023-03-03,C0020,Alpine Ride Co.,Dealer,Booked,Net 30,Phoenix Distribution Center,47108.84
SO101014,2023-03-03,C0001,Sonoran Cycles Online,DTC,Booked,Credit Card,Phoenix Distribution Center,6199.0
SO101015,2023-03-03,C0001,Sonoran Cycles Online,DTC,Booked,Credit Card,Phoenix Distribution Center,3999.0
SO101016,2023-03-03,C0001,Sonoran Cycles Online,DTC,Booked,Credit Card,Phoenix Distribution Center,4599.0
SO101017,2023-03-03,C0001,Sonoran Cycles Online,DTC,Booked,Credit Card,Phoenix Distribution Center,4599.0
SO101018,2023-03-03,C0001,Sonoran Cycles Online,DTC,Booked,Credit Card,Phoenix Distribution Center,5199.0
SO101019,2023-03-03,C0001,Sonoran Cycles Online,DTC,Booked,Credit Card,Phoenix Distribution Center,4599.0
SO101020,2023-03-03,C0001,Sonoran Cycles Online,DTC,Booked,Credit Card,Phoenix Distribution Center,4599.0
SO101021,2023-03-03,C0001,Sonoran Cycles Online,DTC,Booked,Credit Card,Phoenix Distribution Center,3299.0
SO101022,2023-03-03,C0001,Sonoran Cycles Online,DTC,Booked,Credit Card,Phoenix Distribution Center,3299.0
SO101023,2023-03-03,C0001,Sonoran Cycles Online,DTC,Booked,Credit Card,Phoenix Distribution Center,4599.0
SO101024,2023-03-03,C0001,Sonoran Cycles Online,DTC,Booked,Credit Card,Phoenix Distribution Center,5199.0
SO101025,2023-03-04,C0020,Alpine Ride Co.,Dealer,Booked,Net 30,Phoenix Distribution Center,24607.18
SO101026,2023-03-04,C0029,River Bend Bikes,Dealer,Booked,Net 30,Phoenix Distribution Center,23526.1
SO101027,2023-03-04,C0005,Mesa Mountain Bikes,Dealer,Booked,Net 30,Phoenix Distribution Center,28853.5
SO101028,2023-03-04,C0011,Cascade Bikes,Dealer,Booked,Net 30,Phoenix Distribution Center,37006.56
SO101029,2023-03-04,C0020,Alpine Ride Co.,Dealer,Booked,Net 30,Phoenix Distribution Center,14318.28
SO101030,2023-03-04,C0001,Sonoran Cycles Online,DTC,Booked,Credit Card,Phoenix Distribution Center,6199.0
SO101031,2023-03-04,C0001,Sonoran Cycles Online,DTC,Booked,Credit Card,Phoenix Distribution Center,7499.0
SO101032,2023-03-04,C0001,Sonoran Cycles Online,DTC,Booked,Credit Card,Phoenix Distribution Center,7499.0
SO101033,2023-03-04,C0001,Sonoran Cycles Online,DTC,Booked,Credit Card,Phoenix Distribution Center,7499.0
SO101034,2023-03-04,C0001,Sonoran Cycles Online,DTC,Booked,Credit Card,Phoenix Distribution Center,5199.0
SO101035,2023-03-04,C0001,Sonoran Cycles Online,DTC,Booked,Credit Card,Phoenix Distribution Center,3299.0
SO101036,2023-03-04,C0001,Sonoran Cycles Online,DTC,Booked,Credit Card,Phoenix Distribution Center,12597.0
SO101037,2023-03-04,C0001,Sonoran Cycles Online,DTC,Booked,Credit Card,Phoenix Distribution Center,10398.0
SO101038,2023-03-04,C0001,Sonoran Cycles Online,DTC,Booked,Credit Card,Phoenix Distribution Center,3499.0
SO101039,2023-03-04,C0001,Sonoran Cycles Online,DTC,Booked,Credit Card,Phoenix Distribution Center,3999.0
SO101040,2023-03-04,C0001,Sonoran Cycles Online,DTC,Booked,Credit Card,Phoenix Distribution Center,3999.0
SO101041,2023-03-05,C0025,Lakeshore Bikes,Dealer,Booked,Net 30,Phoenix Distribution Center,4958.76
SO101042,2023-03-05,C0021,Rocky Peak Cycles,Dealer,Booked,Net 30,Phoenix Distribution Center,7928.05
SO101043,2023-03-05,C0001,Sonoran Cycles Online,DTC,Booked,Credit Card,Phoenix Distribution Center,7499.0
SO101044,2023-03-05,C0001,Sonoran Cycles Online,DTC,Booked,Credit Card,Phoenix Distribution Center,4599.0
SO101045,2023-03-05,C0001,Sonoran Cycles Online,DTC,Booked,Credit Card,Phoenix Distribution Center,3499.0
SO101046,2023-03-05,C0001,Sonoran Cycles Online,DTC,Booked,Credit Card,Phoenix Distribution Center,3299.0
SO101047,2023-03-05,C0001,Sonoran Cycles Online,DTC,Booked,Credit Card,Phoenix Distribution Center,7499.0
SO101048,2023-03-05,C0001,Sonoran Cycles Online,DTC,Booked,Credit Card,Phoenix Distribution Center,6199.0
SO101049,2023-03-05,C0001,Sonoran Cycles Online,DTC,Booked,Credit Card,Phoenix Distribution Center,4599.0
SO101050,2023-03-05,C0001,Sonoran Cycles Online,DTC,Booked,Credit Card,Phoenix Distribution Center,5199.0
SO101051,2023-03-05,C0001,Sonoran Cycles Online,DTC,Booked,Credit Card,Phoenix Distribution Center,4599.0
SO101052,2023-03-05,C0001,Sonoran Cycles Online,DTC,Booked,Credit Card,Phoenix Distribution Center,4599.0
SO101053,2023-03-05,C0001,Sonoran Cycles Online,DTC,Booked,Credit Card,Phoenix Distribution Center,3999.0
SO101054,2023-03-05,C0001,Sonoran Cycles Online,DTC,Booked,Credit Card,Phoenix Distribution Center,3999.0
SO101055,2023-03-05,C0001,Sonoran Cycles Online,DTC,Booked,Credit Card,Phoenix Distribution Center,3299.0
SO101056,2023-03-06,C0027,Prairie Trail Bikes,Dealer,Booked,Net 30,Phoenix Distribution Center,32109.18
SO101057,2023-03-06,C0017,Bay Mountain Bikes,Dealer,Booked,Net 30,Phoenix Distribution Center,19092.28
SO101058,2023-03-06,C0003,Cactus Cycling,Dealer,Booked,Net 30,Phoenix Distribution Center,8492.14
SO101059,2023-03-06,C0031,Pisgah Bike Co.,Dealer,Booked,Net 45,Phoenix Distribution Center,33054.2
SO101060,2023-03-06,C0002,Desert Trail Bikes,Dealer,Booked,Net 45,Phoenix Distribution Center,16004.52
SO101061,2023-03-06,C0011,Cascade Bikes,Dealer,Booked,Net 30,Phoenix Distribution Center,15000.9
SO101062,2023-03-06,C0034,Green Mountain Bikes,Dealer,Booked,Net 30,Phoenix Distribution Center,22189.8
SO101063,2023-03-06,C0020,Alpine Ride Co.,Dealer,Booked,Net 30,Phoenix Distribution Center,4090.76
SO101064,2023-03-06,C0034,Green Mountain Bikes,Dealer,Booked,Net 30,Phoenix Distribution Center,29937.94
SO101065,2023-03-06,C0022,Wasatch Wheel Works,Dealer,Booked,Net 30,Phoenix Distribution Center,58887.6
SO101066,2023-03-06,C0024,Teton Cycling,Dealer,Booked,Net 30,Phoenix Distribution Center,14231.1
SO101067,2023-03-06,C0027,Prairie Trail Bikes,Dealer,Booked,Net 30,Phoenix Distribution Center,34465.18
SO101068,2023-03-06,C0026,Great Lakes Cyclery,Dealer,Booked,Net 30,Phoenix Distribution Center,10788.05
SO101069,2023-03-06,C0026,Great Lakes Cyclery,Dealer,Booked,Net 30,Phoenix Distribution Center,20664.15
SO101070,2023-03-06,C0027,Prairie Trail Bikes,Dealer,Booked,Net 30,Phoenix Distribution Center,21076.28
SO101071,2023-03-06,C0005,Mesa Mountain Bikes,Dealer,Booked,Net 30,Phoenix Distribution Center,32946.55
SO101072,2023-03-06,C0013,Pacific Trail Bikes,Dealer,Booked,Net 45,Phoenix Distribution Center,53525.3
SO101073,2023-03-06,C0008,Sedona Ride Center,Dealer,Booked,Net 30,Phoenix Distribution Center,32545.66
SO101074,2023-03-06,C0013,Pacific Trail Bikes,Dealer,Booked,Net 45,Phoenix Distribution Center,8176.26
SO101075,2023-03-06,C0022,Wasatch Wheel Works,Dealer,Booked,Net 30,Phoenix Distribution Center,9298.14
SO101076,2023-03-06,C0007,Red Rock Cycles,Dealer,Booked,Net 30,Phoenix Distribution Center,43152.2
SO101077,2023-03-06,C0034,Green Mountain Bikes,Dealer,Booked,Net 30,Phoenix Distribution Center,25846.56
SO101078,2023-03-06,C0001,Sonoran Cycles Online,DTC,Booked,Credit Card,Phoenix Distribution Center,4599.0
SO101079,2023-03-06,C0001,Sonoran Cycles Online,DTC,Booked,Credit Card,Phoenix Distribution Center,3299.0
SO101080,2023-03-06,C0001,Sonoran Cycles Online,DTC,Booked,Credit Card,Phoenix Distribution Center,3299.0
SO101081,2023-03-06,C0001,Sonoran Cycles Online,DTC,Booked,Credit Card,Phoenix Distribution Center,4599.0
SO101082,2023-03-06,C0001,Sonoran Cycles Online,DTC,Booked,Credit Card,Phoenix Distribution Center,3299.0
SO101083,2023-03-06,C0001,Sonoran Cycles Online,DTC,Booked,Credit Card,Phoenix Distribution Center,6199.0
SO101084,2023-03-06,C0001,Sonoran Cycles Online,DTC,Booked,Credit Card,Phoenix Distribution Center,9198.0
SO101085,2023-03-06,C0001,Sonoran Cycles Online,DTC,Booked,Credit Card,Phoenix Distribution Center,4599.0
SO101086,2023-03-07,C0011,Cascade Bikes,Dealer,Booked,Net 30,Phoenix Distribution Center,44135.32
SO101087,2023-03-07,C0027,Prairie Trail Bikes,Dealer,Booked,Net 30,Phoenix Distribution Center,38927.94
SO101088,2023-03-07,C0027,Prairie Trail Bikes,Dealer,Booked,Net 30,Phoenix Distribution Center,9546.14
SO101089,2023-03-07,C0010,Evergreen Cyclery,Dealer,Booked,Net 45,Phoenix Distribution Center,22265.62
SO101090,2023-03-07,C0005,Mesa Mountain Bikes,Dealer,Booked,Net 30,Phoenix Distribution Center,24044.15
SO101091,2023-03-07,C0014,Redwood Ride Shop,Dealer,Booked,Net 30,Phoenix Distribution Center,27213.04
SO101092,2023-03-07,C0013,Pacific Trail Bikes,Dealer,Booked,Net 45,Phoenix Distribution Center,47088.46
SO101093,2023-03-07,C0015,Sierra Cycle Works,Dealer,Booked,Net 30,Phoenix Distribution Center,20084.28
SO101094,2023-03-07,C0034,Green Mountain Bikes,Dealer,Booked,Net 30,Phoenix Distribution Center,9359.52
SO101095,2023-03-07,C0002,Desert Trail Bikes,Dealer,Booked,Net 45,Phoenix Distribution Center,25167.36
SO101096,2023-03-07,C0033,Appalachian Bikes,Dealer,Booked,Net 30,Phoenix Distribution Center,13884.9
SO101097,2023-03-07,C0015,Sierra Cycle Works,Dealer,Booked,Net 30,Phoenix Distribution Center,29630.42
SO101098,2023-03-07,C0010,Evergreen Cyclery,Dealer,Booked,Net 45,Phoenix Distribution Center,8871.68
SO101099,2023-03-07,C0029,River Bend Bikes,Dealer,Booked,Net 30,Phoenix Distribution Center,35873.5
SO101100,2023-03-07,C0011,Cascade Bikes,Dealer,Booked,Net 30,Phoenix Distribution Center,37812.56
SO101101,2023-03-07,C0013,Pacific Trail Bikes,Dealer,Booked,Net 45,Phoenix Distribution Center,27603.94
SO101102,2023-03-07,C0002,Desert Trail Bikes,Dealer,Booked,Net 45,Phoenix Distribution Center,30386.2
SO101103,2023-03-07,C0036,Pine Tree Bicycles,Dealer,Booked,Net 30,Phoenix Distribution Center,12282.4
SO101104,2023-03-07,C0014,Redwood Ride Shop,Dealer,Booked,Net 30,Phoenix Distribution Center,37873.94
SO101105,2023-03-07,C0010,Evergreen Cyclery,Dealer,Booked,Net 45,Phoenix Distribution Center,23309.62
SO101106,2023-03-07,C0024,Teton Cycling,Dealer,Booked,Net 30,Phoenix Distribution Center,34052.85
SO101107,2023-03-07,C0030,Blue Ridge Cycles,Dealer,Booked,Net 30,Phoenix Distribution Center,8554.14
SO101108,2023-03-07,C0001,Sonoran Cycles Online,DTC,Booked,Credit Card,Phoenix Distribution Center,10798.0
SO101109,2023-03-07,C0001,Sonoran Cycles Online,DTC,Booked,Credit Card,Phoenix Distribution Center,4599.0
SO101110,2023-03-07,C0001,Sonoran Cycles Online,DTC,Booked,Credit Card,Phoenix Distribution Center,4599.0
SO101111,2023-03-07,C0001,Sonoran Cycles Online,DTC,Booked,Credit Card,Phoenix Distribution Center,5199.0
SO101112,2023-03-07,C0001,Sonoran Cycles Online,DTC,Booked,Credit Card,Phoenix Distribution Center,7499.0
SO101113,2023-03-07,C0001,Sonoran Cycles Online,DTC,Booked,Credit Card,Phoenix Distribution Center,5199.0
SO101114,2023-03-07,C0001,Sonoran Cycles Online,DTC,Booked,Credit Card,Phoenix Distribution Center,6199.0
SO101115,2023-03-07,C0001,Sonoran Cycles Online,DTC,Booked,Credit Card,Phoenix Distribution Center,6199.0
SO101116,2023-03-07,C0001,Sonoran Cycles Online,DTC,Booked,Credit Card,Phoenix Distribution Center,3299.0
SO101117,2023-03-08,C0024,Teton Cycling,Dealer,Booked,Net 30,Phoenix Distribution Center,30283.5
SO101118,2023-03-08,C0026,Great Lakes Cyclery,Dealer,Booked,Net 30,Phoenix Distribution Center,43995.9
SO101119,2023-03-08,C0019,Front Range Cyclery,Dealer,Booked,Net 30,Phoenix Distribution Center,58640.22
SO101120,2023-03-08,C0019,Front Range Cyclery,Dealer,Booked,Net 30,Phoenix Distribution Center,11405.52
SO101121,2023-03-08,C0033,Appalachian Bikes,Dealer,Booked,Net 30,Phoenix Distribution Center,23927.04
SO101122,2023-03-08,C0034,Green Mountain Bikes,Dealer,Booked,Net 30,Phoenix Distribution Center,14194.9
SO101123,2023-03-08,C0033,Appalachian Bikes,Dealer,Booked,Net 30,Phoenix Distribution Center,12397.52
SO101124,2023-03-08,C0023,Bozeman Bike Works,Dealer,Booked,Net 30,Phoenix Distribution Center,66028.3
SO101125,2023-03-08,C0031,Pisgah Bike Co.,Dealer,Booked,Net 45,Phoenix Distribution Center,29458.78
SO101126,2023-03-08,C0015,Sierra Cycle Works,Dealer,Booked,Net 30,Phoenix Distribution Center,37440.56
SO101127,2023-03-08,C0034,Green Mountain Bikes,Dealer,Booked,Net 30,Phoenix Distribution Center,31735.94
SO101128,2023-03-08,C0029,River Bend Bikes,Dealer,Booked,Net 30,Phoenix Distribution Center,24176.1
SO101129,2023-03-08,C0017,Bay Mountain Bikes,Dealer,Booked,Net 30,Phoenix Distribution Center,14753.52
SO101130,2023-03-08,C0031,Pisgah Bike Co.,Dealer,Booked,Net 45,Phoenix Distribution Center,6610.84
SO101131,2023-03-08,C0007,Red Rock Cycles,Dealer,Booked,Net 30,Phoenix Distribution Center,42372.85
SO101132,2023-03-08,C0010,Evergreen Cyclery,Dealer,Booked,Net 45,Phoenix Distribution Center,19366.2
SO101133,2023-03-08,C0013,Pacific Trail Bikes,Dealer,Booked,Net 45,Phoenix Distribution Center,43377.04
SO101134,2023-03-08,C0027,Prairie Trail Bikes,Dealer,Booked,Net 30,Phoenix Distribution Center,35953.18
SO101135,2023-03-08,C0032,Southern Singletrack,Dealer,Booked,Net 30,Phoenix Distribution Center,36781.55
SO101136,2023-03-08,C0030,Blue Ridge Cycles,Dealer,Booked,Net 30,Phoenix Distribution Center,50954.08
SO101137,2023-03-08,C0001,Sonoran Cycles Online,DTC,Booked,Credit Card,Phoenix Distribution Center,7499.0
SO101138,2023-03-08,C0001,Sonoran Cycles Online,DTC,Booked,Credit Card,Phoenix Distribution Center,4599.0
SO101139,2023-03-08,C0001,Sonoran Cycles Online,DTC,Booked,Credit Card,Phoenix Distribution Center,5199.0
SO101140,2023-03-08,C0001,Sonoran Cycles Online,DTC,Booked,Credit Card,Phoenix Distribution Center,3299.0
SO101141,2023-03-08,C0001,Sonoran Cycles Online,DTC,Booked,Credit Card,Phoenix Distribution Center,3299.0
SO101142,2023-03-08,C0001,Sonoran Cycles Online,DTC,Booked,Credit Card,Phoenix Distribution Center,5199.0
SO101143,2023-03-08,C0001,Sonoran Cycles Online,DTC,Booked,Credit Card,Phoenix Distribution Center,3299.0
SO101144,2023-03-08,C0001,Sonoran Cycles Online,DTC,Booked,Credit Card,Phoenix Distribution Center,4599.0
SO101145,2023-03-08,C0001,Sonoran Cycles Online,DTC,Booked,Credit Card,Phoenix Distribution Center,3299.0
SO101146,2023-03-08,C0001,Sonoran Cycles Online,DTC,Booked,Credit Card,Phoenix Distribution Center,4599.0
SO101147,2023-03-09,C0010,Evergreen Cyclery,Dealer,Booked,Net 45,Phoenix Distribution Center,36762.72
SO101148,2023-03-09,C0029,River Bend Bikes,Dealer,Booked,Net 30,Phoenix Distribution Center,41332.2
SO101149,2023-03-09,C0002,Desert Trail Bikes,Dealer,Booked,Net 45,Phoenix Distribution Center,36125.88
SO101150,2023-03-09,C0022,Wasatch Wheel Works,Dealer,Booked,Net 30,Phoenix Distribution Center,30621.8
SO101151,2023-03-09,C0034,Green Mountain Bikes,Dealer,Booked,Net 30,Phoenix Distribution Center,23801.18
SO101152,2023-03-09,C0010,Evergreen Cyclery,Dealer,Booked,Net 45,Phoenix Distribution Center,11480.52
SO101153,2023-03-09,C0013,Pacific Trail Bikes,Dealer,Booked,Net 45,Phoenix Distribution Center,8698.84
SO101154,2023-03-09,C0033,Appalachian Bikes,Dealer,Booked,Net 30,Phoenix Distribution Center,24671.04
SO101155,2023-03-09,C0008,Sedona Ride Center,Dealer,Booked,Net 30,Phoenix Distribution Center,10352.14
SO101156,2023-03-09,C0011,Cascade Bikes,Dealer,Booked,Net 30,Phoenix Distribution Center,25662.42
SO101157,2023-03-09,C0011,Cascade Bikes,Dealer,Booked,Net 30,Phoenix Distribution Center,14256.9
SO101158,2023-03-09,C0015,Sierra Cycle Works,Dealer,Booked,Net 30,Phoenix Distribution Center,26779.04
SO101159,2023-03-09,C0025,Lakeshore Bikes,Dealer,Booked,Net 30,Phoenix Distribution Center,8615.52
SO101160,2023-03-09,C0006,Tucson Trail Works,Dealer,Booked,Net 30,Phoenix Distribution Center,36573.18
SO101161,2023-03-09,C0014,Redwood Ride Shop,Dealer,Booked,Net 30,Phoenix Distribution Center,23679.04
SO101162,2023-03-09,C0018,High Country Bikes,Dealer,Booked,Net 45,Phoenix Distribution Center,25515.36
SO101163,2023-03-09,C0004,Sonoran Bike Co.,Dealer,Booked,Net 30,Phoenix Distribution Center,58269.46
SO101164,2023-03-09,C0013,Pacific Trail Bikes,Dealer,Booked,Net 45,Phoenix Distribution Center,45523.04
SO101165,2023-03-09,C0004,Sonoran Bike Co.,Dealer,Booked,Net 30,Phoenix Distribution Center,39673.18
SO101166,2023-03-09,C0001,Sonoran Cycles Online,DTC,Booked,Credit Card,Phoenix Distribution Center,12497.0
SO101167,2023-03-09,C0001,Sonoran Cycles Online,DTC,Booked,Credit Card,Phoenix Distribution Center,5199.0
SO101168,2023-03-09,C0001,Sonoran Cycles Online,DTC,Booked,Credit Card,Phoenix Distribution Center,4599.0
SO101169,2023-03-09,C0001,Sonoran Cycles Online,DTC,Booked,Credit Card,Phoenix Distribution Center,3299.0
SO101170,2023-03-09,C0001,Sonoran Cycles Online,DTC,Booked,Credit Card,Phoenix Distribution Center,4599.0
SO101171,2023-03-09,C0001,Sonoran Cycles Online,DTC,Booked,Credit Card,Phoenix Distribution Center,4599.0
SO101172,2023-03-09,C0001,Sonoran Cycles Online,DTC,Booked,Credit Card,Phoenix Distribution Center,5199.0
SO101173,2023-03-09,C0001,Sonoran Cycles Online,DTC,Booked,Credit Card,Phoenix Distribution Center,3299.0
SO101174,2023-03-10,C0034,Green Mountain Bikes,Dealer,Booked,Net 30,Phoenix Distribution Center,17231.04
SO101175,2023-03-10,C0031,Pisgah Bike Co.,Dealer,Booked,Net 45,Phoenix Distribution Center,47783.3
SO101176,2023-03-10,C0010,Evergreen Cyclery,Dealer,Booked,Net 45,Phoenix Distribution Center,14205.94
SO101177,2023-03-10,C0031,Pisgah Bike Co.,Dealer,Booked,Net 45,Phoenix Distribution Center,24123.36
SO101178,2023-03-10,C0007,Red Rock Cycles,Dealer,Booked,Net 30,Phoenix Distribution Center,56019.6
SO101179,2023-03-10,C0009,Las Cruces Cycling,Dealer,Booked,Net 30,Phoenix Distribution Center,41008.5
SO101180,2023-03-10,C0028,Windy City Cycles,Dealer,Booked,Net 30,Phoenix Distribution Center,31518.5
SO101181,2023-03-10,C0017,Bay Mountain Bikes,Dealer,Booked,Net 30,Phoenix Distribution Center,31613.8
SO101182,2023-03-10,C0002,Desert Trail Bikes,Dealer,Booked,Net 45,Phoenix Distribution Center,17396.52
SO101183,2023-03-10,C0020,Alpine Ride Co.,Dealer,Booked,Net 30,Phoenix Distribution Center,14256.9
SO101184,2023-03-10,C0036,Pine Tree Bicycles,Dealer,Booked,Net 30,Phoenix Distribution Center,46531.55
SO101185,2023-03-10,C0017,Bay Mountain Bikes,Dealer,Booked,Net 30,Phoenix Distribution Center,51822.08
SO101186,2023-03-10,C0034,Green Mountain Bikes,Dealer,Booked,Net 30,Phoenix Distribution Center,37625.94
SO101187,2023-03-10,C0022,Wasatch Wheel Works,Dealer,Booked,Net 30,Phoenix Distribution Center,28018.42
SO101188,2023-03-10,C0006,Tucson Trail Works,Dealer,Booked,Net 30,Phoenix Distribution Center,24483.8
SO101189,2023-03-10,C0001,Sonoran Cycles Online,DTC,Booked,Credit Card,Phoenix Distribution Center,4599.0
SO101190,2023-03-10,C0001,Sonoran Cycles Online,DTC,Booked,Credit Card,Phoenix Distribution Center,7499.0
SO101191,2023-03-10,C0001,Sonoran Cycles Online,DTC,Booked,Credit Card,Phoenix Distribution Center,4599.0
SO101192,2023-03-10,C0001,Sonoran Cycles Online,DTC,Booked,Credit Card,Phoenix Distribution Center,4599.0
SO101193,2023-03-10,C0001,Sonoran Cycles Online,DTC,Booked,Credit Card,Phoenix Distribution Center,5199.0
SO101194,2023-03-10,C0001,Sonoran Cycles Online,DTC,Booked,Credit Card,Phoenix Distribution Center,5199.0
SO101195,2023-03-10,C0001,Sonoran Cycles Online,DTC,Booked,Credit Card,Phoenix Distribution Center,5199.0
SO101196,2023-03-10,C0001,Sonoran Cycles Online,DTC,Booked,Credit Card,Phoenix Distribution Center,5199.0
SO101197,2023-03-10,C0001,Sonoran Cycles Online,DTC,Booked,Credit Card,Phoenix Distribution Center,4599.0
SO101198,2023-03-10,C0001,Sonoran Cycles Online,DTC,Booked,Credit Card,Phoenix Distribution Center,3299.0
SO101199,2023-03-10,C0001,Sonoran Cycles Online,DTC,Booked,Credit Card,Phoenix Distribution Center,10198.0
SO101200,2023-03-11,C0017,Bay Mountain Bikes,Dealer,Booked,Net 30,Phoenix Distribution Center,17976.9
SO101201,2023-03-11,C0031,Pisgah Bike Co.,Dealer,Booked,Net 45,Phoenix Distribution Center,26790.78
SO101202,2023-03-11,C0013,Pacific Trail Bikes,Dealer,Booked,Net 45,Phoenix Distribution Center,40651.62
SO101203,2023-03-11,C0006,Tucson Trail Works,Dealer,Booked,Net 30,Phoenix Distribution Center,54737.32
SO101204,2023-03-11,C0024,Teton Cycling,Dealer,Booked,Net 30,Phoenix Distribution Center,16506.75
SO101205,2023-03-11,C0001,Sonoran Cycles Online,DTC,Booked,Credit Card,Phoenix Distribution Center,3299.0
SO101206,2023-03-11,C0001,Sonoran Cycles Online,DTC,Booked,Credit Card,Phoenix Distribution Center,6199.0
SO101207,2023-03-11,C0001,Sonoran Cycles Online,DTC,Booked,Credit Card,Phoenix Distribution Center,3299.0
SO101208,2023-03-11,C0001,Sonoran Cycles Online,DTC,Booked,Credit Card,Phoenix Distribution Center,4599.0
SO101209,2023-03-11,C0001,Sonoran Cycles Online,DTC,Booked,Credit Card,Phoenix Distribution Center,14998.0
SO101210,2023-03-11,C0001,Sonoran Cycles Online,DTC,Booked,Credit Card,Phoenix Distribution Center,3999.0
SO101211,2023-03-11,C0001,Sonoran Cycles Online,DTC,Booked,Credit Card,Phoenix Distribution Center,6199.0
SO101212,2023-03-11,C0001,Sonoran Cycles Online,DTC,Booked,Credit Card,Phoenix Distribution Center,7499.0
SO101213,2023-03-11,C0001,Sonoran Cycles Online,DTC,Booked,Credit Card,Phoenix Distribution Center,9798.0
SO101214,2023-03-11,C0001,Sonoran Cycles Online,DTC,Booked,Credit Card,Phoenix Distribution Center,6199.0
SO101215,2023-03-11,C0001,Sonoran Cycles Online,DTC,Booked,Credit Card,Phoenix Distribution Center,9198.0
SO101216,2023-03-11,C0001,Sonoran Cycles Online,DTC,Booked,Credit Card,Phoenix Distribution Center,3499.0
SO101217,2023-03-11,C0001,Sonoran Cycles Online,DTC,Booked,Credit Card,Phoenix Distribution Center,6998.0
SO101218,2023-03-11,C0001,Sonoran Cycles Online,DTC,Booked,Credit Card,Phoenix Distribution Center,10398.0
SO101219,2023-03-11,C0001,Sonoran Cycles Online,DTC,Booked,Credit Card,Phoenix Distribution Center,3299.0
SO101220,2023-03-12,C0018,High Country Bikes,Dealer,Booked,Net 45,Phoenix Distribution Center,26326.78
SO101221,2023-03-12,C0006,Tucson Trail Works,Dealer,Booked,Net 30,Phoenix Distribution Center,26903.04
SO101222,2023-03-12,C0001,Sonoran Cycles Online,DTC,Booked,Credit Card,Phoenix Distribution Center,5199.0
SO101223,2023-03-12,C0001,Sonoran Cycles Online,DTC,Booked,Credit Card,Phoenix Distribution Center,4599.0
SO101224,2023-03-12,C0001,Sonoran Cycles Online,DTC,Booked,Credit Card,Phoenix Distribution Center,8498.0
SO101225,2023-03-12,C0001,Sonoran Cycles Online,DTC,Booked,Credit Card,Phoenix Distribution Center,3999.0
SO101226,2023-03-12,C0001,Sonoran Cycles Online,DTC,Booked,Credit Card,Phoenix Distribution Center,3299.0
SO101227,2023-03-12,C0001,Sonoran Cycles Online,DTC,Booked,Credit Card,Phoenix Distribution Center,3999.0
SO101228,2023-03-12,C0001,Sonoran Cycles Online,DTC,Booked,Credit Card,Phoenix Distribution Center,12398.0
SO101229,2023-03-12,C0001,Sonoran Cycles Online,DTC,Booked,Credit Card,Phoenix Distribution Center,4599.0
SO101230,2023-03-12,C0001,Sonoran Cycles Online,DTC,Booked,Credit Card,Phoenix Distribution Center,5199.0
SO101231,2023-03-12,C0001,Sonoran Cycles Online,DTC,Booked,Credit Card,Phoenix Distribution Center,4599.0
SO101232,2023-03-12,C0001,Sonoran Cycles Online,DTC,Booked,Credit Card,Phoenix Distribution Center,3299.0
SO101233,2023-03-12,C0001,Sonoran Cycles Online,DTC,Booked,Credit Card,Phoenix Distribution Center,3299.0
SO101234,2023-03-12,C0001,Sonoran Cycles Online,DTC,Booked,Credit Card,Phoenix Distribution Center,7499.0
SO101235,2023-03-12,C0001,Sonoran Cycles Online,DTC,Booked,Credit Card,Phoenix Distribution Center,5199.0
SO101236,2023-03-13,C0004,Sonoran Bike Co.,Dealer,Booked,Net 30,Phoenix Distribution Center,9670.14
SO101237,2023-03-13,C0010,Evergreen Cyclery,Dealer,Booked,Net 45,Phoenix Distribution Center,6552.26
SO101238,2023-03-13,C0028,Windy City Cycles,Dealer,Booked,Net 30,Phoenix Distribution Center,44777.2
SO101239,2023-03-13,C0008,Sedona Ride Center,Dealer,Booked,Net 30,Phoenix Distribution Center,17852.9
SO101240,2023-03-13,C0016,Coastal Gravel Co.,Dealer,Booked,Net 30,Phoenix Distribution Center,39249.6
SO101241,2023-03-13,C0031,Pisgah Bike Co.,Dealer,Booked,Net 45,Phoenix Distribution Center,19484.52
SO101242,2023-03-13,C0012,Rain City Cycles,Dealer,Booked,Net 30,Phoenix Distribution Center,13256.1
SO101243,2023-03-13,C0018,High Country Bikes,Dealer,Booked,Net 45,Phoenix Distribution Center,21687.94
SO101244,2023-03-13,C0027,Prairie Trail Bikes,Dealer,Booked,Net 30,Phoenix Distribution Center,64964.22
SO101245,2023-03-13,C0002,Desert Trail Bikes,Dealer,Booked,Net 45,Phoenix Distribution Center,22383.36
SO101246,2023-03-13,C0006,Tucson Trail Works,Dealer,Booked,Net 30,Phoenix Distribution Center,33721.18
SO101247,2023-03-13,C0023,Bozeman Bike Works,Dealer,Booked,Net 30,Phoenix Distribution Center,6368.7
SO101248,2023-03-13,C0013,Pacific Trail Bikes,Dealer,Booked,Net 45,Phoenix Distribution Center,42565.04
SO101249,2023-03-13,C0005,Mesa Mountain Bikes,Dealer,Booked,Net 30,Phoenix Distribution Center,21119.15
SO101250,2023-03-13,C0021,Rocky Peak Cycles,Dealer,Booked,Net 30,Phoenix Distribution Center,32428.5
SO101251,2023-03-13,C0013,Pacific Trail Bikes,Dealer,Booked,Net 45,Phoenix Distribution Center,40245.62
SO101252,2023-03-13,C0006,Tucson Trail Works,Dealer,Booked,Net 30,Phoenix Distribution Center,42027.32
SO101253,2023-03-13,C0031,Pisgah Bike Co.,Dealer,Booked,Net 45,Phoenix Distribution Center,10206.26
SO101254,2023-03-13,C0003,Cactus Cycling,Dealer,Booked,Net 30,Phoenix Distribution Center,18347.04
SO101255,2023-03-13,C0001,Sonoran Cycles Online,DTC,Booked,Credit Card,Phoenix Distribution Center,3299.0
SO101256,2023-03-13,C0001,Sonoran Cycles Online,DTC,Booked,Credit Card,Phoenix Distribution Center,7499.0
SO101257,2023-03-13,C0001,Sonoran Cycles Online,DTC,Booked,Credit Card,Phoenix Distribution Center,4599.0
SO101258,2023-03-13,C0001,Sonoran Cycles Online,DTC,Booked,Credit Card,Phoenix Distribution Center,4599.0
SO101259,2023-03-13,C0001,Sonoran Cycles Online,DTC,Booked,Credit Card,Phoenix Distribution Center,5199.0
SO101260,2023-03-13,C0001,Sonoran Cycles Online,DTC,Booked,Credit Card,Phoenix Distribution Center,3999.0
SO101261,2023-03-13,C0001,Sonoran Cycles Online,DTC,Booked,Credit Card,Phoenix Distribution Center,3299.0
SO101262,2023-03-13,C0001,Sonoran Cycles Online,DTC,Booked,Credit Card,Phoenix Distribution Center,5199.0
SO101263,2023-03-13,C0001,Sonoran Cycles Online,DTC,Booked,Credit Card,Phoenix Distribution Center,3299.0
SO101264,2023-03-14,C0013,Pacific Trail Bikes,Dealer,Booked,Net 45,Phoenix Distribution Center,14961.68
SO101265,2023-03-14,C0013,Pacific Trail Bikes,Dealer,Booked,Net 45,Phoenix Distribution Center,35896.2
SO101266,2023-03-14,C0018,High Country Bikes,Dealer,Booked,Net 45,Phoenix Distribution Center,28530.78
SO101267,2023-03-14,C0004,Sonoran Bike Co.,Dealer,Booked,Net 30,Phoenix Distribution Center,26655.04
SO101268,2023-03-14,C0035,Adirondack Cycles,Dealer,Booked,Net 30,Phoenix Distribution Center,30544.15
SO101269,2023-03-14,C0035,Adirondack Cycles,Dealer,Booked,Net 30,Phoenix Distribution Center,25084.8
SO101270,2023-03-14,C0004,Sonoran Bike Co.,Dealer,Booked,Net 30,Phoenix Distribution Center,16116.9
SO101271,2023-03-14,C0007,Red Rock Cycles,Dealer,Booked,Net 30,Phoenix Distribution Center,27749.8
SO101272,2023-03-14,C0023,Bozeman Bike Works,Dealer,Booked,Net 30,Phoenix Distribution Center,21186.1
SO101273,2023-03-14,C0018,High Country Bikes,Dealer,Booked,Net 45,Phoenix Distribution Center,23890.78
SO101274,2023-03-14,C0017,Bay Mountain Bikes,Dealer,Booked,Net 30,Phoenix Distribution Center,14753.52
SO101275,2023-03-14,C0004,Sonoran Bike Co.,Dealer,Booked,Net 30,Phoenix Distribution Center,16116.9
SO101276,2023-03-14,C0004,Sonoran Bike Co.,Dealer,Booked,Net 30,Phoenix Distribution Center,23060.28
SO101277,2023-03-14,C0010,Evergreen Cyclery,Dealer,Booked,Net 45,Phoenix Distribution Center,21048.78
SO101278,2023-03-14,C0020,Alpine Ride Co.,Dealer,Booked,Net 30,Phoenix Distribution Center,12272.28
SO101279,2023-03-14,C0020,Alpine Ride Co.,Dealer,Booked,Net 30,Phoenix Distribution Center,17231.04
SO101280,2023-03-14,C0016,Coastal Gravel Co.,Dealer,Booked,Net 30,Phoenix Distribution Center,4548.7
SO101281,2023-03-14,C0005,Mesa Mountain Bikes,Dealer,Booked,Net 30,Phoenix Distribution Center,12866.1
SO101282,2023-03-14,C0034,Green Mountain Bikes,Dealer,Booked,Net 30,Phoenix Distribution Center,16797.04
SO101283,2023-03-14,C0003,Cactus Cycling,Dealer,Booked,Net 30,Phoenix Distribution Center,48660.7
SO101284,2023-03-14,C0027,Prairie Trail Bikes,Dealer,Booked,Net 30,Phoenix Distribution Center,27894.42
SO101285,2023-03-14,C0031,Pisgah Bike Co.,Dealer,Booked,Net 45,Phoenix Distribution Center,21107.94
SO101286,2023-03-14,C0001,Sonoran Cycles Online,DTC,Booked,Credit Card,Phoenix Distribution Center,9798.0
SO101287,2023-03-14,C0001,Sonoran Cycles Online,DTC,Booked,Credit Card,Phoenix Distribution Center,5199.0
SO101288,2023-03-14,C0001,Sonoran Cycles Online,DTC,Booked,Credit Card,Phoenix Distribution Center,6199.0
SO101289,2023-03-14,C0001,Sonoran Cycles Online,DTC,Booked,Credit Card,Phoenix Distribution Center,4599.0
SO101290,2023-03-14,C0001,Sonoran Cycles Online,DTC,Booked,Credit Card,Phoenix Distribution Center,3299.0
SO101291,2023-03-14,C0001,Sonoran Cycles Online,DTC,Booked,Credit Card,Phoenix Distribution Center,9798.0
SO101292,2023-03-14,C0001,Sonoran Cycles Online,DTC,Booked,Credit Card,Phoenix Distribution Center,3299.0
SO101293,2023-03-14,C0001,Sonoran Cycles Online,DTC,Booked,Credit Card,Phoenix Distribution Center,4599.0
SO101294,2023-03-15,C0031,Pisgah Bike Co.,Dealer,Booked,Net 45,Phoenix Distribution Center,20644.52
SO101295,2023-03-15,C0034,Green Mountain Bikes,Dealer,Booked,Net 30,Phoenix Distribution Center,33782.56
SO101296,2023-03-15,C0027,Prairie Trail Bikes,Dealer,Booked,Net 30,Phoenix Distribution Center,12893.52
SO101297,2023-03-15,C0033,Appalachian Bikes,Dealer,Booked,Net 30,Phoenix Distribution Center,36448.56
SO101298,2023-03-15,C0013,Pacific Trail Bikes,Dealer,Booked,Net 45,Phoenix Distribution Center,30445.94
SO101299,2023-03-15,C0023,Bozeman Bike Works,Dealer,Booked,Net 30,Phoenix Distribution Center,61608.95
SO101300,2023-03-15,C0014,Redwood Ride Shop,Dealer,Booked,Net 30,Phoenix Distribution Center,31178.56
SO101301,2023-03-15,C0014,Redwood Ride Shop,Dealer,Booked,Net 30,Phoenix Distribution Center,8553.52
SO101302,2023-03-15,C0003,Cactus Cycling,Dealer,Booked,Net 30,Phoenix Distribution Center,32294.56
SO101303,2023-03-15,C0004,Sonoran Bike Co.,Dealer,Booked,Net 30,Phoenix Distribution Center,63600.84
SO101304,2023-03-15,C0017,Bay Mountain Bikes,Dealer,Booked,Net 30,Phoenix Distribution Center,19960.28
SO101305,2023-03-15,C0019,Front Range Cyclery,Dealer,Booked,Net 30,Phoenix Distribution Center,30435.8
SO101306,2023-03-15,C0002,Desert Trail Bikes,Dealer,Booked,Net 45,Phoenix Distribution Center,15193.1
SO101307,2023-03-15,C0030,Blue Ridge Cycles,Dealer,Booked,Net 30,Phoenix Distribution Center,42027.94
SO101308,2023-03-15,C0008,Sedona Ride Center,Dealer,Booked,Net 30,Phoenix Distribution Center,70668.84
SO101309,2023-03-15,C0033,Appalachian Bikes,Dealer,Booked,Net 30,Phoenix Distribution Center,15372.9
SO101310,2023-03-15,C0020,Alpine Ride Co.,Dealer,Booked,Net 30,Phoenix Distribution Center,9732.14
SO101311,2023-03-15,C0021,Rocky Peak Cycles,Dealer,Booked,Net 30,Phoenix Distribution Center,55821.35
SO101312,2023-03-15,C0004,Sonoran Bike Co.,Dealer,Booked,Net 30,Phoenix Distribution Center,44631.32
SO101313,2023-03-15,C0005,Mesa Mountain Bikes,Dealer,Booked,Net 30,Phoenix Distribution Center,12541.75
SO101314,2023-03-15,C0034,Green Mountain Bikes,Dealer,Booked,Net 30,Phoenix Distribution Center,36507.46
SO101315,2023-03-15,C0036,Pine Tree Bicycles,Dealer,Booked,Net 30,Phoenix Distribution Center,17154.8
SO101316,2023-03-15,C0001,Sonoran Cycles Online,DTC,Booked,Credit Card,Phoenix Distribution Center,7499.0
SO101317,2023-03-15,C0001,Sonoran Cycles Online,DTC,Booked,Credit Card,Phoenix Distribution Center,4599.0
SO101318,2023-03-15,C0001,Sonoran Cycles Online,DTC,Booked,Credit Card,Phoenix Distribution Center,5199.0
SO101319,2023-03-15,C0001,Sonoran Cycles Online,DTC,Booked,Credit Card,Phoenix Distribution Center,7499.0
SO101320,2023-03-15,C0001,Sonoran Cycles Online,DTC,Booked,Credit Card,Phoenix Distribution Center,4599.0
SO101321,2023-03-15,C0001,Sonoran Cycles Online,DTC,Booked,Credit Card,Phoenix Distribution Center,4599.0
SO101322,2023-03-15,C0001,Sonoran Cycles Online,DTC,Booked,Credit Card,Phoenix Distribution Center,3299.0
SO101323,2023-03-15,C0001,Sonoran Cycles Online,DTC,Booked,Credit Card,Phoenix Distribution Center,3299.0
SO101324,2023-03-15,C0001,Sonoran Cycles Online,DTC,Booked,Credit Card,Phoenix Distribution Center,3299.0
SO101325,2023-03-15,C0001,Sonoran Cycles Online,DTC,Booked,Credit Card,Phoenix Distribution Center,6199.0
SO101326,2023-03-16,C0002,Desert Trail Bikes,Dealer,Booked,Net 45,Phoenix Distribution Center,32009.04
SO101327,2023-03-16,C0006,Tucson Trail Works,Dealer,Booked,Net 30,Phoenix Distribution Center,25661.8
SO101328,2023-03-16,C0018,High Country Bikes,Dealer,Booked,Net 45,Phoenix Distribution Center,18788.52
SO101329,2023-03-16,C0031,Pisgah Bike Co.,Dealer,Booked,Net 45,Phoenix Distribution Center,12061.68
SO101330,2023-03-16,C0027,Prairie Trail Bikes,Dealer,Booked,Net 30,Phoenix Distribution Center,37439.94
SO101331,2023-03-16,C0031,Pisgah Bike Co.,Dealer,Booked,Net 45,Phoenix Distribution Center,52536.98
SO101332,2023-03-16,C0023,Bozeman Bike Works,Dealer,Booked,Net 30,Phoenix Distribution Center,14167.4
SO101333,2023-03-16,C0021,Rocky Peak Cycles,Dealer,Booked,Net 30,Phoenix Distribution Center,24694.8
SO101334,2023-03-16,C0033,Appalachian Bikes,Dealer,Booked,Net 30,Phoenix Distribution Center,19464.28
SO101335,2023-03-16,C0014,Redwood Ride Shop,Dealer,Booked,Net 30,Phoenix Distribution Center,66947.6
SO101336,2023-03-16,C0032,Southern Singletrack,Dealer,Booked,Net 30,Phoenix Distribution Center,11697.4
SO101337,2023-03-16,C0013,Pacific Trail Bikes,Dealer,Booked,Net 45,Phoenix Distribution Center,13048.26
SO101338,2023-03-16,C0021,Rocky Peak Cycles,Dealer,Booked,Net 30,Phoenix Distribution Center,9163.05
SO101339,2023-03-16,C0011,Cascade Bikes,Dealer,Booked,Net 30,Phoenix Distribution Center,19836.28
SO101340,2023-03-16,C0036,Pine Tree Bicycles,Dealer,Booked,Net 30,Phoenix Distribution Center,32949.15
SO101341,2023-03-16,C0016,Coastal Gravel Co.,Dealer,Booked,Net 30,Phoenix Distribution Center,4418.7
SO101342,2023-03-16,C0036,Pine Tree Bicycles,Dealer,Booked,Net 30,Phoenix Distribution Center,40357.85
SO101343,2023-03-16,C0023,Bozeman Bike Works,Dealer,Booked,Net 30,Phoenix Distribution Center,32364.15
SO101344,2023-03-16,C0023,Bozeman Bike Works,Dealer,Booked,Net 30,Phoenix Distribution Center,13127.4
SO101345,2023-03-16,C0001,Sonoran Cycles Online,DTC,Booked,Credit Card,Phoenix Distribution Center,4599.0
SO101346,2023-03-16,C0001,Sonoran Cycles Online,DTC,Booked,Credit Card,Phoenix Distribution Center,4599.0
SO101347,2023-03-16,C0001,Sonoran Cycles Online,DTC,Booked,Credit Card,Phoenix Distribution Center,7499.0
SO101348,2023-03-16,C0001,Sonoran Cycles Online,DTC,Booked,Credit Card,Phoenix Distribution Center,5199.0
SO101349,2023-03-16,C0001,Sonoran Cycles Online,DTC,Booked,Credit Card,Phoenix Distribution Center,6199.0
SO101350,2023-03-16,C0001,Sonoran Cycles Online,DTC,Booked,Credit Card,Phoenix Distribution Center,3299.0
SO101351,2023-03-16,C0001,Sonoran Cycles Online,DTC,Booked,Credit Card,Phoenix Distribution Center,5199.0
SO101352,2023-03-16,C0001,Sonoran Cycles Online,DTC,Booked,Credit Card,Phoenix Distribution Center,6199.0
SO101353,2023-03-16,C0001,Sonoran Cycles Online,DTC,Booked,Credit Card,Phoenix Distribution Center,6199.0
SO101354,2023-03-16,C0001,Sonoran Cycles Online,DTC,Booked,Credit Card,Phoenix Distribution Center,4599.0
SO101355,2023-03-17,C0015,Sierra Cycle Works,Dealer,Booked,Net 30,Phoenix Distribution Center,38991.18
SO101356,2023-03-17,C0015,Sierra Cycle Works,Dealer,Booked,Net 30,Phoenix Distribution Center,37193.18
SO101357,2023-03-17,C0033,Appalachian Bikes,Dealer,Booked,Net 30,Phoenix Distribution Center,15744.9
SO101358,2023-03-17,C0002,Desert Trail Bikes,Dealer,Booked,Net 45,Phoenix Distribution Center,19832.52
SO101359,2023-03-17,C0020,Alpine Ride Co.,Dealer,Booked,Net 30,Phoenix Distribution Center,17355.66
SO101360,2023-03-17,C0025,Lakeshore Bikes,Dealer,Booked,Net 30,Phoenix Distribution Center,21446.42
SO101361,2023-03-17,C0007,Red Rock Cycles,Dealer,Booked,Net 30,Phoenix Distribution Center,34314.15
SO101362,2023-03-17,C0019,Front Range Cyclery,Dealer,Booked,Net 30,Phoenix Distribution Center,17852.28
SO101363,2023-03-17,C0025,Lakeshore Bikes,Dealer,Booked,Net 30,Phoenix Distribution Center,9917.52
SO101364,2023-03-17,C0009,Las Cruces Cycling,Dealer,Booked,Net 30,Phoenix Distribution Center,21056.1
SO101365,2023-03-17,C0002,Desert Trail Bikes,Dealer,Booked,Net 45,Phoenix Distribution Center,40359.3
SO101366,2023-03-17,C0014,Redwood Ride Shop,Dealer,Booked,Net 30,Phoenix Distribution Center,18409.66
SO101367,2023-03-17,C0030,Blue Ridge Cycles,Dealer,Booked,Net 30,Phoenix Distribution Center,10538.14
SO101368,2023-03-17,C0027,Prairie Trail Bikes,Dealer,Booked,Net 30,Phoenix Distribution Center,13761.52
SO101369,2023-03-17,C0024,Teton Cycling,Dealer,Booked,Net 30,Phoenix Distribution Center,23785.45
SO101370,2023-03-17,C0004,Sonoran Bike Co.,Dealer,Booked,Net 30,Phoenix Distribution Center,52070.08
SO101371,2023-03-17,C0002,Desert Trail Bikes,Dealer,Booked,Net 45,Phoenix Distribution Center,26326.78
SO101372,2023-03-17,C0018,High Country Bikes,Dealer,Booked,Net 45,Phoenix Distribution Center,36533.62
SO101373,2023-03-17,C0001,Sonoran Cycles Online,DTC,Booked,Credit Card,Phoenix Distribution Center,7499.0
SO101374,2023-03-17,C0001,Sonoran Cycles Online,DTC,Booked,Credit Card,Phoenix Distribution Center,5199.0
SO101375,2023-03-17,C0001,Sonoran Cycles Online,DTC,Booked,Credit Card,Phoenix Distribution Center,4599.0
SO101376,2023-03-17,C0001,Sonoran Cycles Online,DTC,Booked,Credit Card,Phoenix Distribution Center,9198.0
SO101377,2023-03-17,C0001,Sonoran Cycles Online,DTC,Booked,Credit Card,Phoenix Distribution Center,9798.0
SO101378,2023-03-17,C0001,Sonoran Cycles Online,DTC,Booked,Credit Card,Phoenix Distribution Center,6199.0
SO101379,2023-03-17,C0001,Sonoran Cycles Online,DTC,Booked,Credit Card,Phoenix Distribution Center,5199.0
SO101380,2023-03-17,C0001,Sonoran Cycles Online,DTC,Booked,Credit Card,Phoenix Distribution Center,5199.0
SO101381,2023-03-17,C0001,Sonoran Cycles Online,DTC,Booked,Credit Card,Phoenix Distribution Center,4599.0
SO101382,2023-03-17,C0001,Sonoran Cycles Online,DTC,Booked,Credit Card,Phoenix Distribution Center,4599.0
SO101383,2023-03-18,C0030,Blue Ridge Cycles,Dealer,Booked,Net 30,Phoenix Distribution Center,16054.28
SO101384,2023-03-18,C0006,Tucson Trail Works,Dealer,Booked,Net 30,Phoenix Distribution Center,15248.9
SO101385,2023-03-18,C0008,Sedona Ride Center,Dealer,Booked,Net 30,Phoenix Distribution Center,4524.76
SO101386,2023-03-18,C0031,Pisgah Bike Co.,Dealer,Booked,Net 45,Phoenix Distribution Center,25225.36
SO101387,2023-03-18,C0003,Cactus Cycling,Dealer,Booked,Net 30,Phoenix Distribution Center,31241.18
SO101388,2023-03-18,C0001,Sonoran Cycles Online,DTC,Booked,Credit Card,Phoenix Distribution Center,4599.0
SO101389,2023-03-18,C0001,Sonoran Cycles Online,DTC,Booked,Credit Card,Phoenix Distribution Center,6598.0
SO101390,2023-03-18,C0001,Sonoran Cycles Online,DTC,Booked,Credit Card,Phoenix Distribution Center,5199.0
SO101391,2023-03-18,C0001,Sonoran Cycles Online,DTC,Booked,Credit Card,Phoenix Distribution Center,9198.0
SO101392,2023-03-18,C0001,Sonoran Cycles Online,DTC,Booked,Credit Card,Phoenix Distribution Center,3299.0
SO101393,2023-03-18,C0001,Sonoran Cycles Online,DTC,Booked,Credit Card,Phoenix Distribution Center,9198.0
SO101394,2023-03-18,C0001,Sonoran Cycles Online,DTC,Booked,Credit Card,Phoenix Distribution Center,4599.0
SO101395,2023-03-18,C0001,Sonoran Cycles Online,DTC,Booked,Credit Card,Phoenix Distribution Center,6998.0
SO101396,2023-03-18,C0001,Sonoran Cycles Online,DTC,Booked,Credit Card,Phoenix Distribution Center,3299.0
SO101397,2023-03-18,C0001,Sonoran Cycles Online,DTC,Booked,Credit Card,Phoenix Distribution Center,6199.0
SO101398,2023-03-18,C0001,Sonoran Cycles Online,DTC,Booked,Credit Card,Phoenix Distribution Center,3299.0
SO101399,2023-03-18,C0001,Sonoran Cycles Online,DTC,Booked,Credit Card,Phoenix Distribution Center,4599.0
SO101400,2023-03-18,C0001,Sonoran Cycles Online,DTC,Booked,Credit Card,Phoenix Distribution Center,6199.0
SO101401,2023-03-19,C0009,Las Cruces Cycling,Dealer,Booked,Net 30,Phoenix Distribution Center,29634.15
SO101402,2023-03-19,C0006,Tucson Trail Works,Dealer,Booked,Net 30,Phoenix Distribution Center,24299.04
SO101403,2023-03-19,C0001,Sonoran Cycles Online,DTC,Booked,Credit Card,Phoenix Distribution Center,7499.0
SO101404,2023-03-19,C0001,Sonoran Cycles Online,DTC,Booked,Credit Card,Phoenix Distribution Center,6199.0
SO101405,2023-03-19,C0001,Sonoran Cycles Online,DTC,Booked,Credit Card,Phoenix Distribution Center,4599.0
SO101406,2023-03-19,C0001,Sonoran Cycles Online,DTC,Booked,Credit Card,Phoenix Distribution Center,4599.0
SO101407,2023-03-19,C0001,Sonoran Cycles Online,DTC,Booked,Credit Card,Phoenix Distribution Center,3499.0
SO101408,2023-03-19,C0001,Sonoran Cycles Online,DTC,Booked,Credit Card,Phoenix Distribution Center,3299.0
SO101409,2023-03-19,C0001,Sonoran Cycles Online,DTC,Booked,Credit Card,Phoenix Distribution Center,3299.0
SO101410,2023-03-19,C0001,Sonoran Cycles Online,DTC,Booked,Credit Card,Phoenix Distribution Center,6199.0
SO101411,2023-03-19,C0001,Sonoran Cycles Online,DTC,Booked,Credit Card,Phoenix Distribution Center,6199.0
SO101412,2023-03-19,C0001,Sonoran Cycles Online,DTC,Booked,Credit Card,Phoenix Distribution Center,5199.0
SO101413,2023-03-19,C0001,Sonoran Cycles Online,DTC,Booked,Credit Card,Phoenix Distribution Center,6199.0
SO101414,2023-03-19,C0001,Sonoran Cycles Online,DTC,Booked,Credit Card,Phoenix Distribution Center,7499.0
SO101415,2023-03-20,C0024,Teton Cycling,Dealer,Booked,Net 30,Phoenix Distribution Center,44970.25
SO101416,2023-03-20,C0032,Southern Singletrack,Dealer,Booked,Net 30,Phoenix Distribution Center,60569.6
SO101417,2023-03-20,C0018,High Country Bikes,Dealer,Booked,Net 45,Phoenix Distribution Center,38969.62
SO101418,2023-03-20,C0025,Lakeshore Bikes,Dealer,Booked,Net 30,Phoenix Distribution Center,10599.52
SO101419,2023-03-20,C0003,Cactus Cycling,Dealer,Booked,Net 30,Phoenix Distribution Center,33473.8
SO101420,2023-03-20,C0034,Green Mountain Bikes,Dealer,Booked,Net 30,Phoenix Distribution Center,18842.42
SO101421,2023-03-20,C0020,Alpine Ride Co.,Dealer,Booked,Net 30,Phoenix Distribution Center,11962.9
SO101422,2023-03-20,C0002,Desert Trail Bikes,Dealer,Booked,Net 45,Phoenix Distribution Center,23252.78
SO101423,2023-03-20,C0025,Lakeshore Bikes,Dealer,Booked,Net 30,Phoenix Distribution Center,35145.94
SO101424,2023-03-20,C0013,Pacific Trail Bikes,Dealer,Booked,Net 45,Phoenix Distribution Center,37810.78
SO101425,2023-03-20,C0014,Redwood Ride Shop,Dealer,Booked,Net 30,Phoenix Distribution Center,29693.66
SO101426,2023-03-20,C0032,Southern Singletrack,Dealer,Booked,Net 30,Phoenix Distribution Center,44449.6
SO101427,2023-03-20,C0016,Coastal Gravel Co.,Dealer,Booked,Net 30,Phoenix Distribution Center,15076.1
SO101428,2023-03-20,C0020,Alpine Ride Co.,Dealer,Booked,Net 30,Phoenix Distribution Center,14876.28
SO101429,2023-03-20,C0010,Evergreen Cyclery,Dealer,Booked,Net 45,Phoenix Distribution Center,12292.52
SO101430,2023-03-20,C0020,Alpine Ride Co.,Dealer,Booked,Net 30,Phoenix Distribution Center,25290.42
SO101431,2023-03-20,C0001,Sonoran Cycles Online,DTC,Booked,Credit Card,Phoenix Distribution Center,3999.0
SO101432,2023-03-20,C0001,Sonoran Cycles Online,DTC,Booked,Credit Card,Phoenix Distribution Center,5199.0
SO101433,2023-03-20,C0001,Sonoran Cycles Online,DTC,Booked,Credit Card,Phoenix Distribution Center,4599.0
SO101434,2023-03-20,C0001,Sonoran Cycles Online,DTC,Booked,Credit Card,Phoenix Distribution Center,6199.0
SO101435,2023-03-20,C0001,Sonoran Cycles Online,DTC,Booked,Credit Card,Phoenix Distribution Center,9198.0
SO101436,2023-03-20,C0001,Sonoran Cycles Online,DTC,Booked,Credit Card,Phoenix Distribution Center,4599.0
SO101437,2023-03-20,C0001,Sonoran Cycles Online,DTC,Booked,Credit Card,Phoenix Distribution Center,7499.0
SO101438,2023-03-20,C0001,Sonoran Cycles Online,DTC,Booked,Credit Card,Phoenix Distribution Center,3499.0
SO101439,2023-03-21,C0010,Evergreen Cyclery,Dealer,Booked,Net 45,Phoenix Distribution Center,8871.68
SO101440,2023-03-21,C0036,Pine Tree Bicycles,Dealer,Booked,Net 30,Phoenix Distribution Center,34050.9
SO101441,2023-03-21,C0024,Teton Cycling,Dealer,Booked,Net 30,Phoenix Distribution Center,19820.45
SO101442,2023-03-21,C0018,High Country Bikes,Dealer,Booked,Net 45,Phoenix Distribution Center,44420.46
SO101443,2023-03-21,C0002,Desert Trail Bikes,Dealer,Booked,Net 45,Phoenix Distribution Center,29458.2
SO101444,2023-03-21,C0010,Evergreen Cyclery,Dealer,Booked,Net 45,Phoenix Distribution Center,28470.46
SO101445,2023-03-21,C0014,Redwood Ride Shop,Dealer,Booked,Net 30,Phoenix Distribution Center,24608.42
SO101446,2023-03-21,C0030,Blue Ridge Cycles,Dealer,Booked,Net 30,Phoenix Distribution Center,24299.04
SO101447,2023-03-21,C0015,Sierra Cycle Works,Dealer,Booked,Net 30,Phoenix Distribution Center,39672.56
SO101448,2023-03-21,C0007,Red Rock Cycles,Dealer,Booked,Net 30,Phoenix Distribution Center,22876.1
SO101449,2023-03-21,C0031,Pisgah Bike Co.,Dealer,Booked,Net 45,Phoenix Distribution Center,32937.62
SO101450,2023-03-21,C0015,Sierra Cycle Works,Dealer,Booked,Net 30,Phoenix Distribution Center,26034.42
SO101451,2023-03-21,C0027,Prairie Trail Bikes,Dealer,Booked,Net 30,Phoenix Distribution Center,20208.28
SO101452,2023-03-21,C0011,Cascade Bikes,Dealer,Booked,Net 30,Phoenix Distribution Center,39672.56
SO101453,2023-03-21,C0007,Red Rock Cycles,Dealer,Booked,Net 30,Phoenix Distribution Center,41722.85
SO101454,2023-03-21,C0032,Southern Singletrack,Dealer,Booked,Net 30,Phoenix Distribution Center,27034.15
SO101455,2023-03-21,C0031,Pisgah Bike Co.,Dealer,Booked,Net 45,Phoenix Distribution Center,36649.62
SO101456,2023-03-21,C0005,Mesa Mountain Bikes,Dealer,Booked,Net 30,Phoenix Distribution Center,15920.45
SO101457,2023-03-21,C0020,Alpine Ride Co.,Dealer,Booked,Net 30,Phoenix Distribution Center,9917.52
SO101458,2023-03-21,C0021,Rocky Peak Cycles,Dealer,Booked,Net 30,Phoenix Distribution Center,20601.75
SO101459,2023-03-21,C0001,Sonoran Cycles Online,DTC,Booked,Credit Card,Phoenix Distribution Center,4599.0
SO101460,2023-03-21,C0001,Sonoran Cycles Online,DTC,Booked,Credit Card,Phoenix Distribution Center,5199.0
SO101461,2023-03-21,C0001,Sonoran Cycles Online,DTC,Booked,Credit Card,Phoenix Distribution Center,5199.0
SO101462,2023-03-21,C0001,Sonoran Cycles Online,DTC,Booked,Credit Card,Phoenix Distribution Center,4599.0
SO101463,2023-03-21,C0001,Sonoran Cycles Online,DTC,Booked,Credit Card,Phoenix Distribution Center,4599.0
SO101464,2023-03-21,C0001,Sonoran Cycles Online,DTC,Booked,Credit Card,Phoenix Distribution Center,6199.0
SO101465,2023-03-21,C0001,Sonoran Cycles Online,DTC,Booked,Credit Card,Phoenix Distribution Center,4599.0
SO101466,2023-03-21,C0001,Sonoran Cycles Online,DTC,Booked,Credit Card,Phoenix Distribution Center,3499.0
SO101467,2023-03-22,C0023,Bozeman Bike Works,Dealer,Booked,Net 30,Phoenix Distribution Center,27034.8
SO101468,2023-03-22,C0018,High Country Bikes,Dealer,Booked,Net 45,Phoenix Distribution Center,9626.26
SO101469,2023-03-22,C0015,Sierra Cycle Works,Dealer,Booked,Net 30,Phoenix Distribution Center,40849.32
SO101470,2023-03-22,C0017,Bay Mountain Bikes,Dealer,Booked,Net 30,Phoenix Distribution Center,25663.66
SO101471,2023-03-22,C0018,High Country Bikes,Dealer,Booked,Net 45,Phoenix Distribution Center,20817.36
SO101472,2023-03-22,C0003,Cactus Cycling,Dealer,Booked,Net 30,Phoenix Distribution Center,35271.8
SO101473,2023-03-22,C0027,Prairie Trail Bikes,Dealer,Booked,Net 30,Phoenix Distribution Center,39176.56
SO101474,2023-03-22,C0036,Pine Tree Bicycles,Dealer,Booked,Net 30,Phoenix Distribution Center,76751.35
SO101475,2023-03-22,C0013,Pacific Trail Bikes,Dealer,Booked,Net 45,Phoenix Distribution Center,46044.46
SO101476,2023-03-22,C0015,Sierra Cycle Works,Dealer,Booked,Net 30,Phoenix Distribution Center,39733.94
SO101477,2023-03-22,C0014,Redwood Ride Shop,Dealer,Booked,Net 30,Phoenix Distribution Center,25911.66
SO101478,2023-03-22,C0032,Southern Singletrack,Dealer,Booked,Net 30,Phoenix Distribution Center,25799.15
SO101479,2023-03-22,C0029,River Bend Bikes,Dealer,Booked,Net 30,Phoenix Distribution Center,7408.7
SO101480,2023-03-22,C0010,Evergreen Cyclery,Dealer,Booked,Net 45,Phoenix Distribution Center,16119.36
SO101481,2023-03-22,C0013,Pacific Trail Bikes,Dealer,Booked,Net 45,Phoenix Distribution Center,13279.68
SO101482,2023-03-22,C0031,Pisgah Bike Co.,Dealer,Booked,Net 45,Phoenix Distribution Center,35837.04
SO101483,2023-03-22,C0033,Appalachian Bikes,Dealer,Booked,Net 30,Phoenix Distribution Center,21819.66
SO101484,2023-03-22,C0017,Bay Mountain Bikes,Dealer,Booked,Net 30,Phoenix Distribution Center,25043.66
SO101485,2023-03-22,C0008,Sedona Ride Center,Dealer,Booked,Net 30,Phoenix Distribution Center,61431.46
SO101486,2023-03-22,C0001,Sonoran Cycles Online,DTC,Booked,Credit Card,Phoenix Distribution Center,6199.0
SO101487,2023-03-22,C0001,Sonoran Cycles Online,DTC,Booked,Credit Card,Phoenix Distribution Center,4599.0
SO101488,2023-03-22,C0001,Sonoran Cycles Online,DTC,Booked,Credit Card,Phoenix Distribution Center,4599.0
SO101489,2023-03-22,C0001,Sonoran Cycles Online,DTC,Booked,Credit Card,Phoenix Distribution Center,4599.0
SO101490,2023-03-22,C0001,Sonoran Cycles Online,DTC,Booked,Credit Card,Phoenix Distribution Center,3299.0
SO101491,2023-03-22,C0001,Sonoran Cycles Online,DTC,Booked,Credit Card,Phoenix Distribution Center,7499.0
SO101492,2023-03-22,C0001,Sonoran Cycles Online,DTC,Booked,Credit Card,Phoenix Distribution Center,3299.0
SO101493,2023-03-22,C0001,Sonoran Cycles Online,DTC,Booked,Credit Card,Phoenix Distribution Center,7499.0
SO101494,2023-03-23,C0006,Tucson Trail Works,Dealer,Booked,Net 30,Phoenix Distribution Center,28638.42
SO101495,2023-03-23,C0018,High Country Bikes,Dealer,Booked,Net 45,Phoenix Distribution Center,25747.36
SO101496,2023-03-23,C0027,Prairie Trail Bikes,Dealer,Booked,Net 30,Phoenix Distribution Center,38184.56
SO101497,2023-03-23,C0025,Lakeshore Bikes,Dealer,Booked,Net 30,Phoenix Distribution Center,26589.94
SO101498,2023-03-23,C0016,Coastal Gravel Co.,Dealer,Booked,Net 30,Phoenix Distribution Center,13646.1
SO101499,2023-03-23,C0019,Front Range Cyclery,Dealer,Booked,Net 30,Phoenix Distribution Center,17852.28
SO101500,2023-03-23,C0011,Cascade Bikes,Dealer,Booked,Net 30,Phoenix Distribution Center,35891.18
SO101501,2023-03-23,C0027,Prairie Trail Bikes,Dealer,Booked,Net 30,Phoenix Distribution Center,21323.66
SO101502,2023-03-23,C0008,Sedona Ride Center,Dealer,Booked,Net 30,Phoenix Distribution Center,57961.32
SO101503,2023-03-23,C0008,Sedona Ride Center,Dealer,Booked,Net 30,Phoenix Distribution Center,49715.94
SO101504,2023-03-23,C0011,Cascade Bikes,Dealer,Booked,Net 30,Phoenix Distribution Center,14256.9
SO101505,2023-03-23,C0031,Pisgah Bike Co.,Dealer,Booked,Net 45,Phoenix Distribution Center,22383.94
SO101506,2023-03-23,C0015,Sierra Cycle Works,Dealer,Booked,Net 30,Phoenix Distribution Center,28266.42
SO101507,2023-03-23,C0019,Front Range Cyclery,Dealer,Booked,Net 30,Phoenix Distribution Center,32604.56
SO101508,2023-03-23,C0015,Sierra Cycle Works,Dealer,Booked,Net 30,Phoenix Distribution Center,34589.8
SO101509,2023-03-23,C0001,Sonoran Cycles Online,DTC,Booked,Credit Card,Phoenix Distribution Center,4599.0
SO101510,2023-03-23,C0001,Sonoran Cycles Online,DTC,Booked,Credit Card,Phoenix Distribution Center,12398.0
SO101511,2023-03-23,C0001,Sonoran Cycles Online,DTC,Booked,Credit Card,Phoenix Distribution Center,4599.0
SO101512,2023-03-23,C0001,Sonoran Cycles Online,DTC,Booked,Credit Card,Phoenix Distribution Center,7499.0
SO101513,2023-03-23,C0001,Sonoran Cycles Online,DTC,Booked,Credit Card,Phoenix Distribution Center,4599.0
SO101514,2023-03-23,C0001,Sonoran Cycles Online,DTC,Booked,Credit Card,Phoenix Distribution Center,7499.0
SO101515,2023-03-23,C0001,Sonoran Cycles Online,DTC,Booked,Credit Card,Phoenix Distribution Center,3299.0
SO101516,2023-03-23,C0001,Sonoran Cycles Online,DTC,Booked,Credit Card,Phoenix Distribution Center,5199.0
SO101517,2023-03-23,C0001,Sonoran Cycles Online,DTC,Booked,Credit Card,Phoenix Distribution Center,4599.0
SO101518,2023-03-24,C0033,Appalachian Bikes,Dealer,Booked,Net 30,Phoenix Distribution Center,40043.32
SO101519,2023-03-24,C0020,Alpine Ride Co.,Dealer,Booked,Net 30,Phoenix Distribution Center,21818.42
SO101520,2023-03-24,C0008,Sedona Ride Center,Dealer,Booked,Net 30,Phoenix Distribution Center,11468.14
SO101521,2023-03-24,C0002,Desert Trail Bikes,Dealer,Booked,Net 45,Phoenix Distribution Center,45927.3
SO101522,2023-03-24,C0020,Alpine Ride Co.,Dealer,Booked,Net 30,Phoenix Distribution Center,29256.56
SO101523,2023-03-24,C0009,Las Cruces Cycling,Dealer,Booked,Net 30,Phoenix Distribution Center,47958.95
SO101524,2023-03-24,C0031,Pisgah Bike Co.,Dealer,Booked,Net 45,Phoenix Distribution Center,39085.04
SO101525,2023-03-24,C0024,Teton Cycling,Dealer,Booked,Net 30,Phoenix Distribution Center,20209.8
SO101526,2023-03-24,C0012,Rain City Cycles,Dealer,Booked,Net 30,Phoenix Distribution Center,31907.85
SO101527,2023-03-24,C0020,Alpine Ride Co.,Dealer,Booked,Net 30,Phoenix Distribution Center,10660.9
SO101528,2023-03-24,C0015,Sierra Cycle Works,Dealer,Booked,Net 30,Phoenix Distribution Center,30063.8
SO101529,2023-03-24,C0027,Prairie Trail Bikes,Dealer,Booked,Net 30,Phoenix Distribution Center,27894.42
SO101530,2023-03-24,C0002,Desert Trail Bikes,Dealer,Booked,Net 45,Phoenix Distribution Center,12989.1
SO101531,2023-03-24,C0027,Prairie Trail Bikes,Dealer,Booked,Net 30,Phoenix Distribution Center,25787.04
SO101532,2023-03-24,C0027,Prairie Trail Bikes,Dealer,Booked,Net 30,Phoenix Distribution Center,17852.28
SO101533,2023-03-24,C0015,Sierra Cycle Works,Dealer,Booked,Net 30,Phoenix Distribution Center,42027.94
SO101534,2023-03-24,C0003,Cactus Cycling,Dealer,Booked,Net 30,Phoenix Distribution Center,25167.04
SO101535,2023-03-24,C0001,Sonoran Cycles Online,DTC,Booked,Credit Card,Phoenix Distribution Center,4599.0
SO101536,2023-03-24,C0001,Sonoran Cycles Online,DTC,Booked,Credit Card,Phoenix Distribution Center,3299.0
SO101537,2023-03-24,C0001,Sonoran Cycles Online,DTC,Booked,Credit Card,Phoenix Distribution Center,4599.0
SO101538,2023-03-24,C0001,Sonoran Cycles Online,DTC,Booked,Credit Card,Phoenix Distribution Center,6199.0
SO101539,2023-03-24,C0001,Sonoran Cycles Online,DTC,Booked,Credit Card,Phoenix Distribution Center,7898.0
SO101540,2023-03-24,C0001,Sonoran Cycles Online,DTC,Booked,Credit Card,Phoenix Distribution Center,5199.0
SO101541,2023-03-24,C0001,Sonoran Cycles Online,DTC,Booked,Credit Card,Phoenix Distribution Center,3499.0
SO101542,2023-03-24,C0001,Sonoran Cycles Online,DTC,Booked,Credit Card,Phoenix Distribution Center,6199.0
SO101543,2023-03-24,C0001,Sonoran Cycles Online,DTC,Booked,Credit Card,Phoenix Distribution Center,4599.0
SO101544,2023-03-24,C0001,Sonoran Cycles Online,DTC,Booked,Credit Card,Phoenix Distribution Center,7499.0
SO101545,2023-03-24,C0001,Sonoran Cycles Online,DTC,Booked,Credit Card,Phoenix Distribution Center,4599.0
SO101546,2023-03-25,C0010,Evergreen Cyclery,Dealer,Booked,Net 45,Phoenix Distribution Center,22266.2
SO101547,2023-03-25,C0033,Appalachian Bikes,Dealer,Booked,Net 30,Phoenix Distribution Center,29257.8
SO101548,2023-03-25,C0017,Bay Mountain Bikes,Dealer,Booked,Net 30,Phoenix Distribution Center,16240.9
SO101549,2023-03-25,C0022,Wasatch Wheel Works,Dealer,Booked,Net 30,Phoenix Distribution Center,29133.8
SO101550,2023-03-25,C0031,Pisgah Bike Co.,Dealer,Booked,Net 45,Phoenix Distribution Center,28878.78
SO101551,2023-03-25,C0001,Sonoran Cycles Online,DTC,Booked,Credit Card,Phoenix Distribution Center,6199.0
SO101552,2023-03-25,C0001,Sonoran Cycles Online,DTC,Booked,Credit Card,Phoenix Distribution Center,4599.0
SO101553,2023-03-25,C0001,Sonoran Cycles Online,DTC,Booked,Credit Card,Phoenix Distribution Center,9198.0
SO101554,2023-03-25,C0001,Sonoran Cycles Online,DTC,Booked,Credit Card,Phoenix Distribution Center,5199.0
SO101555,2023-03-25,C0001,Sonoran Cycles Online,DTC,Booked,Credit Card,Phoenix Distribution Center,5199.0
SO101556,2023-03-25,C0001,Sonoran Cycles Online,DTC,Booked,Credit Card,Phoenix Distribution Center,4599.0
SO101557,2023-03-25,C0001,Sonoran Cycles Online,DTC,Booked,Credit Card,Phoenix Distribution Center,4599.0
SO101558,2023-03-25,C0001,Sonoran Cycles Online,DTC,Booked,Credit Card,Phoenix Distribution Center,7499.0
SO101559,2023-03-25,C0001,Sonoran Cycles Online,DTC,Booked,Credit Card,Phoenix Distribution Center,3299.0
SO101560,2023-03-25,C0001,Sonoran Cycles Online,DTC,Booked,Credit Card,Phoenix Distribution Center,10398.0
SO101561,2023-03-25,C0001,Sonoran Cycles Online,DTC,Booked,Credit Card,Phoenix Distribution Center,7499.0
SO101562,2023-03-25,C0001,Sonoran Cycles Online,DTC,Booked,Credit Card,Phoenix Distribution Center,5199.0
SO101563,2023-03-26,C0028,Windy City Cycles,Dealer,Booked,Net 30,Phoenix Distribution Center,19235.45
SO101564,2023-03-26,C0032,Southern Singletrack,Dealer,Booked,Net 30,Phoenix Distribution Center,14101.75
SO101565,2023-03-26,C0001,Sonoran Cycles Online,DTC,Booked,Credit Card,Phoenix Distribution Center,4599.0
SO101566,2023-03-26,C0001,Sonoran Cycles Online,DTC,Booked,Credit Card,Phoenix Distribution Center,3299.0
SO101567,2023-03-26,C0001,Sonoran Cycles Online,DTC,Booked,Credit Card,Phoenix Distribution Center,9198.0
SO101568,2023-03-26,C0001,Sonoran Cycles Online,DTC,Booked,Credit Card,Phoenix Distribution Center,3999.0
SO101569,2023-03-26,C0001,Sonoran Cycles Online,DTC,Booked,Credit Card,Phoenix Distribution Center,3499.0
SO101570,2023-03-26,C0001,Sonoran Cycles Online,DTC,Booked,Credit Card,Phoenix Distribution Center,5199.0
SO101571,2023-03-26,C0001,Sonoran Cycles Online,DTC,Booked,Credit Card,Phoenix Distribution Center,7499.0
SO101572,2023-03-26,C0001,Sonoran Cycles Online,DTC,Booked,Credit Card,Phoenix Distribution Center,4599.0
SO101573,2023-03-26,C0001,Sonoran Cycles Online,DTC,Booked,Credit Card,Phoenix Distribution Center,6199.0
SO101574,2023-03-26,C0001,Sonoran Cycles Online,DTC,Booked,Credit Card,Phoenix Distribution Center,4599.0
SO101575,2023-03-26,C0001,Sonoran Cycles Online,DTC,Booked,Credit Card,Phoenix Distribution Center,3299.0
SO101576,2023-03-26,C0001,Sonoran Cycles Online,DTC,Booked,Credit Card,Phoenix Distribution Center,3299.0
SO101577,2023-03-26,C0001,Sonoran Cycles Online,DTC,Booked,Credit Card,Phoenix Distribution Center,9198.0
SO101578,2023-03-27,C0014,Redwood Ride Shop,Dealer,Booked,Net 30,Phoenix Distribution Center,47668.08
SO101579,2023-03-27,C0002,Desert Trail Bikes,Dealer,Booked,Net 45,Phoenix Distribution Center,26675.36
SO101580,2023-03-27,C0020,Alpine Ride Co.,Dealer,Booked,Net 30,Phoenix Distribution Center,6136.14
SO101581,2023-03-27,C0034,Green Mountain Bikes,Dealer,Booked,Net 30,Phoenix Distribution Center,11962.9
SO101582,2023-03-27,C0025,Lakeshore Bikes,Dealer,Booked,Net 30,Phoenix Distribution Center,30805.32
SO101583,2023-03-27,C0013,Pacific Trail Bikes,Dealer,Booked,Net 45,Phoenix Distribution Center,20006.52
SO101584,2023-03-27,C0017,Bay Mountain Bikes,Dealer,Booked,Net 30,Phoenix Distribution Center,24423.66
SO101585,2023-03-27,C0031,Pisgah Bike Co.,Dealer,Booked,Net 45,Phoenix Distribution Center,31198.78
SO101586,2023-03-27,C0008,Sedona Ride Center,Dealer,Booked,Net 30,Phoenix Distribution Center,57092.7
SO101587,2023-03-27,C0016,Coastal Gravel Co.,Dealer,Booked,Net 30,Phoenix Distribution Center,34245.9
SO101588,2023-03-27,C0022,Wasatch Wheel Works,Dealer,Booked,Net 30,Phoenix Distribution Center,15372.9
SO101589,2023-03-27,C0006,Tucson Trail Works,Dealer,Booked,Net 30,Phoenix Distribution Center,37439.94
SO101590,2023-03-27,C0033,Appalachian Bikes,Dealer,Booked,Net 30,Phoenix Distribution Center,8554.14
SO101591,2023-03-27,C0017,Bay Mountain Bikes,Dealer,Booked,Net 30,Phoenix Distribution Center,27647.04
SO101592,2023-03-27,C0020,Alpine Ride Co.,Dealer,Booked,Net 30,Phoenix Distribution Center,22314.42
SO101593,2023-03-27,C0002,Desert Trail Bikes,Dealer,Booked,Net 45,Phoenix Distribution Center,25283.36
SO101594,2023-03-27,C0002,Desert Trail Bikes,Dealer,Booked,Net 45,Phoenix Distribution Center,20063.94
SO101595,2023-03-27,C0015,Sierra Cycle Works,Dealer,Booked,Net 30,Phoenix Distribution Center,30745.8
SO101596,2023-03-27,C0013,Pacific Trail Bikes,Dealer,Booked,Net 45,Phoenix Distribution Center,11714.26
SO101597,2023-03-27,C0036,Pine Tree Bicycles,Dealer,Booked,Net 30,Phoenix Distribution Center,17546.75
SO101598,2023-03-27,C0001,Sonoran Cycles Online,DTC,Booked,Credit Card,Phoenix Distribution Center,6199.0
SO101599,2023-03-27,C0001,Sonoran Cycles Online,DTC,Booked,Credit Card,Phoenix Distribution Center,3299.0
SO101600,2023-03-27,C0001,Sonoran Cycles Online,DTC,Booked,Credit Card,Phoenix Distribution Center,3299.0
SO101601,2023-03-27,C0001,Sonoran Cycles Online,DTC,Booked,Credit Card,Phoenix Distribution Center,7499.0
SO101602,2023-03-27,C0001,Sonoran Cycles Online,DTC,Booked,Credit Card,Phoenix Distribution Center,3299.0
SO101603,2023-03-27,C0001,Sonoran Cycles Online,DTC,Booked,Credit Card,Phoenix Distribution Center,3499.0
SO101604,2023-03-27,C0001,Sonoran Cycles Online,DTC,Booked,Credit Card,Phoenix Distribution Center,4599.0
SO101605,2023-03-27,C0001,Sonoran Cycles Online,DTC,Booked,Credit Card,Phoenix Distribution Center,5199.0
SO101606,2023-03-28,C0024,Teton Cycling,Dealer,Booked,Net 30,Phoenix Distribution Center,24564.8
SO101607,2023-03-28,C0031,Pisgah Bike Co.,Dealer,Booked,Net 45,Phoenix Distribution Center,30734.2
SO101608,2023-03-28,C0017,Bay Mountain Bikes,Dealer,Booked,Net 30,Phoenix Distribution Center,20703.04
SO101609,2023-03-28,C0022,Wasatch Wheel Works,Dealer,Booked,Net 30,Phoenix Distribution Center,44754.7
SO101610,2023-03-28,C0026,Great Lakes Cyclery,Dealer,Booked,Net 30,Phoenix Distribution Center,46465.25
SO101611,2023-03-28,C0006,Tucson Trail Works,Dealer,Booked,Net 30,Phoenix Distribution Center,72154.36
SO101612,2023-03-28,C0002,Desert Trail Bikes,Dealer,Booked,Net 45,Phoenix Distribution Center,11017.68
SO101613,2023-03-28,C0027,Prairie Trail Bikes,Dealer,Booked,Net 30,Phoenix Distribution Center,16240.9
SO101614,2023-03-28,C0030,Blue Ridge Cycles,Dealer,Booked,Net 30,Phoenix Distribution Center,37253.94
SO101615,2023-03-28,C0011,Cascade Bikes,Dealer,Booked,Net 30,Phoenix Distribution Center,25787.04
SO101616,2023-03-28,C0013,Pacific Trail Bikes,Dealer,Booked,Net 45,Phoenix Distribution Center,34504.78
SO101617,2023-03-28,C0022,Wasatch Wheel Works,Dealer,Booked,Net 30,Phoenix Distribution Center,25662.42
SO101618,2023-03-28,C0034,Green Mountain Bikes,Dealer,Booked,Net 30,Phoenix Distribution Center,13884.28
SO101619,2023-03-28,C0015,Sierra Cycle Works,Dealer,Booked,Net 30,Phoenix Distribution Center,16116.9
SO101620,2023-03-28,C0011,Cascade Bikes,Dealer,Booked,Net 30,Phoenix Distribution Center,36573.18
SO101621,2023-03-28,C0024,Teton Cycling,Dealer,Booked,Net 30,Phoenix Distribution Center,8837.4
SO101622,2023-03-28,C0036,Pine Tree Bicycles,Dealer,Booked,Net 30,Phoenix Distribution Center,11566.75
SO101623,2023-03-28,C0034,Green Mountain Bikes,Dealer,Booked,Net 30,Phoenix Distribution Center,15868.9
SO101624,2023-03-28,C0020,Alpine Ride Co.,Dealer,Booked,Net 30,Phoenix Distribution Center,16797.66
SO101625,2023-03-28,C0021,Rocky Peak Cycles,Dealer,Booked,Net 30,Phoenix Distribution Center,23915.45
SO101626,2023-03-28,C0001,Sonoran Cycles Online,DTC,Booked,Credit Card,Phoenix Distribution Center,4599.0
SO101627,2023-03-28,C0001,Sonoran Cycles Online,DTC,Booked,Credit Card,Phoenix Distribution Center,4599.0
SO101628,2023-03-28,C0001,Sonoran Cycles Online,DTC,Booked,Credit Card,Phoenix Distribution Center,3499.0
SO101629,2023-03-28,C0001,Sonoran Cycles Online,DTC,Booked,Credit Card,Phoenix Distribution Center,4599.0
SO101630,2023-03-28,C0001,Sonoran Cycles Online,DTC,Booked,Credit Card,Phoenix Distribution Center,4599.0
SO101631,2023-03-28,C0001,Sonoran Cycles Online,DTC,Booked,Credit Card,Phoenix Distribution Center,6199.0
SO101632,2023-03-28,C0001,Sonoran Cycles Online,DTC,Booked,Credit Card,Phoenix Distribution Center,3299.0
SO101633,2023-03-28,C0001,Sonoran Cycles Online,DTC,Booked,Credit Card,Phoenix Distribution Center,6199.0
SO101634,2023-03-28,C0001,Sonoran Cycles Online,DTC,Booked,Credit Card,Phoenix Distribution Center,3299.0
SO101635,2023-03-29,C0030,Blue Ridge Cycles,Dealer,Booked,Net 30,Phoenix Distribution Center,45188.7
SO101636,2023-03-29,C0034,Green Mountain Bikes,Dealer,Booked,Net 30,Phoenix Distribution Center,37997.32
SO101637,2023-03-29,C0020,Alpine Ride Co.,Dealer,Booked,Net 30,Phoenix Distribution Center,6136.14
SO101638,2023-03-29,C0029,River Bend Bikes,Dealer,Booked,Net 30,Phoenix Distribution Center,39382.85
SO101639,2023-03-29,C0034,Green Mountain Bikes,Dealer,Booked,Net 30,Phoenix Distribution Center,8181.52
SO101640,2023-03-29,C0002,Desert Trail Bikes,Dealer,Booked,Net 45,Phoenix Distribution Center,33981.62
SO101641,2023-03-29,C0009,Las Cruces Cycling,Dealer,Booked,Net 30,Phoenix Distribution Center,43671.55
SO101642,2023-03-29,C0027,Prairie Trail Bikes,Dealer,Booked,Net 30,Phoenix Distribution Center,25600.42
SO101643,2023-03-29,C0003,Cactus Cycling,Dealer,Booked,Net 30,Phoenix Distribution Center,34589.18
SO101644,2023-03-29,C0014,Redwood Ride Shop,Dealer,Booked,Net 30,Phoenix Distribution Center,13140.28
SO101645,2023-03-29,C0020,Alpine Ride Co.,Dealer,Booked,Net 30,Phoenix Distribution Center,12272.9
SO101646,2023-03-29,C0007,Red Rock Cycles,Dealer,Booked,Net 30,Phoenix Distribution Center,26904.15
SO101647,2023-03-29,C0034,Green Mountain Bikes,Dealer,Booked,Net 30,Phoenix Distribution Center,31239.94
SO101648,2023-03-29,C0003,Cactus Cycling,Dealer,Booked,Net 30,Phoenix Distribution Center,38866.56
SO101649,2023-03-29,C0013,Pacific Trail Bikes,Dealer,Booked,Net 45,Phoenix Distribution Center,28183.94
SO101650,2023-03-29,C0020,Alpine Ride Co.,Dealer,Booked,Net 30,Phoenix Distribution Center,21694.42
SO101651,2023-03-29,C0015,Sierra Cycle Works,Dealer,Booked,Net 30,Phoenix Distribution Center,34464.56
SO101652,2023-03-29,C0002,Desert Trail Bikes,Dealer,Booked,Net 45,Phoenix Distribution Center,28762.78
SO101653,2023-03-29,C0001,Sonoran Cycles Online,DTC,Booked,Credit Card,Phoenix Distribution Center,5199.0
SO101654,2023-03-29,C0001,Sonoran Cycles Online,DTC,Booked,Credit Card,Phoenix Distribution Center,3999.0
SO101655,2023-03-29,C0001,Sonoran Cycles Online,DTC,Booked,Credit Card,Phoenix Distribution Center,3299.0
SO101656,2023-03-29,C0001,Sonoran Cycles Online,DTC,Booked,Credit Card,Phoenix Distribution Center,4599.0
SO101657,2023-03-29,C0001,Sonoran Cycles Online,DTC,Booked,Credit Card,Phoenix Distribution Center,6199.0
SO101658,2023-03-29,C0001,Sonoran Cycles Online,DTC,Booked,Credit Card,Phoenix Distribution Center,7499.0
SO101659,2023-03-29,C0001,Sonoran Cycles Online,DTC,Booked,Credit Card,Phoenix Distribution Center,7499.0
SO101660,2023-03-29,C0001,Sonoran Cycles Online,DTC,Booked,Credit Card,Phoenix Distribution Center,4599.0
SO101661,2023-03-29,C0001,Sonoran Cycles Online,DTC,Booked,Credit Card,Phoenix Distribution Center,6199.0
SO101662,2023-03-29,C0001,Sonoran Cycles Online,DTC,Booked,Credit Card,Phoenix Distribution Center,6199.0
SO101663,2023-03-30,C0033,Appalachian Bikes,Dealer,Booked,Net 30,Phoenix Distribution Center,17852.28
SO101664,2023-03-30,C0002,Desert Trail Bikes,Dealer,Booked,Net 45,Phoenix Distribution Center,21629.36
SO101665,2023-03-30,C0027,Prairie Trail Bikes,Dealer,Booked,Net 30,Phoenix Distribution Center,27150.42
SO101666,2023-03-30,C0028,Windy City Cycles,Dealer,Booked,Net 30,Phoenix Distribution Center,18066.75
SO101667,2023-03-30,C0022,Wasatch Wheel Works,Dealer,Booked,Net 30,Phoenix Distribution Center,8554.14
SO101668,2023-03-30,C0031,Pisgah Bike Co.,Dealer,Booked,Net 45,Phoenix Distribution Center,29458.2
SO101669,2023-03-30,C0031,Pisgah Bike Co.,Dealer,Booked,Net 45,Phoenix Distribution Center,15077.1
SO101670,2023-03-30,C0010,Evergreen Cyclery,Dealer,Booked,Net 45,Phoenix Distribution Center,27891.04
SO101671,2023-03-30,C0027,Prairie Trail Bikes,Dealer,Booked,Net 30,Phoenix Distribution Center,16736.9
SO101672,2023-03-30,C0030,Blue Ridge Cycles,Dealer,Booked,Net 30,Phoenix Distribution Center,33101.18
SO101673,2023-03-30,C0003,Cactus Cycling,Dealer,Booked,Net 30,Phoenix Distribution Center,7748.14
SO101674,2023-03-30,C0025,Lakeshore Bikes,Dealer,Booked,Net 30,Phoenix Distribution Center,30061.94
SO101675,2023-03-30,C0010,Evergreen Cyclery,Dealer,Booked,Net 45,Phoenix Distribution Center,23773.04
SO101676,2023-03-30,C0015,Sierra Cycle Works,Dealer,Booked,Net 30,Phoenix Distribution Center,8554.14
SO101677,2023-03-30,C0008,Sedona Ride Center,Dealer,Booked,Net 30,Phoenix Distribution Center,25478.28
SO101678,2023-03-30,C0029,River Bend Bikes,Dealer,Booked,Net 30,Phoenix Distribution Center,24955.45
SO101679,2023-03-30,C0027,Prairie Trail Bikes,Dealer,Booked,Net 30,Phoenix Distribution Center,21819.66
SO101680,2023-03-30,C0031,Pisgah Bike Co.,Dealer,Booked,Net 45,Phoenix Distribution Center,35141.04
SO101681,2023-03-30,C0023,Bozeman Bike Works,Dealer,Booked,Net 30,Phoenix Distribution Center,31129.8
SO101682,2023-03-30,C0008,Sedona Ride Center,Dealer,Booked,Net 30,Phoenix Distribution Center,20828.9
SO101683,2023-03-30,C0001,Sonoran Cycles Online,DTC,Booked,Credit Card,Phoenix Distribution Center,3999.0
SO101684,2023-03-30,C0001,Sonoran Cycles Online,DTC,Booked,Credit Card,Phoenix Distribution Center,4599.0
SO101685,2023-03-30,C0001,Sonoran Cycles Online,DTC,Booked,Credit Card,Phoenix Distribution Center,5199.0
SO101686,2023-03-30,C0001,Sonoran Cycles Online,DTC,Booked,Credit Card,Phoenix Distribution Center,3299.0
SO101687,2023-03-30,C0001,Sonoran Cycles Online,DTC,Booked,Credit Card,Phoenix Distribution Center,4599.0
SO101688,2023-03-30,C0001,Sonoran Cycles Online,DTC,Booked,Credit Card,Phoenix Distribution Center,3299.0
SO101689,2023-03-30,C0001,Sonoran Cycles Online,DTC,Booked,Credit Card,Phoenix Distribution Center,4599.0
SO101690,2023-03-30,C0001,Sonoran Cycles Online,DTC,Booked,Credit Card,Phoenix Distribution Center,3299.0
SO101691,2023-03-30,C0001,Sonoran Cycles Online,DTC,Booked,Credit Card,Phoenix Distribution Center,4599.0
SO101692,2023-03-31,C0010,Evergreen Cyclery,Dealer,Booked,Net 45,Phoenix Distribution Center,9973.68
SO101693,2023-03-31,C0011,Cascade Bikes,Dealer,Booked,Net 30,Phoenix Distribution Center,28762.42
SO101694,2023-03-31,C0017,Bay Mountain Bikes,Dealer,Booked,Net 30,Phoenix Distribution Center,10538.14
SO101695,2023-03-31,C0005,Mesa Mountain Bikes,Dealer,Booked,Net 30,Phoenix Distribution Center,24954.15
SO101696,2023-03-31,C0036,Pine Tree Bicycles,Dealer,Booked,Net 30,Phoenix Distribution Center,33468.5
SO101697,2023-03-31,C0003,Cactus Cycling,Dealer,Booked,Net 30,Phoenix Distribution Center,27459.18
SO101698,2023-03-31,C0033,Appalachian Bikes,Dealer,Booked,Net 30,Phoenix Distribution Center,14256.9
SO101699,2023-03-31,C0022,Wasatch Wheel Works,Dealer,Booked,Net 30,Phoenix Distribution Center,35704.56
SO101700,2023-03-31,C0015,Sierra Cycle Works,Dealer,Booked,Net 30,Phoenix Distribution Center,9918.14
SO101701,2023-03-31,C0002,Desert Trail Bikes,Dealer,Booked,Net 45,Phoenix Distribution Center,11597.68
SO101702,2023-03-31,C0033,Appalachian Bikes,Dealer,Booked,Net 30,Phoenix Distribution Center,40851.8
SO101703,2023-03-31,C0033,Appalachian Bikes,Dealer,Booked,Net 30,Phoenix Distribution Center,10538.14
SO101704,2023-03-31,C0030,Blue Ridge Cycles,Dealer,Booked,Net 30,Phoenix Distribution Center,6694.76
SO101705,2023-03-31,C0006,Tucson Trail Works,Dealer,Booked,Net 30,Phoenix Distribution Center,23617.04
SO101706,2023-03-31,C0032,Southern Singletrack,Dealer,Booked,Net 30,Phoenix Distribution Center,28723.5
SO101707,2023-03-31,C0031,Pisgah Bike Co.,Dealer,Booked,Net 45,Phoenix Distribution Center,39780.46
SO101708,2023-03-31,C0001,Sonoran Cycles Online,DTC,Booked,Credit Card,Phoenix Distribution Center,7499.0
SO101709,2023-03-31,C0001,Sonoran Cycles Online,DTC,Booked,Credit Card,Phoenix Distribution Center,9198.0
SO101710,2023-03-31,C0001,Sonoran Cycles Online,DTC,Booked,Credit Card,Phoenix Distribution Center,5199.0
SO101711,2023-03-31,C0001,Sonoran Cycles Online,DTC,Booked,Credit Card,Phoenix Distribution Center,4599.0
SO101712,2023-03-31,C0001,Sonoran Cycles Online,DTC,Booked,Credit Card,Phoenix Distribution Center,4599.0
SO101713,2023-03-31,C0001,Sonoran Cycles Online,DTC,Booked,Credit Card,Phoenix Distribution Center,12098.0
SO101714,2023-03-31,C0001,Sonoran Cycles Online,DTC,Booked,Credit Card,Phoenix Distribution Center,4599.0
SO101715,2023-03-31,C0001,Sonoran Cycles Online,DTC,Booked,Credit Card,Phoenix Distribution Center,5199.0
SO101716,2023-03-31,C0001,Sonoran Cycles Online,DTC,Booked,Credit Card,Phoenix Distribution Center,3999.0
SO101717,2023-03-31,C0001,Sonoran Cycles Online,DTC,Booked,Credit Card,Phoenix Distribution Center,4599.0
SO101718,2023-04-01,C0027,Prairie Trail Bikes,Dealer,Booked,Net 30,Phoenix Distribution Center,41407.94
SO101719,2023-04-01,C0020,Alpine Ride Co.,Dealer,Booked,Net 30,Phoenix Distribution Center,15186.28
SO101720,2023-04-01,C0011,Cascade Bikes,Dealer,Booked,Net 30,Phoenix Distribution Center,40043.94
SO101721,2023-04-01,C0018,High Country Bikes,Dealer,Booked,Net 45,Phoenix Distribution Center,27835.36
SO101722,2023-04-01,C0021,Rocky Peak Cycles,Dealer,Booked,Net 30,Phoenix Distribution Center,24499.15
SO101723,2023-04-01,C0025,Lakeshore Bikes,Dealer,Booked,Net 30,Phoenix Distribution Center,10660.9
SO101724,2023-04-01,C0001,Sonoran Cycles Online,DTC,Booked,Credit Card,Phoenix Distribution Center,4599.0
SO101725,2023-04-01,C0001,Sonoran Cycles Online,DTC,Booked,Credit Card,Phoenix Distribution Center,7499.0
SO101726,2023-04-01,C0001,Sonoran Cycles Online,DTC,Booked,Credit Card,Phoenix Distribution Center,4599.0
SO101727,2023-04-01,C0001,Sonoran Cycles Online,DTC,Booked,Credit Card,Phoenix Distribution Center,5199.0
SO101728,2023-04-01,C0001,Sonoran Cycles Online,DTC,Booked,Credit Card,Phoenix Distribution Center,4599.0
SO101729,2023-04-01,C0001,Sonoran Cycles Online,DTC,Booked,Credit Card,Phoenix Distribution Center,4599.0
SO101730,2023-04-01,C0001,Sonoran Cycles Online,DTC,Booked,Credit Card,Phoenix Distribution Center,4599.0
SO101731,2023-04-01,C0001,Sonoran Cycles Online,DTC,Booked,Credit Card,Phoenix Distribution Center,4599.0
SO101732,2023-04-01,C0001,Sonoran Cycles Online,DTC,Booked,Credit Card,Phoenix Distribution Center,4599.0
SO101733,2023-04-01,C0001,Sonoran Cycles Online,DTC,Booked,Credit Card,Phoenix Distribution Center,6199.0
SO101734,2023-04-01,C0001,Sonoran Cycles Online,DTC,Booked,Credit Card,Phoenix Distribution Center,4599.0
SO101735,2023-04-01,C0001,Sonoran Cycles Online,DTC,Booked,Credit Card,Phoenix Distribution Center,4599.0
SO101736,2023-04-01,C0001,Sonoran Cycles Online,DTC,Booked,Credit Card,Phoenix Distribution Center,4599.0
SO101737,2023-04-01,C0001,Sonoran Cycles Online,DTC,Booked,Credit Card,Phoenix Distribution Center,4599.0
SO101738,2023-04-01,C0001,Sonoran Cycles Online,DTC,Booked,Credit Card,Phoenix Distribution Center,5199.0
SO101739,2023-04-02,C0024,Teton Cycling,Dealer,Booked,Net 30,Phoenix Distribution Center,17221.75
SO101740,2023-04-02,C0002,Desert Trail Bikes,Dealer,Booked,Net 45,Phoenix Distribution Center,10669.68
SO101741,2023-04-02,C0001,Sonoran Cycles Online,DTC,Booked,Credit Card,Phoenix Distribution Center,3499.0
SO101742,2023-04-02,C0001,Sonoran Cycles Online,DTC,Booked,Credit Card,Phoenix Distribution Center,3499.0
SO101743,2023-04-02,C0001,Sonoran Cycles Online,DTC,Booked,Credit Card,Phoenix Distribution Center,3999.0
SO101744,2023-04-02,C0001,Sonoran Cycles Online,DTC,Booked,Credit Card,Phoenix Distribution Center,3299.0
SO101745,2023-04-02,C0001,Sonoran Cycles Online,DTC,Booked,Credit Card,Phoenix Distribution Center,11398.0
SO101746,2023-04-02,C0001,Sonoran Cycles Online,DTC,Booked,Credit Card,Phoenix Distribution Center,3499.0
SO101747,2023-04-02,C0001,Sonoran Cycles Online,DTC,Booked,Credit Card,Phoenix Distribution Center,4599.0
SO101748,2023-04-02,C0001,Sonoran Cycles Online,DTC,Booked,Credit Card,Phoenix Distribution Center,10097.0
SO101749,2023-04-02,C0001,Sonoran Cycles Online,DTC,Booked,Credit Card,Phoenix Distribution Center,5199.0
SO101750,2023-04-02,C0001,Sonoran Cycles Online,DTC,Booked,Credit Card,Phoenix Distribution Center,7499.0
SO101751,2023-04-02,C0001,Sonoran Cycles Online,DTC,Booked,Credit Card,Phoenix Distribution Center,6598.0
SO101752,2023-04-02,C0001,Sonoran Cycles Online,DTC,Booked,Credit Card,Phoenix Distribution Center,5199.0
SO101753,2023-04-02,C0001,Sonoran Cycles Online,DTC,Booked,Credit Card,Phoenix Distribution Center,6199.0
SO101754,2023-04-02,C0001,Sonoran Cycles Online,DTC,Booked,Credit Card,Phoenix Distribution Center,5199.0
SO101755,2023-04-02,C0001,Sonoran Cycles Online,DTC,Booked,Credit Card,Phoenix Distribution Center,6199.0
SO101756,2023-04-02,C0001,Sonoran Cycles Online,DTC,Booked,Credit Card,Phoenix Distribution Center,3299.0
SO101757,2023-04-02,C0001,Sonoran Cycles Online,DTC,Booked,Credit Card,Phoenix Distribution Center,3299.0
SO101758,2023-04-02,C0001,Sonoran Cycles Online,DTC,Booked,Credit Card,Phoenix Distribution Center,5199.0
SO101759,2023-04-02,C0001,Sonoran Cycles Online,DTC,Booked,Credit Card,Phoenix Distribution Center,5199.0
SO101760,2023-04-03,C0010,Evergreen Cyclery,Dealer,Booked,Net 45,Phoenix Distribution Center,27310.46
SO101761,2023-04-03,C0002,Desert Trail Bikes,Dealer,Booked,Net 45,Phoenix Distribution Center,27370.2
SO101762,2023-04-03,C0033,Appalachian Bikes,Dealer,Booked,Net 30,Phoenix Distribution Center,47979.32
SO101763,2023-04-03,C0027,Prairie Trail Bikes,Dealer,Booked,Net 30,Phoenix Distribution Center,20828.28
SO101764,2023-04-03,C0010,Evergreen Cyclery,Dealer,Booked,Net 45,Phoenix Distribution Center,30906.46
SO101765,2023-04-03,C0033,Appalachian Bikes,Dealer,Booked,Net 30,Phoenix Distribution Center,27150.42
SO101766,2023-04-03,C0028,Windy City Cycles,Dealer,Booked,Net 30,Phoenix Distribution Center,9812.4
SO101767,2023-04-03,C0033,Appalachian Bikes,Dealer,Booked,Net 30,Phoenix Distribution Center,38369.94
SO101768,2023-04-03,C0031,Pisgah Bike Co.,Dealer,Booked,Net 45,Phoenix Distribution Center,8698.26
SO101769,2023-04-03,C0010,Evergreen Cyclery,Dealer,Booked,Net 45,Phoenix Distribution Center,6494.26
SO101770,2023-04-03,C0013,Pacific Trail Bikes,Dealer,Booked,Net 45,Phoenix Distribution Center,31894.2
SO101771,2023-04-03,C0008,Sedona Ride Center,Dealer,Booked,Net 30,Phoenix Distribution Center,41905.18
SO101772,2023-04-03,C0013,Pacific Trail Bikes,Dealer,Booked,Net 45,Phoenix Distribution Center,29515.62
SO101773,2023-04-03,C0018,High Country Bikes,Dealer,Booked,Net 45,Phoenix Distribution Center,40592.46
SO101774,2023-04-03,C0010,Evergreen Cyclery,Dealer,Booked,Net 45,Phoenix Distribution Center,14612.52
SO101775,2023-04-03,C0016,Coastal Gravel Co.,Dealer,Booked,Net 30,Phoenix Distribution Center,30217.2
SO101776,2023-04-03,C0018,High Country Bikes,Dealer,Booked,Net 45,Phoenix Distribution Center,34040.2
SO101777,2023-04-03,C0036,Pine Tree Bicycles,Dealer,Booked,Net 30,Phoenix Distribution Center,30804.15
SO101778,2023-04-03,C0013,Pacific Trail Bikes,Dealer,Booked,Net 45,Phoenix Distribution Center,46218.46
SO101779,2023-04-03,C0010,Evergreen Cyclery,Dealer,Booked,Net 45,Phoenix Distribution Center,24238.2
SO101780,2023-04-03,C0013,Pacific Trail Bikes,Dealer,Booked,Net 45,Phoenix Distribution Center,36882.78
SO101781,2023-04-03,C0009,Las Cruces Cycling,Dealer,Booked,Net 30,Phoenix Distribution Center,15336.1
SO101782,2023-04-03,C0035,Adirondack Cycles,Dealer,Booked,Net 30,Phoenix Distribution Center,21315.45
SO101783,2023-04-03,C0003,Cactus Cycling,Dealer,Booked,Net 30,Phoenix Distribution Center,31427.18
SO101784,2023-04-03,C0015,Sierra Cycle Works,Dealer,Booked,Net 30,Phoenix Distribution Center,19092.28
SO101785,2023-04-03,C0001,Sonoran Cycles Online,DTC,Booked,Credit Card,Phoenix Distribution Center,6199.0
SO101786,2023-04-03,C0001,Sonoran Cycles Online,DTC,Booked,Credit Card,Phoenix Distribution Center,5199.0
SO101787,2023-04-03,C0001,Sonoran Cycles Online,DTC,Booked,Credit Card,Phoenix Distribution Center,4599.0
SO101788,2023-04-03,C0001,Sonoran Cycles Online,DTC,Booked,Credit Card,Phoenix Distribution Center,3299.0
SO101789,2023-04-03,C0001,Sonoran Cycles Online,DTC,Booked,Credit Card,Phoenix Distribution Center,4599.0
SO101790,2023-04-03,C0001,Sonoran Cycles Online,DTC,Booked,Credit Card,Phoenix Distribution Center,3299.0
SO101791,2023-04-03,C0001,Sonoran Cycles Online,DTC,Booked,Credit Card,Phoenix Distribution Center,3999.0
SO101792,2023-04-03,C0001,Sonoran Cycles Online,DTC,Booked,Credit Card,Phoenix Distribution Center,4599.0
SO101793,2023-04-03,C0001,Sonoran Cycles Online,DTC,Booked,Credit Card,Phoenix Distribution Center,4599.0
SO101794,2023-04-03,C0001,Sonoran Cycles Online,DTC,Booked,Credit Card,Phoenix Distribution Center,9498.0
SO101795,2023-04-03,C0001,Sonoran Cycles Online,DTC,Booked,Credit Card,Phoenix Distribution Center,3499.0
SO101796,2023-04-03,C0001,Sonoran Cycles Online,DTC,Booked,Credit Card,Phoenix Distribution Center,5199.0
SO101797,2023-04-04,C0014,Redwood Ride Shop,Dealer,Booked,Net 30,Phoenix Distribution Center,33348.56
SO101798,2023-04-04,C0033,Appalachian Bikes,Dealer,Booked,Net 30,Phoenix Distribution Center,27894.42
SO101799,2023-04-04,C0002,Desert Trail Bikes,Dealer,Booked,Net 45,Phoenix Distribution Center,33691.04
SO101800,2023-04-04,C0019,Front Range Cyclery,Dealer,Booked,Net 30,Phoenix Distribution Center,17852.28
SO101801,2023-04-04,C0033,Appalachian Bikes,Dealer,Booked,Net 30,Phoenix Distribution Center,29630.42
SO101802,2023-04-04,C0006,Tucson Trail Works,Dealer,Booked,Net 30,Phoenix Distribution Center,12893.52
SO101803,2023-04-04,C0020,Alpine Ride Co.,Dealer,Booked,Net 30,Phoenix Distribution Center,27831.8
SO101804,2023-04-04,C0011,Cascade Bikes,Dealer,Booked,Net 30,Phoenix Distribution Center,23927.04
SO101805,2023-04-04,C0008,Sedona Ride Center,Dealer,Booked,Net 30,Phoenix Distribution Center,61245.46
SO101806,2023-04-04,C0030,Blue Ridge Cycles,Dealer,Booked,Net 30,Phoenix Distribution Center,20703.66
SO101807,2023-04-04,C0013,Pacific Trail Bikes,Dealer,Booked,Net 45,Phoenix Distribution Center,36881.62
SO101808,2023-04-04,C0027,Prairie Trail Bikes,Dealer,Booked,Net 30,Phoenix Distribution Center,24794.42
SO101809,2023-04-04,C0004,Sonoran Bike Co.,Dealer,Booked,Net 30,Phoenix Distribution Center,44879.32
SO101810,2023-04-04,C0027,Prairie Trail Bikes,Dealer,Booked,Net 30,Phoenix Distribution Center,8554.14
SO101811,2023-04-04,C0005,Mesa Mountain Bikes,Dealer,Booked,Net 30,Phoenix Distribution Center,22354.8
SO101812,2023-04-04,C0013,Pacific Trail Bikes,Dealer,Booked,Net 45,Phoenix Distribution Center,24703.94
SO101813,2023-04-04,C0022,Wasatch Wheel Works,Dealer,Booked,Net 30,Phoenix Distribution Center,15372.9
SO101814,2023-04-04,C0008,Sedona Ride Center,Dealer,Booked,Net 30,Phoenix Distribution Center,16365.52
SO101815,2023-04-04,C0035,Adirondack Cycles,Dealer,Booked,Net 30,Phoenix Distribution Center,15077.4
SO101816,2023-04-04,C0006,Tucson Trail Works,Dealer,Booked,Net 30,Phoenix Distribution Center,19836.28
SO101817,2023-04-04,C0006,Tucson Trail Works,Dealer,Booked,Net 30,Phoenix Distribution Center,29135.04
SO101818,2023-04-04,C0007,Red Rock Cycles,Dealer,Booked,Net 30,Phoenix Distribution Center,30284.8
SO101819,2023-04-04,C0013,Pacific Trail Bikes,Dealer,Booked,Net 45,Phoenix Distribution Center,16643.68
SO101820,2023-04-04,C0034,Green Mountain Bikes,Dealer,Booked,Net 30,Phoenix Distribution Center,19463.66
SO101821,2023-04-04,C0014,Redwood Ride Shop,Dealer,Booked,Net 30,Phoenix Distribution Center,14753.52
SO101822,2023-04-04,C0015,Sierra Cycle Works,Dealer,Booked,Net 30,Phoenix Distribution Center,21075.66
SO101823,2023-04-04,C0004,Sonoran Bike Co.,Dealer,Booked,Net 30,Phoenix Distribution Center,33163.18
SO101824,2023-04-04,C0006,Tucson Trail Works,Dealer,Booked,Net 30,Phoenix Distribution Center,17108.28
SO101825,2023-04-04,C0001,Sonoran Cycles Online,DTC,Booked,Credit Card,Phoenix Distribution Center,3299.0
SO101826,2023-04-04,C0001,Sonoran Cycles Online,DTC,Booked,Credit Card,Phoenix Distribution Center,6199.0
SO101827,2023-04-04,C0001,Sonoran Cycles Online,DTC,Booked,Credit Card,Phoenix Distribution Center,4599.0
SO101828,2023-04-04,C0001,Sonoran Cycles Online,DTC,Booked,Credit Card,Phoenix Distribution Center,3299.0
SO101829,2023-04-04,C0001,Sonoran Cycles Online,DTC,Booked,Credit Card,Phoenix Distribution Center,7499.0
SO101830,2023-04-04,C0001,Sonoran Cycles Online,DTC,Booked,Credit Card,Phoenix Distribution Center,5199.0
SO101831,2023-04-04,C0001,Sonoran Cycles Online,DTC,Booked,Credit Card,Phoenix Distribution Center,4599.0
SO101832,2023-04-04,C0001,Sonoran Cycles Online,DTC,Booked,Credit Card,Phoenix Distribution Center,7499.0
SO101833,2023-04-04,C0001,Sonoran Cycles Online,DTC,Booked,Credit Card,Phoenix Distribution Center,5199.0
SO101834,2023-04-04,C0001,Sonoran Cycles Online,DTC,Booked,Credit Card,Phoenix Distribution Center,10798.0
SO101835,2023-04-05,C0017,Bay Mountain Bikes,Dealer,Booked,Net 30,Phoenix Distribution Center,38433.18
SO101836,2023-04-05,C0018,High Country Bikes,Dealer,Booked,Net 45,Phoenix Distribution Center,21687.94
SO101837,2023-04-05,C0002,Desert Trail Bikes,Dealer,Booked,Net 45,Phoenix Distribution Center,9104.26
SO101838,2023-04-05,C0013,Pacific Trail Bikes,Dealer,Booked,Net 45,Phoenix Distribution Center,28531.36
SO101839,2023-04-05,C0018,High Country Bikes,Dealer,Booked,Net 45,Phoenix Distribution Center,44651.88
SO101840,2023-04-05,C0010,Evergreen Cyclery,Dealer,Booked,Net 45,Phoenix Distribution Center,22671.62
SO101841,2023-04-05,C0021,Rocky Peak Cycles,Dealer,Booked,Net 30,Phoenix Distribution Center,33662.85
SO101842,2023-04-05,C0031,Pisgah Bike Co.,Dealer,Booked,Net 45,Phoenix Distribution Center,21919.94
SO101843,2023-04-05,C0015,Sierra Cycle Works,Dealer,Booked,Net 30,Phoenix Distribution Center,24298.42
SO101844,2023-04-05,C0018,High Country Bikes,Dealer,Booked,Net 45,Phoenix Distribution Center,20991.94
SO101845,2023-04-05,C0022,Wasatch Wheel Works,Dealer,Booked,Net 30,Phoenix Distribution Center,22191.66
SO101846,2023-04-05,C0011,Cascade Bikes,Dealer,Booked,Net 30,Phoenix Distribution Center,51202.08
SO101847,2023-04-05,C0010,Evergreen Cyclery,Dealer,Booked,Net 45,Phoenix Distribution Center,29051.04
SO101848,2023-04-05,C0010,Evergreen Cyclery,Dealer,Booked,Net 45,Phoenix Distribution Center,18323.94
SO101849,2023-04-05,C0015,Sierra Cycle Works,Dealer,Booked,Net 30,Phoenix Distribution Center,42151.94
SO101850,2023-04-05,C0015,Sierra Cycle Works,Dealer,Booked,Net 30,Phoenix Distribution Center,35704.56
SO101851,2023-04-05,C0035,Adirondack Cycles,Dealer,Booked,Net 30,Phoenix Distribution Center,40292.2
SO101852,2023-04-05,C0011,Cascade Bikes,Dealer,Booked,Net 30,Phoenix Distribution Center,55106.22
SO101853,2023-04-05,C0022,Wasatch Wheel Works,Dealer,Booked,Net 30,Phoenix Distribution Center,22563.66
SO101854,2023-04-05,C0028,Windy City Cycles,Dealer,Booked,Net 30,Phoenix Distribution Center,32298.5
SO101855,2023-04-05,C0020,Alpine Ride Co.,Dealer,Booked,Net 30,Phoenix Distribution Center,24917.18
SO101856,2023-04-05,C0015,Sierra Cycle Works,Dealer,Booked,Net 30,Phoenix Distribution Center,43080.7
SO101857,2023-04-05,C0030,Blue Ridge Cycles,Dealer,Booked,Net 30,Phoenix Distribution Center,41283.32
SO101858,2023-04-05,C0008,Sedona Ride Center,Dealer,Booked,Net 30,Phoenix Distribution Center,11344.14
SO101859,2023-04-05,C0033,Appalachian Bikes,Dealer,Booked,Net 30,Phoenix Distribution Center,47481.46
SO101860,2023-04-05,C0008,Sedona Ride Center,Dealer,Booked,Net 30,Phoenix Distribution Center,34777.04
SO101861,2023-04-05,C0005,Mesa Mountain Bikes,Dealer,Booked,Net 30,Phoenix Distribution Center,20534.8
SO101862,2023-04-05,C0019,Front Range Cyclery,Dealer,Booked,Net 30,Phoenix Distribution Center,37503.18
SO101863,2023-04-05,C0001,Sonoran Cycles Online,DTC,Booked,Credit Card,Phoenix Distribution Center,4599.0
SO101864,2023-04-05,C0001,Sonoran Cycles Online,DTC,Booked,Credit Card,Phoenix Distribution Center,3499.0
SO101865,2023-04-05,C0001,Sonoran Cycles Online,DTC,Booked,Credit Card,Phoenix Distribution Center,5199.0
SO101866,2023-04-05,C0001,Sonoran Cycles Online,DTC,Booked,Credit Card,Phoenix Distribution Center,5199.0
SO101867,2023-04-05,C0001,Sonoran Cycles Online,DTC,Booked,Credit Card,Phoenix Distribution Center,7499.0
SO101868,2023-04-05,C0001,Sonoran Cycles Online,DTC,Booked,Credit Card,Phoenix Distribution Center,5199.0
SO101869,2023-04-05,C0001,Sonoran Cycles Online,DTC,Booked,Credit Card,Phoenix Distribution Center,3299.0
SO101870,2023-04-05,C0001,Sonoran Cycles Online,DTC,Booked,Credit Card,Phoenix Distribution Center,4599.0
SO101871,2023-04-05,C0001,Sonoran Cycles Online,DTC,Booked,Credit Card,Phoenix Distribution Center,5199.0
SO101872,2023-04-05,C0001,Sonoran Cycles Online,DTC,Booked,Credit Card,Phoenix Distribution Center,3499.0
SO101873,2023-04-06,C0013,Pacific Trail Bikes,Dealer,Booked,Net 45,Phoenix Distribution Center,32706.2
SO101874,2023-04-06,C0017,Bay Mountain Bikes,Dealer,Booked,Net 30,Phoenix Distribution Center,27523.04
SO101875,2023-04-06,C0015,Sierra Cycle Works,Dealer,Booked,Net 30,Phoenix Distribution Center,11777.52
SO101876,2023-04-06,C0010,Evergreen Cyclery,Dealer,Booked,Net 45,Phoenix Distribution Center,9277.68
SO101877,2023-04-06,C0029,River Bend Bikes,Dealer,Booked,Net 30,Phoenix Distribution Center,25605.45
SO101878,2023-04-06,C0008,Sedona Ride Center,Dealer,Booked,Net 30,Phoenix Distribution Center,16985.52
SO101879,2023-04-06,C0022,Wasatch Wheel Works,Dealer,Booked,Net 30,Phoenix Distribution Center,16240.28
SO101880,2023-04-06,C0033,Appalachian Bikes,Dealer,Booked,Net 30,Phoenix Distribution Center,22811.04
SO101881,2023-04-06,C0036,Pine Tree Bicycles,Dealer,Booked,Net 30,Phoenix Distribution Center,9163.05
SO101882,2023-04-06,C0022,Wasatch Wheel Works,Dealer,Booked,Net 30,Phoenix Distribution Center,38061.18
SO101883,2023-04-06,C0004,Sonoran Bike Co.,Dealer,Booked,Net 30,Phoenix Distribution Center,39301.18
SO101884,2023-04-06,C0014,Redwood Ride Shop,Dealer,Booked,Net 30,Phoenix Distribution Center,28699.18
SO101885,2023-04-06,C0008,Sedona Ride Center,Dealer,Booked,Net 30,Phoenix Distribution Center,46739.94
SO101886,2023-04-06,C0002,Desert Trail Bikes,Dealer,Booked,Net 45,Phoenix Distribution Center,23542.78
SO101887,2023-04-06,C0003,Cactus Cycling,Dealer,Booked,Net 30,Phoenix Distribution Center,33844.56
SO101888,2023-04-06,C0016,Coastal Gravel Co.,Dealer,Booked,Net 30,Phoenix Distribution Center,9162.4
SO101889,2023-04-06,C0024,Teton Cycling,Dealer,Booked,Net 30,Phoenix Distribution Center,37433.5
SO101890,2023-04-06,C0036,Pine Tree Bicycles,Dealer,Booked,Net 30,Phoenix Distribution Center,23524.15
SO101891,2023-04-06,C0022,Wasatch Wheel Works,Dealer,Booked,Net 30,Phoenix Distribution Center,19525.66
SO101892,2023-04-06,C0004,Sonoran Bike Co.,Dealer,Booked,Net 30,Phoenix Distribution Center,42275.94
SO101893,2023-04-06,C0010,Evergreen Cyclery,Dealer,Booked,Net 45,Phoenix Distribution Center,23020.2
SO101894,2023-04-06,C0024,Teton Cycling,Dealer,Booked,Net 30,Phoenix Distribution Center,23136.1
SO101895,2023-04-06,C0030,Blue Ridge Cycles,Dealer,Booked,Net 30,Phoenix Distribution Center,11405.52
SO101896,2023-04-06,C0025,Lakeshore Bikes,Dealer,Booked,Net 30,Phoenix Distribution Center,17355.66
SO101897,2023-04-06,C0036,Pine Tree Bicycles,Dealer,Booked,Net 30,Phoenix Distribution Center,15596.1
SO101898,2023-04-06,C0022,Wasatch Wheel Works,Dealer,Booked,Net 30,Phoenix Distribution Center,43514.7
SO101899,2023-04-06,C0019,Front Range Cyclery,Dealer,Booked,Net 30,Phoenix Distribution Center,46738.7
SO101900,2023-04-06,C0019,Front Range Cyclery,Dealer,Booked,Net 30,Phoenix Distribution Center,16116.9
SO101901,2023-04-06,C0001,Sonoran Cycles Online,DTC,Booked,Credit Card,Phoenix Distribution Center,4599.0
SO101902,2023-04-06,C0001,Sonoran Cycles Online,DTC,Booked,Credit Card,Phoenix Distribution Center,3499.0
SO101903,2023-04-06,C0001,Sonoran Cycles Online,DTC,Booked,Credit Card,Phoenix Distribution Center,3299.0
SO101904,2023-04-06,C0001,Sonoran Cycles Online,DTC,Booked,Credit Card,Phoenix Distribution Center,4599.0
SO101905,2023-04-06,C0001,Sonoran Cycles Online,DTC,Booked,Credit Card,Phoenix Distribution Center,3999.0
SO101906,2023-04-06,C0001,Sonoran Cycles Online,DTC,Booked,Credit Card,Phoenix Distribution Center,5199.0
SO101907,2023-04-06,C0001,Sonoran Cycles Online,DTC,Booked,Credit Card,Phoenix Distribution Center,6199.0
SO101908,2023-04-06,C0001,Sonoran Cycles Online,DTC,Booked,Credit Card,Phoenix Distribution Center,3299.0
SO101909,2023-04-06,C0001,Sonoran Cycles Online,DTC,Booked,Credit Card,Phoenix Distribution Center,4599.0
SO101910,2023-04-06,C0001,Sonoran Cycles Online,DTC,Booked,Credit Card,Phoenix Distribution Center,5199.0
SO101911,2023-04-06,C0001,Sonoran Cycles Online,DTC,Booked,Credit Card,Phoenix Distribution Center,5199.0
SO101912,2023-04-07,C0022,Wasatch Wheel Works,Dealer,Booked,Net 30,Phoenix Distribution Center,22811.04
SO101913,2023-04-07,C0010,Evergreen Cyclery,Dealer,Booked,Net 45,Phoenix Distribution Center,30385.04
SO101914,2023-04-07,C0018,High Country Bikes,Dealer,Booked,Net 45,Phoenix Distribution Center,40244.46
SO101915,2023-04-07,C0035,Adirondack Cycles,Dealer,Booked,Net 30,Phoenix Distribution Center,35742.85
SO101916,2023-04-07,C0007,Red Rock Cycles,Dealer,Booked,Net 30,Phoenix Distribution Center,12088.05
SO101917,2023-04-07,C0025,Lakeshore Bikes,Dealer,Booked,Net 30,Phoenix Distribution Center,15620.28
SO101918,2023-04-07,C0003,Cactus Cycling,Dealer,Booked,Net 30,Phoenix Distribution Center,15372.9
SO101919,2023-04-07,C0035,Adirondack Cycles,Dealer,Booked,Net 30,Phoenix Distribution Center,31453.5
SO101920,2023-04-07,C0031,Pisgah Bike Co.,Dealer,Booked,Net 45,Phoenix Distribution Center,23659.36
SO101921,2023-04-07,C0018,High Country Bikes,Dealer,Booked,Net 45,Phoenix Distribution Center,40245.04
SO101922,2023-04-07,C0035,Adirondack Cycles,Dealer,Booked,Net 30,Phoenix Distribution Center,34246.55
SO101923,2023-04-07,C0029,River Bend Bikes,Dealer,Booked,Net 30,Phoenix Distribution Center,37172.85
SO101924,2023-04-07,C0030,Blue Ridge Cycles,Dealer,Booked,Net 30,Phoenix Distribution Center,20331.66
SO101925,2023-04-07,C0027,Prairie Trail Bikes,Dealer,Booked,Net 30,Phoenix Distribution Center,23803.04
SO101926,2023-04-07,C0012,Rain City Cycles,Dealer,Booked,Net 30,Phoenix Distribution Center,17090.45
SO101927,2023-04-07,C0008,Sedona Ride Center,Dealer,Booked,Net 30,Phoenix Distribution Center,26470.28
SO101928,2023-04-07,C0028,Windy City Cycles,Dealer,Booked,Net 30,Phoenix Distribution Center,14556.75
SO101929,2023-04-07,C0036,Pine Tree Bicycles,Dealer,Booked,Net 30,Phoenix Distribution Center,38537.2
SO101930,2023-04-07,C0023,Bozeman Bike Works,Dealer,Booked,Net 30,Phoenix Distribution Center,19496.1
SO101931,2023-04-07,C0006,Tucson Trail Works,Dealer,Booked,Net 30,Phoenix Distribution Center,14133.52
SO101932,2023-04-07,C0012,Rain City Cycles,Dealer,Booked,Net 30,Phoenix Distribution Center,41721.55
SO101933,2023-04-07,C0010,Evergreen Cyclery,Dealer,Booked,Net 45,Phoenix Distribution Center,20120.78
SO101934,2023-04-07,C0007,Red Rock Cycles,Dealer,Booked,Net 30,Phoenix Distribution Center,41332.85
SO101935,2023-04-07,C0001,Sonoran Cycles Online,DTC,Booked,Credit Card,Phoenix Distribution Center,3499.0
SO101936,2023-04-07,C0001,Sonoran Cycles Online,DTC,Booked,Credit Card,Phoenix Distribution Center,3299.0
SO101937,2023-04-07,C0001,Sonoran Cycles Online,DTC,Booked,Credit Card,Phoenix Distribution Center,6199.0
SO101938,2023-04-07,C0001,Sonoran Cycles Online,DTC,Booked,Credit Card,Phoenix Distribution Center,3299.0
SO101939,2023-04-07,C0001,Sonoran Cycles Online,DTC,Booked,Credit Card,Phoenix Distribution Center,7499.0
SO101940,2023-04-07,C0001,Sonoran Cycles Online,DTC,Booked,Credit Card,Phoenix Distribution Center,3299.0
SO101941,2023-04-07,C0001,Sonoran Cycles Online,DTC,Booked,Credit Card,Phoenix Distribution Center,4599.0
SO101942,2023-04-07,C0001,Sonoran Cycles Online,DTC,Booked,Credit Card,Phoenix Distribution Center,7499.0
SO101943,2023-04-07,C0001,Sonoran Cycles Online,DTC,Booked,Credit Card,Phoenix Distribution Center,4599.0
SO101944,2023-04-07,C0001,Sonoran Cycles Online,DTC,Booked,Credit Card,Phoenix Distribution Center,4599.0
SO101945,2023-04-07,C0001,Sonoran Cycles Online,DTC,Booked,Credit Card,Phoenix Distribution Center,3299.0
SO101946,2023-04-07,C0001,Sonoran Cycles Online,DTC,Booked,Credit Card,Phoenix Distribution Center,5199.0
SO101947,2023-04-07,C0001,Sonoran Cycles Online,DTC,Booked,Credit Card,Phoenix Distribution Center,6199.0
SO101948,2023-04-07,C0001,Sonoran Cycles Online,DTC,Booked,Credit Card,Phoenix Distribution Center,5199.0
SO101949,2023-04-07,C0001,Sonoran Cycles Online,DTC,Booked,Credit Card,Phoenix Distribution Center,4599.0
SO101950,2023-04-08,C0014,Redwood Ride Shop,Dealer,Booked,Net 30,Phoenix Distribution Center,11405.52
SO101951,2023-04-08,C0013,Pacific Trail Bikes,Dealer,Booked,Net 45,Phoenix Distribution Center,11017.68
SO101952,2023-04-08,C0019,Front Range Cyclery,Dealer,Booked,Net 30,Phoenix Distribution Center,53928.84
SO101953,2023-04-08,C0007,Red Rock Cycles,Dealer,Booked,Net 30,Phoenix Distribution Center,59919.6
SO101954,2023-04-08,C0004,Sonoran Bike Co.,Dealer,Booked,Net 30,Phoenix Distribution Center,42523.94
SO101955,2023-04-08,C0002,Desert Trail Bikes,Dealer,Booked,Net 45,Phoenix Distribution Center,17105.94
SO101956,2023-04-08,C0015,Sierra Cycle Works,Dealer,Booked,Net 30,Phoenix Distribution Center,6074.76
SO101957,2023-04-08,C0001,Sonoran Cycles Online,DTC,Booked,Credit Card,Phoenix Distribution Center,5199.0
SO101958,2023-04-08,C0001,Sonoran Cycles Online,DTC,Booked,Credit Card,Phoenix Distribution Center,6199.0
SO101959,2023-04-08,C0001,Sonoran Cycles Online,DTC,Booked,Credit Card,Phoenix Distribution Center,4599.0
SO101960,2023-04-08,C0001,Sonoran Cycles Online,DTC,Booked,Credit Card,Phoenix Distribution Center,6199.0
SO101961,2023-04-08,C0001,Sonoran Cycles Online,DTC,Booked,Credit Card,Phoenix Distribution Center,4599.0
SO101962,2023-04-08,C0001,Sonoran Cycles Online,DTC,Booked,Credit Card,Phoenix Distribution Center,4599.0
SO101963,2023-04-08,C0001,Sonoran Cycles Online,DTC,Booked,Credit Card,Phoenix Distribution Center,6199.0
SO101964,2023-04-08,C0001,Sonoran Cycles Online,DTC,Booked,Credit Card,Phoenix Distribution Center,13698.0
SO101965,2023-04-08,C0001,Sonoran Cycles Online,DTC,Booked,Credit Card,Phoenix Distribution Center,4599.0
SO101966,2023-04-08,C0001,Sonoran Cycles Online,DTC,Booked,Credit Card,Phoenix Distribution Center,5199.0
SO101967,2023-04-08,C0001,Sonoran Cycles Online,DTC,Booked,Credit Card,Phoenix Distribution Center,7499.0
SO101968,2023-04-08,C0001,Sonoran Cycles Online,DTC,Booked,Credit Card,Phoenix Distribution Center,6199.0
SO101969,2023-04-08,C0001,Sonoran Cycles Online,DTC,Booked,Credit Card,Phoenix Distribution Center,4599.0
SO101970,2023-04-08,C0001,Sonoran Cycles Online,DTC,Booked,Credit Card,Phoenix Distribution Center,3299.0
SO101971,2023-04-08,C0001,Sonoran Cycles Online,DTC,Booked,Credit Card,Phoenix Distribution Center,3299.0
SO101972,2023-04-08,C0001,Sonoran Cycles Online,DTC,Booked,Credit Card,Phoenix Distribution Center,7898.0
SO101973,2023-04-08,C0001,Sonoran Cycles Online,DTC,Booked,Credit Card,Phoenix Distribution Center,5199.0
SO101974,2023-04-09,C0011,Cascade Bikes,Dealer,Booked,Net 30,Phoenix Distribution Center,14381.52
SO101975,2023-04-09,C0034,Green Mountain Bikes,Dealer,Booked,Net 30,Phoenix Distribution Center,5330.76
SO101976,2023-04-09,C0001,Sonoran Cycles Online,DTC,Booked,Credit Card,Phoenix Distribution Center,5199.0
SO101977,2023-04-09,C0001,Sonoran Cycles Online,DTC,Booked,Credit Card,Phoenix Distribution Center,7499.0
SO101978,2023-04-09,C0001,Sonoran Cycles Online,DTC,Booked,Credit Card,Phoenix Distribution Center,6199.0
SO101979,2023-04-09,C0001,Sonoran Cycles Online,DTC,Booked,Credit Card,Phoenix Distribution Center,7499.0
SO101980,2023-04-09,C0001,Sonoran Cycles Online,DTC,Booked,Credit Card,Phoenix Distribution Center,6199.0
SO101981,2023-04-09,C0001,Sonoran Cycles Online,DTC,Booked,Credit Card,Phoenix Distribution Center,3299.0
SO101982,2023-04-09,C0001,Sonoran Cycles Online,DTC,Booked,Credit Card,Phoenix Distribution Center,5199.0
SO101983,2023-04-09,C0001,Sonoran Cycles Online,DTC,Booked,Credit Card,Phoenix Distribution Center,4599.0
SO101984,2023-04-09,C0001,Sonoran Cycles Online,DTC,Booked,Credit Card,Phoenix Distribution Center,5199.0
SO101985,2023-04-09,C0001,Sonoran Cycles Online,DTC,Booked,Credit Card,Phoenix Distribution Center,6199.0
SO101986,2023-04-09,C0001,Sonoran Cycles Online,DTC,Booked,Credit Card,Phoenix Distribution Center,12098.0
SO101987,2023-04-09,C0001,Sonoran Cycles Online,DTC,Booked,Credit Card,Phoenix Distribution Center,15697.0
SO101988,2023-04-09,C0001,Sonoran Cycles Online,DTC,Booked,Credit Card,Phoenix Distribution Center,4599.0
SO101989,2023-04-09,C0001,Sonoran Cycles Online,DTC,Booked,Credit Card,Phoenix Distribution Center,4599.0
SO101990,2023-04-09,C0001,Sonoran Cycles Online,DTC,Booked,Credit Card,Phoenix Distribution Center,4599.0
SO101991,2023-04-09,C0001,Sonoran Cycles Online,DTC,Booked,Credit Card,Phoenix Distribution Center,8498.0
SO101992,2023-04-10,C0013,Pacific Trail Bikes,Dealer,Booked,Net 45,Phoenix Distribution Center,28183.94
SO101993,2023-04-10,C0034,Green Mountain Bikes,Dealer,Booked,Net 30,Phoenix Distribution Center,8181.52
SO101994,2023-04-10,C0036,Pine Tree Bicycles,Dealer,Booked,Net 30,Phoenix Distribution Center,36004.15
SO101995,2023-04-10,C0036,Pine Tree Bicycles,Dealer,Booked,Net 30,Phoenix Distribution Center,9358.05
SO101996,2023-04-10,C0005,Mesa Mountain Bikes,Dealer,Booked,Net 30,Phoenix Distribution Center,13776.1
SO101997,2023-04-10,C0031,Pisgah Bike Co.,Dealer,Booked,Net 45,Phoenix Distribution Center,18092.52
SO101998,2023-04-10,C0019,Front Range Cyclery,Dealer,Booked,Net 30,Phoenix Distribution Center,43330.56
SO101999,2023-04-10,C0013,Pacific Trail Bikes,Dealer,Booked,Net 45,Phoenix Distribution Center,16121.1
SO102000,2023-04-10,C0009,Las Cruces Cycling,Dealer,Booked,Net 30,Phoenix Distribution Center,14686.1
SO102001,2023-04-10,C0003,Cactus Cycling,Dealer,Booked,Net 30,Phoenix Distribution Center,38928.56
SO102002,2023-04-10,C0008,Sedona Ride Center,Dealer,Booked,Net 30,Phoenix Distribution Center,37689.18
SO102003,2023-04-10,C0010,Evergreen Cyclery,Dealer,Booked,Net 45,Phoenix Distribution Center,22962.2
SO102004,2023-04-10,C0034,Green Mountain Bikes,Dealer,Booked,Net 30,Phoenix Distribution Center,14628.28
SO102005,2023-04-10,C0003,Cactus Cycling,Dealer,Booked,Net 30,Phoenix Distribution Center,25290.42
SO102006,2023-04-10,C0015,Sierra Cycle Works,Dealer,Booked,Net 30,Phoenix Distribution Center,26406.42
SO102007,2023-04-10,C0029,River Bend Bikes,Dealer,Booked,Net 30,Phoenix Distribution Center,42372.85
SO102008,2023-04-10,C0019,Front Range Cyclery,Dealer,Booked,Net 30,Phoenix Distribution Center,40663.32
SO102009,2023-04-10,C0010,Evergreen Cyclery,Dealer,Booked,Net 45,Phoenix Distribution Center,14960.52
SO102010,2023-04-10,C0022,Wasatch Wheel Works,Dealer,Booked,Net 30,Phoenix Distribution Center,39176.56
SO102011,2023-04-10,C0036,Pine Tree Bicycles,Dealer,Booked,Net 30,Phoenix Distribution Center,14037.4
SO102012,2023-04-10,C0026,Great Lakes Cyclery,Dealer,Booked,Net 30,Phoenix Distribution Center,33403.5
SO102013,2023-04-10,C0006,Tucson Trail Works,Dealer,Booked,Net 30,Phoenix Distribution Center,24671.04
SO102014,2023-04-10,C0024,Teton Cycling,Dealer,Booked,Net 30,Phoenix Distribution Center,35286.55
SO102015,2023-04-10,C0013,Pacific Trail Bikes,Dealer,Booked,Net 45,Phoenix Distribution Center,36186.2
SO102016,2023-04-10,C0020,Alpine Ride Co.,Dealer,Booked,Net 30,Phoenix Distribution Center,20764.42
SO102017,2023-04-10,C0013,Pacific Trail Bikes,Dealer,Booked,Net 45,Phoenix Distribution Center,30445.94
SO102018,2023-04-10,C0011,Cascade Bikes,Dealer,Booked,Net 30,Phoenix Distribution Center,8182.14
SO102019,2023-04-10,C0001,Sonoran Cycles Online,DTC,Booked,Credit Card,Phoenix Distribution Center,4599.0
SO102020,2023-04-10,C0001,Sonoran Cycles Online,DTC,Booked,Credit Card,Phoenix Distribution Center,3299.0
SO102021,2023-04-10,C0001,Sonoran Cycles Online,DTC,Booked,Credit Card,Phoenix Distribution Center,3299.0
SO102022,2023-04-10,C0001,Sonoran Cycles Online,DTC,Booked,Credit Card,Phoenix Distribution Center,4599.0
SO102023,2023-04-10,C0001,Sonoran Cycles Online,DTC,Booked,Credit Card,Phoenix Distribution Center,4599.0
SO102024,2023-04-10,C0001,Sonoran Cycles Online,DTC,Booked,Credit Card,Phoenix Distribution Center,3499.0
SO102025,2023-04-10,C0001,Sonoran Cycles Online,DTC,Booked,Credit Card,Phoenix Distribution Center,3499.0
SO102026,2023-04-10,C0001,Sonoran Cycles Online,DTC,Booked,Credit Card,Phoenix Distribution Center,7499.0
SO102027,2023-04-10,C0001,Sonoran Cycles Online,DTC,Booked,Credit Card,Phoenix Distribution Center,3499.0
SO102028,2023-04-10,C0001,Sonoran Cycles Online,DTC,Booked,Credit Card,Phoenix Distribution Center,5199.0
SO102029,2023-04-10,C0001,Sonoran Cycles Online,DTC,Booked,Credit Card,Phoenix Distribution Center,9798.0
SO102030,2023-04-10,C0001,Sonoran Cycles Online,DTC,Booked,Credit Card,Phoenix Distribution Center,3999.0
SO102031,2023-04-11,C0013,Pacific Trail Bikes,Dealer,Booked,Net 45,Phoenix Distribution Center,39144.78
SO102032,2023-04-11,C0016,Coastal Gravel Co.,Dealer,Booked,Net 30,Phoenix Distribution Center,13646.1
SO102033,2023-04-11,C0015,Sierra Cycle Works,Dealer,Booked,Net 30,Phoenix Distribution Center,30993.8
SO102034,2023-04-11,C0013,Pacific Trail Bikes,Dealer,Booked,Net 45,Phoenix Distribution Center,21747.1
SO102035,2023-04-11,C0006,Tucson Trail Works,Dealer,Booked,Net 30,Phoenix Distribution Center,17108.28
SO102036,2023-04-11,C0033,Appalachian Bikes,Dealer,Booked,Net 30,Phoenix Distribution Center,35333.18
SO102037,2023-04-11,C0008,Sedona Ride Center,Dealer,Booked,Net 30,Phoenix Distribution Center,33845.8
SO102038,2023-04-11,C0022,Wasatch Wheel Works,Dealer,Booked,Net 30,Phoenix Distribution Center,37315.32
SO102039,2023-04-11,C0034,Green Mountain Bikes,Dealer,Booked,Net 30,Phoenix Distribution Center,21880.42
SO102040,2023-04-11,C0008,Sedona Ride Center,Dealer,Booked,Net 30,Phoenix Distribution Center,23246.9
SO102041,2023-04-11,C0025,Lakeshore Bikes,Dealer,Booked,Net 30,Phoenix Distribution Center,25537.18
SO102042,2023-04-11,C0010,Evergreen Cyclery,Dealer,Booked,Net 45,Phoenix Distribution Center,33457.3
SO102043,2023-04-11,C0031,Pisgah Bike Co.,Dealer,Booked,Net 45,Phoenix Distribution Center,19832.52
SO102044,2023-04-11,C0005,Mesa Mountain Bikes,Dealer,Booked,Net 30,Phoenix Distribution Center,20794.8
SO102045,2023-04-11,C0008,Sedona Ride Center,Dealer,Booked,Net 30,Phoenix Distribution Center,13142.14
SO102046,2023-04-11,C0014,Redwood Ride Shop,Dealer,Booked,Net 30,Phoenix Distribution Center,55726.84
SO102047,2023-04-11,C0012,Rain City Cycles,Dealer,Booked,Net 30,Phoenix Distribution Center,37235.9
SO102048,2023-04-11,C0034,Green Mountain Bikes,Dealer,Booked,Net 30,Phoenix Distribution Center,30372.56
SO102049,2023-04-11,C0007,Red Rock Cycles,Dealer,Booked,Net 30,Phoenix Distribution Center,14817.4
SO102050,2023-04-11,C0026,Great Lakes Cyclery,Dealer,Booked,Net 30,Phoenix Distribution Center,32948.5
SO102051,2023-04-11,C0023,Bozeman Bike Works,Dealer,Booked,Net 30,Phoenix Distribution Center,36262.85
SO102052,2023-04-11,C0011,Cascade Bikes,Dealer,Booked,Net 30,Phoenix Distribution Center,14938.9
SO102053,2023-04-11,C0012,Rain City Cycles,Dealer,Booked,Net 30,Phoenix Distribution Center,31907.85
SO102054,2023-04-11,C0027,Prairie Trail Bikes,Dealer,Booked,Net 30,Phoenix Distribution Center,24671.04
SO102055,2023-04-11,C0018,High Country Bikes,Dealer,Booked,Net 45,Phoenix Distribution Center,34794.2
SO102056,2023-04-11,C0032,Southern Singletrack,Dealer,Booked,Net 30,Phoenix Distribution Center,38993.5
SO102057,2023-04-11,C0001,Sonoran Cycles Online,DTC,Booked,Credit Card,Phoenix Distribution Center,5199.0
SO102058,2023-04-11,C0001,Sonoran Cycles Online,DTC,Booked,Credit Card,Phoenix Distribution Center,9198.0
SO102059,2023-04-11,C0001,Sonoran Cycles Online,DTC,Booked,Credit Card,Phoenix Distribution Center,7499.0
SO102060,2023-04-11,C0001,Sonoran Cycles Online,DTC,Booked,Credit Card,Phoenix Distribution Center,3999.0
SO102061,2023-04-11,C0001,Sonoran Cycles Online,DTC,Booked,Credit Card,Phoenix Distribution Center,7499.0
SO102062,2023-04-11,C0001,Sonoran Cycles Online,DTC,Booked,Credit Card,Phoenix Distribution Center,3999.0
SO102063,2023-04-11,C0001,Sonoran Cycles Online,DTC,Booked,Credit Card,Phoenix Distribution Center,4599.0
SO102064,2023-04-11,C0001,Sonoran Cycles Online,DTC,Booked,Credit Card,Phoenix Distribution Center,4599.0
SO102065,2023-04-11,C0001,Sonoran Cycles Online,DTC,Booked,Credit Card,Phoenix Distribution Center,5199.0
SO102066,2023-04-11,C0001,Sonoran Cycles Online,DTC,Booked,Credit Card,Phoenix Distribution Center,4599.0
SO102067,2023-04-11,C0001,Sonoran Cycles Online,DTC,Booked,Credit Card,Phoenix Distribution Center,6998.0
SO102068,2023-04-11,C0001,Sonoran Cycles Online,DTC,Booked,Credit Card,Phoenix Distribution Center,6199.0
SO102069,2023-04-12,C0018,High Country Bikes,Dealer,Booked,Net 45,Phoenix Distribution Center,29458.78
SO102070,2023-04-12,C0003,Cactus Cycling,Dealer,Booked,Net 30,Phoenix Distribution Center,12149.52
SO102071,2023-04-12,C0003,Cactus Cycling,Dealer,Booked,Net 30,Phoenix Distribution Center,26530.42
SO102072,2023-04-12,C0016,Coastal Gravel Co.,Dealer,Booked,Net 30,Phoenix Distribution Center,15790.45
SO102073,2023-04-12,C0008,Sedona Ride Center,Dealer,Booked,Net 30,Phoenix Distribution Center,27090.28
SO102074,2023-04-12,C0012,Rain City Cycles,Dealer,Booked,Net 30,Phoenix Distribution Center,15401.1
SO102075,2023-04-12,C0027,Prairie Trail Bikes,Dealer,Booked,Net 30,Phoenix Distribution Center,13140.9
SO102076,2023-04-12,C0014,Redwood Ride Shop,Dealer,Booked,Net 30,Phoenix Distribution Center,10538.14
SO102077,2023-04-12,C0027,Prairie Trail Bikes,Dealer,Booked,Net 30,Phoenix Distribution Center,27025.8
SO102078,2023-04-12,C0014,Redwood Ride Shop,Dealer,Booked,Net 30,Phoenix Distribution Center,59634.08
SO102079,2023-04-12,C0027,Prairie Trail Bikes,Dealer,Booked,Net 30,Phoenix Distribution Center,43205.94
SO102080,2023-04-12,C0017,Bay Mountain Bikes,Dealer,Booked,Net 30,Phoenix Distribution Center,46243.94
SO102081,2023-04-12,C0033,Appalachian Bikes,Dealer,Booked,Net 30,Phoenix Distribution Center,45003.94
SO102082,2023-04-12,C0005,Mesa Mountain Bikes,Dealer,Booked,Net 30,Phoenix Distribution Center,17285.45
SO102083,2023-04-12,C0026,Great Lakes Cyclery,Dealer,Booked,Net 30,Phoenix Distribution Center,26839.15
SO102084,2023-04-12,C0003,Cactus Cycling,Dealer,Booked,Net 30,Phoenix Distribution Center,11156.9
SO102085,2023-04-12,C0018,High Country Bikes,Dealer,Booked,Net 45,Phoenix Distribution Center,20875.94
SO102086,2023-04-12,C0018,High Country Bikes,Dealer,Booked,Net 45,Phoenix Distribution Center,22267.94
SO102087,2023-04-12,C0015,Sierra Cycle Works,Dealer,Booked,Net 30,Phoenix Distribution Center,16736.28
SO102088,2023-04-12,C0030,Blue Ridge Cycles,Dealer,Booked,Net 30,Phoenix Distribution Center,35333.18
SO102089,2023-04-12,C0013,Pacific Trail Bikes,Dealer,Booked,Net 45,Phoenix Distribution Center,21747.1
SO102090,2023-04-12,C0023,Bozeman Bike Works,Dealer,Booked,Net 30,Phoenix Distribution Center,20276.1
SO102091,2023-04-12,C0029,River Bend Bikes,Dealer,Booked,Net 30,Phoenix Distribution Center,35223.5
SO102092,2023-04-12,C0019,Front Range Cyclery,Dealer,Booked,Net 30,Phoenix Distribution Center,32915.18
SO102093,2023-04-12,C0002,Desert Trail Bikes,Dealer,Booked,Net 45,Phoenix Distribution Center,6262.84
SO102094,2023-04-12,C0010,Evergreen Cyclery,Dealer,Booked,Net 45,Phoenix Distribution Center,9277.68
SO102095,2023-04-12,C0034,Green Mountain Bikes,Dealer,Booked,Net 30,Phoenix Distribution Center,21632.42
SO102096,2023-04-12,C0001,Sonoran Cycles Online,DTC,Booked,Credit Card,Phoenix Distribution Center,6199.0
SO102097,2023-04-12,C0001,Sonoran Cycles Online,DTC,Booked,Credit Card,Phoenix Distribution Center,3299.0
SO102098,2023-04-12,C0001,Sonoran Cycles Online,DTC,Booked,Credit Card,Phoenix Distribution Center,3999.0
SO102099,2023-04-12,C0001,Sonoran Cycles Online,DTC,Booked,Credit Card,Phoenix Distribution Center,9198.0
SO102100,2023-04-12,C0001,Sonoran Cycles Online,DTC,Booked,Credit Card,Phoenix Distribution Center,9798.0
SO102101,2023-04-12,C0001,Sonoran Cycles Online,DTC,Booked,Credit Card,Phoenix Distribution Center,7499.0
SO102102,2023-04-12,C0001,Sonoran Cycles Online,DTC,Booked,Credit Card,Phoenix Distribution Center,5199.0
SO102103,2023-04-12,C0001,Sonoran Cycles Online,DTC,Booked,Credit Card,Phoenix Distribution Center,5199.0
SO102104,2023-04-12,C0001,Sonoran Cycles Online,DTC,Booked,Credit Card,Phoenix Distribution Center,4599.0
SO102105,2023-04-12,C0001,Sonoran Cycles Online,DTC,Booked,Credit Card,Phoenix Distribution Center,10798.0
SO102106,2023-04-12,C0001,Sonoran Cycles Online,DTC,Booked,Credit Card,Phoenix Distribution Center,4599.0
SO102107,2023-04-12,C0001,Sonoran Cycles Online,DTC,Booked,Credit Card,Phoenix Distribution Center,7499.0
SO102108,2023-04-13,C0031,Pisgah Bike Co.,Dealer,Booked,Net 45,Phoenix Distribution Center,32474.2
SO102109,2023-04-13,C0023,Bozeman Bike Works,Dealer,Booked,Net 30,Phoenix Distribution Center,27554.8
SO102110,2023-04-13,C0029,River Bend Bikes,Dealer,Booked,Net 30,Phoenix Distribution Center,46012.2
SO102111,2023-04-13,C0028,Windy City Cycles,Dealer,Booked,Net 30,Phoenix Distribution Center,10527.4
SO102112,2023-04-13,C0034,Green Mountain Bikes,Dealer,Booked,Net 30,Phoenix Distribution Center,8987.52
SO102113,2023-04-13,C0027,Prairie Trail Bikes,Dealer,Booked,Net 30,Phoenix Distribution Center,11405.52
SO102114,2023-04-13,C0033,Appalachian Bikes,Dealer,Booked,Net 30,Phoenix Distribution Center,28451.8
SO102115,2023-04-13,C0002,Desert Trail Bikes,Dealer,Booked,Net 45,Phoenix Distribution Center,25515.36
SO102116,2023-04-13,C0034,Green Mountain Bikes,Dealer,Booked,Net 30,Phoenix Distribution Center,28635.94
SO102117,2023-04-13,C0026,Great Lakes Cyclery,Dealer,Booked,Net 30,Phoenix Distribution Center,17936.1
SO102118,2023-04-13,C0013,Pacific Trail Bikes,Dealer,Booked,Net 45,Phoenix Distribution Center,36128.78
SO102119,2023-04-13,C0002,Desert Trail Bikes,Dealer,Booked,Net 45,Phoenix Distribution Center,23600.78
SO102120,2023-04-13,C0032,Southern Singletrack,Dealer,Booked,Net 30,Phoenix Distribution Center,20146.75
SO102121,2023-04-13,C0020,Alpine Ride Co.,Dealer,Booked,Net 30,Phoenix Distribution Center,17541.04
SO102122,2023-04-13,C0030,Blue Ridge Cycles,Dealer,Booked,Net 30,Phoenix Distribution Center,29629.8
SO102123,2023-04-13,C0031,Pisgah Bike Co.,Dealer,Booked,Net 45,Phoenix Distribution Center,9626.26
SO102124,2023-04-13,C0006,Tucson Trail Works,Dealer,Booked,Net 30,Phoenix Distribution Center,21448.28
SO102125,2023-04-13,C0002,Desert Trail Bikes,Dealer,Booked,Net 45,Phoenix Distribution Center,23775.36
SO102126,2023-04-13,C0034,Green Mountain Bikes,Dealer,Booked,Net 30,Phoenix Distribution Center,29937.32
SO102127,2023-04-13,C0019,Front Range Cyclery,Dealer,Booked,Net 30,Phoenix Distribution Center,49219.32
SO102128,2023-04-13,C0025,Lakeshore Bikes,Dealer,Booked,Net 30,Phoenix Distribution Center,8492.14
SO102129,2023-04-13,C0036,Pine Tree Bicycles,Dealer,Booked,Net 30,Phoenix Distribution Center,42892.2
SO102130,2023-04-13,C0020,Alpine Ride Co.,Dealer,Booked,Net 30,Phoenix Distribution Center,25475.18
SO102131,2023-04-13,C0013,Pacific Trail Bikes,Dealer,Booked,Net 45,Phoenix Distribution Center,33344.2
SO102132,2023-04-13,C0001,Sonoran Cycles Online,DTC,Booked,Credit Card,Phoenix Distribution Center,4599.0
SO102133,2023-04-13,C0001,Sonoran Cycles Online,DTC,Booked,Credit Card,Phoenix Distribution Center,4599.0
SO102134,2023-04-13,C0001,Sonoran Cycles Online,DTC,Booked,Credit Card,Phoenix Distribution Center,4599.0
SO102135,2023-04-13,C0001,Sonoran Cycles Online,DTC,Booked,Credit Card,Phoenix Distribution Center,4599.0
SO102136,2023-04-13,C0001,Sonoran Cycles Online,DTC,Booked,Credit Card,Phoenix Distribution Center,3299.0
SO102137,2023-04-13,C0001,Sonoran Cycles Online,DTC,Booked,Credit Card,Phoenix Distribution Center,7499.0
SO102138,2023-04-13,C0001,Sonoran Cycles Online,DTC,Booked,Credit Card,Phoenix Distribution Center,5199.0
SO102139,2023-04-13,C0001,Sonoran Cycles Online,DTC,Booked,Credit Card,Phoenix Distribution Center,3299.0
SO102140,2023-04-13,C0001,Sonoran Cycles Online,DTC,Booked,Credit Card,Phoenix Distribution Center,5199.0
SO102141,2023-04-13,C0001,Sonoran Cycles Online,DTC,Booked,Credit Card,Phoenix Distribution Center,3299.0
SO102142,2023-04-13,C0001,Sonoran Cycles Online,DTC,Booked,Credit Card,Phoenix Distribution Center,5199.0
SO102143,2023-04-13,C0001,Sonoran Cycles Online,DTC,Booked,Credit Card,Phoenix Distribution Center,3299.0
SO102144,2023-04-13,C0001,Sonoran Cycles Online,DTC,Booked,Credit Card,Phoenix Distribution Center,4599.0
SO102145,2023-04-14,C0017,Bay Mountain Bikes,Dealer,Booked,Net 30,Phoenix Distribution Center,27027.04
SO102146,2023-04-14,C0013,Pacific Trail Bikes,Dealer,Booked,Net 45,Phoenix Distribution Center,41463.62
SO102147,2023-04-14,C0017,Bay Mountain Bikes,Dealer,Booked,Net 30,Phoenix Distribution Center,19216.9
SO102148,2023-04-14,C0011,Cascade Bikes,Dealer,Booked,Net 30,Phoenix Distribution Center,20951.66
SO102149,2023-04-14,C0011,Cascade Bikes,Dealer,Booked,Net 30,Phoenix Distribution Center,15620.9
SO102150,2023-04-14,C0020,Alpine Ride Co.,Dealer,Booked,Net 30,Phoenix Distribution Center,29133.18
SO102151,2023-04-14,C0018,High Country Bikes,Dealer,Booked,Net 45,Phoenix Distribution Center,34097.04
SO102152,2023-04-14,C0018,High Country Bikes,Dealer,Booked,Net 45,Phoenix Distribution Center,20412.52
SO102153,2023-04-14,C0025,Lakeshore Bikes,Dealer,Booked,Net 30,Phoenix Distribution Center,28202.56
SO102154,2023-04-14,C0014,Redwood Ride Shop,Dealer,Booked,Net 30,Phoenix Distribution Center,25290.42
SO102155,2023-04-14,C0035,Adirondack Cycles,Dealer,Booked,Net 30,Phoenix Distribution Center,52509.6
SO102156,2023-04-14,C0032,Southern Singletrack,Dealer,Booked,Net 30,Phoenix Distribution Center,50885.25
SO102157,2023-04-14,C0028,Windy City Cycles,Dealer,Booked,Net 30,Phoenix Distribution Center,36912.85
SO102158,2023-04-14,C0025,Lakeshore Bikes,Dealer,Booked,Net 30,Phoenix Distribution Center,23677.8
SO102159,2023-04-14,C0010,Evergreen Cyclery,Dealer,Booked,Net 45,Phoenix Distribution Center,9567.1
SO102160,2023-04-14,C0024,Teton Cycling,Dealer,Booked,Net 30,Phoenix Distribution Center,5978.7
SO102161,2023-04-14,C0015,Sierra Cycle Works,Dealer,Booked,Net 30,Phoenix Distribution Center,37813.18
SO102162,2023-04-14,C0022,Wasatch Wheel Works,Dealer,Booked,Net 30,Phoenix Distribution Center,30373.8
SO102163,2023-04-14,C0027,Prairie Trail Bikes,Dealer,Booked,Net 30,Phoenix Distribution Center,28143.04
SO102164,2023-04-14,C0006,Tucson Trail Works,Dealer,Booked,Net 30,Phoenix Distribution Center,22687.66
SO102165,2023-04-14,C0028,Windy City Cycles,Dealer,Booked,Net 30,Phoenix Distribution Center,40875.9
SO102166,2023-04-14,C0002,Desert Trail Bikes,Dealer,Booked,Net 45,Phoenix Distribution Center,17396.52
SO102167,2023-04-14,C0001,Sonoran Cycles Online,DTC,Booked,Credit Card,Phoenix Distribution Center,4599.0
SO102168,2023-04-14,C0001,Sonoran Cycles Online,DTC,Booked,Credit Card,Phoenix Distribution Center,5199.0
SO102169,2023-04-14,C0001,Sonoran Cycles Online,DTC,Booked,Credit Card,Phoenix Distribution Center,3499.0
SO102170,2023-04-14,C0001,Sonoran Cycles Online,DTC,Booked,Credit Card,Phoenix Distribution Center,8498.0
SO102171,2023-04-14,C0001,Sonoran Cycles Online,DTC,Booked,Credit Card,Phoenix Distribution Center,5199.0
SO102172,2023-04-14,C0001,Sonoran Cycles Online,DTC,Booked,Credit Card,Phoenix Distribution Center,5199.0
SO102173,2023-04-14,C0001,Sonoran Cycles Online,DTC,Booked,Credit Card,Phoenix Distribution Center,4599.0
SO102174,2023-04-14,C0001,Sonoran Cycles Online,DTC,Booked,Credit Card,Phoenix Distribution Center,4599.0
SO102175,2023-04-14,C0001,Sonoran Cycles Online,DTC,Booked,Credit Card,Phoenix Distribution Center,3999.0
SO102176,2023-04-14,C0001,Sonoran Cycles Online,DTC,Booked,Credit Card,Phoenix Distribution Center,5199.0
SO102177,2023-04-14,C0001,Sonoran Cycles Online,DTC,Booked,Credit Card,Phoenix Distribution Center,3299.0
SO102178,2023-04-14,C0001,Sonoran Cycles Online,DTC,Booked,Credit Card,Phoenix Distribution Center,3499.0
SO102179,2023-04-14,C0001,Sonoran Cycles Online,DTC,Booked,Credit Card,Phoenix Distribution Center,4599.0
SO102180,2023-04-14,C0001,Sonoran Cycles Online,DTC,Booked,Credit Card,Phoenix Distribution Center,7499.0
SO102181,2023-04-14,C0001,Sonoran Cycles Online,DTC,Booked,Credit Card,Phoenix Distribution Center,3299.0
SO102182,2023-04-15,C0013,Pacific Trail Bikes,Dealer,Booked,Net 45,Phoenix Distribution Center,58222.72
SO102183,2023-04-15,C0018,High Country Bikes,Dealer,Booked,Net 45,Phoenix Distribution Center,47667.3
SO102184,2023-04-15,C0018,High Country Bikes,Dealer,Booked,Net 45,Phoenix Distribution Center,26790.78
SO102185,2023-04-15,C0011,Cascade Bikes,Dealer,Booked,Net 30,Phoenix Distribution Center,10538.14
SO102186,2023-04-15,C0022,Wasatch Wheel Works,Dealer,Booked,Net 30,Phoenix Distribution Center,12893.52
SO102187,2023-04-15,C0018,High Country Bikes,Dealer,Booked,Net 45,Phoenix Distribution Center,9046.26
SO102188,2023-04-15,C0028,Windy City Cycles,Dealer,Booked,Net 30,Phoenix Distribution Center,26384.15
SO102189,2023-04-15,C0013,Pacific Trail Bikes,Dealer,Booked,Net 45,Phoenix Distribution Center,44131.04
SO102190,2023-04-15,C0001,Sonoran Cycles Online,DTC,Booked,Credit Card,Phoenix Distribution Center,4599.0
SO102191,2023-04-15,C0001,Sonoran Cycles Online,DTC,Booked,Credit Card,Phoenix Distribution Center,7499.0
SO102192,2023-04-15,C0001,Sonoran Cycles Online,DTC,Booked,Credit Card,Phoenix Distribution Center,3299.0
SO102193,2023-04-15,C0001,Sonoran Cycles Online,DTC,Booked,Credit Card,Phoenix Distribution Center,5199.0
SO102194,2023-04-15,C0001,Sonoran Cycles Online,DTC,Booked,Credit Card,Phoenix Distribution Center,3299.0
SO102195,2023-04-15,C0001,Sonoran Cycles Online,DTC,Booked,Credit Card,Phoenix Distribution Center,4599.0
SO102196,2023-04-15,C0001,Sonoran Cycles Online,DTC,Booked,Credit Card,Phoenix Distribution Center,4599.0
SO102197,2023-04-15,C0001,Sonoran Cycles Online,DTC,Booked,Credit Card,Phoenix Distribution Center,3299.0
SO102198,2023-04-15,C0001,Sonoran Cycles Online,DTC,Booked,Credit Card,Phoenix Distribution Center,4599.0
SO102199,2023-04-15,C0001,Sonoran Cycles Online,DTC,Booked,Credit Card,Phoenix Distribution Center,4599.0
SO102200,2023-04-15,C0001,Sonoran Cycles Online,DTC,Booked,Credit Card,Phoenix Distribution Center,5199.0
SO102201,2023-04-15,C0001,Sonoran Cycles Online,DTC,Booked,Credit Card,Phoenix Distribution Center,3499.0
SO102202,2023-04-15,C0001,Sonoran Cycles Online,DTC,Booked,Credit Card,Phoenix Distribution Center,17897.0
SO102203,2023-04-15,C0001,Sonoran Cycles Online,DTC,Booked,Credit Card,Phoenix Distribution Center,6199.0
SO102204,2023-04-15,C0001,Sonoran Cycles Online,DTC,Booked,Credit Card,Phoenix Distribution Center,3299.0
SO102205,2023-04-15,C0001,Sonoran Cycles Online,DTC,Booked,Credit Card,Phoenix Distribution Center,3999.0
SO102206,2023-04-15,C0001,Sonoran Cycles Online,DTC,Booked,Credit Card,Phoenix Distribution Center,3299.0
SO102207,2023-04-15,C0001,Sonoran Cycles Online,DTC,Booked,Credit Card,Phoenix Distribution Center,3299.0
SO102208,2023-04-15,C0001,Sonoran Cycles Online,DTC,Booked,Credit Card,Phoenix Distribution Center,3499.0
SO102209,2023-04-16,C0030,Blue Ridge Cycles,Dealer,Booked,Net 30,Phoenix Distribution Center,33721.18
SO102210,2023-04-16,C0031,Pisgah Bike Co.,Dealer,Booked,Net 45,Phoenix Distribution Center,12061.68
SO102211,2023-04-16,C0001,Sonoran Cycles Online,DTC,Booked,Credit Card,Phoenix Distribution Center,3499.0
SO102212,2023-04-16,C0001,Sonoran Cycles Online,DTC,Booked,Credit Card,Phoenix Distribution Center,6199.0
SO102213,2023-04-16,C0001,Sonoran Cycles Online,DTC,Booked,Credit Card,Phoenix Distribution Center,3999.0
SO102214,2023-04-16,C0001,Sonoran Cycles Online,DTC,Booked,Credit Card,Phoenix Distribution Center,5199.0
SO102215,2023-04-16,C0001,Sonoran Cycles Online,DTC,Booked,Credit Card,Phoenix Distribution Center,5199.0
SO102216,2023-04-16,C0001,Sonoran Cycles Online,DTC,Booked,Credit Card,Phoenix Distribution Center,3299.0
SO102217,2023-04-16,C0001,Sonoran Cycles Online,DTC,Booked,Credit Card,Phoenix Distribution Center,4599.0
SO102218,2023-04-16,C0001,Sonoran Cycles Online,DTC,Booked,Credit Card,Phoenix Distribution Center,6199.0
SO102219,2023-04-16,C0001,Sonoran Cycles Online,DTC,Booked,Credit Card,Phoenix Distribution Center,4599.0
SO102220,2023-04-16,C0001,Sonoran Cycles Online,DTC,Booked,Credit Card,Phoenix Distribution Center,9198.0
SO102221,2023-04-16,C0001,Sonoran Cycles Online,DTC,Booked,Credit Card,Phoenix Distribution Center,5199.0
SO102222,2023-04-16,C0001,Sonoran Cycles Online,DTC,Booked,Credit Card,Phoenix Distribution Center,3299.0
SO102223,2023-04-16,C0001,Sonoran Cycles Online,DTC,Booked,Credit Card,Phoenix Distribution Center,5199.0
SO102224,2023-04-16,C0001,Sonoran Cycles Online,DTC,Booked,Credit Card,Phoenix Distribution Center,4599.0
SO102225,2023-04-16,C0001,Sonoran Cycles Online,DTC,Booked,Credit Card,Phoenix Distribution Center,3299.0
SO102226,2023-04-16,C0001,Sonoran Cycles Online,DTC,Booked,Credit Card,Phoenix Distribution Center,6199.0
SO102227,2023-04-16,C0001,Sonoran Cycles Online,DTC,Booked,Credit Card,Phoenix Distribution Center,3299.0
SO102228,2023-04-16,C0001,Sonoran Cycles Online,DTC,Booked,Credit Card,Phoenix Distribution Center,6199.0
SO102229,2023-04-17,C0021,Rocky Peak Cycles,Dealer,Booked,Net 30,Phoenix Distribution Center,39315.9
SO102230,2023-04-17,C0002,Desert Trail Bikes,Dealer,Booked,Net 45,Phoenix Distribution Center,39200.46
SO102231,2023-04-17,C0004,Sonoran Bike Co.,Dealer,Booked,Net 30,Phoenix Distribution Center,51450.7
SO102232,2023-04-17,C0035,Adirondack Cycles,Dealer,Booked,Net 30,Phoenix Distribution Center,23005.45
SO102233,2023-04-17,C0018,High Country Bikes,Dealer,Booked,Net 45,Phoenix Distribution Center,24007.94
SO102234,2023-04-17,C0036,Pine Tree Bicycles,Dealer,Booked,Net 30,Phoenix Distribution Center,12737.4
SO102235,2023-04-17,C0031,Pisgah Bike Co.,Dealer,Booked,Net 45,Phoenix Distribution Center,45173.88
SO102236,2023-04-17,C0006,Tucson Trail Works,Dealer,Booked,Net 30,Phoenix Distribution Center,53062.7
SO102237,2023-04-17,C0003,Cactus Cycling,Dealer,Booked,Net 30,Phoenix Distribution Center,38681.18
SO102238,2023-04-17,C0028,Windy City Cycles,Dealer,Booked,Net 30,Phoenix Distribution Center,16116.75
SO102239,2023-04-17,C0026,Great Lakes Cyclery,Dealer,Booked,Net 30,Phoenix Distribution Center,22289.8
SO102240,2023-04-17,C0032,Southern Singletrack,Dealer,Booked,Net 30,Phoenix Distribution Center,34703.5
SO102241,2023-04-17,C0004,Sonoran Bike Co.,Dealer,Booked,Net 30,Phoenix Distribution Center,24423.66
SO102242,2023-04-17,C0025,Lakeshore Bikes,Dealer,Booked,Net 30,Phoenix Distribution Center,4958.76
SO102243,2023-04-17,C0027,Prairie Trail Bikes,Dealer,Booked,Net 30,Phoenix Distribution Center,19960.28
SO102244,2023-04-17,C0004,Sonoran Bike Co.,Dealer,Booked,Net 30,Phoenix Distribution Center,39672.56
SO102245,2023-04-17,C0013,Pacific Trail Bikes,Dealer,Booked,Net 45,Phoenix Distribution Center,13048.26
SO102246,2023-04-17,C0016,Coastal Gravel Co.,Dealer,Booked,Net 30,Phoenix Distribution Center,33856.55
SO102247,2023-04-17,C0008,Sedona Ride Center,Dealer,Booked,Net 30,Phoenix Distribution Center,35954.42
SO102248,2023-04-17,C0008,Sedona Ride Center,Dealer,Booked,Net 30,Phoenix Distribution Center,13948.14
SO102249,2023-04-17,C0030,Blue Ridge Cycles,Dealer,Booked,Net 30,Phoenix Distribution Center,23555.04
SO102250,2023-04-17,C0034,Green Mountain Bikes,Dealer,Booked,Net 30,Phoenix Distribution Center,27335.18
SO102251,2023-04-17,C0020,Alpine Ride Co.,Dealer,Booked,Net 30,Phoenix Distribution Center,7438.14
SO102252,2023-04-17,C0025,Lakeshore Bikes,Dealer,Booked,Net 30,Phoenix Distribution Center,15619.66
SO102253,2023-04-17,C0027,Prairie Trail Bikes,Dealer,Booked,Net 30,Phoenix Distribution Center,30373.8
SO102254,2023-04-17,C0021,Rocky Peak Cycles,Dealer,Booked,Net 30,Phoenix Distribution Center,28527.85
SO102255,2023-04-17,C0001,Sonoran Cycles Online,DTC,Booked,Credit Card,Phoenix Distribution Center,7499.0
SO102256,2023-04-17,C0001,Sonoran Cycles Online,DTC,Booked,Credit Card,Phoenix Distribution Center,5199.0
SO102257,2023-04-17,C0001,Sonoran Cycles Online,DTC,Booked,Credit Card,Phoenix Distribution Center,6199.0
SO102258,2023-04-17,C0001,Sonoran Cycles Online,DTC,Booked,Credit Card,Phoenix Distribution Center,4599.0
SO102259,2023-04-17,C0001,Sonoran Cycles Online,DTC,Booked,Credit Card,Phoenix Distribution Center,5199.0
SO102260,2023-04-17,C0001,Sonoran Cycles Online,DTC,Booked,Credit Card,Phoenix Distribution Center,10398.0
SO102261,2023-04-17,C0001,Sonoran Cycles Online,DTC,Booked,Credit Card,Phoenix Distribution Center,7499.0
SO102262,2023-04-17,C0001,Sonoran Cycles Online,DTC,Booked,Credit Card,Phoenix Distribution Center,3299.0
SO102263,2023-04-17,C0001,Sonoran Cycles Online,DTC,Booked,Credit Card,Phoenix Distribution Center,5199.0
SO102264,2023-04-17,C0001,Sonoran Cycles Online,DTC,Booked,Credit Card,Phoenix Distribution Center,3299.0
SO102265,2023-04-17,C0001,Sonoran Cycles Online,DTC,Booked,Credit Card,Phoenix Distribution Center,7499.0
SO102266,2023-04-17,C0001,Sonoran Cycles Online,DTC,Booked,Credit Card,Phoenix Distribution Center,4599.0
SO102267,2023-04-18,C0013,Pacific Trail Bikes,Dealer,Booked,Net 45,Phoenix Distribution Center,52193.04
SO102268,2023-04-18,C0036,Pine Tree Bicycles,Dealer,Booked,Net 30,Phoenix Distribution Center,40293.5
SO102269,2023-04-18,C0033,Appalachian Bikes,Dealer,Booked,Net 30,Phoenix Distribution Center,23555.04
SO102270,2023-04-18,C0011,Cascade Bikes,Dealer,Booked,Net 30,Phoenix Distribution Center,17480.28
SO102271,2023-04-18,C0002,Desert Trail Bikes,Dealer,Booked,Net 45,Phoenix Distribution Center,18788.52
SO102272,2023-04-18,C0024,Teton Cycling,Dealer,Booked,Net 30,Phoenix Distribution Center,20796.1
SO102273,2023-04-18,C0031,Pisgah Bike Co.,Dealer,Booked,Net 45,Phoenix Distribution Center,22267.94
SO102274,2023-04-18,C0029,River Bend Bikes,Dealer,Booked,Net 30,Phoenix Distribution Center,14817.4
SO102275,2023-04-18,C0002,Desert Trail Bikes,Dealer,Booked,Net 45,Phoenix Distribution Center,45115.3
SO102276,2023-04-18,C0010,Evergreen Cyclery,Dealer,Booked,Net 45,Phoenix Distribution Center,18032.78
SO102277,2023-04-18,C0006,Tucson Trail Works,Dealer,Booked,Net 30,Phoenix Distribution Center,28515.04
SO102278,2023-04-18,C0031,Pisgah Bike Co.,Dealer,Booked,Net 45,Phoenix Distribution Center,10786.26
SO102279,2023-04-18,C0009,Las Cruces Cycling,Dealer,Booked,Net 30,Phoenix Distribution Center,13256.1
SO102280,2023-04-18,C0035,Adirondack Cycles,Dealer,Booked,Net 30,Phoenix Distribution Center,19496.1
SO102281,2023-04-18,C0034,Green Mountain Bikes,Dealer,Booked,Net 30,Phoenix Distribution Center,24979.8
SO102282,2023-04-18,C0027,Prairie Trail Bikes,Dealer,Booked,Net 30,Phoenix Distribution Center,13389.52
SO102283,2023-04-18,C0021,Rocky Peak Cycles,Dealer,Booked,Net 30,Phoenix Distribution Center,18976.1
SO102284,2023-04-18,C0036,Pine Tree Bicycles,Dealer,Booked,Net 30,Phoenix Distribution Center,17545.45
SO102285,2023-04-18,C0015,Sierra Cycle Works,Dealer,Booked,Net 30,Phoenix Distribution Center,68188.22
SO102286,2023-04-18,C0022,Wasatch Wheel Works,Dealer,Booked,Net 30,Phoenix Distribution Center,12397.52
SO102287,2023-04-18,C0025,Lakeshore Bikes,Dealer,Booked,Net 30,Phoenix Distribution Center,25971.18
SO102288,2023-04-18,C0032,Southern Singletrack,Dealer,Booked,Net 30,Phoenix Distribution Center,19756.1
SO102289,2023-04-18,C0027,Prairie Trail Bikes,Dealer,Booked,Net 30,Phoenix Distribution Center,26407.04
SO102290,2023-04-18,C0006,Tucson Trail Works,Dealer,Booked,Net 30,Phoenix Distribution Center,26716.42
SO102291,2023-04-18,C0035,Adirondack Cycles,Dealer,Booked,Net 30,Phoenix Distribution Center,27294.8
SO102292,2023-04-18,C0009,Las Cruces Cycling,Dealer,Booked,Net 30,Phoenix Distribution Center,21704.8
SO102293,2023-04-18,C0001,Sonoran Cycles Online,DTC,Booked,Credit Card,Phoenix Distribution Center,6199.0
SO102294,2023-04-18,C0001,Sonoran Cycles Online,DTC,Booked,Credit Card,Phoenix Distribution Center,6598.0
SO102295,2023-04-18,C0001,Sonoran Cycles Online,DTC,Booked,Credit Card,Phoenix Distribution Center,3299.0
SO102296,2023-04-18,C0001,Sonoran Cycles Online,DTC,Booked,Credit Card,Phoenix Distribution Center,5199.0
SO102297,2023-04-18,C0001,Sonoran Cycles Online,DTC,Booked,Credit Card,Phoenix Distribution Center,5199.0
SO102298,2023-04-18,C0001,Sonoran Cycles Online,DTC,Booked,Credit Card,Phoenix Distribution Center,4599.0
SO102299,2023-04-18,C0001,Sonoran Cycles Online,DTC,Booked,Credit Card,Phoenix Distribution Center,7499.0
SO102300,2023-04-18,C0001,Sonoran Cycles Online,DTC,Booked,Credit Card,Phoenix Distribution Center,3999.0
SO102301,2023-04-18,C0001,Sonoran Cycles Online,DTC,Booked,Credit Card,Phoenix Distribution Center,12398.0
SO102302,2023-04-18,C0001,Sonoran Cycles Online,DTC,Booked,Credit Card,Phoenix Distribution Center,4599.0
SO102303,2023-04-19,C0005,Mesa Mountain Bikes,Dealer,Booked,Net 30,Phoenix Distribution Center,15920.45
SO102304,2023-04-19,C0032,Southern Singletrack,Dealer,Booked,Net 30,Phoenix Distribution Center,56148.95
SO102305,2023-04-19,C0031,Pisgah Bike Co.,Dealer,Booked,Net 45,Phoenix Distribution Center,19252.52
SO102306,2023-04-19,C0002,Desert Trail Bikes,Dealer,Booked,Net 45,Phoenix Distribution Center,43374.72
SO102307,2023-04-19,C0018,High Country Bikes,Dealer,Booked,Net 45,Phoenix Distribution Center,28878.78
SO102308,2023-04-19,C0022,Wasatch Wheel Works,Dealer,Booked,Net 30,Phoenix Distribution Center,57524.22
SO102309,2023-04-19,C0014,Redwood Ride Shop,Dealer,Booked,Net 30,Phoenix Distribution Center,19464.9
SO102310,2023-04-19,C0010,Evergreen Cyclery,Dealer,Booked,Net 45,Phoenix Distribution Center,23600.2
SO102311,2023-04-19,C0015,Sierra Cycle Works,Dealer,Booked,Net 30,Phoenix Distribution Center,27894.42
SO102312,2023-04-19,C0002,Desert Trail Bikes,Dealer,Booked,Net 45,Phoenix Distribution Center,18671.94
SO102313,2023-04-19,C0009,Las Cruces Cycling,Dealer,Booked,Net 30,Phoenix Distribution Center,26384.15
SO102314,2023-04-19,C0033,Appalachian Bikes,Dealer,Booked,Net 30,Phoenix Distribution Center,31985.8
SO102315,2023-04-19,C0028,Windy City Cycles,Dealer,Booked,Net 30,Phoenix Distribution Center,23005.45
SO102316,2023-04-19,C0012,Rain City Cycles,Dealer,Booked,Net 30,Phoenix Distribution Center,26449.15
SO102317,2023-04-19,C0010,Evergreen Cyclery,Dealer,Booked,Net 45,Phoenix Distribution Center,3826.84
SO102318,2023-04-19,C0004,Sonoran Bike Co.,Dealer,Booked,Net 30,Phoenix Distribution Center,38927.94
SO102319,2023-04-19,C0024,Teton Cycling,Dealer,Booked,Net 30,Phoenix Distribution Center,19299.15
SO102320,2023-04-19,C0010,Evergreen Cyclery,Dealer,Booked,Net 45,Phoenix Distribution Center,9277.68
SO102321,2023-04-19,C0014,Redwood Ride Shop,Dealer,Booked,Net 30,Phoenix Distribution Center,39671.94
SO102322,2023-04-19,C0013,Pacific Trail Bikes,Dealer,Booked,Net 45,Phoenix Distribution Center,41753.62
SO102323,2023-04-19,C0008,Sedona Ride Center,Dealer,Booked,Net 30,Phoenix Distribution Center,18597.52
SO102324,2023-04-19,C0027,Prairie Trail Bikes,Dealer,Booked,Net 30,Phoenix Distribution Center,37191.94
SO102325,2023-04-19,C0014,Redwood Ride Shop,Dealer,Booked,Net 30,Phoenix Distribution Center,37624.08
SO102326,2023-04-19,C0001,Sonoran Cycles Online,DTC,Booked,Credit Card,Phoenix Distribution Center,3999.0
SO102327,2023-04-19,C0001,Sonoran Cycles Online,DTC,Booked,Credit Card,Phoenix Distribution Center,6199.0
SO102328,2023-04-19,C0001,Sonoran Cycles Online,DTC,Booked,Credit Card,Phoenix Distribution Center,4599.0
SO102329,2023-04-19,C0001,Sonoran Cycles Online,DTC,Booked,Credit Card,Phoenix Distribution Center,4599.0
SO102330,2023-04-19,C0001,Sonoran Cycles Online,DTC,Booked,Credit Card,Phoenix Distribution Center,3299.0
SO102331,2023-04-19,C0001,Sonoran Cycles Online,DTC,Booked,Credit Card,Phoenix Distribution Center,12698.0
SO102332,2023-04-19,C0001,Sonoran Cycles Online,DTC,Booked,Credit Card,Phoenix Distribution Center,4599.0
SO102333,2023-04-19,C0001,Sonoran Cycles Online,DTC,Booked,Credit Card,Phoenix Distribution Center,5199.0
SO102334,2023-04-19,C0001,Sonoran Cycles Online,DTC,Booked,Credit Card,Phoenix Distribution Center,7499.0
SO102335,2023-04-19,C0001,Sonoran Cycles Online,DTC,Booked,Credit Card,Phoenix Distribution Center,9798.0
SO102336,2023-04-19,C0001,Sonoran Cycles Online,DTC,Booked,Credit Card,Phoenix Distribution Center,4599.0
SO102337,2023-04-19,C0001,Sonoran Cycles Online,DTC,Booked,Credit Card,Phoenix Distribution Center,5199.0
SO102338,2023-04-19,C0001,Sonoran Cycles Online,DTC,Booked,Credit Card,Phoenix Distribution Center,4599.0
SO102339,2023-04-19,C0001,Sonoran Cycles Online,DTC,Booked,Credit Card,Phoenix Distribution Center,9198.0
SO102340,2023-04-19,C0001,Sonoran Cycles Online,DTC,Booked,Credit Card,Phoenix Distribution Center,3299.0
SO102341,2023-04-20,C0031,Pisgah Bike Co.,Dealer,Booked,Net 45,Phoenix Distribution Center,59032.98
SO102342,2023-04-20,C0010,Evergreen Cyclery,Dealer,Booked,Net 45,Phoenix Distribution Center,7653.68
SO102343,2023-04-20,C0029,River Bend Bikes,Dealer,Booked,Net 30,Phoenix Distribution Center,20926.1
SO102344,2023-04-20,C0006,Tucson Trail Works,Dealer,Booked,Net 30,Phoenix Distribution Center,38060.56
SO102345,2023-04-20,C0006,Tucson Trail Works,Dealer,Booked,Net 30,Phoenix Distribution Center,31737.18
SO102346,2023-04-20,C0002,Desert Trail Bikes,Dealer,Booked,Net 45,Phoenix Distribution Center,44302.72
SO102347,2023-04-20,C0018,High Country Bikes,Dealer,Booked,Net 45,Phoenix Distribution Center,14729.1
SO102348,2023-04-20,C0010,Evergreen Cyclery,Dealer,Booked,Net 45,Phoenix Distribution Center,31138.46
SO102349,2023-04-20,C0033,Appalachian Bikes,Dealer,Booked,Net 30,Phoenix Distribution Center,16736.28
SO102350,2023-04-20,C0014,Redwood Ride Shop,Dealer,Booked,Net 30,Phoenix Distribution Center,15620.9
SO102351,2023-04-20,C0011,Cascade Bikes,Dealer,Booked,Net 30,Phoenix Distribution Center,47358.08
SO102352,2023-04-20,C0025,Lakeshore Bikes,Dealer,Booked,Net 30,Phoenix Distribution Center,31673.94
SO102353,2023-04-20,C0017,Bay Mountain Bikes,Dealer,Booked,Net 30,Phoenix Distribution Center,40106.56
SO102354,2023-04-20,C0011,Cascade Bikes,Dealer,Booked,Net 30,Phoenix Distribution Center,36076.56
SO102355,2023-04-20,C0024,Teton Cycling,Dealer,Booked,Net 30,Phoenix Distribution Center,17154.8
SO102356,2023-04-20,C0012,Rain City Cycles,Dealer,Booked,Net 30,Phoenix Distribution Center,57514.6
SO102357,2023-04-20,C0030,Blue Ridge Cycles,Dealer,Booked,Net 30,Phoenix Distribution Center,14256.9
SO102358,2023-04-20,C0034,Green Mountain Bikes,Dealer,Booked,Net 30,Phoenix Distribution Center,24669.18
SO102359,2023-04-20,C0030,Blue Ridge Cycles,Dealer,Booked,Net 30,Phoenix Distribution Center,45870.7
SO102360,2023-04-20,C0021,Rocky Peak Cycles,Dealer,Booked,Net 30,Phoenix Distribution Center,32884.15
SO102361,2023-04-20,C0020,Alpine Ride Co.,Dealer,Booked,Net 30,Phoenix Distribution Center,15434.9
SO102362,2023-04-20,C0013,Pacific Trail Bikes,Dealer,Booked,Net 45,Phoenix Distribution Center,39144.78
SO102363,2023-04-20,C0030,Blue Ridge Cycles,Dealer,Booked,Net 30,Phoenix Distribution Center,27274.42
SO102364,2023-04-20,C0013,Pacific Trail Bikes,Dealer,Booked,Net 45,Phoenix Distribution Center,32532.2
SO102365,2023-04-20,C0023,Bozeman Bike Works,Dealer,Booked,Net 30,Phoenix Distribution Center,18716.1
SO102366,2023-04-20,C0001,Sonoran Cycles Online,DTC,Booked,Credit Card,Phoenix Distribution Center,3299.0
SO102367,2023-04-20,C0001,Sonoran Cycles Online,DTC,Booked,Credit Card,Phoenix Distribution Center,3499.0
SO102368,2023-04-20,C0001,Sonoran Cycles Online,DTC,Booked,Credit Card,Phoenix Distribution Center,9198.0
SO102369,2023-04-20,C0001,Sonoran Cycles Online,DTC,Booked,Credit Card,Phoenix Distribution Center,3299.0
SO102370,2023-04-20,C0001,Sonoran Cycles Online,DTC,Booked,Credit Card,Phoenix Distribution Center,13698.0
SO102371,2023-04-20,C0001,Sonoran Cycles Online,DTC,Booked,Credit Card,Phoenix Distribution Center,4599.0
SO102372,2023-04-20,C0001,Sonoran Cycles Online,DTC,Booked,Credit Card,Phoenix Distribution Center,5199.0
SO102373,2023-04-20,C0001,Sonoran Cycles Online,DTC,Booked,Credit Card,Phoenix Distribution Center,7898.0
SO102374,2023-04-20,C0001,Sonoran Cycles Online,DTC,Booked,Credit Card,Phoenix Distribution Center,4599.0
SO102375,2023-04-20,C0001,Sonoran Cycles Online,DTC,Booked,Credit Card,Phoenix Distribution Center,6199.0
SO102376,2023-04-20,C0001,Sonoran Cycles Online,DTC,Booked,Credit Card,Phoenix Distribution Center,6199.0
SO102377,2023-04-20,C0001,Sonoran Cycles Online,DTC,Booked,Credit Card,Phoenix Distribution Center,4599.0
SO102378,2023-04-20,C0001,Sonoran Cycles Online,DTC,Booked,Credit Card,Phoenix Distribution Center,6199.0
SO102379,2023-04-21,C0027,Prairie Trail Bikes,Dealer,Booked,Net 30,Phoenix Distribution Center,16054.28
SO102380,2023-04-21,C0014,Redwood Ride Shop,Dealer,Booked,Net 30,Phoenix Distribution Center,12830.9
SO102381,2023-04-21,C0011,Cascade Bikes,Dealer,Booked,Net 30,Phoenix Distribution Center,32481.8
SO102382,2023-04-21,C0006,Tucson Trail Works,Dealer,Booked,Net 30,Phoenix Distribution Center,15929.66
SO102383,2023-04-21,C0025,Lakeshore Bikes,Dealer,Booked,Net 30,Phoenix Distribution Center,22189.8
SO102384,2023-04-21,C0017,Bay Mountain Bikes,Dealer,Booked,Net 30,Phoenix Distribution Center,19649.66
SO102385,2023-04-21,C0015,Sierra Cycle Works,Dealer,Booked,Net 30,Phoenix Distribution Center,24299.04
SO102386,2023-04-21,C0007,Red Rock Cycles,Dealer,Booked,Net 30,Phoenix Distribution Center,34443.5
SO102387,2023-04-21,C0018,High Country Bikes,Dealer,Booked,Net 45,Phoenix Distribution Center,17049.1
SO102388,2023-04-21,C0002,Desert Trail Bikes,Dealer,Booked,Net 45,Phoenix Distribution Center,41056.46
SO102389,2023-04-21,C0003,Cactus Cycling,Dealer,Booked,Net 30,Phoenix Distribution Center,30498.42
SO102390,2023-04-21,C0008,Sedona Ride Center,Dealer,Booked,Net 30,Phoenix Distribution Center,48539.18
SO102391,2023-04-21,C0019,Front Range Cyclery,Dealer,Booked,Net 30,Phoenix Distribution Center,32605.8
SO102392,2023-04-21,C0019,Front Range Cyclery,Dealer,Booked,Net 30,Phoenix Distribution Center,34713.18
SO102393,2023-04-21,C0030,Blue Ridge Cycles,Dealer,Booked,Net 30,Phoenix Distribution Center,37565.18
SO102394,2023-04-21,C0006,Tucson Trail Works,Dealer,Booked,Net 30,Phoenix Distribution Center,46615.32
SO102395,2023-04-21,C0025,Lakeshore Bikes,Dealer,Booked,Net 30,Phoenix Distribution Center,13140.28
SO102396,2023-04-21,C0022,Wasatch Wheel Works,Dealer,Booked,Net 30,Phoenix Distribution Center,30745.8
SO102397,2023-04-21,C0011,Cascade Bikes,Dealer,Booked,Net 30,Phoenix Distribution Center,28143.04
SO102398,2023-04-21,C0034,Green Mountain Bikes,Dealer,Booked,Net 30,Phoenix Distribution Center,34401.94
SO102399,2023-04-21,C0009,Las Cruces Cycling,Dealer,Booked,Net 30,Phoenix Distribution Center,29893.5
SO102400,2023-04-21,C0001,Sonoran Cycles Online,DTC,Booked,Credit Card,Phoenix Distribution Center,7499.0
SO102401,2023-04-21,C0001,Sonoran Cycles Online,DTC,Booked,Credit Card,Phoenix Distribution Center,9198.0
SO102402,2023-04-21,C0001,Sonoran Cycles Online,DTC,Booked,Credit Card,Phoenix Distribution Center,4599.0
SO102403,2023-04-21,C0001,Sonoran Cycles Online,DTC,Booked,Credit Card,Phoenix Distribution Center,4599.0
SO102404,2023-04-21,C0001,Sonoran Cycles Online,DTC,Booked,Credit Card,Phoenix Distribution Center,4599.0
SO102405,2023-04-21,C0001,Sonoran Cycles Online,DTC,Booked,Credit Card,Phoenix Distribution Center,6199.0
SO102406,2023-04-21,C0001,Sonoran Cycles Online,DTC,Booked,Credit Card,Phoenix Distribution Center,4599.0
SO102407,2023-04-21,C0001,Sonoran Cycles Online,DTC,Booked,Credit Card,Phoenix Distribution Center,4599.0
SO102408,2023-04-21,C0001,Sonoran Cycles Online,DTC,Booked,Credit Card,Phoenix Distribution Center,5199.0
SO102409,2023-04-21,C0001,Sonoran Cycles Online,DTC,Booked,Credit Card,Phoenix Distribution Center,7499.0
SO102410,2023-04-21,C0001,Sonoran Cycles Online,DTC,Booked,Credit Card,Phoenix Distribution Center,3299.0
SO102411,2023-04-21,C0001,Sonoran Cycles Online,DTC,Booked,Credit Card,Phoenix Distribution Center,3999.0
SO102412,2023-04-21,C0001,Sonoran Cycles Online,DTC,Booked,Credit Card,Phoenix Distribution Center,4599.0
SO102413,2023-04-21,C0001,Sonoran Cycles Online,DTC,Booked,Credit Card,Phoenix Distribution Center,4599.0
SO102414,2023-04-21,C0001,Sonoran Cycles Online,DTC,Booked,Credit Card,Phoenix Distribution Center,5199.0
SO102415,2023-04-22,C0018,High Country Bikes,Dealer,Booked,Net 45,Phoenix Distribution Center,35257.62
SO102416,2023-04-22,C0007,Red Rock Cycles,Dealer,Booked,Net 30,Phoenix Distribution Center,31714.15
SO102417,2023-04-22,C0007,Red Rock Cycles,Dealer,Booked,Net 30,Phoenix Distribution Center,30414.15
SO102418,2023-04-22,C0015,Sierra Cycle Works,Dealer,Booked,Net 30,Phoenix Distribution Center,12149.52
SO102419,2023-04-22,C0034,Green Mountain Bikes,Dealer,Booked,Net 30,Phoenix Distribution Center,7314.14
SO102420,2023-04-22,C0034,Green Mountain Bikes,Dealer,Booked,Net 30,Phoenix Distribution Center,29937.94
SO102421,2023-04-22,C0018,High Country Bikes,Dealer,Booked,Net 45,Phoenix Distribution Center,10206.26
SO102422,2023-04-22,C0001,Sonoran Cycles Online,DTC,Booked,Credit Card,Phoenix Distribution Center,6199.0
SO102423,2023-04-22,C0001,Sonoran Cycles Online,DTC,Booked,Credit Card,Phoenix Distribution Center,4599.0
SO102424,2023-04-22,C0001,Sonoran Cycles Online,DTC,Booked,Credit Card,Phoenix Distribution Center,3299.0
SO102425,2023-04-22,C0001,Sonoran Cycles Online,DTC,Booked,Credit Card,Phoenix Distribution Center,6598.0
SO102426,2023-04-22,C0001,Sonoran Cycles Online,DTC,Booked,Credit Card,Phoenix Distribution Center,5199.0
SO102427,2023-04-22,C0001,Sonoran Cycles Online,DTC,Booked,Credit Card,Phoenix Distribution Center,4599.0
SO102428,2023-04-22,C0001,Sonoran Cycles Online,DTC,Booked,Credit Card,Phoenix Distribution Center,7898.0
SO102429,2023-04-22,C0001,Sonoran Cycles Online,DTC,Booked,Credit Card,Phoenix Distribution Center,3299.0
SO102430,2023-04-22,C0001,Sonoran Cycles Online,DTC,Booked,Credit Card,Phoenix Distribution Center,9798.0
SO102431,2023-04-22,C0001,Sonoran Cycles Online,DTC,Booked,Credit Card,Phoenix Distribution Center,4599.0
SO102432,2023-04-22,C0001,Sonoran Cycles Online,DTC,Booked,Credit Card,Phoenix Distribution Center,5199.0
SO102433,2023-04-22,C0001,Sonoran Cycles Online,DTC,Booked,Credit Card,Phoenix Distribution Center,6199.0
SO102434,2023-04-22,C0001,Sonoran Cycles Online,DTC,Booked,Credit Card,Phoenix Distribution Center,4599.0
SO102435,2023-04-22,C0001,Sonoran Cycles Online,DTC,Booked,Credit Card,Phoenix Distribution Center,3299.0
SO102436,2023-04-22,C0001,Sonoran Cycles Online,DTC,Booked,Credit Card,Phoenix Distribution Center,3999.0
SO102437,2023-04-22,C0001,Sonoran Cycles Online,DTC,Booked,Credit Card,Phoenix Distribution Center,4599.0
SO102438,2023-04-22,C0001,Sonoran Cycles Online,DTC,Booked,Credit Card,Phoenix Distribution Center,5199.0
SO102439,2023-04-22,C0001,Sonoran Cycles Online,DTC,Booked,Credit Card,Phoenix Distribution Center,3499.0
SO102440,2023-04-23,C0022,Wasatch Wheel Works,Dealer,Booked,Net 30,Phoenix Distribution Center,22563.04
SO102441,2023-04-23,C0003,Cactus Cycling,Dealer,Booked,Net 30,Phoenix Distribution Center,28389.18
SO102442,2023-04-23,C0001,Sonoran Cycles Online,DTC,Booked,Credit Card,Phoenix Distribution Center,4599.0
SO102443,2023-04-23,C0001,Sonoran Cycles Online,DTC,Booked,Credit Card,Phoenix Distribution Center,4599.0
SO102444,2023-04-23,C0001,Sonoran Cycles Online,DTC,Booked,Credit Card,Phoenix Distribution Center,3299.0
SO102445,2023-04-23,C0001,Sonoran Cycles Online,DTC,Booked,Credit Card,Phoenix Distribution Center,3299.0
SO102446,2023-04-23,C0001,Sonoran Cycles Online,DTC,Booked,Credit Card,Phoenix Distribution Center,4599.0
SO102447,2023-04-23,C0001,Sonoran Cycles Online,DTC,Booked,Credit Card,Phoenix Distribution Center,5199.0
SO102448,2023-04-23,C0001,Sonoran Cycles Online,DTC,Booked,Credit Card,Phoenix Distribution Center,9198.0
SO102449,2023-04-23,C0001,Sonoran Cycles Online,DTC,Booked,Credit Card,Phoenix Distribution Center,6598.0
SO102450,2023-04-23,C0001,Sonoran Cycles Online,DTC,Booked,Credit Card,Phoenix Distribution Center,4599.0
SO102451,2023-04-23,C0001,Sonoran Cycles Online,DTC,Booked,Credit Card,Phoenix Distribution Center,7499.0
SO102452,2023-04-23,C0001,Sonoran Cycles Online,DTC,Booked,Credit Card,Phoenix Distribution Center,4599.0
SO102453,2023-04-23,C0001,Sonoran Cycles Online,DTC,Booked,Credit Card,Phoenix Distribution Center,12098.0
SO102454,2023-04-23,C0001,Sonoran Cycles Online,DTC,Booked,Credit Card,Phoenix Distribution Center,3499.0
SO102455,2023-04-23,C0001,Sonoran Cycles Online,DTC,Booked,Credit Card,Phoenix Distribution Center,4599.0
SO102456,2023-04-23,C0001,Sonoran Cycles Online,DTC,Booked,Credit Card,Phoenix Distribution Center,3999.0
SO102457,2023-04-23,C0001,Sonoran Cycles Online,DTC,Booked,Credit Card,Phoenix Distribution Center,4599.0
SO102458,2023-04-24,C0018,High Country Bikes,Dealer,Booked,Net 45,Phoenix Distribution Center,10669.68
SO102459,2023-04-24,C0030,Blue Ridge Cycles,Dealer,Booked,Net 30,Phoenix Distribution Center,43577.94
SO102460,2023-04-24,C0011,Cascade Bikes,Dealer,Booked,Net 30,Phoenix Distribution Center,12893.52
SO102461,2023-04-24,C0004,Sonoran Bike Co.,Dealer,Booked,Net 30,Phoenix Distribution Center,35705.18
SO102462,2023-04-24,C0005,Mesa Mountain Bikes,Dealer,Booked,Net 30,Phoenix Distribution Center,20209.8
SO102463,2023-04-24,C0020,Alpine Ride Co.,Dealer,Booked,Net 30,Phoenix Distribution Center,37375.46
SO102464,2023-04-24,C0014,Redwood Ride Shop,Dealer,Booked,Net 30,Phoenix Distribution Center,36820.56
SO102465,2023-04-24,C0003,Cactus Cycling,Dealer,Booked,Net 30,Phoenix Distribution Center,29691.8
SO102466,2023-04-24,C0033,Appalachian Bikes,Dealer,Booked,Net 30,Phoenix Distribution Center,30125.8
SO102467,2023-04-24,C0017,Bay Mountain Bikes,Dealer,Booked,Net 30,Phoenix Distribution Center,30250.42
SO102468,2023-04-24,C0033,Appalachian Bikes,Dealer,Booked,Net 30,Phoenix Distribution Center,16116.9
SO102469,2023-04-24,C0013,Pacific Trail Bikes,Dealer,Booked,Net 45,Phoenix Distribution Center,30502.2
SO102470,2023-04-24,C0020,Alpine Ride Co.,Dealer,Booked,Net 30,Phoenix Distribution Center,25413.18
SO102471,2023-04-24,C0015,Sierra Cycle Works,Dealer,Booked,Net 30,Phoenix Distribution Center,18224.28
SO102472,2023-04-24,C0012,Rain City Cycles,Dealer,Booked,Net 30,Phoenix Distribution Center,20406.1
SO102473,2023-04-24,C0010,Evergreen Cyclery,Dealer,Booked,Net 45,Phoenix Distribution Center,18207.36
SO102474,2023-04-24,C0002,Desert Trail Bikes,Dealer,Booked,Net 45,Phoenix Distribution Center,24702.78
SO102475,2023-04-24,C0031,Pisgah Bike Co.,Dealer,Booked,Net 45,Phoenix Distribution Center,49986.72
SO102476,2023-04-24,C0016,Coastal Gravel Co.,Dealer,Booked,Net 30,Phoenix Distribution Center,30542.2
SO102477,2023-04-24,C0027,Prairie Trail Bikes,Dealer,Booked,Net 30,Phoenix Distribution Center,24919.66
SO102478,2023-04-24,C0007,Red Rock Cycles,Dealer,Booked,Net 30,Phoenix Distribution Center,28204.8
SO102479,2023-04-24,C0002,Desert Trail Bikes,Dealer,Booked,Net 45,Phoenix Distribution Center,27602.2
SO102480,2023-04-24,C0001,Sonoran Cycles Online,DTC,Booked,Credit Card,Phoenix Distribution Center,7499.0
SO102481,2023-04-24,C0001,Sonoran Cycles Online,DTC,Booked,Credit Card,Phoenix Distribution Center,3499.0
SO102482,2023-04-24,C0001,Sonoran Cycles Online,DTC,Booked,Credit Card,Phoenix Distribution Center,10798.0
SO102483,2023-04-24,C0001,Sonoran Cycles Online,DTC,Booked,Credit Card,Phoenix Distribution Center,13197.0
SO102484,2023-04-24,C0001,Sonoran Cycles Online,DTC,Booked,Credit Card,Phoenix Distribution Center,6199.0
SO102485,2023-04-24,C0001,Sonoran Cycles Online,DTC,Booked,Credit Card,Phoenix Distribution Center,5199.0
SO102486,2023-04-24,C0001,Sonoran Cycles Online,DTC,Booked,Credit Card,Phoenix Distribution Center,4599.0
SO102487,2023-04-24,C0001,Sonoran Cycles Online,DTC,Booked,Credit Card,Phoenix Distribution Center,4599.0
SO102488,2023-04-24,C0001,Sonoran Cycles Online,DTC,Booked,Credit Card,Phoenix Distribution Center,4599.0
SO102489,2023-04-24,C0001,Sonoran Cycles Online,DTC,Booked,Credit Card,Phoenix Distribution Center,6199.0
SO102490,2023-04-24,C0001,Sonoran Cycles Online,DTC,Booked,Credit Card,Phoenix Distribution Center,4599.0
SO102491,2023-04-24,C0001,Sonoran Cycles Online,DTC,Booked,Credit Card,Phoenix Distribution Center,4599.0
SO102492,2023-04-25,C0004,Sonoran Bike Co.,Dealer,Booked,Net 30,Phoenix Distribution Center,7066.76
SO102493,2023-04-25,C0023,Bozeman Bike Works,Dealer,Booked,Net 30,Phoenix Distribution Center,33533.5
SO102494,2023-04-25,C0026,Great Lakes Cyclery,Dealer,Booked,Net 30,Phoenix Distribution Center,10267.4
SO102495,2023-04-25,C0015,Sierra Cycle Works,Dealer,Booked,Net 30,Phoenix Distribution Center,18781.04
SO102496,2023-04-25,C0019,Front Range Cyclery,Dealer,Booked,Net 30,Phoenix Distribution Center,14381.52
SO102497,2023-04-25,C0028,Windy City Cycles,Dealer,Booked,Net 30,Phoenix Distribution Center,31714.15
SO102498,2023-04-25,C0006,Tucson Trail Works,Dealer,Booked,Net 30,Phoenix Distribution Center,9298.14
SO102499,2023-04-25,C0021,Rocky Peak Cycles,Dealer,Booked,Net 30,Phoenix Distribution Center,21315.45
SO102500,2023-04-25,C0006,Tucson Trail Works,Dealer,Booked,Net 30,Phoenix Distribution Center,32481.18
SO102501,2023-04-25,C0022,Wasatch Wheel Works,Dealer,Booked,Net 30,Phoenix Distribution Center,9298.14
SO102502,2023-04-25,C0026,Great Lakes Cyclery,Dealer,Booked,Net 30,Phoenix Distribution Center,44061.55
SO102503,2023-04-25,C0018,High Country Bikes,Dealer,Booked,Net 45,Phoenix Distribution Center,22498.78
SO102504,2023-04-25,C0011,Cascade Bikes,Dealer,Booked,Net 30,Phoenix Distribution Center,20580.28
SO102505,2023-04-25,C0013,Pacific Trail Bikes,Dealer,Booked,Net 45,Phoenix Distribution Center,56947.3
SO102506,2023-04-25,C0028,Windy City Cycles,Dealer,Booked,Net 30,Phoenix Distribution Center,42370.9
SO102507,2023-04-25,C0002,Desert Trail Bikes,Dealer,Booked,Net 45,Phoenix Distribution Center,36880.46
SO102508,2023-04-25,C0028,Windy City Cycles,Dealer,Booked,Net 30,Phoenix Distribution Center,29958.5
SO102509,2023-04-25,C0030,Blue Ridge Cycles,Dealer,Booked,Net 30,Phoenix Distribution Center,30001.8
SO102510,2023-04-25,C0008,Sedona Ride Center,Dealer,Booked,Net 30,Phoenix Distribution Center,40168.56
SO102511,2023-04-25,C0033,Appalachian Bikes,Dealer,Booked,Net 30,Phoenix Distribution Center,40167.94
SO102512,2023-04-25,C0020,Alpine Ride Co.,Dealer,Booked,Net 30,Phoenix Distribution Center,12272.28
SO102513,2023-04-25,C0010,Evergreen Cyclery,Dealer,Booked,Net 45,Phoenix Distribution Center,32181.3
SO102514,2023-04-25,C0031,Pisgah Bike Co.,Dealer,Booked,Net 45,Phoenix Distribution Center,29979.62
SO102515,2023-04-25,C0027,Prairie Trail Bikes,Dealer,Booked,Net 30,Phoenix Distribution Center,37688.56
SO102516,2023-04-25,C0002,Desert Trail Bikes,Dealer,Booked,Net 45,Phoenix Distribution Center,16932.52
SO102517,2023-04-25,C0017,Bay Mountain Bikes,Dealer,Booked,Net 30,Phoenix Distribution Center,46119.32
SO102518,2023-04-25,C0022,Wasatch Wheel Works,Dealer,Booked,Net 30,Phoenix Distribution Center,22377.04
SO102519,2023-04-25,C0023,Bozeman Bike Works,Dealer,Booked,Net 30,Phoenix Distribution Center,75645.7
SO102520,2023-04-25,C0028,Windy City Cycles,Dealer,Booked,Net 30,Phoenix Distribution Center,48740.9
SO102521,2023-04-25,C0019,Front Range Cyclery,Dealer,Booked,Net 30,Phoenix Distribution Center,25043.04
SO102522,2023-04-25,C0001,Sonoran Cycles Online,DTC,Booked,Credit Card,Phoenix Distribution Center,9498.0
SO102523,2023-04-25,C0001,Sonoran Cycles Online,DTC,Booked,Credit Card,Phoenix Distribution Center,7499.0
SO102524,2023-04-25,C0001,Sonoran Cycles Online,DTC,Booked,Credit Card,Phoenix Distribution Center,3299.0
SO102525,2023-04-25,C0001,Sonoran Cycles Online,DTC,Booked,Credit Card,Phoenix Distribution Center,7499.0
SO102526,2023-04-25,C0001,Sonoran Cycles Online,DTC,Booked,Credit Card,Phoenix Distribution Center,3499.0
SO102527,2023-04-25,C0001,Sonoran Cycles Online,DTC,Booked,Credit Card,Phoenix Distribution Center,4599.0
SO102528,2023-04-25,C0001,Sonoran Cycles Online,DTC,Booked,Credit Card,Phoenix Distribution Center,5199.0
SO102529,2023-04-25,C0001,Sonoran Cycles Online,DTC,Booked,Credit Card,Phoenix Distribution Center,7499.0
SO102530,2023-04-25,C0001,Sonoran Cycles Online,DTC,Booked,Credit Card,Phoenix Distribution Center,3299.0
SO102531,2023-04-25,C0001,Sonoran Cycles Online,DTC,Booked,Credit Card,Phoenix Distribution Center,4599.0
SO102532,2023-04-25,C0001,Sonoran Cycles Online,DTC,Booked,Credit Card,Phoenix Distribution Center,6199.0
SO102533,2023-04-25,C0001,Sonoran Cycles Online,DTC,Booked,Credit Card,Phoenix Distribution Center,3299.0
SO102534,2023-04-26,C0018,High Country Bikes,Dealer,Booked,Net 45,Phoenix Distribution Center,50102.72
SO102535,2023-04-26,C0033,Appalachian Bikes,Dealer,Booked,Net 30,Phoenix Distribution Center,9298.14
SO102536,2023-04-26,C0013,Pacific Trail Bikes,Dealer,Booked,Net 45,Phoenix Distribution Center,31778.78
SO102537,2023-04-26,C0004,Sonoran Bike Co.,Dealer,Booked,Net 30,Phoenix Distribution Center,27894.42
SO102538,2023-04-26,C0002,Desert Trail Bikes,Dealer,Booked,Net 45,Phoenix Distribution Center,22383.36
SO102539,2023-04-26,C0006,Tucson Trail Works,Dealer,Booked,Net 30,Phoenix Distribution Center,17852.28
SO102540,2023-04-26,C0018,High Country Bikes,Dealer,Booked,Net 45,Phoenix Distribution Center,27718.78
SO102541,2023-04-26,C0026,Great Lakes Cyclery,Dealer,Booked,Net 30,Phoenix Distribution Center,35352.85
SO102542,2023-04-26,C0017,Bay Mountain Bikes,Dealer,Booked,Net 30,Phoenix Distribution Center,35953.8
SO102543,2023-04-26,C0025,Lakeshore Bikes,Dealer,Booked,Net 30,Phoenix Distribution Center,18781.66
SO102544,2023-04-26,C0027,Prairie Trail Bikes,Dealer,Booked,Net 30,Phoenix Distribution Center,9670.14
SO102545,2023-04-26,C0030,Blue Ridge Cycles,Dealer,Booked,Net 30,Phoenix Distribution Center,27398.42
SO102546,2023-04-26,C0013,Pacific Trail Bikes,Dealer,Booked,Net 45,Phoenix Distribution Center,21747.1
SO102547,2023-04-26,C0021,Rocky Peak Cycles,Dealer,Booked,Net 30,Phoenix Distribution Center,30154.8
SO102548,2023-04-26,C0009,Las Cruces Cycling,Dealer,Booked,Net 30,Phoenix Distribution Center,43800.25
SO102549,2023-04-26,C0015,Sierra Cycle Works,Dealer,Booked,Net 30,Phoenix Distribution Center,27336.42
SO102550,2023-04-26,C0021,Rocky Peak Cycles,Dealer,Booked,Net 30,Phoenix Distribution Center,35546.55
SO102551,2023-04-26,C0006,Tucson Trail Works,Dealer,Booked,Net 30,Phoenix Distribution Center,26530.42
SO102552,2023-04-26,C0027,Prairie Trail Bikes,Dealer,Booked,Net 30,Phoenix Distribution Center,14753.52
SO102553,2023-04-26,C0011,Cascade Bikes,Dealer,Booked,Net 30,Phoenix Distribution Center,28637.8
SO102554,2023-04-26,C0014,Redwood Ride Shop,Dealer,Booked,Net 30,Phoenix Distribution Center,12148.9
SO102555,2023-04-26,C0013,Pacific Trail Bikes,Dealer,Booked,Net 45,Phoenix Distribution Center,35142.78
SO102556,2023-04-26,C0031,Pisgah Bike Co.,Dealer,Booked,Net 45,Phoenix Distribution Center,24007.94
SO102557,2023-04-26,C0001,Sonoran Cycles Online,DTC,Booked,Credit Card,Phoenix Distribution Center,7499.0
SO102558,2023-04-26,C0001,Sonoran Cycles Online,DTC,Booked,Credit Card,Phoenix Distribution Center,7499.0
SO102559,2023-04-26,C0001,Sonoran Cycles Online,DTC,Booked,Credit Card,Phoenix Distribution Center,4599.0
SO102560,2023-04-26,C0001,Sonoran Cycles Online,DTC,Booked,Credit Card,Phoenix Distribution Center,6199.0
SO102561,2023-04-26,C0001,Sonoran Cycles Online,DTC,Booked,Credit Card,Phoenix Distribution Center,3299.0
SO102562,2023-04-26,C0001,Sonoran Cycles Online,DTC,Booked,Credit Card,Phoenix Distribution Center,3499.0
SO102563,2023-04-26,C0001,Sonoran Cycles Online,DTC,Booked,Credit Card,Phoenix Distribution Center,3999.0
SO102564,2023-04-26,C0001,Sonoran Cycles Online,DTC,Booked,Credit Card,Phoenix Distribution Center,3299.0
SO102565,2023-04-26,C0001,Sonoran Cycles Online,DTC,Booked,Credit Card,Phoenix Distribution Center,6598.0
SO102566,2023-04-26,C0001,Sonoran Cycles Online,DTC,Booked,Credit Card,Phoenix Distribution Center,3299.0
SO102567,2023-04-26,C0001,Sonoran Cycles Online,DTC,Booked,Credit Card,Phoenix Distribution Center,5199.0
SO102568,2023-04-26,C0001,Sonoran Cycles Online,DTC,Booked,Credit Card,Phoenix Distribution Center,4599.0
SO102569,2023-04-27,C0014,Redwood Ride Shop,Dealer,Booked,Net 30,Phoenix Distribution Center,22996.42
SO102570,2023-04-27,C0006,Tucson Trail Works,Dealer,Booked,Net 30,Phoenix Distribution Center,45312.7
SO102571,2023-04-27,C0028,Windy City Cycles,Dealer,Booked,Net 30,Phoenix Distribution Center,6758.7
SO102572,2023-04-27,C0036,Pine Tree Bicycles,Dealer,Booked,Net 30,Phoenix Distribution Center,20276.1
SO102573,2023-04-27,C0027,Prairie Trail Bikes,Dealer,Booked,Net 30,Phoenix Distribution Center,11530.14
SO102574,2023-04-27,C0036,Pine Tree Bicycles,Dealer,Booked,Net 30,Phoenix Distribution Center,25929.15
SO102575,2023-04-27,C0022,Wasatch Wheel Works,Dealer,Booked,Net 30,Phoenix Distribution Center,18596.28
SO102576,2023-04-27,C0006,Tucson Trail Works,Dealer,Booked,Net 30,Phoenix Distribution Center,11591.52
SO102577,2023-04-27,C0008,Sedona Ride Center,Dealer,Booked,Net 30,Phoenix Distribution Center,12150.14
SO102578,2023-04-27,C0027,Prairie Trail Bikes,Dealer,Booked,Net 30,Phoenix Distribution Center,32729.18
SO102579,2023-04-27,C0017,Bay Mountain Bikes,Dealer,Booked,Net 30,Phoenix Distribution Center,17356.9
SO102580,2023-04-27,C0012,Rain City Cycles,Dealer,Booked,Net 30,Phoenix Distribution Center,45554.6
SO102581,2023-04-27,C0020,Alpine Ride Co.,Dealer,Booked,Net 30,Phoenix Distribution Center,39050.7
SO102582,2023-04-27,C0031,Pisgah Bike Co.,Dealer,Booked,Net 45,Phoenix Distribution Center,22383.94
SO102583,2023-04-27,C0003,Cactus Cycling,Dealer,Booked,Net 30,Phoenix Distribution Center,30622.42
SO102584,2023-04-27,C0018,High Country Bikes,Dealer,Booked,Net 45,Phoenix Distribution Center,6610.84
SO102585,2023-04-27,C0016,Coastal Gravel Co.,Dealer,Booked,Net 30,Phoenix Distribution Center,25017.85
SO102586,2023-04-27,C0011,Cascade Bikes,Dealer,Booked,Net 30,Phoenix Distribution Center,12769.52
SO102587,2023-04-27,C0011,Cascade Bikes,Dealer,Booked,Net 30,Phoenix Distribution Center,47482.7
SO102588,2023-04-27,C0014,Redwood Ride Shop,Dealer,Booked,Net 30,Phoenix Distribution Center,20456.28
SO102589,2023-04-27,C0015,Sierra Cycle Works,Dealer,Booked,Net 30,Phoenix Distribution Center,44135.32
SO102590,2023-04-27,C0018,High Country Bikes,Dealer,Booked,Net 45,Phoenix Distribution Center,34329.62
SO102591,2023-04-27,C0006,Tucson Trail Works,Dealer,Booked,Net 30,Phoenix Distribution Center,28514.42
SO102592,2023-04-27,C0031,Pisgah Bike Co.,Dealer,Booked,Net 45,Phoenix Distribution Center,29110.2
SO102593,2023-04-27,C0001,Sonoran Cycles Online,DTC,Booked,Credit Card,Phoenix Distribution Center,5199.0
SO102594,2023-04-27,C0001,Sonoran Cycles Online,DTC,Booked,Credit Card,Phoenix Distribution Center,8498.0
SO102595,2023-04-27,C0001,Sonoran Cycles Online,DTC,Booked,Credit Card,Phoenix Distribution Center,3999.0
SO102596,2023-04-27,C0001,Sonoran Cycles Online,DTC,Booked,Credit Card,Phoenix Distribution Center,7898.0
SO102597,2023-04-27,C0001,Sonoran Cycles Online,DTC,Booked,Credit Card,Phoenix Distribution Center,5199.0
SO102598,2023-04-27,C0001,Sonoran Cycles Online,DTC,Booked,Credit Card,Phoenix Distribution Center,4599.0
SO102599,2023-04-27,C0001,Sonoran Cycles Online,DTC,Booked,Credit Card,Phoenix Distribution Center,3299.0
SO102600,2023-04-27,C0001,Sonoran Cycles Online,DTC,Booked,Credit Card,Phoenix Distribution Center,3499.0
SO102601,2023-04-27,C0001,Sonoran Cycles Online,DTC,Booked,Credit Card,Phoenix Distribution Center,5199.0
SO102602,2023-04-27,C0001,Sonoran Cycles Online,DTC,Booked,Credit Card,Phoenix Distribution Center,3299.0
SO102603,2023-04-27,C0001,Sonoran Cycles Online,DTC,Booked,Credit Card,Phoenix Distribution Center,7499.0
SO102604,2023-04-27,C0001,Sonoran Cycles Online,DTC,Booked,Credit Card,Phoenix Distribution Center,6598.0
SO102605,2023-04-27,C0001,Sonoran Cycles Online,DTC,Booked,Credit Card,Phoenix Distribution Center,4599.0
SO102606,2023-04-27,C0001,Sonoran Cycles Online,DTC,Booked,Credit Card,Phoenix Distribution Center,3499.0
SO102607,2023-04-28,C0022,Wasatch Wheel Works,Dealer,Booked,Net 30,Phoenix Distribution Center,16798.9
SO102608,2023-04-28,C0003,Cactus Cycling,Dealer,Booked,Net 30,Phoenix Distribution Center,21075.66
SO102609,2023-04-28,C0018,High Country Bikes,Dealer,Booked,Net 45,Phoenix Distribution Center,22267.94
SO102610,2023-04-28,C0024,Teton Cycling,Dealer,Booked,Net 30,Phoenix Distribution Center,15401.75
SO102611,2023-04-28,C0026,Great Lakes Cyclery,Dealer,Booked,Net 30,Phoenix Distribution Center,42891.55
SO102612,2023-04-28,C0010,Evergreen Cyclery,Dealer,Booked,Net 45,Phoenix Distribution Center,16525.36
SO102613,2023-04-28,C0025,Lakeshore Bikes,Dealer,Booked,Net 30,Phoenix Distribution Center,20393.04
SO102614,2023-04-28,C0026,Great Lakes Cyclery,Dealer,Booked,Net 30,Phoenix Distribution Center,19496.1
SO102615,2023-04-28,C0020,Alpine Ride Co.,Dealer,Booked,Net 30,Phoenix Distribution Center,18533.04
SO102616,2023-04-28,C0022,Wasatch Wheel Works,Dealer,Booked,Net 30,Phoenix Distribution Center,31799.18
SO102617,2023-04-28,C0007,Red Rock Cycles,Dealer,Booked,Net 30,Phoenix Distribution Center,38082.85
SO102618,2023-04-28,C0020,Alpine Ride Co.,Dealer,Booked,Net 30,Phoenix Distribution Center,4524.76
SO102619,2023-04-28,C0009,Las Cruces Cycling,Dealer,Booked,Net 30,Phoenix Distribution Center,18910.45
SO102620,2023-04-28,C0015,Sierra Cycle Works,Dealer,Booked,Net 30,Phoenix Distribution Center,16364.28
SO102621,2023-04-28,C0018,High Country Bikes,Dealer,Booked,Net 45,Phoenix Distribution Center,7248.26
SO102622,2023-04-28,C0014,Redwood Ride Shop,Dealer,Booked,Net 30,Phoenix Distribution Center,41407.94
SO102623,2023-04-28,C0031,Pisgah Bike Co.,Dealer,Booked,Net 45,Phoenix Distribution Center,33286.2
SO102624,2023-04-28,C0017,Bay Mountain Bikes,Dealer,Booked,Net 30,Phoenix Distribution Center,51450.7
SO102625,2023-04-28,C0017,Bay Mountain Bikes,Dealer,Booked,Net 30,Phoenix Distribution Center,19216.9
SO102626,2023-04-28,C0020,Alpine Ride Co.,Dealer,Booked,Net 30,Phoenix Distribution Center,9483.52
SO102627,2023-04-28,C0001,Sonoran Cycles Online,DTC,Booked,Credit Card,Phoenix Distribution Center,4599.0
SO102628,2023-04-28,C0001,Sonoran Cycles Online,DTC,Booked,Credit Card,Phoenix Distribution Center,5199.0
SO102629,2023-04-28,C0001,Sonoran Cycles Online,DTC,Booked,Credit Card,Phoenix Distribution Center,9198.0
SO102630,2023-04-28,C0001,Sonoran Cycles Online,DTC,Booked,Credit Card,Phoenix Distribution Center,3299.0
SO102631,2023-04-28,C0001,Sonoran Cycles Online,DTC,Booked,Credit Card,Phoenix Distribution Center,3299.0
SO102632,2023-04-28,C0001,Sonoran Cycles Online,DTC,Booked,Credit Card,Phoenix Distribution Center,6598.0
SO102633,2023-04-28,C0001,Sonoran Cycles Online,DTC,Booked,Credit Card,Phoenix Distribution Center,4599.0
SO102634,2023-04-28,C0001,Sonoran Cycles Online,DTC,Booked,Credit Card,Phoenix Distribution Center,5199.0
SO102635,2023-04-28,C0001,Sonoran Cycles Online,DTC,Booked,Credit Card,Phoenix Distribution Center,6199.0
SO102636,2023-04-28,C0001,Sonoran Cycles Online,DTC,Booked,Credit Card,Phoenix Distribution Center,5199.0
SO102637,2023-04-28,C0001,Sonoran Cycles Online,DTC,Booked,Credit Card,Phoenix Distribution Center,4599.0
SO102638,2023-04-28,C0001,Sonoran Cycles Online,DTC,Booked,Credit Card,Phoenix Distribution Center,3999.0
SO102639,2023-04-28,C0001,Sonoran Cycles Online,DTC,Booked,Credit Card,Phoenix Distribution Center,12098.0
SO102640,2023-04-28,C0001,Sonoran Cycles Online,DTC,Booked,Credit Card,Phoenix Distribution Center,3499.0
SO102641,2023-04-28,C0001,Sonoran Cycles Online,DTC,Booked,Credit Card,Phoenix Distribution Center,8698.0
SO102642,2023-04-29,C0030,Blue Ridge Cycles,Dealer,Booked,Net 30,Phoenix Distribution Center,27087.8
SO102643,2023-04-29,C0004,Sonoran Bike Co.,Dealer,Booked,Net 30,Phoenix Distribution Center,43887.32
SO102644,2023-04-29,C0024,Teton Cycling,Dealer,Booked,Net 30,Phoenix Distribution Center,23265.45
SO102645,2023-04-29,C0030,Blue Ridge Cycles,Dealer,Booked,Net 30,Phoenix Distribution Center,27398.42
SO102646,2023-04-29,C0013,Pacific Trail Bikes,Dealer,Booked,Net 45,Phoenix Distribution Center,18383.1
SO102647,2023-04-29,C0006,Tucson Trail Works,Dealer,Booked,Net 30,Phoenix Distribution Center,15062.28
SO102648,2023-04-29,C0025,Lakeshore Bikes,Dealer,Booked,Net 30,Phoenix Distribution Center,31983.94
SO102649,2023-04-29,C0001,Sonoran Cycles Online,DTC,Booked,Credit Card,Phoenix Distribution Center,3999.0
SO102650,2023-04-29,C0001,Sonoran Cycles Online,DTC,Booked,Credit Card,Phoenix Distribution Center,6199.0
SO102651,2023-04-29,C0001,Sonoran Cycles Online,DTC,Booked,Credit Card,Phoenix Distribution Center,6199.0
SO102652,2023-04-29,C0001,Sonoran Cycles Online,DTC,Booked,Credit Card,Phoenix Distribution Center,3299.0
SO102653,2023-04-29,C0001,Sonoran Cycles Online,DTC,Booked,Credit Card,Phoenix Distribution Center,3299.0
SO102654,2023-04-29,C0001,Sonoran Cycles Online,DTC,Booked,Credit Card,Phoenix Distribution Center,6199.0
SO102655,2023-04-29,C0001,Sonoran Cycles Online,DTC,Booked,Credit Card,Phoenix Distribution Center,4599.0
SO102656,2023-04-29,C0001,Sonoran Cycles Online,DTC,Booked,Credit Card,Phoenix Distribution Center,3299.0
SO102657,2023-04-29,C0001,Sonoran Cycles Online,DTC,Booked,Credit Card,Phoenix Distribution Center,5199.0
SO102658,2023-04-29,C0001,Sonoran Cycles Online,DTC,Booked,Credit Card,Phoenix Distribution Center,5199.0
SO102659,2023-04-29,C0001,Sonoran Cycles Online,DTC,Booked,Credit Card,Phoenix Distribution Center,5199.0
SO102660,2023-04-29,C0001,Sonoran Cycles Online,DTC,Booked,Credit Card,Phoenix Distribution Center,3499.0
SO102661,2023-04-29,C0001,Sonoran Cycles Online,DTC,Booked,Credit Card,Phoenix Distribution Center,3499.0
SO102662,2023-04-29,C0001,Sonoran Cycles Online,DTC,Booked,Credit Card,Phoenix Distribution Center,4599.0
SO102663,2023-04-29,C0001,Sonoran Cycles Online,DTC,Booked,Credit Card,Phoenix Distribution Center,4599.0
SO102664,2023-04-29,C0001,Sonoran Cycles Online,DTC,Booked,Credit Card,Phoenix Distribution Center,3299.0
SO102665,2023-04-29,C0001,Sonoran Cycles Online,DTC,Booked,Credit Card,Phoenix Distribution Center,4599.0
SO102666,2023-04-29,C0001,Sonoran Cycles Online,DTC,Booked,Credit Card,Phoenix Distribution Center,4599.0
SO102667,2023-04-29,C0001,Sonoran Cycles Online,DTC,Booked,Credit Card,Phoenix Distribution Center,5199.0
SO102668,2023-04-30,C0032,Southern Singletrack,Dealer,Booked,Net 30,Phoenix Distribution Center,41396.55
SO102669,2023-04-30,C0006,Tucson Trail Works,Dealer,Booked,Net 30,Phoenix Distribution Center,40292.56
SO102670,2023-04-30,C0001,Sonoran Cycles Online,DTC,Booked,Credit Card,Phoenix Distribution Center,12398.0
SO102671,2023-04-30,C0001,Sonoran Cycles Online,DTC,Booked,Credit Card,Phoenix Distribution Center,5199.0
SO102672,2023-04-30,C0001,Sonoran Cycles Online,DTC,Booked,Credit Card,Phoenix Distribution Center,5199.0
SO102673,2023-04-30,C0001,Sonoran Cycles Online,DTC,Booked,Credit Card,Phoenix Distribution Center,3299.0
SO102674,2023-04-30,C0001,Sonoran Cycles Online,DTC,Booked,Credit Card,Phoenix Distribution Center,9198.0
SO102675,2023-04-30,C0001,Sonoran Cycles Online,DTC,Booked,Credit Card,Phoenix Distribution Center,3299.0
SO102676,2023-04-30,C0001,Sonoran Cycles Online,DTC,Booked,Credit Card,Phoenix Distribution Center,10398.0
SO102677,2023-04-30,C0001,Sonoran Cycles Online,DTC,Booked,Credit Card,Phoenix Distribution Center,3499.0
SO102678,2023-04-30,C0001,Sonoran Cycles Online,DTC,Booked,Credit Card,Phoenix Distribution Center,6199.0
SO102679,2023-04-30,C0001,Sonoran Cycles Online,DTC,Booked,Credit Card,Phoenix Distribution Center,3299.0
SO102680,2023-04-30,C0001,Sonoran Cycles Online,DTC,Booked,Credit Card,Phoenix Distribution Center,7499.0
SO102681,2023-04-30,C0001,Sonoran Cycles Online,DTC,Booked,Credit Card,Phoenix Distribution Center,4599.0
SO102682,2023-04-30,C0001,Sonoran Cycles Online,DTC,Booked,Credit Card,Phoenix Distribution Center,6199.0
SO102683,2023-04-30,C0001,Sonoran Cycles Online,DTC,Booked,Credit Card,Phoenix Distribution Center,4599.0
SO102684,2023-05-01,C0026,Great Lakes Cyclery,Dealer,Booked,Net 30,Phoenix Distribution Center,38408.5
SO102685,2023-05-01,C0022,Wasatch Wheel Works,Dealer,Booked,Net 30,Phoenix Distribution Center,19959.66
SO102686,2023-05-01,C0002,Desert Trail Bikes,Dealer,Booked,Net 45,Phoenix Distribution Center,20063.94
SO102687,2023-05-01,C0018,High Country Bikes,Dealer,Booked,Net 45,Phoenix Distribution Center,31314.2
SO102688,2023-05-01,C0004,Sonoran Bike Co.,Dealer,Booked,Net 30,Phoenix Distribution Center,19340.28
SO102689,2023-05-01,C0018,High Country Bikes,Dealer,Booked,Net 45,Phoenix Distribution Center,30618.78
SO102690,2023-05-01,C0031,Pisgah Bike Co.,Dealer,Booked,Net 45,Phoenix Distribution Center,42680.46
SO102691,2023-05-01,C0025,Lakeshore Bikes,Dealer,Booked,Net 30,Phoenix Distribution Center,38677.46
SO102692,2023-05-01,C0019,Front Range Cyclery,Dealer,Booked,Net 30,Phoenix Distribution Center,44630.7
SO102693,2023-05-01,C0033,Appalachian Bikes,Dealer,Booked,Net 30,Phoenix Distribution Center,39299.94
SO102694,2023-05-01,C0033,Appalachian Bikes,Dealer,Booked,Net 30,Phoenix Distribution Center,52068.84
SO102695,2023-05-01,C0012,Rain City Cycles,Dealer,Booked,Net 30,Phoenix Distribution Center,38343.5
SO102696,2023-05-01,C0026,Great Lakes Cyclery,Dealer,Booked,Net 30,Phoenix Distribution Center,30802.85
SO102697,2023-05-01,C0023,Bozeman Bike Works,Dealer,Booked,Net 30,Phoenix Distribution Center,33013.5
SO102698,2023-05-01,C0010,Evergreen Cyclery,Dealer,Booked,Net 45,Phoenix Distribution Center,12698.52
SO102699,2023-05-01,C0004,Sonoran Bike Co.,Dealer,Booked,Net 30,Phoenix Distribution Center,20208.28
SO102700,2023-05-01,C0015,Sierra Cycle Works,Dealer,Booked,Net 30,Phoenix Distribution Center,26034.42
SO102701,2023-05-01,C0008,Sedona Ride Center,Dealer,Booked,Net 30,Phoenix Distribution Center,53621.32
SO102702,2023-05-01,C0025,Lakeshore Bikes,Dealer,Booked,Net 30,Phoenix Distribution Center,23801.18
SO102703,2023-05-01,C0020,Alpine Ride Co.,Dealer,Booked,Net 30,Phoenix Distribution Center,13884.9
SO102704,2023-05-01,C0010,Evergreen Cyclery,Dealer,Booked,Net 45,Phoenix Distribution Center,15249.94
SO102705,2023-05-01,C0010,Evergreen Cyclery,Dealer,Booked,Net 45,Phoenix Distribution Center,48591.24
SO102706,2023-05-01,C0005,Mesa Mountain Bikes,Dealer,Booked,Net 30,Phoenix Distribution Center,25407.85
SO102707,2023-05-01,C0006,Tucson Trail Works,Dealer,Booked,Net 30,Phoenix Distribution Center,40601.32
SO102708,2023-05-01,C0024,Teton Cycling,Dealer,Booked,Net 30,Phoenix Distribution Center,44905.9
SO102709,2023-05-01,C0008,Sedona Ride Center,Dealer,Booked,Net 30,Phoenix Distribution Center,39674.42
SO102710,2023-05-01,C0029,River Bend Bikes,Dealer,Booked,Net 30,Phoenix Distribution Center,40032.2
SO102711,2023-05-01,C0014,Redwood Ride Shop,Dealer,Booked,Net 30,Phoenix Distribution Center,28760.56
SO102712,2023-05-01,C0001,Sonoran Cycles Online,DTC,Booked,Credit Card,Phoenix Distribution Center,3499.0
SO102713,2023-05-01,C0001,Sonoran Cycles Online,DTC,Booked,Credit Card,Phoenix Distribution Center,4599.0
SO102714,2023-05-01,C0001,Sonoran Cycles Online,DTC,Booked,Credit Card,Phoenix Distribution Center,3299.0
SO102715,2023-05-01,C0001,Sonoran Cycles Online,DTC,Booked,Credit Card,Phoenix Distribution Center,3999.0
SO102716,2023-05-01,C0001,Sonoran Cycles Online,DTC,Booked,Credit Card,Phoenix Distribution Center,6199.0
SO102717,2023-05-01,C0001,Sonoran Cycles Online,DTC,Booked,Credit Card,Phoenix Distribution Center,6199.0
SO102718,2023-05-01,C0001,Sonoran Cycles Online,DTC,Booked,Credit Card,Phoenix Distribution Center,3299.0
SO102719,2023-05-01,C0001,Sonoran Cycles Online,DTC,Booked,Credit Card,Phoenix Distribution Center,3299.0
SO102720,2023-05-01,C0001,Sonoran Cycles Online,DTC,Booked,Credit Card,Phoenix Distribution Center,4599.0
SO102721,2023-05-01,C0001,Sonoran Cycles Online,DTC,Booked,Credit Card,Phoenix Distribution Center,4599.0
SO102722,2023-05-01,C0001,Sonoran Cycles Online,DTC,Booked,Credit Card,Phoenix Distribution Center,3299.0
SO102723,2023-05-01,C0001,Sonoran Cycles Online,DTC,Booked,Credit Card,Phoenix Distribution Center,6199.0
SO102724,2023-05-01,C0001,Sonoran Cycles Online,DTC,Booked,Credit Card,Phoenix Distribution Center,6199.0
SO102725,2023-05-02,C0005,Mesa Mountain Bikes,Dealer,Booked,Net 30,Phoenix Distribution Center,30670.9
SO102726,2023-05-02,C0033,Appalachian Bikes,Dealer,Booked,Net 30,Phoenix Distribution Center,45746.7
SO102727,2023-05-02,C0028,Windy City Cycles,Dealer,Booked,Net 30,Phoenix Distribution Center,28464.15
SO102728,2023-05-02,C0010,Evergreen Cyclery,Dealer,Booked,Net 45,Phoenix Distribution Center,20758.2
SO102729,2023-05-02,C0014,Redwood Ride Shop,Dealer,Booked,Net 30,Phoenix Distribution Center,26591.8
SO102730,2023-05-02,C0011,Cascade Bikes,Dealer,Booked,Net 30,Phoenix Distribution Center,15992.9
SO102731,2023-05-02,C0018,High Country Bikes,Dealer,Booked,Net 45,Phoenix Distribution Center,39779.88
SO102732,2023-05-02,C0002,Desert Trail Bikes,Dealer,Booked,Net 45,Phoenix Distribution Center,12061.68
SO102733,2023-05-02,C0004,Sonoran Bike Co.,Dealer,Booked,Net 30,Phoenix Distribution Center,17356.9
SO102734,2023-05-02,C0011,Cascade Bikes,Dealer,Booked,Net 30,Phoenix Distribution Center,10290.14
SO102735,2023-05-02,C0021,Rocky Peak Cycles,Dealer,Booked,Net 30,Phoenix Distribution Center,8967.4
SO102736,2023-05-02,C0017,Bay Mountain Bikes,Dealer,Booked,Net 30,Phoenix Distribution Center,27027.04
SO102737,2023-05-02,C0017,Bay Mountain Bikes,Dealer,Booked,Net 30,Phoenix Distribution Center,10910.14
SO102738,2023-05-02,C0006,Tucson Trail Works,Dealer,Booked,Net 30,Phoenix Distribution Center,39920.56
SO102739,2023-05-02,C0013,Pacific Trail Bikes,Dealer,Booked,Net 45,Phoenix Distribution Center,31546.2
SO102740,2023-05-02,C0012,Rain City Cycles,Dealer,Booked,Net 30,Phoenix Distribution Center,18261.75
SO102741,2023-05-02,C0031,Pisgah Bike Co.,Dealer,Booked,Net 45,Phoenix Distribution Center,37113.04
SO102742,2023-05-02,C0003,Cactus Cycling,Dealer,Booked,Net 30,Phoenix Distribution Center,35952.56
SO102743,2023-05-02,C0019,Front Range Cyclery,Dealer,Booked,Net 30,Phoenix Distribution Center,13389.52
SO102744,2023-05-02,C0006,Tucson Trail Works,Dealer,Booked,Net 30,Phoenix Distribution Center,12149.52
SO102745,2023-05-02,C0017,Bay Mountain Bikes,Dealer,Booked,Net 30,Phoenix Distribution Center,20703.66
SO102746,2023-05-02,C0009,Las Cruces Cycling,Dealer,Booked,Net 30,Phoenix Distribution Center,27489.15
SO102747,2023-05-02,C0021,Rocky Peak Cycles,Dealer,Booked,Net 30,Phoenix Distribution Center,34637.2
SO102748,2023-05-02,C0033,Appalachian Bikes,Dealer,Booked,Net 30,Phoenix Distribution Center,17232.9
SO102749,2023-05-02,C0009,Las Cruces Cycling,Dealer,Booked,Net 30,Phoenix Distribution Center,65767.0
SO102750,2023-05-02,C0025,Lakeshore Bikes,Dealer,Booked,Net 30,Phoenix Distribution Center,32417.94
SO102751,2023-05-02,C0035,Adirondack Cycles,Dealer,Booked,Net 30,Phoenix Distribution Center,12347.4
SO102752,2023-05-02,C0010,Evergreen Cyclery,Dealer,Booked,Net 45,Phoenix Distribution Center,17975.94
SO102753,2023-05-02,C0022,Wasatch Wheel Works,Dealer,Booked,Net 30,Phoenix Distribution Center,46987.32
SO102754,2023-05-02,C0001,Sonoran Cycles Online,DTC,Booked,Credit Card,Phoenix Distribution Center,5199.0
SO102755,2023-05-02,C0001,Sonoran Cycles Online,DTC,Booked,Credit Card,Phoenix Distribution Center,3999.0
SO102756,2023-05-02,C0001,Sonoran Cycles Online,DTC,Booked,Credit Card,Phoenix Distribution Center,7499.0
SO102757,2023-05-02,C0001,Sonoran Cycles Online,DTC,Booked,Credit Card,Phoenix Distribution Center,3299.0
SO102758,2023-05-02,C0001,Sonoran Cycles Online,DTC,Booked,Credit Card,Phoenix Distribution Center,4599.0
SO102759,2023-05-02,C0001,Sonoran Cycles Online,DTC,Booked,Credit Card,Phoenix Distribution Center,9198.0
SO102760,2023-05-02,C0001,Sonoran Cycles Online,DTC,Booked,Credit Card,Phoenix Distribution Center,6199.0
SO102761,2023-05-02,C0001,Sonoran Cycles Online,DTC,Booked,Credit Card,Phoenix Distribution Center,4599.0
SO102762,2023-05-02,C0001,Sonoran Cycles Online,DTC,Booked,Credit Card,Phoenix Distribution Center,7499.0
SO102763,2023-05-02,C0001,Sonoran Cycles Online,DTC,Booked,Credit Card,Phoenix Distribution Center,7499.0
SO102764,2023-05-02,C0001,Sonoran Cycles Online,DTC,Booked,Credit Card,Phoenix Distribution Center,4599.0
SO102765,2023-05-02,C0001,Sonoran Cycles Online,DTC,Booked,Credit Card,Phoenix Distribution Center,5199.0
SO102766,2023-05-03,C0016,Coastal Gravel Co.,Dealer,Booked,Net 30,Phoenix Distribution Center,13646.1
SO102767,2023-05-03,C0010,Evergreen Cyclery,Dealer,Booked,Net 45,Phoenix Distribution Center,14205.94
SO102768,2023-05-03,C0022,Wasatch Wheel Works,Dealer,Booked,Net 30,Phoenix Distribution Center,6446.76
SO102769,2023-05-03,C0019,Front Range Cyclery,Dealer,Booked,Net 30,Phoenix Distribution Center,23989.04
SO102770,2023-05-03,C0024,Teton Cycling,Dealer,Booked,Net 30,Phoenix Distribution Center,26904.8
SO102771,2023-05-03,C0032,Southern Singletrack,Dealer,Booked,Net 30,Phoenix Distribution Center,12346.75
SO102772,2023-05-03,C0004,Sonoran Bike Co.,Dealer,Booked,Net 30,Phoenix Distribution Center,55914.08
SO102773,2023-05-03,C0034,Green Mountain Bikes,Dealer,Booked,Net 30,Phoenix Distribution Center,30248.56
SO102774,2023-05-03,C0025,Lakeshore Bikes,Dealer,Booked,Net 30,Phoenix Distribution Center,17541.66
SO102775,2023-05-03,C0025,Lakeshore Bikes,Dealer,Booked,Net 30,Phoenix Distribution Center,23491.8
SO102776,2023-05-03,C0005,Mesa Mountain Bikes,Dealer,Booked,Net 30,Phoenix Distribution Center,36129.6
SO102777,2023-05-03,C0018,High Country Bikes,Dealer,Booked,Net 45,Phoenix Distribution Center,36069.62
SO102778,2023-05-03,C0033,Appalachian Bikes,Dealer,Booked,Net 30,Phoenix Distribution Center,32977.8
SO102779,2023-05-03,C0013,Pacific Trail Bikes,Dealer,Booked,Net 45,Phoenix Distribution Center,33460.78
SO102780,2023-05-03,C0008,Sedona Ride Center,Dealer,Booked,Net 30,Phoenix Distribution Center,22626.28
SO102781,2023-05-03,C0019,Front Range Cyclery,Dealer,Booked,Net 30,Phoenix Distribution Center,20331.66
SO102782,2023-05-03,C0033,Appalachian Bikes,Dealer,Booked,Net 30,Phoenix Distribution Center,13761.52
SO102783,2023-05-03,C0027,Prairie Trail Bikes,Dealer,Booked,Net 30,Phoenix Distribution Center,39671.94
SO102784,2023-05-03,C0003,Cactus Cycling,Dealer,Booked,Net 30,Phoenix Distribution Center,24485.04
SO102785,2023-05-03,C0029,River Bend Bikes,Dealer,Booked,Net 30,Phoenix Distribution Center,39382.2
SO102786,2023-05-03,C0010,Evergreen Cyclery,Dealer,Booked,Net 45,Phoenix Distribution Center,24179.04
SO102787,2023-05-03,C0004,Sonoran Bike Co.,Dealer,Booked,Net 30,Phoenix Distribution Center,49342.7
SO102788,2023-05-03,C0030,Blue Ridge Cycles,Dealer,Booked,Net 30,Phoenix Distribution Center,35332.56
SO102789,2023-05-03,C0018,High Country Bikes,Dealer,Booked,Net 45,Phoenix Distribution Center,19832.52
SO102790,2023-05-03,C0035,Adirondack Cycles,Dealer,Booked,Net 30,Phoenix Distribution Center,50559.6
SO102791,2023-05-03,C0010,Evergreen Cyclery,Dealer,Booked,Net 45,Phoenix Distribution Center,28413.04
SO102792,2023-05-03,C0013,Pacific Trail Bikes,Dealer,Booked,Net 45,Phoenix Distribution Center,44420.46
SO102793,2023-05-03,C0008,Sedona Ride Center,Dealer,Booked,Net 30,Phoenix Distribution Center,13948.14
SO102794,2023-05-03,C0003,Cactus Cycling,Dealer,Booked,Net 30,Phoenix Distribution Center,33845.8
SO102795,2023-05-03,C0018,High Country Bikes,Dealer,Booked,Net 45,Phoenix Distribution Center,20295.94
SO102796,2023-05-03,C0025,Lakeshore Bikes,Dealer,Booked,Net 30,Phoenix Distribution Center,24235.18
SO102797,2023-05-03,C0001,Sonoran Cycles Online,DTC,Booked,Credit Card,Phoenix Distribution Center,3999.0
SO102798,2023-05-03,C0001,Sonoran Cycles Online,DTC,Booked,Credit Card,Phoenix Distribution Center,7499.0
SO102799,2023-05-03,C0001,Sonoran Cycles Online,DTC,Booked,Credit Card,Phoenix Distribution Center,7499.0
SO102800,2023-05-03,C0001,Sonoran Cycles Online,DTC,Booked,Credit Card,Phoenix Distribution Center,3299.0
SO102801,2023-05-03,C0001,Sonoran Cycles Online,DTC,Booked,Credit Card,Phoenix Distribution Center,7499.0
SO102802,2023-05-03,C0001,Sonoran Cycles Online,DTC,Booked,Credit Card,Phoenix Distribution Center,6199.0
SO102803,2023-05-03,C0001,Sonoran Cycles Online,DTC,Booked,Credit Card,Phoenix Distribution Center,3499.0
SO102804,2023-05-03,C0001,Sonoran Cycles Online,DTC,Booked,Credit Card,Phoenix Distribution Center,6199.0
SO102805,2023-05-03,C0001,Sonoran Cycles Online,DTC,Booked,Credit Card,Phoenix Distribution Center,3299.0
SO102806,2023-05-03,C0001,Sonoran Cycles Online,DTC,Booked,Credit Card,Phoenix Distribution Center,3299.0
SO102807,2023-05-03,C0001,Sonoran Cycles Online,DTC,Booked,Credit Card,Phoenix Distribution Center,4599.0
SO102808,2023-05-03,C0001,Sonoran Cycles Online,DTC,Booked,Credit Card,Phoenix Distribution Center,7499.0
SO102809,2023-05-03,C0001,Sonoran Cycles Online,DTC,Booked,Credit Card,Phoenix Distribution Center,5199.0
SO102810,2023-05-03,C0001,Sonoran Cycles Online,DTC,Booked,Credit Card,Phoenix Distribution Center,4599.0
SO102811,2023-05-04,C0028,Windy City Cycles,Dealer,Booked,Net 30,Phoenix Distribution Center,11566.75
SO102812,2023-05-04,C0006,Tucson Trail Works,Dealer,Booked,Net 30,Phoenix Distribution Center,8926.14
SO102813,2023-05-04,C0013,Pacific Trail Bikes,Dealer,Booked,Net 45,Phoenix Distribution Center,12294.26
SO102814,2023-05-04,C0033,Appalachian Bikes,Dealer,Booked,Net 30,Phoenix Distribution Center,15373.52
SO102815,2023-05-04,C0013,Pacific Trail Bikes,Dealer,Booked,Net 45,Phoenix Distribution Center,14033.68
SO102816,2023-05-04,C0034,Green Mountain Bikes,Dealer,Booked,Net 30,Phoenix Distribution Center,27831.18
SO102817,2023-05-04,C0027,Prairie Trail Bikes,Dealer,Booked,Net 30,Phoenix Distribution Center,18224.28
SO102818,2023-05-04,C0017,Bay Mountain Bikes,Dealer,Booked,Net 30,Phoenix Distribution Center,32853.8
SO102819,2023-05-04,C0008,Sedona Ride Center,Dealer,Booked,Net 30,Phoenix Distribution Center,36077.8
SO102820,2023-05-04,C0008,Sedona Ride Center,Dealer,Booked,Net 30,Phoenix Distribution Center,20084.28
SO102821,2023-05-04,C0022,Wasatch Wheel Works,Dealer,Booked,Net 30,Phoenix Distribution Center,29009.8
SO102822,2023-05-04,C0003,Cactus Cycling,Dealer,Booked,Net 30,Phoenix Distribution Center,18285.66
SO102823,2023-05-04,C0009,Las Cruces Cycling,Dealer,Booked,Net 30,Phoenix Distribution Center,20146.1
SO102824,2023-05-04,C0003,Cactus Cycling,Dealer,Booked,Net 30,Phoenix Distribution Center,19586.42
SO102825,2023-05-04,C0034,Green Mountain Bikes,Dealer,Booked,Net 30,Phoenix Distribution Center,21198.42
SO102826,2023-05-04,C0033,Appalachian Bikes,Dealer,Booked,Net 30,Phoenix Distribution Center,12336.14
SO102827,2023-05-04,C0017,Bay Mountain Bikes,Dealer,Booked,Net 30,Phoenix Distribution Center,21820.28
SO102828,2023-05-04,C0008,Sedona Ride Center,Dealer,Booked,Net 30,Phoenix Distribution Center,25663.66
SO102829,2023-05-04,C0006,Tucson Trail Works,Dealer,Booked,Net 30,Phoenix Distribution Center,12149.52
SO102830,2023-05-04,C0005,Mesa Mountain Bikes,Dealer,Booked,Net 30,Phoenix Distribution Center,28787.85
SO102831,2023-05-04,C0017,Bay Mountain Bikes,Dealer,Booked,Net 30,Phoenix Distribution Center,34837.18
SO102832,2023-05-04,C0014,Redwood Ride Shop,Dealer,Booked,Net 30,Phoenix Distribution Center,20828.9
SO102833,2023-05-04,C0016,Coastal Gravel Co.,Dealer,Booked,Net 30,Phoenix Distribution Center,9097.4
SO102834,2023-05-04,C0007,Red Rock Cycles,Dealer,Booked,Net 30,Phoenix Distribution Center,20016.1
SO102835,2023-05-04,C0001,Sonoran Cycles Online,DTC,Booked,Credit Card,Phoenix Distribution Center,4599.0
SO102836,2023-05-04,C0001,Sonoran Cycles Online,DTC,Booked,Credit Card,Phoenix Distribution Center,3299.0
SO102837,2023-05-04,C0001,Sonoran Cycles Online,DTC,Booked,Credit Card,Phoenix Distribution Center,3499.0
SO102838,2023-05-04,C0001,Sonoran Cycles Online,DTC,Booked,Credit Card,Phoenix Distribution Center,4599.0
SO102839,2023-05-04,C0001,Sonoran Cycles Online,DTC,Booked,Credit Card,Phoenix Distribution Center,5199.0
SO102840,2023-05-04,C0001,Sonoran Cycles Online,DTC,Booked,Credit Card,Phoenix Distribution Center,3499.0
SO102841,2023-05-04,C0001,Sonoran Cycles Online,DTC,Booked,Credit Card,Phoenix Distribution Center,4599.0
SO102842,2023-05-04,C0001,Sonoran Cycles Online,DTC,Booked,Credit Card,Phoenix Distribution Center,5199.0
SO102843,2023-05-04,C0001,Sonoran Cycles Online,DTC,Booked,Credit Card,Phoenix Distribution Center,5199.0
SO102844,2023-05-04,C0001,Sonoran Cycles Online,DTC,Booked,Credit Card,Phoenix Distribution Center,8498.0
SO102845,2023-05-04,C0001,Sonoran Cycles Online,DTC,Booked,Credit Card,Phoenix Distribution Center,4599.0
SO102846,2023-05-04,C0001,Sonoran Cycles Online,DTC,Booked,Credit Card,Phoenix Distribution Center,3299.0
SO102847,2023-05-04,C0001,Sonoran Cycles Online,DTC,Booked,Credit Card,Phoenix Distribution Center,9798.0
SO102848,2023-05-04,C0001,Sonoran Cycles Online,DTC,Booked,Credit Card,Phoenix Distribution Center,7498.0
SO102849,2023-05-04,C0001,Sonoran Cycles Online,DTC,Booked,Credit Card,Phoenix Distribution Center,4599.0
SO102850,2023-05-04,C0001,Sonoran Cycles Online,DTC,Booked,Credit Card,Phoenix Distribution Center,3499.0
SO102851,2023-05-05,C0026,Great Lakes Cyclery,Dealer,Booked,Net 30,Phoenix Distribution Center,29828.5
SO102852,2023-05-05,C0019,Front Range Cyclery,Dealer,Booked,Net 30,Phoenix Distribution Center,24051.66
SO102853,2023-05-05,C0008,Sedona Ride Center,Dealer,Booked,Net 30,Phoenix Distribution Center,34218.42
SO102854,2023-05-05,C0036,Pine Tree Bicycles,Dealer,Booked,Net 30,Phoenix Distribution Center,29244.15
SO102855,2023-05-05,C0003,Cactus Cycling,Dealer,Booked,Net 30,Phoenix Distribution Center,22438.42
SO102856,2023-05-05,C0033,Appalachian Bikes,Dealer,Booked,Net 30,Phoenix Distribution Center,51945.46
SO102857,2023-05-05,C0006,Tucson Trail Works,Dealer,Booked,Net 30,Phoenix Distribution Center,28513.8
SO102858,2023-05-05,C0017,Bay Mountain Bikes,Dealer,Booked,Net 30,Phoenix Distribution Center,39300.56
SO102859,2023-05-05,C0036,Pine Tree Bicycles,Dealer,Booked,Net 30,Phoenix Distribution Center,10267.4
SO102860,2023-05-05,C0003,Cactus Cycling,Dealer,Booked,Net 30,Phoenix Distribution Center,32853.8
SO102861,2023-05-05,C0016,Coastal Gravel Co.,Dealer,Booked,Net 30,Phoenix Distribution Center,15920.45
SO102862,2023-05-05,C0013,Pacific Trail Bikes,Dealer,Booked,Net 45,Phoenix Distribution Center,12294.26
SO102863,2023-05-05,C0011,Cascade Bikes,Dealer,Booked,Net 30,Phoenix Distribution Center,38927.94
SO102864,2023-05-05,C0034,Green Mountain Bikes,Dealer,Booked,Net 30,Phoenix Distribution Center,17231.04
SO102865,2023-05-05,C0010,Evergreen Cyclery,Dealer,Booked,Net 45,Phoenix Distribution Center,38909.3
SO102866,2023-05-05,C0002,Desert Trail Bikes,Dealer,Booked,Net 45,Phoenix Distribution Center,41055.3
SO102867,2023-05-05,C0014,Redwood Ride Shop,Dealer,Booked,Net 30,Phoenix Distribution Center,24609.04
SO102868,2023-05-05,C0010,Evergreen Cyclery,Dealer,Booked,Net 45,Phoenix Distribution Center,23309.62
SO102869,2023-05-05,C0006,Tucson Trail Works,Dealer,Booked,Net 30,Phoenix Distribution Center,24732.42
SO102870,2023-05-05,C0033,Appalachian Bikes,Dealer,Booked,Net 30,Phoenix Distribution Center,19525.66
SO102871,2023-05-05,C0026,Great Lakes Cyclery,Dealer,Booked,Net 30,Phoenix Distribution Center,23981.1
SO102872,2023-05-05,C0016,Coastal Gravel Co.,Dealer,Booked,Net 30,Phoenix Distribution Center,6823.05
SO102873,2023-05-05,C0032,Southern Singletrack,Dealer,Booked,Net 30,Phoenix Distribution Center,30997.85
SO102874,2023-05-05,C0031,Pisgah Bike Co.,Dealer,Booked,Net 45,Phoenix Distribution Center,48478.72
SO102875,2023-05-05,C0035,Adirondack Cycles,Dealer,Booked,Net 30,Phoenix Distribution Center,20015.45
SO102876,2023-05-05,C0001,Sonoran Cycles Online,DTC,Booked,Credit Card,Phoenix Distribution Center,5199.0
SO102877,2023-05-05,C0001,Sonoran Cycles Online,DTC,Booked,Credit Card,Phoenix Distribution Center,5199.0
SO102878,2023-05-05,C0001,Sonoran Cycles Online,DTC,Booked,Credit Card,Phoenix Distribution Center,9798.0
SO102879,2023-05-05,C0001,Sonoran Cycles Online,DTC,Booked,Credit Card,Phoenix Distribution Center,3299.0
SO102880,2023-05-05,C0001,Sonoran Cycles Online,DTC,Booked,Credit Card,Phoenix Distribution Center,3499.0
SO102881,2023-05-05,C0001,Sonoran Cycles Online,DTC,Booked,Credit Card,Phoenix Distribution Center,3299.0
SO102882,2023-05-05,C0001,Sonoran Cycles Online,DTC,Booked,Credit Card,Phoenix Distribution Center,7499.0
SO102883,2023-05-05,C0001,Sonoran Cycles Online,DTC,Booked,Credit Card,Phoenix Distribution Center,3299.0
SO102884,2023-05-05,C0001,Sonoran Cycles Online,DTC,Booked,Credit Card,Phoenix Distribution Center,4599.0
SO102885,2023-05-05,C0001,Sonoran Cycles Online,DTC,Booked,Credit Card,Phoenix Distribution Center,4599.0
SO102886,2023-05-05,C0001,Sonoran Cycles Online,DTC,Booked,Credit Card,Phoenix Distribution Center,6199.0
SO102887,2023-05-05,C0001,Sonoran Cycles Online,DTC,Booked,Credit Card,Phoenix Distribution Center,4599.0
SO102888,2023-05-05,C0001,Sonoran Cycles Online,DTC,Booked,Credit Card,Phoenix Distribution Center,4599.0
SO102889,2023-05-05,C0001,Sonoran Cycles Online,DTC,Booked,Credit Card,Phoenix Distribution Center,3299.0
SO102890,2023-05-05,C0001,Sonoran Cycles Online,DTC,Booked,Credit Card,Phoenix Distribution Center,4599.0
SO102891,2023-05-05,C0001,Sonoran Cycles Online,DTC,Booked,Credit Card,Phoenix Distribution Center,3299.0
SO102892,2023-05-06,C0013,Pacific Trail Bikes,Dealer,Booked,Net 45,Phoenix Distribution Center,29111.94
SO102893,2023-05-06,C0028,Windy City Cycles,Dealer,Booked,Net 30,Phoenix Distribution Center,22550.45
SO102894,2023-05-06,C0021,Rocky Peak Cycles,Dealer,Booked,Net 30,Phoenix Distribution Center,17221.75
SO102895,2023-05-06,C0012,Rain City Cycles,Dealer,Booked,Net 30,Phoenix Distribution Center,24954.8
SO102896,2023-05-06,C0015,Sierra Cycle Works,Dealer,Booked,Net 30,Phoenix Distribution Center,26406.42
SO102897,2023-05-06,C0002,Desert Trail Bikes,Dealer,Booked,Net 45,Phoenix Distribution Center,28529.62
SO102898,2023-05-06,C0018,High Country Bikes,Dealer,Booked,Net 45,Phoenix Distribution Center,33691.62
SO102899,2023-05-06,C0006,Tucson Trail Works,Dealer,Booked,Net 30,Phoenix Distribution Center,28885.18
SO102900,2023-05-06,C0001,Sonoran Cycles Online,DTC,Booked,Credit Card,Phoenix Distribution Center,5199.0
SO102901,2023-05-06,C0001,Sonoran Cycles Online,DTC,Booked,Credit Card,Phoenix Distribution Center,3499.0
SO102902,2023-05-06,C0001,Sonoran Cycles Online,DTC,Booked,Credit Card,Phoenix Distribution Center,3299.0
SO102903,2023-05-06,C0001,Sonoran Cycles Online,DTC,Booked,Credit Card,Phoenix Distribution Center,3999.0
SO102904,2023-05-06,C0001,Sonoran Cycles Online,DTC,Booked,Credit Card,Phoenix Distribution Center,4599.0
SO102905,2023-05-06,C0001,Sonoran Cycles Online,DTC,Booked,Credit Card,Phoenix Distribution Center,5199.0
SO102906,2023-05-06,C0001,Sonoran Cycles Online,DTC,Booked,Credit Card,Phoenix Distribution Center,4599.0
SO102907,2023-05-06,C0001,Sonoran Cycles Online,DTC,Booked,Credit Card,Phoenix Distribution Center,9498.0
SO102908,2023-05-06,C0001,Sonoran Cycles Online,DTC,Booked,Credit Card,Phoenix Distribution Center,3499.0
SO102909,2023-05-06,C0001,Sonoran Cycles Online,DTC,Booked,Credit Card,Phoenix Distribution Center,7499.0
SO102910,2023-05-06,C0001,Sonoran Cycles Online,DTC,Booked,Credit Card,Phoenix Distribution Center,4599.0
SO102911,2023-05-06,C0001,Sonoran Cycles Online,DTC,Booked,Credit Card,Phoenix Distribution Center,6199.0
SO102912,2023-05-06,C0001,Sonoran Cycles Online,DTC,Booked,Credit Card,Phoenix Distribution Center,11398.0
SO102913,2023-05-06,C0001,Sonoran Cycles Online,DTC,Booked,Credit Card,Phoenix Distribution Center,4599.0
SO102914,2023-05-06,C0001,Sonoran Cycles Online,DTC,Booked,Credit Card,Phoenix Distribution Center,3999.0
SO102915,2023-05-06,C0001,Sonoran Cycles Online,DTC,Booked,Credit Card,Phoenix Distribution Center,5199.0
SO102916,2023-05-06,C0001,Sonoran Cycles Online,DTC,Booked,Credit Card,Phoenix Distribution Center,4599.0
SO102917,2023-05-06,C0001,Sonoran Cycles Online,DTC,Booked,Credit Card,Phoenix Distribution Center,4599.0
SO102918,2023-05-06,C0001,Sonoran Cycles Online,DTC,Booked,Credit Card,Phoenix Distribution Center,3299.0
SO102919,2023-05-07,C0022,Wasatch Wheel Works,Dealer,Booked,Net 30,Phoenix Distribution Center,17913.66
SO102920,2023-05-07,C0035,Adirondack Cycles,Dealer,Booked,Net 30,Phoenix Distribution Center,19106.1
SO102921,2023-05-07,C0036,Pine Tree Bicycles,Dealer,Booked,Net 30,Phoenix Distribution Center,34509.8
SO102922,2023-05-07,C0001,Sonoran Cycles Online,DTC,Booked,Credit Card,Phoenix Distribution Center,4599.0
SO102923,2023-05-07,C0001,Sonoran Cycles Online,DTC,Booked,Credit Card,Phoenix Distribution Center,5199.0
SO102924,2023-05-07,C0001,Sonoran Cycles Online,DTC,Booked,Credit Card,Phoenix Distribution Center,6199.0
SO102925,2023-05-07,C0001,Sonoran Cycles Online,DTC,Booked,Credit Card,Phoenix Distribution Center,5199.0
SO102926,2023-05-07,C0001,Sonoran Cycles Online,DTC,Booked,Credit Card,Phoenix Distribution Center,4599.0
SO102927,2023-05-07,C0001,Sonoran Cycles Online,DTC,Booked,Credit Card,Phoenix Distribution Center,3499.0
SO102928,2023-05-07,C0001,Sonoran Cycles Online,DTC,Booked,Credit Card,Phoenix Distribution Center,5199.0
SO102929,2023-05-07,C0001,Sonoran Cycles Online,DTC,Booked,Credit Card,Phoenix Distribution Center,12497.0
SO102930,2023-05-07,C0001,Sonoran Cycles Online,DTC,Booked,Credit Card,Phoenix Distribution Center,6199.0
SO102931,2023-05-07,C0001,Sonoran Cycles Online,DTC,Booked,Credit Card,Phoenix Distribution Center,3299.0
SO102932,2023-05-07,C0001,Sonoran Cycles Online,DTC,Booked,Credit Card,Phoenix Distribution Center,3299.0
SO102933,2023-05-07,C0001,Sonoran Cycles Online,DTC,Booked,Credit Card,Phoenix Distribution Center,5199.0
SO102934,2023-05-07,C0001,Sonoran Cycles Online,DTC,Booked,Credit Card,Phoenix Distribution Center,5199.0
SO102935,2023-05-07,C0001,Sonoran Cycles Online,DTC,Booked,Credit Card,Phoenix Distribution Center,6199.0
SO102936,2023-05-07,C0001,Sonoran Cycles Online,DTC,Booked,Credit Card,Phoenix Distribution Center,3299.0
SO102937,2023-05-07,C0001,Sonoran Cycles Online,DTC,Booked,Credit Card,Phoenix Distribution Center,3299.0
SO102938,2023-05-07,C0001,Sonoran Cycles Online,DTC,Booked,Credit Card,Phoenix Distribution Center,5199.0
SO102939,2023-05-07,C0001,Sonoran Cycles Online,DTC,Booked,Credit Card,Phoenix Distribution Center,9798.0
SO102940,2023-05-07,C0001,Sonoran Cycles Online,DTC,Booked,Credit Card,Phoenix Distribution Center,4599.0
SO102941,2023-05-08,C0019,Front Range Cyclery,Dealer,Booked,Net 30,Phoenix Distribution Center,19959.66
SO102942,2023-05-08,C0022,Wasatch Wheel Works,Dealer,Booked,Net 30,Phoenix Distribution Center,8926.14
SO102943,2023-05-08,C0013,Pacific Trail Bikes,Dealer,Booked,Net 45,Phoenix Distribution Center,16411.1
SO102944,2023-05-08,C0031,Pisgah Bike Co.,Dealer,Booked,Net 45,Phoenix Distribution Center,43375.88
SO102945,2023-05-08,C0010,Evergreen Cyclery,Dealer,Booked,Net 45,Phoenix Distribution Center,15365.94
SO102946,2023-05-08,C0002,Desert Trail Bikes,Dealer,Booked,Net 45,Phoenix Distribution Center,21339.36
SO102947,2023-05-08,C0026,Great Lakes Cyclery,Dealer,Booked,Net 30,Phoenix Distribution Center,21900.45
SO102948,2023-05-08,C0017,Bay Mountain Bikes,Dealer,Booked,Net 30,Phoenix Distribution Center,16240.9
SO102949,2023-05-08,C0010,Evergreen Cyclery,Dealer,Booked,Net 45,Phoenix Distribution Center,10379.1
SO102950,2023-05-08,C0018,High Country Bikes,Dealer,Booked,Net 45,Phoenix Distribution Center,52538.72
SO102951,2023-05-08,C0015,Sierra Cycle Works,Dealer,Booked,Net 30,Phoenix Distribution Center,30373.8
SO102952,2023-05-08,C0010,Evergreen Cyclery,Dealer,Booked,Net 45,Phoenix Distribution Center,25166.2
SO102953,2023-05-08,C0026,Great Lakes Cyclery,Dealer,Booked,Net 30,Phoenix Distribution Center,44581.55
SO102954,2023-05-08,C0017,Bay Mountain Bikes,Dealer,Booked,Net 30,Phoenix Distribution Center,44259.94
SO102955,2023-05-08,C0025,Lakeshore Bikes,Dealer,Booked,Net 30,Phoenix Distribution Center,9917.52
SO102956,2023-05-08,C0018,High Country Bikes,Dealer,Booked,Net 45,Phoenix Distribution Center,24239.36
SO102957,2023-05-08,C0019,Front Range Cyclery,Dealer,Booked,Net 30,Phoenix Distribution Center,37936.56
SO102958,2023-05-08,C0011,Cascade Bikes,Dealer,Booked,Net 30,Phoenix Distribution Center,17108.28
SO102959,2023-05-08,C0033,Appalachian Bikes,Dealer,Booked,Net 30,Phoenix Distribution Center,34588.56
SO102960,2023-05-08,C0005,Mesa Mountain Bikes,Dealer,Booked,Net 30,Phoenix Distribution Center,22419.15
SO102961,2023-05-08,C0025,Lakeshore Bikes,Dealer,Booked,Net 30,Phoenix Distribution Center,7438.14
SO102962,2023-05-08,C0019,Front Range Cyclery,Dealer,Booked,Net 30,Phoenix Distribution Center,29134.42
SO102963,2023-05-08,C0010,Evergreen Cyclery,Dealer,Booked,Net 45,Phoenix Distribution Center,9625.68
SO102964,2023-05-08,C0025,Lakeshore Bikes,Dealer,Booked,Net 30,Phoenix Distribution Center,32231.94
SO102965,2023-05-08,C0001,Sonoran Cycles Online,DTC,Booked,Credit Card,Phoenix Distribution Center,3299.0
SO102966,2023-05-08,C0001,Sonoran Cycles Online,DTC,Booked,Credit Card,Phoenix Distribution Center,4599.0
SO102967,2023-05-08,C0001,Sonoran Cycles Online,DTC,Booked,Credit Card,Phoenix Distribution Center,3499.0
SO102968,2023-05-08,C0001,Sonoran Cycles Online,DTC,Booked,Credit Card,Phoenix Distribution Center,3299.0
SO102969,2023-05-08,C0001,Sonoran Cycles Online,DTC,Booked,Credit Card,Phoenix Distribution Center,4599.0
SO102970,2023-05-08,C0001,Sonoran Cycles Online,DTC,Booked,Credit Card,Phoenix Distribution Center,3499.0
SO102971,2023-05-08,C0001,Sonoran Cycles Online,DTC,Booked,Credit Card,Phoenix Distribution Center,4599.0
SO102972,2023-05-08,C0001,Sonoran Cycles Online,DTC,Booked,Credit Card,Phoenix Distribution Center,4599.0
SO102973,2023-05-08,C0001,Sonoran Cycles Online,DTC,Booked,Credit Card,Phoenix Distribution Center,9198.0
SO102974,2023-05-08,C0001,Sonoran Cycles Online,DTC,Booked,Credit Card,Phoenix Distribution Center,10798.0
SO102975,2023-05-08,C0001,Sonoran Cycles Online,DTC,Booked,Credit Card,Phoenix Distribution Center,4599.0
SO102976,2023-05-08,C0001,Sonoran Cycles Online,DTC,Booked,Credit Card,Phoenix Distribution Center,4599.0
SO102977,2023-05-08,C0001,Sonoran Cycles Online,DTC,Booked,Credit Card,Phoenix Distribution Center,3299.0
SO102978,2023-05-08,C0001,Sonoran Cycles Online,DTC,Booked,Credit Card,Phoenix Distribution Center,4599.0
SO102979,2023-05-08,C0001,Sonoran Cycles Online,DTC,Booked,Credit Card,Phoenix Distribution Center,3299.0
SO102980,2023-05-09,C0014,Redwood Ride Shop,Dealer,Booked,Net 30,Phoenix Distribution Center,14690.9
SO102981,2023-05-09,C0024,Teton Cycling,Dealer,Booked,Net 30,Phoenix Distribution Center,15336.75
SO102982,2023-05-09,C0018,High Country Bikes,Dealer,Booked,Net 45,Phoenix Distribution Center,36649.62
SO102983,2023-05-09,C0017,Bay Mountain Bikes,Dealer,Booked,Net 30,Phoenix Distribution Center,28823.8
SO102984,2023-05-09,C0010,Evergreen Cyclery,Dealer,Booked,Net 45,Phoenix Distribution Center,20237.36
SO102985,2023-05-09,C0023,Bozeman Bike Works,Dealer,Booked,Net 30,Phoenix Distribution Center,14817.4
SO102986,2023-05-09,C0035,Adirondack Cycles,Dealer,Booked,Net 30,Phoenix Distribution Center,7668.05
SO102987,2023-05-09,C0030,Blue Ridge Cycles,Dealer,Booked,Net 30,Phoenix Distribution Center,25167.04
SO102988,2023-05-09,C0031,Pisgah Bike Co.,Dealer,Booked,Net 45,Phoenix Distribution Center,10786.26
SO102989,2023-05-09,C0002,Desert Trail Bikes,Dealer,Booked,Net 45,Phoenix Distribution Center,52189.56
SO102990,2023-05-09,C0021,Rocky Peak Cycles,Dealer,Booked,Net 30,Phoenix Distribution Center,20406.1
SO102991,2023-05-09,C0006,Tucson Trail Works,Dealer,Booked,Net 30,Phoenix Distribution Center,28018.42
SO102992,2023-05-09,C0016,Coastal Gravel Co.,Dealer,Booked,Net 30,Phoenix Distribution Center,36389.6
SO102993,2023-05-09,C0026,Great Lakes Cyclery,Dealer,Booked,Net 30,Phoenix Distribution Center,36912.2
SO102994,2023-05-09,C0035,Adirondack Cycles,Dealer,Booked,Net 30,Phoenix Distribution Center,12347.4
SO102995,2023-05-09,C0017,Bay Mountain Bikes,Dealer,Booked,Net 30,Phoenix Distribution Center,14753.52
SO102996,2023-05-09,C0022,Wasatch Wheel Works,Dealer,Booked,Net 30,Phoenix Distribution Center,23927.04
SO102997,2023-05-09,C0025,Lakeshore Bikes,Dealer,Booked,Net 30,Phoenix Distribution Center,36073.46
SO102998,2023-05-09,C0015,Sierra Cycle Works,Dealer,Booked,Net 30,Phoenix Distribution Center,19959.66
SO102999,2023-05-09,C0028,Windy City Cycles,Dealer,Booked,Net 30,Phoenix Distribution Center,19366.1
SO103000,2023-05-09,C0016,Coastal Gravel Co.,Dealer,Booked,Net 30,Phoenix Distribution Center,24107.85
SO103001,2023-05-09,C0030,Blue Ridge Cycles,Dealer,Booked,Net 30,Phoenix Distribution Center,14256.9
SO103002,2023-05-09,C0023,Bozeman Bike Works,Dealer,Booked,Net 30,Phoenix Distribution Center,19496.75
SO103003,2023-05-09,C0031,Pisgah Bike Co.,Dealer,Booked,Net 45,Phoenix Distribution Center,68659.24
SO103004,2023-05-09,C0015,Sierra Cycle Works,Dealer,Booked,Net 30,Phoenix Distribution Center,11777.52
SO103005,2023-05-09,C0011,Cascade Bikes,Dealer,Booked,Net 30,Phoenix Distribution Center,19836.28
SO103006,2023-05-09,C0015,Sierra Cycle Works,Dealer,Booked,Net 30,Phoenix Distribution Center,19649.66
SO103007,2023-05-09,C0015,Sierra Cycle Works,Dealer,Booked,Net 30,Phoenix Distribution Center,24671.04
SO103008,2023-05-09,C0013,Pacific Trail Bikes,Dealer,Booked,Net 45,Phoenix Distribution Center,23834.52
SO103009,2023-05-09,C0009,Las Cruces Cycling,Dealer,Booked,Net 30,Phoenix Distribution Center,30935.45
SO103010,2023-05-09,C0004,Sonoran Bike Co.,Dealer,Booked,Net 30,Phoenix Distribution Center,21820.28
SO103011,2023-05-09,C0001,Sonoran Cycles Online,DTC,Booked,Credit Card,Phoenix Distribution Center,3299.0
SO103012,2023-05-09,C0001,Sonoran Cycles Online,DTC,Booked,Credit Card,Phoenix Distribution Center,5199.0
SO103013,2023-05-09,C0001,Sonoran Cycles Online,DTC,Booked,Credit Card,Phoenix Distribution Center,4599.0
SO103014,2023-05-09,C0001,Sonoran Cycles Online,DTC,Booked,Credit Card,Phoenix Distribution Center,3299.0
SO103015,2023-05-09,C0001,Sonoran Cycles Online,DTC,Booked,Credit Card,Phoenix Distribution Center,4599.0
SO103016,2023-05-09,C0001,Sonoran Cycles Online,DTC,Booked,Credit Card,Phoenix Distribution Center,4599.0
SO103017,2023-05-09,C0001,Sonoran Cycles Online,DTC,Booked,Credit Card,Phoenix Distribution Center,4599.0
SO103018,2023-05-09,C0001,Sonoran Cycles Online,DTC,Booked,Credit Card,Phoenix Distribution Center,4599.0
SO103019,2023-05-09,C0001,Sonoran Cycles Online,DTC,Booked,Credit Card,Phoenix Distribution Center,4599.0
SO103020,2023-05-09,C0001,Sonoran Cycles Online,DTC,Booked,Credit Card,Phoenix Distribution Center,9798.0
SO103021,2023-05-09,C0001,Sonoran Cycles Online,DTC,Booked,Credit Card,Phoenix Distribution Center,3299.0
SO103022,2023-05-09,C0001,Sonoran Cycles Online,DTC,Booked,Credit Card,Phoenix Distribution Center,11398.0
SO103023,2023-05-10,C0017,Bay Mountain Bikes,Dealer,Booked,Net 30,Phoenix Distribution Center,57649.46
SO103024,2023-05-10,C0024,Teton Cycling,Dealer,Booked,Net 30,Phoenix Distribution Center,37237.85
SO103025,2023-05-10,C0017,Bay Mountain Bikes,Dealer,Booked,Net 30,Phoenix Distribution Center,21075.66
SO103026,2023-05-10,C0004,Sonoran Bike Co.,Dealer,Booked,Net 30,Phoenix Distribution Center,23555.66
SO103027,2023-05-10,C0027,Prairie Trail Bikes,Dealer,Booked,Net 30,Phoenix Distribution Center,12893.52
SO103028,2023-05-10,C0026,Great Lakes Cyclery,Dealer,Booked,Net 30,Phoenix Distribution Center,8123.05
SO103029,2023-05-10,C0015,Sierra Cycle Works,Dealer,Booked,Net 30,Phoenix Distribution Center,30250.42
SO103030,2023-05-10,C0008,Sedona Ride Center,Dealer,Booked,Net 30,Phoenix Distribution Center,36389.04
SO103031,2023-05-10,C0009,Las Cruces Cycling,Dealer,Booked,Net 30,Phoenix Distribution Center,31063.5
SO103032,2023-05-10,C0033,Appalachian Bikes,Dealer,Booked,Net 30,Phoenix Distribution Center,53186.7
SO103033,2023-05-10,C0014,Redwood Ride Shop,Dealer,Booked,Net 30,Phoenix Distribution Center,17169.66
SO103034,2023-05-10,C0007,Red Rock Cycles,Dealer,Booked,Net 30,Phoenix Distribution Center,20146.1
SO103035,2023-05-10,C0032,Southern Singletrack,Dealer,Booked,Net 30,Phoenix Distribution Center,11633.05
SO103036,2023-05-10,C0002,Desert Trail Bikes,Dealer,Booked,Net 45,Phoenix Distribution Center,34676.46
SO103037,2023-05-10,C0013,Pacific Trail Bikes,Dealer,Booked,Net 45,Phoenix Distribution Center,26501.94
SO103038,2023-05-10,C0011,Cascade Bikes,Dealer,Booked,Net 30,Phoenix Distribution Center,29443.18
SO103039,2023-05-10,C0006,Tucson Trail Works,Dealer,Booked,Net 30,Phoenix Distribution Center,8554.14
SO103040,2023-05-10,C0002,Desert Trail Bikes,Dealer,Booked,Net 45,Phoenix Distribution Center,33053.62
SO103041,2023-05-10,C0005,Mesa Mountain Bikes,Dealer,Booked,Net 30,Phoenix Distribution Center,28527.85
SO103042,2023-05-10,C0025,Lakeshore Bikes,Dealer,Booked,Net 30,Phoenix Distribution Center,28016.56
SO103043,2023-05-10,C0020,Alpine Ride Co.,Dealer,Booked,Net 30,Phoenix Distribution Center,16363.66
SO103044,2023-05-10,C0002,Desert Trail Bikes,Dealer,Booked,Net 45,Phoenix Distribution Center,27775.62
SO103045,2023-05-10,C0002,Desert Trail Bikes,Dealer,Booked,Net 45,Phoenix Distribution Center,39316.46
SO103046,2023-05-10,C0027,Prairie Trail Bikes,Dealer,Booked,Net 30,Phoenix Distribution Center,37812.56
SO103047,2023-05-10,C0013,Pacific Trail Bikes,Dealer,Booked,Net 45,Phoenix Distribution Center,25515.36
SO103048,2023-05-10,C0029,River Bend Bikes,Dealer,Booked,Net 30,Phoenix Distribution Center,22485.45
SO103049,2023-05-10,C0021,Rocky Peak Cycles,Dealer,Booked,Net 30,Phoenix Distribution Center,38472.2
SO103050,2023-05-10,C0018,High Country Bikes,Dealer,Booked,Net 45,Phoenix Distribution Center,28298.78
SO103051,2023-05-10,C0001,Sonoran Cycles Online,DTC,Booked,Credit Card,Phoenix Distribution Center,7499.0
SO103052,2023-05-10,C0001,Sonoran Cycles Online,DTC,Booked,Credit Card,Phoenix Distribution Center,5199.0
SO103053,2023-05-10,C0001,Sonoran Cycles Online,DTC,Booked,Credit Card,Phoenix Distribution Center,5199.0
SO103054,2023-05-10,C0001,Sonoran Cycles Online,DTC,Booked,Credit Card,Phoenix Distribution Center,4599.0
SO103055,2023-05-10,C0001,Sonoran Cycles Online,DTC,Booked,Credit Card,Phoenix Distribution Center,5199.0
SO103056,2023-05-10,C0001,Sonoran Cycles Online,DTC,Booked,Credit Card,Phoenix Distribution Center,5199.0
SO103057,2023-05-10,C0001,Sonoran Cycles Online,DTC,Booked,Credit Card,Phoenix Distribution Center,9798.0
SO103058,2023-05-10,C0001,Sonoran Cycles Online,DTC,Booked,Credit Card,Phoenix Distribution Center,3299.0
SO103059,2023-05-10,C0001,Sonoran Cycles Online,DTC,Booked,Credit Card,Phoenix Distribution Center,3299.0
SO103060,2023-05-10,C0001,Sonoran Cycles Online,DTC,Booked,Credit Card,Phoenix Distribution Center,3999.0
SO103061,2023-05-10,C0001,Sonoran Cycles Online,DTC,Booked,Credit Card,Phoenix Distribution Center,3499.0
SO103062,2023-05-10,C0001,Sonoran Cycles Online,DTC,Booked,Credit Card,Phoenix Distribution Center,3299.0
SO103063,2023-05-10,C0001,Sonoran Cycles Online,DTC,Booked,Credit Card,Phoenix Distribution Center,6199.0
SO103064,2023-05-11,C0035,Adirondack Cycles,Dealer,Booked,Net 30,Phoenix Distribution Center,19496.1
SO103065,2023-05-11,C0003,Cactus Cycling,Dealer,Booked,Net 30,Phoenix Distribution Center,29815.18
SO103066,2023-05-11,C0010,Evergreen Cyclery,Dealer,Booked,Net 45,Phoenix Distribution Center,26904.46
SO103067,2023-05-11,C0016,Coastal Gravel Co.,Dealer,Booked,Net 30,Phoenix Distribution Center,16506.1
SO103068,2023-05-11,C0018,High Country Bikes,Dealer,Booked,Net 45,Phoenix Distribution Center,45463.88
SO103069,2023-05-11,C0026,Great Lakes Cyclery,Dealer,Booked,Net 30,Phoenix Distribution Center,5198.7
SO103070,2023-05-11,C0008,Sedona Ride Center,Dealer,Booked,Net 30,Phoenix Distribution Center,46493.8
SO103071,2023-05-11,C0003,Cactus Cycling,Dealer,Booked,Net 30,Phoenix Distribution Center,20082.42
SO103072,2023-05-11,C0015,Sierra Cycle Works,Dealer,Booked,Net 30,Phoenix Distribution Center,6694.76
SO103073,2023-05-11,C0011,Cascade Bikes,Dealer,Booked,Net 30,Phoenix Distribution Center,19340.28
SO103074,2023-05-11,C0008,Sedona Ride Center,Dealer,Booked,Net 30,Phoenix Distribution Center,47545.94
SO103075,2023-05-11,C0034,Green Mountain Bikes,Dealer,Booked,Net 30,Phoenix Distribution Center,33594.08
SO103076,2023-05-11,C0014,Redwood Ride Shop,Dealer,Booked,Net 30,Phoenix Distribution Center,28451.8
SO103077,2023-05-11,C0010,Evergreen Cyclery,Dealer,Booked,Net 45,Phoenix Distribution Center,23773.62
SO103078,2023-05-11,C0027,Prairie Trail Bikes,Dealer,Booked,Net 30,Phoenix Distribution Center,9298.14
SO103079,2023-05-11,C0027,Prairie Trail Bikes,Dealer,Booked,Net 30,Phoenix Distribution Center,25662.42
SO103080,2023-05-11,C0019,Front Range Cyclery,Dealer,Booked,Net 30,Phoenix Distribution Center,27398.42
SO103081,2023-05-11,C0019,Front Range Cyclery,Dealer,Booked,Net 30,Phoenix Distribution Center,31117.8
SO103082,2023-05-11,C0014,Redwood Ride Shop,Dealer,Booked,Net 30,Phoenix Distribution Center,31365.8
SO103083,2023-05-11,C0008,Sedona Ride Center,Dealer,Booked,Net 30,Phoenix Distribution Center,60441.94
SO103084,2023-05-11,C0023,Bozeman Bike Works,Dealer,Booked,Net 30,Phoenix Distribution Center,52510.9
SO103085,2023-05-11,C0025,Lakeshore Bikes,Dealer,Booked,Net 30,Phoenix Distribution Center,20453.8
SO103086,2023-05-11,C0025,Lakeshore Bikes,Dealer,Booked,Net 30,Phoenix Distribution Center,32171.18
SO103087,2023-05-11,C0024,Teton Cycling,Dealer,Booked,Net 30,Phoenix Distribution Center,19106.75
SO103088,2023-05-11,C0001,Sonoran Cycles Online,DTC,Booked,Credit Card,Phoenix Distribution Center,3299.0
SO103089,2023-05-11,C0001,Sonoran Cycles Online,DTC,Booked,Credit Card,Phoenix Distribution Center,5199.0
SO103090,2023-05-11,C0001,Sonoran Cycles Online,DTC,Booked,Credit Card,Phoenix Distribution Center,3999.0
SO103091,2023-05-11,C0001,Sonoran Cycles Online,DTC,Booked,Credit Card,Phoenix Distribution Center,4599.0
SO103092,2023-05-11,C0001,Sonoran Cycles Online,DTC,Booked,Credit Card,Phoenix Distribution Center,6199.0
SO103093,2023-05-11,C0001,Sonoran Cycles Online,DTC,Booked,Credit Card,Phoenix Distribution Center,5199.0
SO103094,2023-05-11,C0001,Sonoran Cycles Online,DTC,Booked,Credit Card,Phoenix Distribution Center,3299.0
SO103095,2023-05-11,C0001,Sonoran Cycles Online,DTC,Booked,Credit Card,Phoenix Distribution Center,5199.0
SO103096,2023-05-11,C0001,Sonoran Cycles Online,DTC,Booked,Credit Card,Phoenix Distribution Center,4599.0
SO103097,2023-05-11,C0001,Sonoran Cycles Online,DTC,Booked,Credit Card,Phoenix Distribution Center,3499.0
SO103098,2023-05-11,C0001,Sonoran Cycles Online,DTC,Booked,Credit Card,Phoenix Distribution Center,4599.0
SO103099,2023-05-11,C0001,Sonoran Cycles Online,DTC,Booked,Credit Card,Phoenix Distribution Center,5199.0
SO103100,2023-05-11,C0001,Sonoran Cycles Online,DTC,Booked,Credit Card,Phoenix Distribution Center,4599.0
SO103101,2023-05-11,C0001,Sonoran Cycles Online,DTC,Booked,Credit Card,Phoenix Distribution Center,3299.0
SO103102,2023-05-11,C0001,Sonoran Cycles Online,DTC,Booked,Credit Card,Phoenix Distribution Center,3299.0
SO103103,2023-05-12,C0034,Green Mountain Bikes,Dealer,Booked,Net 30,Phoenix Distribution Center,16363.66
SO103104,2023-05-12,C0010,Evergreen Cyclery,Dealer,Booked,Net 45,Phoenix Distribution Center,4232.84
SO103105,2023-05-12,C0031,Pisgah Bike Co.,Dealer,Booked,Net 45,Phoenix Distribution Center,50683.3
SO103106,2023-05-12,C0033,Appalachian Bikes,Dealer,Booked,Net 30,Phoenix Distribution Center,16302.28
SO103107,2023-05-12,C0016,Coastal Gravel Co.,Dealer,Booked,Net 30,Phoenix Distribution Center,11371.75
SO103108,2023-05-12,C0019,Front Range Cyclery,Dealer,Booked,Net 30,Phoenix Distribution Center,35704.56
SO103109,2023-05-12,C0010,Evergreen Cyclery,Dealer,Booked,Net 45,Phoenix Distribution Center,20642.2
SO103110,2023-05-12,C0031,Pisgah Bike Co.,Dealer,Booked,Net 45,Phoenix Distribution Center,11945.68
SO103111,2023-05-12,C0010,Evergreen Cyclery,Dealer,Booked,Net 45,Phoenix Distribution Center,15423.94
SO103112,2023-05-12,C0030,Blue Ridge Cycles,Dealer,Booked,Net 30,Phoenix Distribution Center,20703.66
SO103113,2023-05-12,C0003,Cactus Cycling,Dealer,Booked,Net 30,Phoenix Distribution Center,23616.42
SO103114,2023-05-12,C0005,Mesa Mountain Bikes,Dealer,Booked,Net 30,Phoenix Distribution Center,18975.45
SO103115,2023-05-12,C0031,Pisgah Bike Co.,Dealer,Booked,Net 45,Phoenix Distribution Center,41578.46
SO103116,2023-05-12,C0021,Rocky Peak Cycles,Dealer,Booked,Net 30,Phoenix Distribution Center,19366.1
SO103117,2023-05-12,C0014,Redwood Ride Shop,Dealer,Booked,Net 30,Phoenix Distribution Center,40229.94
SO103118,2023-05-12,C0026,Great Lakes Cyclery,Dealer,Booked,Net 30,Phoenix Distribution Center,16441.1
SO103119,2023-05-12,C0034,Green Mountain Bikes,Dealer,Booked,Net 30,Phoenix Distribution Center,41032.84
SO103120,2023-05-12,C0028,Windy City Cycles,Dealer,Booked,Net 30,Phoenix Distribution Center,25864.8
SO103121,2023-05-12,C0022,Wasatch Wheel Works,Dealer,Booked,Net 30,Phoenix Distribution Center,32357.8
SO103122,2023-05-12,C0025,Lakeshore Bikes,Dealer,Booked,Net 30,Phoenix Distribution Center,8987.52
SO103123,2023-05-12,C0019,Front Range Cyclery,Dealer,Booked,Net 30,Phoenix Distribution Center,18224.28
SO103124,2023-05-12,C0014,Redwood Ride Shop,Dealer,Booked,Net 30,Phoenix Distribution Center,36447.32
SO103125,2023-05-12,C0010,Evergreen Cyclery,Dealer,Booked,Net 45,Phoenix Distribution Center,11481.1
SO103126,2023-05-12,C0034,Green Mountain Bikes,Dealer,Booked,Net 30,Phoenix Distribution Center,12520.28
SO103127,2023-05-12,C0025,Lakeshore Bikes,Dealer,Booked,Net 30,Phoenix Distribution Center,16921.66
SO103128,2023-05-12,C0001,Sonoran Cycles Online,DTC,Booked,Credit Card,Phoenix Distribution Center,4599.0
SO103129,2023-05-12,C0001,Sonoran Cycles Online,DTC,Booked,Credit Card,Phoenix Distribution Center,10398.0
SO103130,2023-05-12,C0001,Sonoran Cycles Online,DTC,Booked,Credit Card,Phoenix Distribution Center,3299.0
SO103131,2023-05-12,C0001,Sonoran Cycles Online,DTC,Booked,Credit Card,Phoenix Distribution Center,5199.0
SO103132,2023-05-12,C0001,Sonoran Cycles Online,DTC,Booked,Credit Card,Phoenix Distribution Center,6598.0
SO103133,2023-05-12,C0001,Sonoran Cycles Online,DTC,Booked,Credit Card,Phoenix Distribution Center,3299.0
SO103134,2023-05-12,C0001,Sonoran Cycles Online,DTC,Booked,Credit Card,Phoenix Distribution Center,4599.0
SO103135,2023-05-12,C0001,Sonoran Cycles Online,DTC,Booked,Credit Card,Phoenix Distribution Center,7499.0
SO103136,2023-05-12,C0001,Sonoran Cycles Online,DTC,Booked,Credit Card,Phoenix Distribution Center,4599.0
SO103137,2023-05-12,C0001,Sonoran Cycles Online,DTC,Booked,Credit Card,Phoenix Distribution Center,4599.0
SO103138,2023-05-12,C0001,Sonoran Cycles Online,DTC,Booked,Credit Card,Phoenix Distribution Center,4599.0
SO103139,2023-05-12,C0001,Sonoran Cycles Online,DTC,Booked,Credit Card,Phoenix Distribution Center,4599.0
SO103140,2023-05-12,C0001,Sonoran Cycles Online,DTC,Booked,Credit Card,Phoenix Distribution Center,3299.0
SO103141,2023-05-12,C0001,Sonoran Cycles Online,DTC,Booked,Credit Card,Phoenix Distribution Center,7499.0
SO103142,2023-05-12,C0001,Sonoran Cycles Online,DTC,Booked,Credit Card,Phoenix Distribution Center,5199.0
SO103143,2023-05-12,C0001,Sonoran Cycles Online,DTC,Booked,Credit Card,Phoenix Distribution Center,5199.0
SO103144,2023-05-13,C0016,Coastal Gravel Co.,Dealer,Booked,Net 30,Phoenix Distribution Center,30541.55
SO103145,2023-05-13,C0031,Pisgah Bike Co.,Dealer,Booked,Net 45,Phoenix Distribution Center,37113.04
SO103146,2023-05-13,C0009,Las Cruces Cycling,Dealer,Booked,Net 30,Phoenix Distribution Center,38990.25
SO103147,2023-05-13,C0019,Front Range Cyclery,Dealer,Booked,Net 30,Phoenix Distribution Center,23555.04
SO103148,2023-05-13,C0020,Alpine Ride Co.,Dealer,Booked,Net 30,Phoenix Distribution Center,10226.9
SO103149,2023-05-13,C0033,Appalachian Bikes,Dealer,Booked,Net 30,Phoenix Distribution Center,30993.8
SO103150,2023-05-13,C0025,Lakeshore Bikes,Dealer,Booked,Net 30,Phoenix Distribution Center,16363.04
SO103151,2023-05-13,C0016,Coastal Gravel Co.,Dealer,Booked,Net 30,Phoenix Distribution Center,34766.55
SO103152,2023-05-13,C0001,Sonoran Cycles Online,DTC,Booked,Credit Card,Phoenix Distribution Center,9198.0
SO103153,2023-05-13,C0001,Sonoran Cycles Online,DTC,Booked,Credit Card,Phoenix Distribution Center,3299.0
SO103154,2023-05-13,C0001,Sonoran Cycles Online,DTC,Booked,Credit Card,Phoenix Distribution Center,3299.0
SO103155,2023-05-13,C0001,Sonoran Cycles Online,DTC,Booked,Credit Card,Phoenix Distribution Center,10798.0
SO103156,2023-05-13,C0001,Sonoran Cycles Online,DTC,Booked,Credit Card,Phoenix Distribution Center,6199.0
SO103157,2023-05-13,C0001,Sonoran Cycles Online,DTC,Booked,Credit Card,Phoenix Distribution Center,6598.0
SO103158,2023-05-13,C0001,Sonoran Cycles Online,DTC,Booked,Credit Card,Phoenix Distribution Center,6199.0
SO103159,2023-05-13,C0001,Sonoran Cycles Online,DTC,Booked,Credit Card,Phoenix Distribution Center,4599.0
SO103160,2023-05-13,C0001,Sonoran Cycles Online,DTC,Booked,Credit Card,Phoenix Distribution Center,3499.0
SO103161,2023-05-13,C0001,Sonoran Cycles Online,DTC,Booked,Credit Card,Phoenix Distribution Center,3299.0
SO103162,2023-05-13,C0001,Sonoran Cycles Online,DTC,Booked,Credit Card,Phoenix Distribution Center,7898.0
SO103163,2023-05-13,C0001,Sonoran Cycles Online,DTC,Booked,Credit Card,Phoenix Distribution Center,5199.0
SO103164,2023-05-13,C0001,Sonoran Cycles Online,DTC,Booked,Credit Card,Phoenix Distribution Center,4599.0
SO103165,2023-05-13,C0001,Sonoran Cycles Online,DTC,Booked,Credit Card,Phoenix Distribution Center,5199.0
SO103166,2023-05-13,C0001,Sonoran Cycles Online,DTC,Booked,Credit Card,Phoenix Distribution Center,7499.0
SO103167,2023-05-13,C0001,Sonoran Cycles Online,DTC,Booked,Credit Card,Phoenix Distribution Center,5199.0
SO103168,2023-05-13,C0001,Sonoran Cycles Online,DTC,Booked,Credit Card,Phoenix Distribution Center,4599.0
SO103169,2023-05-13,C0001,Sonoran Cycles Online,DTC,Booked,Credit Card,Phoenix Distribution Center,3299.0
SO103170,2023-05-13,C0001,Sonoran Cycles Online,DTC,Booked,Credit Card,Phoenix Distribution Center,9198.0
SO103171,2023-05-13,C0001,Sonoran Cycles Online,DTC,Booked,Credit Card,Phoenix Distribution Center,7499.0
SO103172,2023-05-14,C0018,High Country Bikes,Dealer,Booked,Net 45,Phoenix Distribution Center,21223.94
SO103173,2023-05-14,C0034,Green Mountain Bikes,Dealer,Booked,Net 30,Phoenix Distribution Center,26157.8
SO103174,2023-05-14,C0008,Sedona Ride Center,Dealer,Booked,Net 30,Phoenix Distribution Center,25044.28
SO103175,2023-05-14,C0001,Sonoran Cycles Online,DTC,Booked,Credit Card,Phoenix Distribution Center,3299.0
SO103176,2023-05-14,C0001,Sonoran Cycles Online,DTC,Booked,Credit Card,Phoenix Distribution Center,4599.0
SO103177,2023-05-14,C0001,Sonoran Cycles Online,DTC,Booked,Credit Card,Phoenix Distribution Center,6199.0
SO103178,2023-05-14,C0001,Sonoran Cycles Online,DTC,Booked,Credit Card,Phoenix Distribution Center,5199.0
SO103179,2023-05-14,C0001,Sonoran Cycles Online,DTC,Booked,Credit Card,Phoenix Distribution Center,6199.0
SO103180,2023-05-14,C0001,Sonoran Cycles Online,DTC,Booked,Credit Card,Phoenix Distribution Center,4599.0
SO103181,2023-05-14,C0001,Sonoran Cycles Online,DTC,Booked,Credit Card,Phoenix Distribution Center,3299.0
SO103182,2023-05-14,C0001,Sonoran Cycles Online,DTC,Booked,Credit Card,Phoenix Distribution Center,5199.0
SO103183,2023-05-14,C0001,Sonoran Cycles Online,DTC,Booked,Credit Card,Phoenix Distribution Center,7499.0
SO103184,2023-05-14,C0001,Sonoran Cycles Online,DTC,Booked,Credit Card,Phoenix Distribution Center,4599.0
SO103185,2023-05-14,C0001,Sonoran Cycles Online,DTC,Booked,Credit Card,Phoenix Distribution Center,4599.0
SO103186,2023-05-14,C0001,Sonoran Cycles Online,DTC,Booked,Credit Card,Phoenix Distribution Center,4599.0
SO103187,2023-05-14,C0001,Sonoran Cycles Online,DTC,Booked,Credit Card,Phoenix Distribution Center,5199.0
SO103188,2023-05-14,C0001,Sonoran Cycles Online,DTC,Booked,Credit Card,Phoenix Distribution Center,3299.0
SO103189,2023-05-14,C0001,Sonoran Cycles Online,DTC,Booked,Credit Card,Phoenix Distribution Center,3299.0
SO103190,2023-05-14,C0001,Sonoran Cycles Online,DTC,Booked,Credit Card,Phoenix Distribution Center,3499.0
SO103191,2023-05-14,C0001,Sonoran Cycles Online,DTC,Booked,Credit Card,Phoenix Distribution Center,4599.0
SO103192,2023-05-14,C0001,Sonoran Cycles Online,DTC,Booked,Credit Card,Phoenix Distribution Center,9198.0
SO103193,2023-05-14,C0001,Sonoran Cycles Online,DTC,Booked,Credit Card,Phoenix Distribution Center,3299.0
SO103194,2023-05-14,C0001,Sonoran Cycles Online,DTC,Booked,Credit Card,Phoenix Distribution Center,3499.0
SO103195,2023-05-14,C0001,Sonoran Cycles Online,DTC,Booked,Credit Card,Phoenix Distribution Center,5199.0
SO103196,2023-05-14,C0001,Sonoran Cycles Online,DTC,Booked,Credit Card,Phoenix Distribution Center,6199.0
SO103197,2023-05-15,C0022,Wasatch Wheel Works,Dealer,Booked,Net 30,Phoenix Distribution Center,19340.28
SO103198,2023-05-15,C0014,Redwood Ride Shop,Dealer,Booked,Net 30,Phoenix Distribution Center,8987.52
SO103199,2023-05-15,C0012,Rain City Cycles,Dealer,Booked,Net 30,Phoenix Distribution Center,27294.8
SO103200,2023-05-15,C0031,Pisgah Bike Co.,Dealer,Booked,Net 45,Phoenix Distribution Center,25167.94
SO103201,2023-05-15,C0003,Cactus Cycling,Dealer,Booked,Net 30,Phoenix Distribution Center,37439.32
SO103202,2023-05-15,C0017,Bay Mountain Bikes,Dealer,Booked,Net 30,Phoenix Distribution Center,48847.32
SO103203,2023-05-15,C0013,Pacific Trail Bikes,Dealer,Booked,Net 45,Phoenix Distribution Center,44479.04
SO103204,2023-05-15,C0030,Blue Ridge Cycles,Dealer,Booked,Net 30,Phoenix Distribution Center,20455.66
SO103205,2023-05-15,C0003,Cactus Cycling,Dealer,Booked,Net 30,Phoenix Distribution Center,13203.52
SO103206,2023-05-15,C0009,Las Cruces Cycling,Dealer,Booked,Net 30,Phoenix Distribution Center,25603.5
SO103207,2023-05-15,C0019,Front Range Cyclery,Dealer,Booked,Net 30,Phoenix Distribution Center,36324.56
SO103208,2023-05-15,C0025,Lakeshore Bikes,Dealer,Booked,Net 30,Phoenix Distribution Center,32602.7
SO103209,2023-05-15,C0019,Front Range Cyclery,Dealer,Booked,Net 30,Phoenix Distribution Center,46243.94
SO103210,2023-05-15,C0033,Appalachian Bikes,Dealer,Booked,Net 30,Phoenix Distribution Center,42027.94
SO103211,2023-05-15,C0019,Front Range Cyclery,Dealer,Booked,Net 30,Phoenix Distribution Center,40229.32
SO103212,2023-05-15,C0008,Sedona Ride Center,Dealer,Booked,Net 30,Phoenix Distribution Center,50150.56
SO103213,2023-05-15,C0035,Adirondack Cycles,Dealer,Booked,Net 30,Phoenix Distribution Center,58098.3
SO103214,2023-05-15,C0034,Green Mountain Bikes,Dealer,Booked,Net 30,Phoenix Distribution Center,4524.76
SO103215,2023-05-15,C0031,Pisgah Bike Co.,Dealer,Booked,Net 45,Phoenix Distribution Center,26906.78
SO103216,2023-05-15,C0025,Lakeshore Bikes,Dealer,Booked,Net 30,Phoenix Distribution Center,28326.56
SO103217,2023-05-15,C0008,Sedona Ride Center,Dealer,Booked,Net 30,Phoenix Distribution Center,23618.28
SO103218,2023-05-15,C0021,Rocky Peak Cycles,Dealer,Booked,Net 30,Phoenix Distribution Center,14101.1
SO103219,2023-05-15,C0010,Evergreen Cyclery,Dealer,Booked,Net 45,Phoenix Distribution Center,16409.94
SO103220,2023-05-15,C0027,Prairie Trail Bikes,Dealer,Booked,Net 30,Phoenix Distribution Center,48473.46
SO103221,2023-05-15,C0013,Pacific Trail Bikes,Dealer,Booked,Net 45,Phoenix Distribution Center,18672.52
SO103222,2023-05-15,C0030,Blue Ridge Cycles,Dealer,Booked,Net 30,Phoenix Distribution Center,27522.42
SO103223,2023-05-15,C0029,River Bend Bikes,Dealer,Booked,Net 30,Phoenix Distribution Center,26644.8
SO103224,2023-05-15,C0020,Alpine Ride Co.,Dealer,Booked,Net 30,Phoenix Distribution Center,10660.9
SO103225,2023-05-15,C0015,Sierra Cycle Works,Dealer,Booked,Net 30,Phoenix Distribution Center,35332.56
SO103226,2023-05-15,C0001,Sonoran Cycles Online,DTC,Booked,Credit Card,Phoenix Distribution Center,9198.0
SO103227,2023-05-15,C0001,Sonoran Cycles Online,DTC,Booked,Credit Card,Phoenix Distribution Center,3299.0
SO103228,2023-05-15,C0001,Sonoran Cycles Online,DTC,Booked,Credit Card,Phoenix Distribution Center,4599.0
SO103229,2023-05-15,C0001,Sonoran Cycles Online,DTC,Booked,Credit Card,Phoenix Distribution Center,6199.0
SO103230,2023-05-15,C0001,Sonoran Cycles Online,DTC,Booked,Credit Card,Phoenix Distribution Center,6199.0
SO103231,2023-05-15,C0001,Sonoran Cycles Online,DTC,Booked,Credit Card,Phoenix Distribution Center,3299.0
SO103232,2023-05-15,C0001,Sonoran Cycles Online,DTC,Booked,Credit Card,Phoenix Distribution Center,5199.0
SO103233,2023-05-15,C0001,Sonoran Cycles Online,DTC,Booked,Credit Card,Phoenix Distribution Center,4599.0
SO103234,2023-05-15,C0001,Sonoran Cycles Online,DTC,Booked,Credit Card,Phoenix Distribution Center,5199.0
SO103235,2023-05-15,C0001,Sonoran Cycles Online,DTC,Booked,Credit Card,Phoenix Distribution Center,5199.0
SO103236,2023-05-15,C0001,Sonoran Cycles Online,DTC,Booked,Credit Card,Phoenix Distribution Center,4599.0
SO103237,2023-05-16,C0010,Evergreen Cyclery,Dealer,Booked,Net 45,Phoenix Distribution Center,34558.72
SO103238,2023-05-16,C0004,Sonoran Bike Co.,Dealer,Booked,Net 30,Phoenix Distribution Center,14753.52
SO103239,2023-05-16,C0018,High Country Bikes,Dealer,Booked,Net 45,Phoenix Distribution Center,19832.52
SO103240,2023-05-16,C0004,Sonoran Bike Co.,Dealer,Booked,Net 30,Phoenix Distribution Center,27151.04
SO103241,2023-05-16,C0015,Sierra Cycle Works,Dealer,Booked,Net 30,Phoenix Distribution Center,22129.04
SO103242,2023-05-16,C0026,Great Lakes Cyclery,Dealer,Booked,Net 30,Phoenix Distribution Center,21901.1
SO103243,2023-05-16,C0010,Evergreen Cyclery,Dealer,Booked,Net 45,Phoenix Distribution Center,29863.04
SO103244,2023-05-16,C0022,Wasatch Wheel Works,Dealer,Booked,Net 30,Phoenix Distribution Center,16984.9
SO103245,2023-05-16,C0024,Teton Cycling,Dealer,Booked,Net 30,Phoenix Distribution Center,24044.8
SO103246,2023-05-16,C0027,Prairie Trail Bikes,Dealer,Booked,Net 30,Phoenix Distribution Center,9546.14
SO103247,2023-05-16,C0014,Redwood Ride Shop,Dealer,Booked,Net 30,Phoenix Distribution Center,11777.52
SO103248,2023-05-16,C0022,Wasatch Wheel Works,Dealer,Booked,Net 30,Phoenix Distribution Center,25911.04
SO103249,2023-05-16,C0026,Great Lakes Cyclery,Dealer,Booked,Net 30,Phoenix Distribution Center,33404.15
SO103250,2023-05-16,C0002,Desert Trail Bikes,Dealer,Booked,Net 45,Phoenix Distribution Center,13337.1
SO103251,2023-05-16,C0008,Sedona Ride Center,Dealer,Booked,Net 30,Phoenix Distribution Center,14133.52
SO103252,2023-05-16,C0035,Adirondack Cycles,Dealer,Booked,Net 30,Phoenix Distribution Center,14946.75
SO103253,2023-05-16,C0032,Southern Singletrack,Dealer,Booked,Net 30,Phoenix Distribution Center,34702.85
SO103254,2023-05-16,C0002,Desert Trail Bikes,Dealer,Booked,Net 45,Phoenix Distribution Center,31952.2
SO103255,2023-05-16,C0010,Evergreen Cyclery,Dealer,Booked,Net 45,Phoenix Distribution Center,17337.36
SO103256,2023-05-16,C0006,Tucson Trail Works,Dealer,Booked,Net 30,Phoenix Distribution Center,34278.56
SO103257,2023-05-16,C0018,High Country Bikes,Dealer,Booked,Net 45,Phoenix Distribution Center,9626.26
SO103258,2023-05-16,C0034,Green Mountain Bikes,Dealer,Booked,Net 30,Phoenix Distribution Center,40598.22
SO103259,2023-05-16,C0009,Las Cruces Cycling,Dealer,Booked,Net 30,Phoenix Distribution Center,37432.2
SO103260,2023-05-16,C0017,Bay Mountain Bikes,Dealer,Booked,Net 30,Phoenix Distribution Center,53310.7
SO103261,2023-05-16,C0031,Pisgah Bike Co.,Dealer,Booked,Net 45,Phoenix Distribution Center,35489.62
SO103262,2023-05-16,C0032,Southern Singletrack,Dealer,Booked,Net 30,Phoenix Distribution Center,31909.15
SO103263,2023-05-16,C0015,Sierra Cycle Works,Dealer,Booked,Net 30,Phoenix Distribution Center,29010.42
SO103264,2023-05-16,C0011,Cascade Bikes,Dealer,Booked,Net 30,Phoenix Distribution Center,30126.42
SO103265,2023-05-16,C0016,Coastal Gravel Co.,Dealer,Booked,Net 30,Phoenix Distribution Center,39184.6
SO103266,2023-05-16,C0033,Appalachian Bikes,Dealer,Booked,Net 30,Phoenix Distribution Center,17108.28
SO103267,2023-05-16,C0001,Sonoran Cycles Online,DTC,Booked,Credit Card,Phoenix Distribution Center,4599.0
SO103268,2023-05-16,C0001,Sonoran Cycles Online,DTC,Booked,Credit Card,Phoenix Distribution Center,5199.0
SO103269,2023-05-16,C0001,Sonoran Cycles Online,DTC,Booked,Credit Card,Phoenix Distribution Center,4599.0
SO103270,2023-05-16,C0001,Sonoran Cycles Online,DTC,Booked,Credit Card,Phoenix Distribution Center,6199.0
SO103271,2023-05-16,C0001,Sonoran Cycles Online,DTC,Booked,Credit Card,Phoenix Distribution Center,4599.0
SO103272,2023-05-16,C0001,Sonoran Cycles Online,DTC,Booked,Credit Card,Phoenix Distribution Center,5199.0
SO103273,2023-05-16,C0001,Sonoran Cycles Online,DTC,Booked,Credit Card,Phoenix Distribution Center,3299.0
SO103274,2023-05-16,C0001,Sonoran Cycles Online,DTC,Booked,Credit Card,Phoenix Distribution Center,3499.0
SO103275,2023-05-16,C0001,Sonoran Cycles Online,DTC,Booked,Credit Card,Phoenix Distribution Center,4599.0
SO103276,2023-05-16,C0001,Sonoran Cycles Online,DTC,Booked,Credit Card,Phoenix Distribution Center,9498.0
SO103277,2023-05-16,C0001,Sonoran Cycles Online,DTC,Booked,Credit Card,Phoenix Distribution Center,3499.0
SO103278,2023-05-16,C0001,Sonoran Cycles Online,DTC,Booked,Credit Card,Phoenix Distribution Center,4599.0
SO103279,2023-05-16,C0001,Sonoran Cycles Online,DTC,Booked,Credit Card,Phoenix Distribution Center,4599.0
SO103280,2023-05-17,C0010,Evergreen Cyclery,Dealer,Booked,Net 45,Phoenix Distribution Center,21976.78
SO103281,2023-05-17,C0011,Cascade Bikes,Dealer,Booked,Net 30,Phoenix Distribution Center,55540.84
SO103282,2023-05-17,C0002,Desert Trail Bikes,Dealer,Booked,Net 45,Phoenix Distribution Center,40302.46
SO103283,2023-05-17,C0026,Great Lakes Cyclery,Dealer,Booked,Net 30,Phoenix Distribution Center,22355.45
SO103284,2023-05-17,C0002,Desert Trail Bikes,Dealer,Booked,Net 45,Phoenix Distribution Center,8407.68
SO103285,2023-05-17,C0025,Lakeshore Bikes,Dealer,Booked,Net 30,Phoenix Distribution Center,25103.18
SO103286,2023-05-17,C0006,Tucson Trail Works,Dealer,Booked,Net 30,Phoenix Distribution Center,10538.14
SO103287,2023-05-17,C0030,Blue Ridge Cycles,Dealer,Booked,Net 30,Phoenix Distribution Center,37503.18
SO103288,2023-05-17,C0034,Green Mountain Bikes,Dealer,Booked,Net 30,Phoenix Distribution Center,13574.28
SO103289,2023-05-17,C0009,Las Cruces Cycling,Dealer,Booked,Net 30,Phoenix Distribution Center,27813.5
SO103290,2023-05-17,C0031,Pisgah Bike Co.,Dealer,Booked,Net 45,Phoenix Distribution Center,20992.52
SO103291,2023-05-17,C0021,Rocky Peak Cycles,Dealer,Booked,Net 30,Phoenix Distribution Center,42502.85
SO103292,2023-05-17,C0019,Front Range Cyclery,Dealer,Booked,Net 30,Phoenix Distribution Center,56782.08
SO103293,2023-05-17,C0031,Pisgah Bike Co.,Dealer,Booked,Net 45,Phoenix Distribution Center,11945.68
SO103294,2023-05-17,C0010,Evergreen Cyclery,Dealer,Booked,Net 45,Phoenix Distribution Center,21396.78
SO103295,2023-05-17,C0013,Pacific Trail Bikes,Dealer,Booked,Net 45,Phoenix Distribution Center,9626.26
SO103296,2023-05-17,C0030,Blue Ridge Cycles,Dealer,Booked,Net 30,Phoenix Distribution Center,12149.52
SO103297,2023-05-17,C0018,High Country Bikes,Dealer,Booked,Net 45,Phoenix Distribution Center,39721.88
SO103298,2023-05-17,C0010,Evergreen Cyclery,Dealer,Booked,Net 45,Phoenix Distribution Center,16061.94
SO103299,2023-05-17,C0014,Redwood Ride Shop,Dealer,Booked,Net 30,Phoenix Distribution Center,19835.66
SO103300,2023-05-17,C0013,Pacific Trail Bikes,Dealer,Booked,Net 45,Phoenix Distribution Center,21746.52
SO103301,2023-05-17,C0033,Appalachian Bikes,Dealer,Booked,Net 30,Phoenix Distribution Center,29629.8
SO103302,2023-05-17,C0014,Redwood Ride Shop,Dealer,Booked,Net 30,Phoenix Distribution Center,18843.66
SO103303,2023-05-17,C0006,Tucson Trail Works,Dealer,Booked,Net 30,Phoenix Distribution Center,25475.8
SO103304,2023-05-17,C0031,Pisgah Bike Co.,Dealer,Booked,Net 45,Phoenix Distribution Center,37229.04
SO103305,2023-05-17,C0025,Lakeshore Bikes,Dealer,Booked,Net 30,Phoenix Distribution Center,18099.04
SO103306,2023-05-17,C0010,Evergreen Cyclery,Dealer,Booked,Net 45,Phoenix Distribution Center,21976.2
SO103307,2023-05-17,C0016,Coastal Gravel Co.,Dealer,Booked,Net 30,Phoenix Distribution Center,22679.15
SO103308,2023-05-17,C0025,Lakeshore Bikes,Dealer,Booked,Net 30,Phoenix Distribution Center,25103.18
SO103309,2023-05-17,C0001,Sonoran Cycles Online,DTC,Booked,Credit Card,Phoenix Distribution Center,4599.0
SO103310,2023-05-17,C0001,Sonoran Cycles Online,DTC,Booked,Credit Card,Phoenix Distribution Center,3299.0
SO103311,2023-05-17,C0001,Sonoran Cycles Online,DTC,Booked,Credit Card,Phoenix Distribution Center,7499.0
SO103312,2023-05-17,C0001,Sonoran Cycles Online,DTC,Booked,Credit Card,Phoenix Distribution Center,3999.0
SO103313,2023-05-17,C0001,Sonoran Cycles Online,DTC,Booked,Credit Card,Phoenix Distribution Center,4599.0
SO103314,2023-05-17,C0001,Sonoran Cycles Online,DTC,Booked,Credit Card,Phoenix Distribution Center,3299.0
SO103315,2023-05-17,C0001,Sonoran Cycles Online,DTC,Booked,Credit Card,Phoenix Distribution Center,3499.0
SO103316,2023-05-17,C0001,Sonoran Cycles Online,DTC,Booked,Credit Card,Phoenix Distribution Center,5199.0
SO103317,2023-05-17,C0001,Sonoran Cycles Online,DTC,Booked,Credit Card,Phoenix Distribution Center,4599.0
SO103318,2023-05-17,C0001,Sonoran Cycles Online,DTC,Booked,Credit Card,Phoenix Distribution Center,7499.0
SO103319,2023-05-17,C0001,Sonoran Cycles Online,DTC,Booked,Credit Card,Phoenix Distribution Center,3499.0
SO103320,2023-05-17,C0001,Sonoran Cycles Online,DTC,Booked,Credit Card,Phoenix Distribution Center,7499.0
SO103321,2023-05-17,C0001,Sonoran Cycles Online,DTC,Booked,Credit Card,Phoenix Distribution Center,4599.0
SO103322,2023-05-18,C0017,Bay Mountain Bikes,Dealer,Booked,Net 30,Phoenix Distribution Center,29382.42
SO103323,2023-05-18,C0008,Sedona Ride Center,Dealer,Booked,Net 30,Phoenix Distribution Center,21571.04
SO103324,2023-05-18,C0003,Cactus Cycling,Dealer,Booked,Net 30,Phoenix Distribution Center,33224.56
SO103325,2023-05-18,C0007,Red Rock Cycles,Dealer,Booked,Net 30,Phoenix Distribution Center,13517.4
SO103326,2023-05-18,C0003,Cactus Cycling,Dealer,Booked,Net 30,Phoenix Distribution Center,30002.42
SO103327,2023-05-18,C0018,High Country Bikes,Dealer,Booked,Net 45,Phoenix Distribution Center,11365.68
SO103328,2023-05-18,C0027,Prairie Trail Bikes,Dealer,Booked,Net 30,Phoenix Distribution Center,41903.94
SO103329,2023-05-18,C0013,Pacific Trail Bikes,Dealer,Booked,Net 45,Phoenix Distribution Center,11771.1
SO103330,2023-05-18,C0035,Adirondack Cycles,Dealer,Booked,Net 30,Phoenix Distribution Center,25474.8
SO103331,2023-05-18,C0027,Prairie Trail Bikes,Dealer,Booked,Net 30,Phoenix Distribution Center,38183.94
SO103332,2023-05-18,C0003,Cactus Cycling,Dealer,Booked,Net 30,Phoenix Distribution Center,15744.9
SO103333,2023-05-18,C0034,Green Mountain Bikes,Dealer,Booked,Net 30,Phoenix Distribution Center,14690.9
SO103334,2023-05-18,C0019,Front Range Cyclery,Dealer,Booked,Net 30,Phoenix Distribution Center,26159.04
SO103335,2023-05-18,C0006,Tucson Trail Works,Dealer,Booked,Net 30,Phoenix Distribution Center,21199.66
SO103336,2023-05-18,C0018,High Country Bikes,Dealer,Booked,Net 45,Phoenix Distribution Center,35431.04
SO103337,2023-05-18,C0036,Pine Tree Bicycles,Dealer,Booked,Net 30,Phoenix Distribution Center,43282.85
SO103338,2023-05-18,C0011,Cascade Bikes,Dealer,Booked,Net 30,Phoenix Distribution Center,22067.66
SO103339,2023-05-18,C0012,Rain City Cycles,Dealer,Booked,Net 30,Phoenix Distribution Center,44385.25
SO103340,2023-05-18,C0002,Desert Trail Bikes,Dealer,Booked,Net 45,Phoenix Distribution Center,19367.94
SO103341,2023-05-18,C0029,River Bend Bikes,Dealer,Booked,Net 30,Phoenix Distribution Center,16506.75
SO103342,2023-05-18,C0004,Sonoran Bike Co.,Dealer,Booked,Net 30,Phoenix Distribution Center,39797.18
SO103343,2023-05-18,C0010,Evergreen Cyclery,Dealer,Booked,Net 45,Phoenix Distribution Center,38038.14
SO103344,2023-05-18,C0031,Pisgah Bike Co.,Dealer,Booked,Net 45,Phoenix Distribution Center,26095.36
SO103345,2023-05-18,C0011,Cascade Bikes,Dealer,Booked,Net 30,Phoenix Distribution Center,18596.28
SO103346,2023-05-18,C0024,Teton Cycling,Dealer,Booked,Net 30,Phoenix Distribution Center,46723.95
SO103347,2023-05-18,C0015,Sierra Cycle Works,Dealer,Booked,Net 30,Phoenix Distribution Center,23307.66
SO103348,2023-05-18,C0001,Sonoran Cycles Online,DTC,Booked,Credit Card,Phoenix Distribution Center,3999.0
SO103349,2023-05-18,C0001,Sonoran Cycles Online,DTC,Booked,Credit Card,Phoenix Distribution Center,6199.0
SO103350,2023-05-18,C0001,Sonoran Cycles Online,DTC,Booked,Credit Card,Phoenix Distribution Center,4599.0
SO103351,2023-05-18,C0001,Sonoran Cycles Online,DTC,Booked,Credit Card,Phoenix Distribution Center,4599.0
SO103352,2023-05-18,C0001,Sonoran Cycles Online,DTC,Booked,Credit Card,Phoenix Distribution Center,12398.0
SO103353,2023-05-18,C0001,Sonoran Cycles Online,DTC,Booked,Credit Card,Phoenix Distribution Center,3499.0
SO103354,2023-05-18,C0001,Sonoran Cycles Online,DTC,Booked,Credit Card,Phoenix Distribution Center,9198.0
SO103355,2023-05-18,C0001,Sonoran Cycles Online,DTC,Booked,Credit Card,Phoenix Distribution Center,3499.0
SO103356,2023-05-18,C0001,Sonoran Cycles Online,DTC,Booked,Credit Card,Phoenix Distribution Center,5199.0
SO103357,2023-05-18,C0001,Sonoran Cycles Online,DTC,Booked,Credit Card,Phoenix Distribution Center,4599.0
SO103358,2023-05-18,C0001,Sonoran Cycles Online,DTC,Booked,Credit Card,Phoenix Distribution Center,7499.0
SO103359,2023-05-18,C0001,Sonoran Cycles Online,DTC,Booked,Credit Card,Phoenix Distribution Center,5199.0
SO103360,2023-05-18,C0001,Sonoran Cycles Online,DTC,Booked,Credit Card,Phoenix Distribution Center,3299.0
SO103361,2023-05-18,C0001,Sonoran Cycles Online,DTC,Booked,Credit Card,Phoenix Distribution Center,4599.0
SO103362,2023-05-19,C0010,Evergreen Cyclery,Dealer,Booked,Net 45,Phoenix Distribution Center,35836.46
SO103363,2023-05-19,C0026,Great Lakes Cyclery,Dealer,Booked,Net 30,Phoenix Distribution Center,36978.5
SO103364,2023-05-19,C0022,Wasatch Wheel Works,Dealer,Booked,Net 30,Phoenix Distribution Center,31737.18
SO103365,2023-05-19,C0022,Wasatch Wheel Works,Dealer,Booked,Net 30,Phoenix Distribution Center,40292.56
SO103366,2023-05-19,C0022,Wasatch Wheel Works,Dealer,Booked,Net 30,Phoenix Distribution Center,21076.28
SO103367,2023-05-19,C0012,Rain City Cycles,Dealer,Booked,Net 30,Phoenix Distribution Center,11956.75
SO103368,2023-05-19,C0027,Prairie Trail Bikes,Dealer,Booked,Net 30,Phoenix Distribution Center,20703.66
SO103369,2023-05-19,C0029,River Bend Bikes,Dealer,Booked,Net 30,Phoenix Distribution Center,29634.15
SO103370,2023-05-19,C0027,Prairie Trail Bikes,Dealer,Booked,Net 30,Phoenix Distribution Center,29257.8
SO103371,2023-05-19,C0031,Pisgah Bike Co.,Dealer,Booked,Net 45,Phoenix Distribution Center,33633.62
SO103372,2023-05-19,C0029,River Bend Bikes,Dealer,Booked,Net 30,Phoenix Distribution Center,34443.5
SO103373,2023-05-19,C0020,Alpine Ride Co.,Dealer,Booked,Net 30,Phoenix Distribution Center,12272.9
SO103374,2023-05-19,C0013,Pacific Trail Bikes,Dealer,Booked,Net 45,Phoenix Distribution Center,46970.14
SO103375,2023-05-19,C0008,Sedona Ride Center,Dealer,Booked,Net 30,Phoenix Distribution Center,25911.66
SO103376,2023-05-19,C0017,Bay Mountain Bikes,Dealer,Booked,Net 30,Phoenix Distribution Center,17976.9
SO103377,2023-05-19,C0022,Wasatch Wheel Works,Dealer,Booked,Net 30,Phoenix Distribution Center,35332.56
SO103378,2023-05-19,C0010,Evergreen Cyclery,Dealer,Booked,Net 45,Phoenix Distribution Center,17569.36
SO103379,2023-05-19,C0008,Sedona Ride Center,Dealer,Booked,Net 30,Phoenix Distribution Center,48725.18
SO103380,2023-05-19,C0033,Appalachian Bikes,Dealer,Booked,Net 30,Phoenix Distribution Center,18224.28
SO103381,2023-05-19,C0015,Sierra Cycle Works,Dealer,Booked,Net 30,Phoenix Distribution Center,32109.18
SO103382,2023-05-19,C0016,Coastal Gravel Co.,Dealer,Booked,Net 30,Phoenix Distribution Center,11371.75
SO103383,2023-05-19,C0021,Rocky Peak Cycles,Dealer,Booked,Net 30,Phoenix Distribution Center,26709.15
SO103384,2023-05-19,C0025,Lakeshore Bikes,Dealer,Booked,Net 30,Phoenix Distribution Center,29070.56
SO103385,2023-05-19,C0001,Sonoran Cycles Online,DTC,Booked,Credit Card,Phoenix Distribution Center,7499.0
SO103386,2023-05-19,C0001,Sonoran Cycles Online,DTC,Booked,Credit Card,Phoenix Distribution Center,6598.0
SO103387,2023-05-19,C0001,Sonoran Cycles Online,DTC,Booked,Credit Card,Phoenix Distribution Center,4599.0
SO103388,2023-05-19,C0001,Sonoran Cycles Online,DTC,Booked,Credit Card,Phoenix Distribution Center,4599.0
SO103389,2023-05-19,C0001,Sonoran Cycles Online,DTC,Booked,Credit Card,Phoenix Distribution Center,7898.0
SO103390,2023-05-19,C0001,Sonoran Cycles Online,DTC,Booked,Credit Card,Phoenix Distribution Center,5199.0
SO103391,2023-05-19,C0001,Sonoran Cycles Online,DTC,Booked,Credit Card,Phoenix Distribution Center,3999.0
SO103392,2023-05-19,C0001,Sonoran Cycles Online,DTC,Booked,Credit Card,Phoenix Distribution Center,4599.0
SO103393,2023-05-19,C0001,Sonoran Cycles Online,DTC,Booked,Credit Card,Phoenix Distribution Center,5199.0
SO103394,2023-05-19,C0001,Sonoran Cycles Online,DTC,Booked,Credit Card,Phoenix Distribution Center,5199.0
SO103395,2023-05-19,C0001,Sonoran Cycles Online,DTC,Booked,Credit Card,Phoenix Distribution Center,7499.0
SO103396,2023-05-19,C0001,Sonoran Cycles Online,DTC,Booked,Credit Card,Phoenix Distribution Center,4599.0
SO103397,2023-05-19,C0001,Sonoran Cycles Online,DTC,Booked,Credit Card,Phoenix Distribution Center,7499.0
SO103398,2023-05-20,C0018,High Country Bikes,Dealer,Booked,Net 45,Phoenix Distribution Center,20992.52
SO103399,2023-05-20,C0005,Mesa Mountain Bikes,Dealer,Booked,Net 30,Phoenix Distribution Center,10722.4
SO103400,2023-05-20,C0014,Redwood Ride Shop,Dealer,Booked,Net 30,Phoenix Distribution Center,18162.28
SO103401,2023-05-20,C0030,Blue Ridge Cycles,Dealer,Booked,Net 30,Phoenix Distribution Center,15372.9
SO103402,2023-05-20,C0002,Desert Trail Bikes,Dealer,Booked,Net 45,Phoenix Distribution Center,8350.26
SO103403,2023-05-20,C0019,Front Range Cyclery,Dealer,Booked,Net 30,Phoenix Distribution Center,40229.94
SO103404,2023-05-20,C0010,Evergreen Cyclery,Dealer,Booked,Net 45,Phoenix Distribution Center,20526.78
SO103405,2023-05-20,C0001,Sonoran Cycles Online,DTC,Booked,Credit Card,Phoenix Distribution Center,9198.0
SO103406,2023-05-20,C0001,Sonoran Cycles Online,DTC,Booked,Credit Card,Phoenix Distribution Center,3299.0
SO103407,2023-05-20,C0001,Sonoran Cycles Online,DTC,Booked,Credit Card,Phoenix Distribution Center,3299.0
SO103408,2023-05-20,C0001,Sonoran Cycles Online,DTC,Booked,Credit Card,Phoenix Distribution Center,3999.0
SO103409,2023-05-20,C0001,Sonoran Cycles Online,DTC,Booked,Credit Card,Phoenix Distribution Center,6199.0
SO103410,2023-05-20,C0001,Sonoran Cycles Online,DTC,Booked,Credit Card,Phoenix Distribution Center,3499.0
SO103411,2023-05-20,C0001,Sonoran Cycles Online,DTC,Booked,Credit Card,Phoenix Distribution Center,9498.0
SO103412,2023-05-20,C0001,Sonoran Cycles Online,DTC,Booked,Credit Card,Phoenix Distribution Center,7499.0
SO103413,2023-05-20,C0001,Sonoran Cycles Online,DTC,Booked,Credit Card,Phoenix Distribution Center,4599.0
SO103414,2023-05-20,C0001,Sonoran Cycles Online,DTC,Booked,Credit Card,Phoenix Distribution Center,12398.0
SO103415,2023-05-20,C0001,Sonoran Cycles Online,DTC,Booked,Credit Card,Phoenix Distribution Center,4599.0
SO103416,2023-05-20,C0001,Sonoran Cycles Online,DTC,Booked,Credit Card,Phoenix Distribution Center,3299.0
SO103417,2023-05-20,C0001,Sonoran Cycles Online,DTC,Booked,Credit Card,Phoenix Distribution Center,6998.0
SO103418,2023-05-20,C0001,Sonoran Cycles Online,DTC,Booked,Credit Card,Phoenix Distribution Center,4599.0
SO103419,2023-05-20,C0001,Sonoran Cycles Online,DTC,Booked,Credit Card,Phoenix Distribution Center,5199.0
SO103420,2023-05-20,C0001,Sonoran Cycles Online,DTC,Booked,Credit Card,Phoenix Distribution Center,4599.0
SO103421,2023-05-20,C0001,Sonoran Cycles Online,DTC,Booked,Credit Card,Phoenix Distribution Center,6199.0
SO103422,2023-05-20,C0001,Sonoran Cycles Online,DTC,Booked,Credit Card,Phoenix Distribution Center,3299.0
SO103423,2023-05-20,C0001,Sonoran Cycles Online,DTC,Booked,Credit Card,Phoenix Distribution Center,6199.0
SO103424,2023-05-21,C0031,Pisgah Bike Co.,Dealer,Booked,Net 45,Phoenix Distribution Center,28298.78
SO103425,2023-05-21,C0012,Rain City Cycles,Dealer,Booked,Net 30,Phoenix Distribution Center,26579.8
SO103426,2023-05-21,C0001,Sonoran Cycles Online,DTC,Booked,Credit Card,Phoenix Distribution Center,4599.0
SO103427,2023-05-21,C0001,Sonoran Cycles Online,DTC,Booked,Credit Card,Phoenix Distribution Center,4599.0
SO103428,2023-05-21,C0001,Sonoran Cycles Online,DTC,Booked,Credit Card,Phoenix Distribution Center,6199.0
SO103429,2023-05-21,C0001,Sonoran Cycles Online,DTC,Booked,Credit Card,Phoenix Distribution Center,7998.0
SO103430,2023-05-21,C0001,Sonoran Cycles Online,DTC,Booked,Credit Card,Phoenix Distribution Center,4599.0
SO103431,2023-05-21,C0001,Sonoran Cycles Online,DTC,Booked,Credit Card,Phoenix Distribution Center,3299.0
SO103432,2023-05-21,C0001,Sonoran Cycles Online,DTC,Booked,Credit Card,Phoenix Distribution Center,10998.0
SO103433,2023-05-21,C0001,Sonoran Cycles Online,DTC,Booked,Credit Card,Phoenix Distribution Center,5199.0
SO103434,2023-05-21,C0001,Sonoran Cycles Online,DTC,Booked,Credit Card,Phoenix Distribution Center,3299.0
SO103435,2023-05-21,C0001,Sonoran Cycles Online,DTC,Booked,Credit Card,Phoenix Distribution Center,7898.0
SO103436,2023-05-21,C0001,Sonoran Cycles Online,DTC,Booked,Credit Card,Phoenix Distribution Center,4599.0
SO103437,2023-05-21,C0001,Sonoran Cycles Online,DTC,Booked,Credit Card,Phoenix Distribution Center,5199.0
SO103438,2023-05-21,C0001,Sonoran Cycles Online,DTC,Booked,Credit Card,Phoenix Distribution Center,4599.0
SO103439,2023-05-21,C0001,Sonoran Cycles Online,DTC,Booked,Credit Card,Phoenix Distribution Center,11398.0
SO103440,2023-05-21,C0001,Sonoran Cycles Online,DTC,Booked,Credit Card,Phoenix Distribution Center,6199.0
SO103441,2023-05-21,C0001,Sonoran Cycles Online,DTC,Booked,Credit Card,Phoenix Distribution Center,4599.0
SO103442,2023-05-21,C0001,Sonoran Cycles Online,DTC,Booked,Credit Card,Phoenix Distribution Center,4599.0
SO103443,2023-05-22,C0029,River Bend Bikes,Dealer,Booked,Net 30,Phoenix Distribution Center,23655.45
SO103444,2023-05-22,C0017,Bay Mountain Bikes,Dealer,Booked,Net 30,Phoenix Distribution Center,29630.42
SO103445,2023-05-22,C0018,High Country Bikes,Dealer,Booked,Net 45,Phoenix Distribution Center,26848.2
SO103446,2023-05-22,C0012,Rain City Cycles,Dealer,Booked,Net 30,Phoenix Distribution Center,11177.4
SO103447,2023-05-22,C0006,Tucson Trail Works,Dealer,Booked,Net 30,Phoenix Distribution Center,35951.94
SO103448,2023-05-22,C0025,Lakeshore Bikes,Dealer,Booked,Net 30,Phoenix Distribution Center,20516.42
SO103449,2023-05-22,C0006,Tucson Trail Works,Dealer,Booked,Net 30,Phoenix Distribution Center,15248.9
SO103450,2023-05-22,C0030,Blue Ridge Cycles,Dealer,Booked,Net 30,Phoenix Distribution Center,6074.76
SO103451,2023-05-22,C0018,High Country Bikes,Dealer,Booked,Net 45,Phoenix Distribution Center,6030.84
SO103452,2023-05-22,C0031,Pisgah Bike Co.,Dealer,Booked,Net 45,Phoenix Distribution Center,25399.36
SO103453,2023-05-22,C0017,Bay Mountain Bikes,Dealer,Booked,Net 30,Phoenix Distribution Center,37937.18
SO103454,2023-05-22,C0019,Front Range Cyclery,Dealer,Booked,Net 30,Phoenix Distribution Center,22377.04
SO103455,2023-05-22,C0003,Cactus Cycling,Dealer,Booked,Net 30,Phoenix Distribution Center,44630.7
SO103456,2023-05-22,C0014,Redwood Ride Shop,Dealer,Booked,Net 30,Phoenix Distribution Center,22068.28
SO103457,2023-05-22,C0030,Blue Ridge Cycles,Dealer,Booked,Net 30,Phoenix Distribution Center,17976.9
SO103458,2023-05-22,C0033,Appalachian Bikes,Dealer,Booked,Net 30,Phoenix Distribution Center,42523.32
SO103459,2023-05-22,C0010,Evergreen Cyclery,Dealer,Booked,Net 45,Phoenix Distribution Center,27890.46
SO103460,2023-05-22,C0007,Red Rock Cycles,Dealer,Booked,Net 30,Phoenix Distribution Center,34314.15
SO103461,2023-05-22,C0027,Prairie Trail Bikes,Dealer,Booked,Net 30,Phoenix Distribution Center,34588.56
SO103462,2023-05-22,C0002,Desert Trail Bikes,Dealer,Booked,Net 45,Phoenix Distribution Center,32647.04
SO103463,2023-05-22,C0018,High Country Bikes,Dealer,Booked,Net 45,Phoenix Distribution Center,15077.1
SO103464,2023-05-22,C0019,Front Range Cyclery,Dealer,Booked,Net 30,Phoenix Distribution Center,49590.08
SO103465,2023-05-22,C0027,Prairie Trail Bikes,Dealer,Booked,Net 30,Phoenix Distribution Center,45312.7
SO103466,2023-05-22,C0026,Great Lakes Cyclery,Dealer,Booked,Net 30,Phoenix Distribution Center,9748.05
SO103467,2023-05-22,C0027,Prairie Trail Bikes,Dealer,Booked,Net 30,Phoenix Distribution Center,14938.9
SO103468,2023-05-22,C0019,Front Range Cyclery,Dealer,Booked,Net 30,Phoenix Distribution Center,6074.76
SO103469,2023-05-22,C0026,Great Lakes Cyclery,Dealer,Booked,Net 30,Phoenix Distribution Center,33339.8
SO103470,2023-05-22,C0011,Cascade Bikes,Dealer,Booked,Net 30,Phoenix Distribution Center,42399.94
SO103471,2023-05-22,C0003,Cactus Cycling,Dealer,Booked,Net 30,Phoenix Distribution Center,8987.52
SO103472,2023-05-22,C0019,Front Range Cyclery,Dealer,Booked,Net 30,Phoenix Distribution Center,7066.76
SO103473,2023-05-22,C0033,Appalachian Bikes,Dealer,Booked,Net 30,Phoenix Distribution Center,34216.56
SO103474,2023-05-22,C0001,Sonoran Cycles Online,DTC,Booked,Credit Card,Phoenix Distribution Center,7499.0
SO103475,2023-05-22,C0001,Sonoran Cycles Online,DTC,Booked,Credit Card,Phoenix Distribution Center,4599.0
SO103476,2023-05-22,C0001,Sonoran Cycles Online,DTC,Booked,Credit Card,Phoenix Distribution Center,4599.0
SO103477,2023-05-22,C0001,Sonoran Cycles Online,DTC,Booked,Credit Card,Phoenix Distribution Center,4599.0
SO103478,2023-05-22,C0001,Sonoran Cycles Online,DTC,Booked,Credit Card,Phoenix Distribution Center,5199.0
SO103479,2023-05-22,C0001,Sonoran Cycles Online,DTC,Booked,Credit Card,Phoenix Distribution Center,6598.0
SO103480,2023-05-22,C0001,Sonoran Cycles Online,DTC,Booked,Credit Card,Phoenix Distribution Center,4599.0
SO103481,2023-05-22,C0001,Sonoran Cycles Online,DTC,Booked,Credit Card,Phoenix Distribution Center,5199.0
SO103482,2023-05-22,C0001,Sonoran Cycles Online,DTC,Booked,Credit Card,Phoenix Distribution Center,4599.0
SO103483,2023-05-22,C0001,Sonoran Cycles Online,DTC,Booked,Credit Card,Phoenix Distribution Center,6199.0
SO103484,2023-05-22,C0001,Sonoran Cycles Online,DTC,Booked,Credit Card,Phoenix Distribution Center,10398.0
SO103485,2023-05-22,C0001,Sonoran Cycles Online,DTC,Booked,Credit Card,Phoenix Distribution Center,5199.0
SO103486,2023-05-23,C0003,Cactus Cycling,Dealer,Booked,Net 30,Phoenix Distribution Center,30373.8
SO103487,2023-05-23,C0004,Sonoran Bike Co.,Dealer,Booked,Net 30,Phoenix Distribution Center,12149.52
SO103488,2023-05-23,C0007,Red Rock Cycles,Dealer,Booked,Net 30,Phoenix Distribution Center,15336.75
SO103489,2023-05-23,C0034,Green Mountain Bikes,Dealer,Booked,Net 30,Phoenix Distribution Center,24173.8
SO103490,2023-05-23,C0030,Blue Ridge Cycles,Dealer,Booked,Net 30,Phoenix Distribution Center,8554.14
SO103491,2023-05-23,C0020,Alpine Ride Co.,Dealer,Booked,Net 30,Phoenix Distribution Center,19648.42
SO103492,2023-05-23,C0031,Pisgah Bike Co.,Dealer,Booked,Net 45,Phoenix Distribution Center,13221.68
SO103493,2023-05-23,C0010,Evergreen Cyclery,Dealer,Booked,Net 45,Phoenix Distribution Center,24991.04
SO103494,2023-05-23,C0029,River Bend Bikes,Dealer,Booked,Net 30,Phoenix Distribution Center,25605.45
SO103495,2023-05-23,C0026,Great Lakes Cyclery,Dealer,Booked,Net 30,Phoenix Distribution Center,33727.85
SO103496,2023-05-23,C0025,Lakeshore Bikes,Dealer,Booked,Net 30,Phoenix Distribution Center,14317.66
SO103497,2023-05-23,C0010,Evergreen Cyclery,Dealer,Booked,Net 45,Phoenix Distribution Center,16119.36
SO103498,2023-05-23,C0017,Bay Mountain Bikes,Dealer,Booked,Net 30,Phoenix Distribution Center,13575.52
SO103499,2023-05-23,C0027,Prairie Trail Bikes,Dealer,Booked,Net 30,Phoenix Distribution Center,25663.04
SO103500,2023-05-23,C0017,Bay Mountain Bikes,Dealer,Booked,Net 30,Phoenix Distribution Center,46863.32
SO103501,2023-05-23,C0019,Front Range Cyclery,Dealer,Booked,Net 30,Phoenix Distribution Center,31241.8
SO103502,2023-05-23,C0030,Blue Ridge Cycles,Dealer,Booked,Net 30,Phoenix Distribution Center,43515.32
SO103503,2023-05-23,C0006,Tucson Trail Works,Dealer,Booked,Net 30,Phoenix Distribution Center,45436.7
SO103504,2023-05-23,C0032,Southern Singletrack,Dealer,Booked,Net 30,Phoenix Distribution Center,40552.2
SO103505,2023-05-23,C0033,Appalachian Bikes,Dealer,Booked,Net 30,Phoenix Distribution Center,29754.42
SO103506,2023-05-23,C0014,Redwood Ride Shop,Dealer,Booked,Net 30,Phoenix Distribution Center,17666.28
SO103507,2023-05-23,C0022,Wasatch Wheel Works,Dealer,Booked,Net 30,Phoenix Distribution Center,21075.66
SO103508,2023-05-23,C0027,Prairie Trail Bikes,Dealer,Booked,Net 30,Phoenix Distribution Center,16116.9
SO103509,2023-05-23,C0017,Bay Mountain Bikes,Dealer,Booked,Net 30,Phoenix Distribution Center,27398.42
SO103510,2023-05-23,C0013,Pacific Trail Bikes,Dealer,Booked,Net 45,Phoenix Distribution Center,36649.62
SO103511,2023-05-23,C0031,Pisgah Bike Co.,Dealer,Booked,Net 45,Phoenix Distribution Center,28646.78
SO103512,2023-05-23,C0011,Cascade Bikes,Dealer,Booked,Net 30,Phoenix Distribution Center,21819.66
SO103513,2023-05-23,C0022,Wasatch Wheel Works,Dealer,Booked,Net 30,Phoenix Distribution Center,32914.56
SO103514,2023-05-23,C0010,Evergreen Cyclery,Dealer,Booked,Net 45,Phoenix Distribution Center,9973.1
SO103515,2023-05-23,C0027,Prairie Trail Bikes,Dealer,Booked,Net 30,Phoenix Distribution Center,58888.84
SO103516,2023-05-23,C0022,Wasatch Wheel Works,Dealer,Booked,Net 30,Phoenix Distribution Center,32109.18
SO103517,2023-05-23,C0034,Green Mountain Bikes,Dealer,Booked,Net 30,Phoenix Distribution Center,43453.32
SO103518,2023-05-23,C0001,Sonoran Cycles Online,DTC,Booked,Credit Card,Phoenix Distribution Center,4599.0
SO103519,2023-05-23,C0001,Sonoran Cycles Online,DTC,Booked,Credit Card,Phoenix Distribution Center,12098.0
SO103520,2023-05-23,C0001,Sonoran Cycles Online,DTC,Booked,Credit Card,Phoenix Distribution Center,3299.0
SO103521,2023-05-23,C0001,Sonoran Cycles Online,DTC,Booked,Credit Card,Phoenix Distribution Center,3999.0
SO103522,2023-05-23,C0001,Sonoran Cycles Online,DTC,Booked,Credit Card,Phoenix Distribution Center,5199.0
SO103523,2023-05-23,C0001,Sonoran Cycles Online,DTC,Booked,Credit Card,Phoenix Distribution Center,4599.0
SO103524,2023-05-23,C0001,Sonoran Cycles Online,DTC,Booked,Credit Card,Phoenix Distribution Center,3299.0
SO103525,2023-05-23,C0001,Sonoran Cycles Online,DTC,Booked,Credit Card,Phoenix Distribution Center,11297.0
SO103526,2023-05-23,C0001,Sonoran Cycles Online,DTC,Booked,Credit Card,Phoenix Distribution Center,5199.0
SO103527,2023-05-23,C0001,Sonoran Cycles Online,DTC,Booked,Credit Card,Phoenix Distribution Center,8598.0
SO103528,2023-05-23,C0001,Sonoran Cycles Online,DTC,Booked,Credit Card,Phoenix Distribution Center,4599.0
SO103529,2023-05-23,C0001,Sonoran Cycles Online,DTC,Booked,Credit Card,Phoenix Distribution Center,3999.0
SO103530,2023-05-23,C0001,Sonoran Cycles Online,DTC,Booked,Credit Card,Phoenix Distribution Center,6199.0
SO103531,2023-05-24,C0028,Windy City Cycles,Dealer,Booked,Net 30,Phoenix Distribution Center,36393.5
SO103532,2023-05-24,C0036,Pine Tree Bicycles,Dealer,Booked,Net 30,Phoenix Distribution Center,42502.2
SO103533,2023-05-24,C0025,Lakeshore Bikes,Dealer,Booked,Net 30,Phoenix Distribution Center,20145.04
SO103534,2023-05-24,C0028,Windy City Cycles,Dealer,Booked,Net 30,Phoenix Distribution Center,36458.5
SO103535,2023-05-24,C0025,Lakeshore Bikes,Dealer,Booked,Net 30,Phoenix Distribution Center,31611.94
SO103536,2023-05-24,C0020,Alpine Ride Co.,Dealer,Booked,Net 30,Phoenix Distribution Center,12272.28
SO103537,2023-05-24,C0010,Evergreen Cyclery,Dealer,Booked,Net 45,Phoenix Distribution Center,9857.68
SO103538,2023-05-24,C0006,Tucson Trail Works,Dealer,Booked,Net 30,Phoenix Distribution Center,45003.94
SO103539,2023-05-24,C0013,Pacific Trail Bikes,Dealer,Booked,Net 45,Phoenix Distribution Center,28763.94
SO103540,2023-05-24,C0016,Coastal Gravel Co.,Dealer,Booked,Net 30,Phoenix Distribution Center,27942.2
SO103541,2023-05-24,C0021,Rocky Peak Cycles,Dealer,Booked,Net 30,Phoenix Distribution Center,32688.5
SO103542,2023-05-24,C0013,Pacific Trail Bikes,Dealer,Booked,Net 45,Phoenix Distribution Center,34098.78
SO103543,2023-05-24,C0010,Evergreen Cyclery,Dealer,Booked,Net 45,Phoenix Distribution Center,19135.36
SO103544,2023-05-24,C0015,Sierra Cycle Works,Dealer,Booked,Net 30,Phoenix Distribution Center,17480.28
SO103545,2023-05-24,C0021,Rocky Peak Cycles,Dealer,Booked,Net 30,Phoenix Distribution Center,52055.25
SO103546,2023-05-24,C0002,Desert Trail Bikes,Dealer,Booked,Net 45,Phoenix Distribution Center,41172.46
SO103547,2023-05-24,C0006,Tucson Trail Works,Dealer,Booked,Net 30,Phoenix Distribution Center,18224.9
SO103548,2023-05-24,C0031,Pisgah Bike Co.,Dealer,Booked,Net 45,Phoenix Distribution Center,6262.84
SO103549,2023-05-24,C0008,Sedona Ride Center,Dealer,Booked,Net 30,Phoenix Distribution Center,16054.9
SO103550,2023-05-24,C0018,High Country Bikes,Dealer,Booked,Net 45,Phoenix Distribution Center,42100.46
SO103551,2023-05-24,C0036,Pine Tree Bicycles,Dealer,Booked,Net 30,Phoenix Distribution Center,18066.75
SO103552,2023-05-24,C0012,Rain City Cycles,Dealer,Booked,Net 30,Phoenix Distribution Center,38407.85
SO103553,2023-05-24,C0016,Coastal Gravel Co.,Dealer,Booked,Net 30,Phoenix Distribution Center,17220.45
SO103554,2023-05-24,C0019,Front Range Cyclery,Dealer,Booked,Net 30,Phoenix Distribution Center,24423.66
SO103555,2023-05-24,C0025,Lakeshore Bikes,Dealer,Booked,Net 30,Phoenix Distribution Center,9483.52
SO103556,2023-05-24,C0033,Appalachian Bikes,Dealer,Booked,Net 30,Phoenix Distribution Center,17418.28
SO103557,2023-05-24,C0025,Lakeshore Bikes,Dealer,Booked,Net 30,Phoenix Distribution Center,44754.7
SO103558,2023-05-24,C0027,Prairie Trail Bikes,Dealer,Booked,Net 30,Phoenix Distribution Center,21447.66
SO103559,2023-05-24,C0006,Tucson Trail Works,Dealer,Booked,Net 30,Phoenix Distribution Center,23430.42
SO103560,2023-05-24,C0001,Sonoran Cycles Online,DTC,Booked,Credit Card,Phoenix Distribution Center,6199.0
SO103561,2023-05-24,C0001,Sonoran Cycles Online,DTC,Booked,Credit Card,Phoenix Distribution Center,3499.0
SO103562,2023-05-24,C0001,Sonoran Cycles Online,DTC,Booked,Credit Card,Phoenix Distribution Center,4599.0
SO103563,2023-05-24,C0001,Sonoran Cycles Online,DTC,Booked,Credit Card,Phoenix Distribution Center,5199.0
SO103564,2023-05-24,C0001,Sonoran Cycles Online,DTC,Booked,Credit Card,Phoenix Distribution Center,5199.0
SO103565,2023-05-24,C0001,Sonoran Cycles Online,DTC,Booked,Credit Card,Phoenix Distribution Center,3299.0
SO103566,2023-05-24,C0001,Sonoran Cycles Online,DTC,Booked,Credit Card,Phoenix Distribution Center,3499.0
SO103567,2023-05-24,C0001,Sonoran Cycles Online,DTC,Booked,Credit Card,Phoenix Distribution Center,6199.0
SO103568,2023-05-24,C0001,Sonoran Cycles Online,DTC,Booked,Credit Card,Phoenix Distribution Center,12597.0
SO103569,2023-05-24,C0001,Sonoran Cycles Online,DTC,Booked,Credit Card,Phoenix Distribution Center,3999.0
SO103570,2023-05-24,C0001,Sonoran Cycles Online,DTC,Booked,Credit Card,Phoenix Distribution Center,5199.0
SO103571,2023-05-24,C0001,Sonoran Cycles Online,DTC,Booked,Credit Card,Phoenix Distribution Center,7499.0
SO103572,2023-05-24,C0001,Sonoran Cycles Online,DTC,Booked,Credit Card,Phoenix Distribution Center,4599.0
SO103573,2023-05-25,C0033,Appalachian Bikes,Dealer,Booked,Net 30,Phoenix Distribution Center,20084.28
SO103574,2023-05-25,C0003,Cactus Cycling,Dealer,Booked,Net 30,Phoenix Distribution Center,10351.52
SO103575,2023-05-25,C0006,Tucson Trail Works,Dealer,Booked,Net 30,Phoenix Distribution Center,52441.46
SO103576,2023-05-25,C0014,Redwood Ride Shop,Dealer,Booked,Net 30,Phoenix Distribution Center,29566.56
SO103577,2023-05-25,C0005,Mesa Mountain Bikes,Dealer,Booked,Net 30,Phoenix Distribution Center,6433.05
SO103578,2023-05-25,C0006,Tucson Trail Works,Dealer,Booked,Net 30,Phoenix Distribution Center,23927.04
SO103579,2023-05-25,C0031,Pisgah Bike Co.,Dealer,Booked,Net 45,Phoenix Distribution Center,29458.78
SO103580,2023-05-25,C0021,Rocky Peak Cycles,Dealer,Booked,Net 30,Phoenix Distribution Center,24760.45
SO103581,2023-05-25,C0006,Tucson Trail Works,Dealer,Booked,Net 30,Phoenix Distribution Center,8554.14
SO103582,2023-05-25,C0026,Great Lakes Cyclery,Dealer,Booked,Net 30,Phoenix Distribution Center,20925.45
SO103583,2023-05-25,C0031,Pisgah Bike Co.,Dealer,Booked,Net 45,Phoenix Distribution Center,50451.3
SO103584,2023-05-25,C0017,Bay Mountain Bikes,Dealer,Booked,Net 30,Phoenix Distribution Center,20580.28
SO103585,2023-05-25,C0027,Prairie Trail Bikes,Dealer,Booked,Net 30,Phoenix Distribution Center,34465.18
SO103586,2023-05-25,C0031,Pisgah Bike Co.,Dealer,Booked,Net 45,Phoenix Distribution Center,12641.68
SO103587,2023-05-25,C0032,Southern Singletrack,Dealer,Booked,Net 30,Phoenix Distribution Center,31452.2
SO103588,2023-05-25,C0031,Pisgah Bike Co.,Dealer,Booked,Net 45,Phoenix Distribution Center,24007.36
SO103589,2023-05-25,C0020,Alpine Ride Co.,Dealer,Booked,Net 30,Phoenix Distribution Center,19649.04
SO103590,2023-05-25,C0002,Desert Trail Bikes,Dealer,Booked,Net 45,Phoenix Distribution Center,14033.1
SO103591,2023-05-25,C0025,Lakeshore Bikes,Dealer,Booked,Net 30,Phoenix Distribution Center,22314.42
SO103592,2023-05-25,C0022,Wasatch Wheel Works,Dealer,Booked,Net 30,Phoenix Distribution Center,50334.08
SO103593,2023-05-25,C0019,Front Range Cyclery,Dealer,Booked,Net 30,Phoenix Distribution Center,45871.32
SO103594,2023-05-25,C0031,Pisgah Bike Co.,Dealer,Booked,Net 45,Phoenix Distribution Center,18556.52
SO103595,2023-05-25,C0026,Great Lakes Cyclery,Dealer,Booked,Net 30,Phoenix Distribution Center,20535.45
SO103596,2023-05-25,C0002,Desert Trail Bikes,Dealer,Booked,Net 45,Phoenix Distribution Center,39490.46
SO103597,2023-05-25,C0004,Sonoran Bike Co.,Dealer,Booked,Net 30,Phoenix Distribution Center,27089.04
SO103598,2023-05-25,C0001,Sonoran Cycles Online,DTC,Booked,Credit Card,Phoenix Distribution Center,4599.0
SO103599,2023-05-25,C0001,Sonoran Cycles Online,DTC,Booked,Credit Card,Phoenix Distribution Center,6199.0
SO103600,2023-05-25,C0001,Sonoran Cycles Online,DTC,Booked,Credit Card,Phoenix Distribution Center,3499.0
SO103601,2023-05-25,C0001,Sonoran Cycles Online,DTC,Booked,Credit Card,Phoenix Distribution Center,3999.0
SO103602,2023-05-25,C0001,Sonoran Cycles Online,DTC,Booked,Credit Card,Phoenix Distribution Center,5199.0
SO103603,2023-05-25,C0001,Sonoran Cycles Online,DTC,Booked,Credit Card,Phoenix Distribution Center,4599.0
SO103604,2023-05-25,C0001,Sonoran Cycles Online,DTC,Booked,Credit Card,Phoenix Distribution Center,3299.0
SO103605,2023-05-25,C0001,Sonoran Cycles Online,DTC,Booked,Credit Card,Phoenix Distribution Center,5199.0
SO103606,2023-05-25,C0001,Sonoran Cycles Online,DTC,Booked,Credit Card,Phoenix Distribution Center,4599.0
SO103607,2023-05-25,C0001,Sonoran Cycles Online,DTC,Booked,Credit Card,Phoenix Distribution Center,3299.0
SO103608,2023-05-25,C0001,Sonoran Cycles Online,DTC,Booked,Credit Card,Phoenix Distribution Center,3299.0
SO103609,2023-05-25,C0001,Sonoran Cycles Online,DTC,Booked,Credit Card,Phoenix Distribution Center,6199.0
SO103610,2023-05-25,C0001,Sonoran Cycles Online,DTC,Booked,Credit Card,Phoenix Distribution Center,7499.0
SO103611,2023-05-25,C0001,Sonoran Cycles Online,DTC,Booked,Credit Card,Phoenix Distribution Center,3299.0
SO103612,2023-05-25,C0001,Sonoran Cycles Online,DTC,Booked,Credit Card,Phoenix Distribution Center,5199.0
SO103613,2023-05-25,C0001,Sonoran Cycles Online,DTC,Booked,Credit Card,Phoenix Distribution Center,9798.0
SO103614,2023-05-25,C0001,Sonoran Cycles Online,DTC,Booked,Credit Card,Phoenix Distribution Center,9198.0
SO103615,2023-05-26,C0012,Rain City Cycles,Dealer,Booked,Net 30,Phoenix Distribution Center,28660.45
SO103616,2023-05-26,C0031,Pisgah Bike Co.,Dealer,Booked,Net 45,Phoenix Distribution Center,38504.46
SO103617,2023-05-26,C0026,Great Lakes Cyclery,Dealer,Booked,Net 30,Phoenix Distribution Center,13256.75
SO103618,2023-05-26,C0015,Sierra Cycle Works,Dealer,Booked,Net 30,Phoenix Distribution Center,15372.9
SO103619,2023-05-26,C0019,Front Range Cyclery,Dealer,Booked,Net 30,Phoenix Distribution Center,33659.18
SO103620,2023-05-26,C0019,Front Range Cyclery,Dealer,Booked,Net 30,Phoenix Distribution Center,30870.42
SO103621,2023-05-26,C0019,Front Range Cyclery,Dealer,Booked,Net 30,Phoenix Distribution Center,50582.7
SO103622,2023-05-26,C0025,Lakeshore Bikes,Dealer,Booked,Net 30,Phoenix Distribution Center,16487.66
SO103623,2023-05-26,C0022,Wasatch Wheel Works,Dealer,Booked,Net 30,Phoenix Distribution Center,23616.42
SO103624,2023-05-26,C0002,Desert Trail Bikes,Dealer,Booked,Net 45,Phoenix Distribution Center,36358.46
SO103625,2023-05-26,C0013,Pacific Trail Bikes,Dealer,Booked,Net 45,Phoenix Distribution Center,24876.78
SO103626,2023-05-26,C0031,Pisgah Bike Co.,Dealer,Booked,Net 45,Phoenix Distribution Center,18092.52
SO103627,2023-05-26,C0030,Blue Ridge Cycles,Dealer,Booked,Net 30,Phoenix Distribution Center,29382.42
SO103628,2023-05-26,C0024,Teton Cycling,Dealer,Booked,Net 30,Phoenix Distribution Center,20016.1
SO103629,2023-05-26,C0024,Teton Cycling,Dealer,Booked,Net 30,Phoenix Distribution Center,5978.7
SO103630,2023-05-26,C0013,Pacific Trail Bikes,Dealer,Booked,Net 45,Phoenix Distribution Center,36766.2
SO103631,2023-05-26,C0012,Rain City Cycles,Dealer,Booked,Net 30,Phoenix Distribution Center,25214.8
SO103632,2023-05-26,C0031,Pisgah Bike Co.,Dealer,Booked,Net 45,Phoenix Distribution Center,54162.14
SO103633,2023-05-26,C0021,Rocky Peak Cycles,Dealer,Booked,Net 30,Phoenix Distribution Center,24371.75
SO103634,2023-05-26,C0002,Desert Trail Bikes,Dealer,Booked,Net 45,Phoenix Distribution Center,43722.72
SO103635,2023-05-26,C0018,High Country Bikes,Dealer,Booked,Net 45,Phoenix Distribution Center,14381.68
SO103636,2023-05-26,C0017,Bay Mountain Bikes,Dealer,Booked,Net 30,Phoenix Distribution Center,25167.04
SO103637,2023-05-26,C0001,Sonoran Cycles Online,DTC,Booked,Credit Card,Phoenix Distribution Center,3999.0
SO103638,2023-05-26,C0001,Sonoran Cycles Online,DTC,Booked,Credit Card,Phoenix Distribution Center,3299.0
SO103639,2023-05-26,C0001,Sonoran Cycles Online,DTC,Booked,Credit Card,Phoenix Distribution Center,8598.0
SO103640,2023-05-26,C0001,Sonoran Cycles Online,DTC,Booked,Credit Card,Phoenix Distribution Center,3999.0
SO103641,2023-05-26,C0001,Sonoran Cycles Online,DTC,Booked,Credit Card,Phoenix Distribution Center,4599.0
SO103642,2023-05-26,C0001,Sonoran Cycles Online,DTC,Booked,Credit Card,Phoenix Distribution Center,3299.0
SO103643,2023-05-26,C0001,Sonoran Cycles Online,DTC,Booked,Credit Card,Phoenix Distribution Center,8598.0
SO103644,2023-05-26,C0001,Sonoran Cycles Online,DTC,Booked,Credit Card,Phoenix Distribution Center,4599.0
SO103645,2023-05-26,C0001,Sonoran Cycles Online,DTC,Booked,Credit Card,Phoenix Distribution Center,3299.0
SO103646,2023-05-26,C0001,Sonoran Cycles Online,DTC,Booked,Credit Card,Phoenix Distribution Center,4599.0
SO103647,2023-05-26,C0001,Sonoran Cycles Online,DTC,Booked,Credit Card,Phoenix Distribution Center,3999.0
SO103648,2023-05-26,C0001,Sonoran Cycles Online,DTC,Booked,Credit Card,Phoenix Distribution Center,5199.0
SO103649,2023-05-26,C0001,Sonoran Cycles Online,DTC,Booked,Credit Card,Phoenix Distribution Center,9798.0
SO103650,2023-05-27,C0010,Evergreen Cyclery,Dealer,Booked,Net 45,Phoenix Distribution Center,8059.68
SO103651,2023-05-27,C0026,Great Lakes Cyclery,Dealer,Booked,Net 30,Phoenix Distribution Center,41590.9
SO103652,2023-05-27,C0031,Pisgah Bike Co.,Dealer,Booked,Net 45,Phoenix Distribution Center,23427.36
SO103653,2023-05-27,C0021,Rocky Peak Cycles,Dealer,Booked,Net 30,Phoenix Distribution Center,43215.9
SO103654,2023-05-27,C0035,Adirondack Cycles,Dealer,Booked,Net 30,Phoenix Distribution Center,38017.2
SO103655,2023-05-27,C0020,Alpine Ride Co.,Dealer,Booked,Net 30,Phoenix Distribution Center,21323.04
SO103656,2023-05-27,C0015,Sierra Cycle Works,Dealer,Booked,Net 30,Phoenix Distribution Center,9298.14
SO103657,2023-05-27,C0001,Sonoran Cycles Online,DTC,Booked,Credit Card,Phoenix Distribution Center,3299.0
SO103658,2023-05-27,C0001,Sonoran Cycles Online,DTC,Booked,Credit Card,Phoenix Distribution Center,3299.0
SO103659,2023-05-27,C0001,Sonoran Cycles Online,DTC,Booked,Credit Card,Phoenix Distribution Center,3299.0
SO103660,2023-05-27,C0001,Sonoran Cycles Online,DTC,Booked,Credit Card,Phoenix Distribution Center,5199.0
SO103661,2023-05-27,C0001,Sonoran Cycles Online,DTC,Booked,Credit Card,Phoenix Distribution Center,4599.0
SO103662,2023-05-27,C0001,Sonoran Cycles Online,DTC,Booked,Credit Card,Phoenix Distribution Center,12098.0
SO103663,2023-05-27,C0001,Sonoran Cycles Online,DTC,Booked,Credit Card,Phoenix Distribution Center,3999.0
SO103664,2023-05-27,C0001,Sonoran Cycles Online,DTC,Booked,Credit Card,Phoenix Distribution Center,3299.0
SO103665,2023-05-27,C0001,Sonoran Cycles Online,DTC,Booked,Credit Card,Phoenix Distribution Center,4599.0
SO103666,2023-05-27,C0001,Sonoran Cycles Online,DTC,Booked,Credit Card,Phoenix Distribution Center,4599.0
SO103667,2023-05-27,C0001,Sonoran Cycles Online,DTC,Booked,Credit Card,Phoenix Distribution Center,3499.0
SO103668,2023-05-27,C0001,Sonoran Cycles Online,DTC,Booked,Credit Card,Phoenix Distribution Center,6199.0
SO103669,2023-05-27,C0001,Sonoran Cycles Online,DTC,Booked,Credit Card,Phoenix Distribution Center,5199.0
SO103670,2023-05-27,C0001,Sonoran Cycles Online,DTC,Booked,Credit Card,Phoenix Distribution Center,3299.0
SO103671,2023-05-27,C0001,Sonoran Cycles Online,DTC,Booked,Credit Card,Phoenix Distribution Center,3299.0
SO103672,2023-05-27,C0001,Sonoran Cycles Online,DTC,Booked,Credit Card,Phoenix Distribution Center,3299.0
SO103673,2023-05-27,C0001,Sonoran Cycles Online,DTC,Booked,Credit Card,Phoenix Distribution Center,5199.0
SO103674,2023-05-27,C0001,Sonoran Cycles Online,DTC,Booked,Credit Card,Phoenix Distribution Center,5199.0
SO103675,2023-05-27,C0001,Sonoran Cycles Online,DTC,Booked,Credit Card,Phoenix Distribution Center,4599.0
SO103676,2023-05-28,C0034,Green Mountain Bikes,Dealer,Booked,Net 30,Phoenix Distribution Center,31549.94
SO103677,2023-05-28,C0010,Evergreen Cyclery,Dealer,Booked,Net 45,Phoenix Distribution Center,7248.26
SO103678,2023-05-28,C0002,Desert Trail Bikes,Dealer,Booked,Net 45,Phoenix Distribution Center,25572.2
SO103679,2023-05-28,C0001,Sonoran Cycles Online,DTC,Booked,Credit Card,Phoenix Distribution Center,6199.0
SO103680,2023-05-28,C0001,Sonoran Cycles Online,DTC,Booked,Credit Card,Phoenix Distribution Center,3299.0
SO103681,2023-05-28,C0001,Sonoran Cycles Online,DTC,Booked,Credit Card,Phoenix Distribution Center,3299.0
SO103682,2023-05-28,C0001,Sonoran Cycles Online,DTC,Booked,Credit Card,Phoenix Distribution Center,3299.0
SO103683,2023-05-28,C0001,Sonoran Cycles Online,DTC,Booked,Credit Card,Phoenix Distribution Center,6199.0
SO103684,2023-05-28,C0001,Sonoran Cycles Online,DTC,Booked,Credit Card,Phoenix Distribution Center,3999.0
SO103685,2023-05-28,C0001,Sonoran Cycles Online,DTC,Booked,Credit Card,Phoenix Distribution Center,6199.0
SO103686,2023-05-28,C0001,Sonoran Cycles Online,DTC,Booked,Credit Card,Phoenix Distribution Center,7898.0
SO103687,2023-05-28,C0001,Sonoran Cycles Online,DTC,Booked,Credit Card,Phoenix Distribution Center,3499.0
SO103688,2023-05-28,C0001,Sonoran Cycles Online,DTC,Booked,Credit Card,Phoenix Distribution Center,4599.0
SO103689,2023-05-28,C0001,Sonoran Cycles Online,DTC,Booked,Credit Card,Phoenix Distribution Center,14998.0
SO103690,2023-05-28,C0001,Sonoran Cycles Online,DTC,Booked,Credit Card,Phoenix Distribution Center,9198.0
SO103691,2023-05-28,C0001,Sonoran Cycles Online,DTC,Booked,Credit Card,Phoenix Distribution Center,4599.0
SO103692,2023-05-28,C0001,Sonoran Cycles Online,DTC,Booked,Credit Card,Phoenix Distribution Center,3299.0
SO103693,2023-05-28,C0001,Sonoran Cycles Online,DTC,Booked,Credit Card,Phoenix Distribution Center,3499.0
SO103694,2023-05-28,C0001,Sonoran Cycles Online,DTC,Booked,Credit Card,Phoenix Distribution Center,5199.0
SO103695,2023-05-28,C0001,Sonoran Cycles Online,DTC,Booked,Credit Card,Phoenix Distribution Center,3299.0
SO103696,2023-05-29,C0012,Rain City Cycles,Dealer,Booked,Net 30,Phoenix Distribution Center,54523.95
SO103697,2023-05-29,C0027,Prairie Trail Bikes,Dealer,Booked,Net 30,Phoenix Distribution Center,17108.28
SO103698,2023-05-29,C0010,Evergreen Cyclery,Dealer,Booked,Net 45,Phoenix Distribution Center,29108.46
SO103699,2023-05-29,C0021,Rocky Peak Cycles,Dealer,Booked,Net 30,Phoenix Distribution Center,12152.4
SO103700,2023-05-29,C0027,Prairie Trail Bikes,Dealer,Booked,Net 30,Phoenix Distribution Center,18100.28
SO103701,2023-05-29,C0027,Prairie Trail Bikes,Dealer,Booked,Net 30,Phoenix Distribution Center,27522.42
SO103702,2023-05-29,C0034,Green Mountain Bikes,Dealer,Booked,Net 30,Phoenix Distribution Center,42275.32
SO103703,2023-05-29,C0002,Desert Trail Bikes,Dealer,Booked,Net 45,Phoenix Distribution Center,18671.94
SO103704,2023-05-29,C0024,Teton Cycling,Dealer,Booked,Net 30,Phoenix Distribution Center,41591.55
SO103705,2023-05-29,C0034,Green Mountain Bikes,Dealer,Booked,Net 30,Phoenix Distribution Center,24173.8
SO103706,2023-05-29,C0007,Red Rock Cycles,Dealer,Booked,Net 30,Phoenix Distribution Center,39967.2
SO103707,2023-05-29,C0008,Sedona Ride Center,Dealer,Booked,Net 30,Phoenix Distribution Center,29817.04
SO103708,2023-05-29,C0010,Evergreen Cyclery,Dealer,Booked,Net 45,Phoenix Distribution Center,16061.36
SO103709,2023-05-29,C0003,Cactus Cycling,Dealer,Booked,Net 30,Phoenix Distribution Center,30313.04
SO103710,2023-05-29,C0002,Desert Trail Bikes,Dealer,Booked,Net 45,Phoenix Distribution Center,16817.1
SO103711,2023-05-29,C0018,High Country Bikes,Dealer,Booked,Net 45,Phoenix Distribution Center,9626.26
SO103712,2023-05-29,C0007,Red Rock Cycles,Dealer,Booked,Net 30,Phoenix Distribution Center,14427.4
SO103713,2023-05-29,C0003,Cactus Cycling,Dealer,Booked,Net 30,Phoenix Distribution Center,45870.08
SO103714,2023-05-29,C0005,Mesa Mountain Bikes,Dealer,Booked,Net 30,Phoenix Distribution Center,10397.4
SO103715,2023-05-29,C0019,Front Range Cyclery,Dealer,Booked,Net 30,Phoenix Distribution Center,12769.52
SO103716,2023-05-29,C0006,Tucson Trail Works,Dealer,Booked,Net 30,Phoenix Distribution Center,33349.18
SO103717,2023-05-29,C0025,Lakeshore Bikes,Dealer,Booked,Net 30,Phoenix Distribution Center,16487.66
SO103718,2023-05-29,C0013,Pacific Trail Bikes,Dealer,Booked,Net 45,Phoenix Distribution Center,16875.1
SO103719,2023-05-29,C0028,Windy City Cycles,Dealer,Booked,Net 30,Phoenix Distribution Center,20535.45
SO103720,2023-05-29,C0016,Coastal Gravel Co.,Dealer,Booked,Net 30,Phoenix Distribution Center,17091.1
SO103721,2023-05-29,C0006,Tucson Trail Works,Dealer,Booked,Net 30,Phoenix Distribution Center,39361.94
SO103722,2023-05-29,C0036,Pine Tree Bicycles,Dealer,Booked,Net 30,Phoenix Distribution Center,21640.45
SO103723,2023-05-29,C0001,Sonoran Cycles Online,DTC,Booked,Credit Card,Phoenix Distribution Center,5199.0
SO103724,2023-05-29,C0001,Sonoran Cycles Online,DTC,Booked,Credit Card,Phoenix Distribution Center,3499.0
SO103725,2023-05-29,C0001,Sonoran Cycles Online,DTC,Booked,Credit Card,Phoenix Distribution Center,5199.0
SO103726,2023-05-29,C0001,Sonoran Cycles Online,DTC,Booked,Credit Card,Phoenix Distribution Center,5199.0
SO103727,2023-05-29,C0001,Sonoran Cycles Online,DTC,Booked,Credit Card,Phoenix Distribution Center,10198.0
SO103728,2023-05-29,C0001,Sonoran Cycles Online,DTC,Booked,Credit Card,Phoenix Distribution Center,6199.0
SO103729,2023-05-29,C0001,Sonoran Cycles Online,DTC,Booked,Credit Card,Phoenix Distribution Center,6199.0
SO103730,2023-05-29,C0001,Sonoran Cycles Online,DTC,Booked,Credit Card,Phoenix Distribution Center,3299.0
SO103731,2023-05-29,C0001,Sonoran Cycles Online,DTC,Booked,Credit Card,Phoenix Distribution Center,6199.0
SO103732,2023-05-29,C0001,Sonoran Cycles Online,DTC,Booked,Credit Card,Phoenix Distribution Center,3299.0
SO103733,2023-05-29,C0001,Sonoran Cycles Online,DTC,Booked,Credit Card,Phoenix Distribution Center,5199.0
SO103734,2023-05-29,C0001,Sonoran Cycles Online,DTC,Booked,Credit Card,Phoenix Distribution Center,7898.0
SO103735,2023-05-29,C0001,Sonoran Cycles Online,DTC,Booked,Credit Card,Phoenix Distribution Center,3299.0
SO103736,2023-05-30,C0002,Desert Trail Bikes,Dealer,Booked,Net 45,Phoenix Distribution Center,32125.62
SO103737,2023-05-30,C0027,Prairie Trail Bikes,Dealer,Booked,Net 30,Phoenix Distribution Center,22440.28
SO103738,2023-05-30,C0015,Sierra Cycle Works,Dealer,Booked,Net 30,Phoenix Distribution Center,29134.42
SO103739,2023-05-30,C0016,Coastal Gravel Co.,Dealer,Booked,Net 30,Phoenix Distribution Center,15660.45
SO103740,2023-05-30,C0006,Tucson Trail Works,Dealer,Booked,Net 30,Phoenix Distribution Center,45189.32
SO103741,2023-05-30,C0014,Redwood Ride Shop,Dealer,Booked,Net 30,Phoenix Distribution Center,20828.9
SO103742,2023-05-30,C0020,Alpine Ride Co.,Dealer,Booked,Net 30,Phoenix Distribution Center,22438.42
SO103743,2023-05-30,C0011,Cascade Bikes,Dealer,Booked,Net 30,Phoenix Distribution Center,51078.08
SO103744,2023-05-30,C0019,Front Range Cyclery,Dealer,Booked,Net 30,Phoenix Distribution Center,42091.18
SO103745,2023-05-30,C0035,Adirondack Cycles,Dealer,Booked,Net 30,Phoenix Distribution Center,26254.8
SO103746,2023-05-30,C0017,Bay Mountain Bikes,Dealer,Booked,Net 30,Phoenix Distribution Center,31985.8
SO103747,2023-05-30,C0031,Pisgah Bike Co.,Dealer,Booked,Net 45,Phoenix Distribution Center,18092.52
SO103748,2023-05-30,C0033,Appalachian Bikes,Dealer,Booked,Net 30,Phoenix Distribution Center,32853.18
SO103749,2023-05-30,C0034,Green Mountain Bikes,Dealer,Booked,Net 30,Phoenix Distribution Center,38244.7
SO103750,2023-05-30,C0003,Cactus Cycling,Dealer,Booked,Net 30,Phoenix Distribution Center,8616.14
SO103751,2023-05-30,C0031,Pisgah Bike Co.,Dealer,Booked,Net 45,Phoenix Distribution Center,9626.26
SO103752,2023-05-30,C0031,Pisgah Bike Co.,Dealer,Booked,Net 45,Phoenix Distribution Center,29806.78
SO103753,2023-05-30,C0022,Wasatch Wheel Works,Dealer,Booked,Net 30,Phoenix Distribution Center,14317.66
SO103754,2023-05-30,C0018,High Country Bikes,Dealer,Booked,Net 45,Phoenix Distribution Center,27138.78
SO103755,2023-05-30,C0024,Teton Cycling,Dealer,Booked,Net 30,Phoenix Distribution Center,37692.2
SO103756,2023-05-30,C0018,High Country Bikes,Dealer,Booked,Net 45,Phoenix Distribution Center,26152.78
SO103757,2023-05-30,C0008,Sedona Ride Center,Dealer,Booked,Net 30,Phoenix Distribution Center,46803.18
SO103758,2023-05-30,C0002,Desert Trail Bikes,Dealer,Booked,Net 45,Phoenix Distribution Center,14729.1
SO103759,2023-05-30,C0003,Cactus Cycling,Dealer,Booked,Net 30,Phoenix Distribution Center,9670.14
SO103760,2023-05-30,C0013,Pacific Trail Bikes,Dealer,Booked,Net 45,Phoenix Distribution Center,25167.94
SO103761,2023-05-30,C0034,Green Mountain Bikes,Dealer,Booked,Net 30,Phoenix Distribution Center,24235.18
SO103762,2023-05-30,C0011,Cascade Bikes,Dealer,Booked,Net 30,Phoenix Distribution Center,11033.52
SO103763,2023-05-30,C0006,Tucson Trail Works,Dealer,Booked,Net 30,Phoenix Distribution Center,37316.56
SO103764,2023-05-30,C0001,Sonoran Cycles Online,DTC,Booked,Credit Card,Phoenix Distribution Center,5199.0
SO103765,2023-05-30,C0001,Sonoran Cycles Online,DTC,Booked,Credit Card,Phoenix Distribution Center,3999.0
SO103766,2023-05-30,C0001,Sonoran Cycles Online,DTC,Booked,Credit Card,Phoenix Distribution Center,5199.0
SO103767,2023-05-30,C0001,Sonoran Cycles Online,DTC,Booked,Credit Card,Phoenix Distribution Center,5199.0
SO103768,2023-05-30,C0001,Sonoran Cycles Online,DTC,Booked,Credit Card,Phoenix Distribution Center,4599.0
SO103769,2023-05-30,C0001,Sonoran Cycles Online,DTC,Booked,Credit Card,Phoenix Distribution Center,4599.0
SO103770,2023-05-30,C0001,Sonoran Cycles Online,DTC,Booked,Credit Card,Phoenix Distribution Center,6199.0
SO103771,2023-05-30,C0001,Sonoran Cycles Online,DTC,Booked,Credit Card,Phoenix Distribution Center,3299.0
SO103772,2023-05-30,C0001,Sonoran Cycles Online,DTC,Booked,Credit Card,Phoenix Distribution Center,10798.0
SO103773,2023-05-30,C0001,Sonoran Cycles Online,DTC,Booked,Credit Card,Phoenix Distribution Center,5199.0
SO103774,2023-05-30,C0001,Sonoran Cycles Online,DTC,Booked,Credit Card,Phoenix Distribution Center,4599.0
SO103775,2023-05-30,C0001,Sonoran Cycles Online,DTC,Booked,Credit Card,Phoenix Distribution Center,6199.0
SO103776,2023-05-30,C0001,Sonoran Cycles Online,DTC,Booked,Credit Card,Phoenix Distribution Center,3499.0
SO103777,2023-05-31,C0034,Green Mountain Bikes,Dealer,Booked,Net 30,Phoenix Distribution Center,27148.56
SO103778,2023-05-31,C0010,Evergreen Cyclery,Dealer,Booked,Net 45,Phoenix Distribution Center,9973.1
SO103779,2023-05-31,C0030,Blue Ridge Cycles,Dealer,Booked,Net 30,Phoenix Distribution Center,29133.8
SO103780,2023-05-31,C0015,Sierra Cycle Works,Dealer,Booked,Net 30,Phoenix Distribution Center,18224.9
SO103781,2023-05-31,C0028,Windy City Cycles,Dealer,Booked,Net 30,Phoenix Distribution Center,23133.5
SO103782,2023-05-31,C0014,Redwood Ride Shop,Dealer,Booked,Net 30,Phoenix Distribution Center,29444.42
SO103783,2023-05-31,C0017,Bay Mountain Bikes,Dealer,Booked,Net 30,Phoenix Distribution Center,30126.42
SO103784,2023-05-31,C0013,Pacific Trail Bikes,Dealer,Booked,Net 45,Phoenix Distribution Center,56193.3
SO103785,2023-05-31,C0029,River Bend Bikes,Dealer,Booked,Net 30,Phoenix Distribution Center,17416.75
SO103786,2023-05-31,C0017,Bay Mountain Bikes,Dealer,Booked,Net 30,Phoenix Distribution Center,34093.8
SO103787,2023-05-31,C0022,Wasatch Wheel Works,Dealer,Booked,Net 30,Phoenix Distribution Center,26778.42
SO103788,2023-05-31,C0009,Las Cruces Cycling,Dealer,Booked,Net 30,Phoenix Distribution Center,18391.75
SO103789,2023-05-31,C0027,Prairie Trail Bikes,Dealer,Booked,Net 30,Phoenix Distribution Center,15248.9
SO103790,2023-05-31,C0014,Redwood Ride Shop,Dealer,Booked,Net 30,Phoenix Distribution Center,8553.52
SO103791,2023-05-31,C0019,Front Range Cyclery,Dealer,Booked,Net 30,Phoenix Distribution Center,17108.28
SO103792,2023-05-31,C0026,Great Lakes Cyclery,Dealer,Booked,Net 30,Phoenix Distribution Center,24955.45
SO103793,2023-05-31,C0018,High Country Bikes,Dealer,Booked,Net 45,Phoenix Distribution Center,33633.62
SO103794,2023-05-31,C0010,Evergreen Cyclery,Dealer,Booked,Net 45,Phoenix Distribution Center,8465.68
SO103795,2023-05-31,C0022,Wasatch Wheel Works,Dealer,Booked,Net 30,Phoenix Distribution Center,18471.66
SO103796,2023-05-31,C0025,Lakeshore Bikes,Dealer,Booked,Net 30,Phoenix Distribution Center,29443.18
SO103797,2023-05-31,C0006,Tucson Trail Works,Dealer,Booked,Net 30,Phoenix Distribution Center,34093.18
SO103798,2023-05-31,C0004,Sonoran Bike Co.,Dealer,Booked,Net 30,Phoenix Distribution Center,53434.08
SO103799,2023-05-31,C0013,Pacific Trail Bikes,Dealer,Booked,Net 45,Phoenix Distribution Center,39491.62
SO103800,2023-05-31,C0007,Red Rock Cycles,Dealer,Booked,Net 30,Phoenix Distribution Center,38343.5
SO103801,2023-05-31,C0015,Sierra Cycle Works,Dealer,Booked,Net 30,Phoenix Distribution Center,17480.28
SO103802,2023-05-31,C0013,Pacific Trail Bikes,Dealer,Booked,Net 45,Phoenix Distribution Center,64312.72
SO103803,2023-05-31,C0013,Pacific Trail Bikes,Dealer,Booked,Net 45,Phoenix Distribution Center,45929.04
SO103804,2023-05-31,C0004,Sonoran Bike Co.,Dealer,Booked,Net 30,Phoenix Distribution Center,31737.8
SO103805,2023-05-31,C0010,Evergreen Cyclery,Dealer,Booked,Net 45,Phoenix Distribution Center,17743.36
SO103806,2023-05-31,C0001,Sonoran Cycles Online,DTC,Booked,Credit Card,Phoenix Distribution Center,3299.0
SO103807,2023-05-31,C0001,Sonoran Cycles Online,DTC,Booked,Credit Card,Phoenix Distribution Center,4599.0
SO103808,2023-05-31,C0001,Sonoran Cycles Online,DTC,Booked,Credit Card,Phoenix Distribution Center,4599.0
SO103809,2023-05-31,C0001,Sonoran Cycles Online,DTC,Booked,Credit Card,Phoenix Distribution Center,4599.0
SO103810,2023-05-31,C0001,Sonoran Cycles Online,DTC,Booked,Credit Card,Phoenix Distribution Center,3999.0
SO103811,2023-05-31,C0001,Sonoran Cycles Online,DTC,Booked,Credit Card,Phoenix Distribution Center,5199.0
SO103812,2023-05-31,C0001,Sonoran Cycles Online,DTC,Booked,Credit Card,Phoenix Distribution Center,4599.0
SO103813,2023-05-31,C0001,Sonoran Cycles Online,DTC,Booked,Credit Card,Phoenix Distribution Center,4599.0
SO103814,2023-05-31,C0001,Sonoran Cycles Online,DTC,Booked,Credit Card,Phoenix Distribution Center,3299.0
SO103815,2023-05-31,C0001,Sonoran Cycles Online,DTC,Booked,Credit Card,Phoenix Distribution Center,5199.0
SO103816,2023-05-31,C0001,Sonoran Cycles Online,DTC,Booked,Credit Card,Phoenix Distribution Center,4599.0
SO103817,2023-05-31,C0001,Sonoran Cycles Online,DTC,Booked,Credit Card,Phoenix Distribution Center,4599.0
SO103818,2023-05-31,C0001,Sonoran Cycles Online,DTC,Booked,Credit Card,Phoenix Distribution Center,7499.0
SO103819,2023-06-01,C0015,Sierra Cycle Works,Dealer,Booked,Net 30,Phoenix Distribution Center,37252.7
SO103820,2023-06-01,C0020,Alpine Ride Co.,Dealer,Booked,Net 30,Phoenix Distribution Center,18843.66
SO103821,2023-06-01,C0024,Teton Cycling,Dealer,Booked,Net 30,Phoenix Distribution Center,27879.8
SO103822,2023-06-01,C0009,Las Cruces Cycling,Dealer,Booked,Net 30,Phoenix Distribution Center,22485.45
SO103823,2023-06-01,C0035,Adirondack Cycles,Dealer,Booked,Net 30,Phoenix Distribution Center,35742.85
SO103824,2023-06-01,C0021,Rocky Peak Cycles,Dealer,Booked,Net 30,Phoenix Distribution Center,10851.75
SO103825,2023-06-01,C0015,Sierra Cycle Works,Dealer,Booked,Net 30,Phoenix Distribution Center,20703.66
SO103826,2023-06-01,C0014,Redwood Ride Shop,Dealer,Booked,Net 30,Phoenix Distribution Center,26531.66
SO103827,2023-06-01,C0035,Adirondack Cycles,Dealer,Booked,Net 30,Phoenix Distribution Center,19366.1
SO103828,2023-06-01,C0010,Evergreen Cyclery,Dealer,Booked,Net 45,Phoenix Distribution Center,31079.88
SO103829,2023-06-01,C0030,Blue Ridge Cycles,Dealer,Booked,Net 30,Phoenix Distribution Center,27150.42
SO103830,2023-06-01,C0008,Sedona Ride Center,Dealer,Booked,Net 30,Phoenix Distribution Center,10290.14
SO103831,2023-06-01,C0002,Desert Trail Bikes,Dealer,Booked,Net 45,Phoenix Distribution Center,27080.78
SO103832,2023-06-01,C0025,Lakeshore Bikes,Dealer,Booked,Net 30,Phoenix Distribution Center,23740.42
SO103833,2023-06-01,C0008,Sedona Ride Center,Dealer,Booked,Net 30,Phoenix Distribution Center,51265.32
SO103834,2023-06-01,C0013,Pacific Trail Bikes,Dealer,Booked,Net 45,Phoenix Distribution Center,24066.52
SO103835,2023-06-01,C0002,Desert Trail Bikes,Dealer,Booked,Net 45,Phoenix Distribution Center,39141.3
SO103836,2023-06-01,C0009,Las Cruces Cycling,Dealer,Booked,Net 30,Phoenix Distribution Center,33924.15
SO103837,2023-06-01,C0036,Pine Tree Bicycles,Dealer,Booked,Net 30,Phoenix Distribution Center,5263.7
SO103838,2023-06-01,C0011,Cascade Bikes,Dealer,Booked,Net 30,Phoenix Distribution Center,34216.56
SO103839,2023-06-01,C0002,Desert Trail Bikes,Dealer,Booked,Net 45,Phoenix Distribution Center,19135.94
SO103840,2023-06-01,C0023,Bozeman Bike Works,Dealer,Booked,Net 30,Phoenix Distribution Center,25474.8
SO103841,2023-06-01,C0024,Teton Cycling,Dealer,Booked,Net 30,Phoenix Distribution Center,35742.2
SO103842,2023-06-01,C0007,Red Rock Cycles,Dealer,Booked,Net 30,Phoenix Distribution Center,49000.25
SO103843,2023-06-01,C0006,Tucson Trail Works,Dealer,Booked,Net 30,Phoenix Distribution Center,46367.32
SO103844,2023-06-01,C0002,Desert Trail Bikes,Dealer,Booked,Net 45,Phoenix Distribution Center,15193.1
SO103845,2023-06-01,C0008,Sedona Ride Center,Dealer,Booked,Net 30,Phoenix Distribution Center,11530.14
SO103846,2023-06-01,C0023,Bozeman Bike Works,Dealer,Booked,Net 30,Phoenix Distribution Center,55889.6
SO103847,2023-06-01,C0008,Sedona Ride Center,Dealer,Booked,Net 30,Phoenix Distribution Center,16364.28
SO103848,2023-06-01,C0001,Sonoran Cycles Online,DTC,Booked,Credit Card,Phoenix Distribution Center,3499.0
SO103849,2023-06-01,C0001,Sonoran Cycles Online,DTC,Booked,Credit Card,Phoenix Distribution Center,5199.0
SO103850,2023-06-01,C0001,Sonoran Cycles Online,DTC,Booked,Credit Card,Phoenix Distribution Center,6199.0
SO103851,2023-06-01,C0001,Sonoran Cycles Online,DTC,Booked,Credit Card,Phoenix Distribution Center,7499.0
SO103852,2023-06-01,C0001,Sonoran Cycles Online,DTC,Booked,Credit Card,Phoenix Distribution Center,4599.0
SO103853,2023-06-01,C0001,Sonoran Cycles Online,DTC,Booked,Credit Card,Phoenix Distribution Center,5199.0
SO103854,2023-06-01,C0001,Sonoran Cycles Online,DTC,Booked,Credit Card,Phoenix Distribution Center,6199.0
SO103855,2023-06-01,C0001,Sonoran Cycles Online,DTC,Booked,Credit Card,Phoenix Distribution Center,9198.0
SO103856,2023-06-01,C0001,Sonoran Cycles Online,DTC,Booked,Credit Card,Phoenix Distribution Center,6199.0
SO103857,2023-06-01,C0001,Sonoran Cycles Online,DTC,Booked,Credit Card,Phoenix Distribution Center,3299.0
SO103858,2023-06-01,C0001,Sonoran Cycles Online,DTC,Booked,Credit Card,Phoenix Distribution Center,3499.0
SO103859,2023-06-01,C0001,Sonoran Cycles Online,DTC,Booked,Credit Card,Phoenix Distribution Center,6199.0
SO103860,2023-06-01,C0001,Sonoran Cycles Online,DTC,Booked,Credit Card,Phoenix Distribution Center,3499.0
SO103861,2023-06-02,C0018,High Country Bikes,Dealer,Booked,Net 45,Phoenix Distribution Center,33054.2
SO103862,2023-06-02,C0009,Las Cruces Cycling,Dealer,Booked,Net 30,Phoenix Distribution Center,26124.8
SO103863,2023-06-02,C0009,Las Cruces Cycling,Dealer,Booked,Net 30,Phoenix Distribution Center,36325.9
SO103864,2023-06-02,C0031,Pisgah Bike Co.,Dealer,Booked,Net 45,Phoenix Distribution Center,26327.36
SO103865,2023-06-02,C0011,Cascade Bikes,Dealer,Booked,Net 30,Phoenix Distribution Center,21076.28
SO103866,2023-06-02,C0032,Southern Singletrack,Dealer,Booked,Net 30,Phoenix Distribution Center,61347.65
SO103867,2023-06-02,C0029,River Bend Bikes,Dealer,Booked,Net 30,Phoenix Distribution Center,47180.9
SO103868,2023-06-02,C0009,Las Cruces Cycling,Dealer,Booked,Net 30,Phoenix Distribution Center,22288.5
SO103869,2023-06-02,C0015,Sierra Cycle Works,Dealer,Booked,Net 30,Phoenix Distribution Center,35209.18
SO103870,2023-06-02,C0011,Cascade Bikes,Dealer,Booked,Net 30,Phoenix Distribution Center,14256.9
SO103871,2023-06-02,C0020,Alpine Ride Co.,Dealer,Booked,Net 30,Phoenix Distribution Center,22500.42
SO103872,2023-06-02,C0022,Wasatch Wheel Works,Dealer,Booked,Net 30,Phoenix Distribution Center,22439.04
SO103873,2023-06-02,C0036,Pine Tree Bicycles,Dealer,Booked,Net 30,Phoenix Distribution Center,15726.75
SO103874,2023-06-02,C0021,Rocky Peak Cycles,Dealer,Booked,Net 30,Phoenix Distribution Center,63038.3
SO103875,2023-06-02,C0012,Rain City Cycles,Dealer,Booked,Net 30,Phoenix Distribution Center,21574.8
SO103876,2023-06-02,C0023,Bozeman Bike Works,Dealer,Booked,Net 30,Phoenix Distribution Center,20926.1
SO103877,2023-06-02,C0024,Teton Cycling,Dealer,Booked,Net 30,Phoenix Distribution Center,35742.2
SO103878,2023-06-02,C0018,High Country Bikes,Dealer,Booked,Net 45,Phoenix Distribution Center,39085.04
SO103879,2023-06-02,C0018,High Country Bikes,Dealer,Booked,Net 45,Phoenix Distribution Center,40940.46
SO103880,2023-06-02,C0030,Blue Ridge Cycles,Dealer,Booked,Net 30,Phoenix Distribution Center,24361.04
SO103881,2023-06-02,C0022,Wasatch Wheel Works,Dealer,Booked,Net 30,Phoenix Distribution Center,36015.18
SO103882,2023-06-02,C0003,Cactus Cycling,Dealer,Booked,Net 30,Phoenix Distribution Center,29321.66
SO103883,2023-06-02,C0001,Sonoran Cycles Online,DTC,Booked,Credit Card,Phoenix Distribution Center,3999.0
SO103884,2023-06-02,C0001,Sonoran Cycles Online,DTC,Booked,Credit Card,Phoenix Distribution Center,3499.0
SO103885,2023-06-02,C0001,Sonoran Cycles Online,DTC,Booked,Credit Card,Phoenix Distribution Center,7499.0
SO103886,2023-06-02,C0001,Sonoran Cycles Online,DTC,Booked,Credit Card,Phoenix Distribution Center,9198.0
SO103887,2023-06-02,C0001,Sonoran Cycles Online,DTC,Booked,Credit Card,Phoenix Distribution Center,4599.0
SO103888,2023-06-02,C0001,Sonoran Cycles Online,DTC,Booked,Credit Card,Phoenix Distribution Center,4599.0
SO103889,2023-06-02,C0001,Sonoran Cycles Online,DTC,Booked,Credit Card,Phoenix Distribution Center,5199.0
SO103890,2023-06-02,C0001,Sonoran Cycles Online,DTC,Booked,Credit Card,Phoenix Distribution Center,4599.0
SO103891,2023-06-02,C0001,Sonoran Cycles Online,DTC,Booked,Credit Card,Phoenix Distribution Center,5199.0
SO103892,2023-06-02,C0001,Sonoran Cycles Online,DTC,Booked,Credit Card,Phoenix Distribution Center,4599.0
SO103893,2023-06-02,C0001,Sonoran Cycles Online,DTC,Booked,Credit Card,Phoenix Distribution Center,7499.0
SO103894,2023-06-02,C0001,Sonoran Cycles Online,DTC,Booked,Credit Card,Phoenix Distribution Center,3299.0
SO103895,2023-06-02,C0001,Sonoran Cycles Online,DTC,Booked,Credit Card,Phoenix Distribution Center,4599.0
SO103896,2023-06-02,C0001,Sonoran Cycles Online,DTC,Booked,Credit Card,Phoenix Distribution Center,6199.0
SO103897,2023-06-03,C0006,Tucson Trail Works,Dealer,Booked,Net 30,Phoenix Distribution Center,12149.52
SO103898,2023-06-03,C0022,Wasatch Wheel Works,Dealer,Booked,Net 30,Phoenix Distribution Center,25662.42
SO103899,2023-06-03,C0002,Desert Trail Bikes,Dealer,Booked,Net 45,Phoenix Distribution Center,6610.84
SO103900,2023-06-03,C0020,Alpine Ride Co.,Dealer,Booked,Net 30,Phoenix Distribution Center,14442.28
SO103901,2023-06-03,C0013,Pacific Trail Bikes,Dealer,Booked,Net 45,Phoenix Distribution Center,30095.62
SO103902,2023-06-03,C0028,Windy City Cycles,Dealer,Booked,Net 30,Phoenix Distribution Center,25994.15
SO103903,2023-06-03,C0031,Pisgah Bike Co.,Dealer,Booked,Net 45,Phoenix Distribution Center,21977.36
SO103904,2023-06-03,C0018,High Country Bikes,Dealer,Booked,Net 45,Phoenix Distribution Center,24296.78
SO103905,2023-06-03,C0001,Sonoran Cycles Online,DTC,Booked,Credit Card,Phoenix Distribution Center,5199.0
SO103906,2023-06-03,C0001,Sonoran Cycles Online,DTC,Booked,Credit Card,Phoenix Distribution Center,5199.0
SO103907,2023-06-03,C0001,Sonoran Cycles Online,DTC,Booked,Credit Card,Phoenix Distribution Center,5199.0
SO103908,2023-06-03,C0001,Sonoran Cycles Online,DTC,Booked,Credit Card,Phoenix Distribution Center,6199.0
SO103909,2023-06-03,C0001,Sonoran Cycles Online,DTC,Booked,Credit Card,Phoenix Distribution Center,3299.0
SO103910,2023-06-03,C0001,Sonoran Cycles Online,DTC,Booked,Credit Card,Phoenix Distribution Center,4599.0
SO103911,2023-06-03,C0001,Sonoran Cycles Online,DTC,Booked,Credit Card,Phoenix Distribution Center,3299.0
SO103912,2023-06-03,C0001,Sonoran Cycles Online,DTC,Booked,Credit Card,Phoenix Distribution Center,3299.0
SO103913,2023-06-03,C0001,Sonoran Cycles Online,DTC,Booked,Credit Card,Phoenix Distribution Center,4599.0
SO103914,2023-06-03,C0001,Sonoran Cycles Online,DTC,Booked,Credit Card,Phoenix Distribution Center,5199.0
SO103915,2023-06-03,C0001,Sonoran Cycles Online,DTC,Booked,Credit Card,Phoenix Distribution Center,4599.0
SO103916,2023-06-03,C0001,Sonoran Cycles Online,DTC,Booked,Credit Card,Phoenix Distribution Center,3299.0
SO103917,2023-06-03,C0001,Sonoran Cycles Online,DTC,Booked,Credit Card,Phoenix Distribution Center,4599.0
SO103918,2023-06-03,C0001,Sonoran Cycles Online,DTC,Booked,Credit Card,Phoenix Distribution Center,3299.0
SO103919,2023-06-03,C0001,Sonoran Cycles Online,DTC,Booked,Credit Card,Phoenix Distribution Center,3499.0
SO103920,2023-06-03,C0001,Sonoran Cycles Online,DTC,Booked,Credit Card,Phoenix Distribution Center,4599.0
SO103921,2023-06-03,C0001,Sonoran Cycles Online,DTC,Booked,Credit Card,Phoenix Distribution Center,5199.0
SO103922,2023-06-04,C0027,Prairie Trail Bikes,Dealer,Booked,Net 30,Phoenix Distribution Center,26965.04
SO103923,2023-06-04,C0002,Desert Trail Bikes,Dealer,Booked,Net 45,Phoenix Distribution Center,30965.62
SO103924,2023-06-04,C0026,Great Lakes Cyclery,Dealer,Booked,Net 30,Phoenix Distribution Center,9358.05
SO103925,2023-06-04,C0001,Sonoran Cycles Online,DTC,Booked,Credit Card,Phoenix Distribution Center,4599.0
SO103926,2023-06-04,C0001,Sonoran Cycles Online,DTC,Booked,Credit Card,Phoenix Distribution Center,4599.0
SO103927,2023-06-04,C0001,Sonoran Cycles Online,DTC,Booked,Credit Card,Phoenix Distribution Center,18497.0
SO103928,2023-06-04,C0001,Sonoran Cycles Online,DTC,Booked,Credit Card,Phoenix Distribution Center,5199.0
SO103929,2023-06-04,C0001,Sonoran Cycles Online,DTC,Booked,Credit Card,Phoenix Distribution Center,7498.0
SO103930,2023-06-04,C0001,Sonoran Cycles Online,DTC,Booked,Credit Card,Phoenix Distribution Center,6199.0
SO103931,2023-06-04,C0001,Sonoran Cycles Online,DTC,Booked,Credit Card,Phoenix Distribution Center,7499.0
SO103932,2023-06-04,C0001,Sonoran Cycles Online,DTC,Booked,Credit Card,Phoenix Distribution Center,6199.0
SO103933,2023-06-04,C0001,Sonoran Cycles Online,DTC,Booked,Credit Card,Phoenix Distribution Center,4599.0
SO103934,2023-06-04,C0001,Sonoran Cycles Online,DTC,Booked,Credit Card,Phoenix Distribution Center,4599.0
SO103935,2023-06-04,C0001,Sonoran Cycles Online,DTC,Booked,Credit Card,Phoenix Distribution Center,3299.0
SO103936,2023-06-04,C0001,Sonoran Cycles Online,DTC,Booked,Credit Card,Phoenix Distribution Center,4599.0
SO103937,2023-06-04,C0001,Sonoran Cycles Online,DTC,Booked,Credit Card,Phoenix Distribution Center,3999.0
SO103938,2023-06-04,C0001,Sonoran Cycles Online,DTC,Booked,Credit Card,Phoenix Distribution Center,4599.0
SO103939,2023-06-04,C0001,Sonoran Cycles Online,DTC,Booked,Credit Card,Phoenix Distribution Center,4599.0
SO103940,2023-06-04,C0001,Sonoran Cycles Online,DTC,Booked,Credit Card,Phoenix Distribution Center,12098.0
SO103941,2023-06-04,C0001,Sonoran Cycles Online,DTC,Booked,Credit Card,Phoenix Distribution Center,5199.0
SO103942,2023-06-04,C0001,Sonoran Cycles Online,DTC,Booked,Credit Card,Phoenix Distribution Center,3299.0
SO103943,2023-06-05,C0029,River Bend Bikes,Dealer,Booked,Net 30,Phoenix Distribution Center,24176.1
SO103944,2023-06-05,C0008,Sedona Ride Center,Dealer,Booked,Net 30,Phoenix Distribution Center,51514.56
SO103945,2023-06-05,C0002,Desert Trail Bikes,Dealer,Booked,Net 45,Phoenix Distribution Center,12583.1
SO103946,2023-06-05,C0020,Alpine Ride Co.,Dealer,Booked,Net 30,Phoenix Distribution Center,16797.66
SO103947,2023-06-05,C0009,Las Cruces Cycling,Dealer,Booked,Net 30,Phoenix Distribution Center,25279.15
SO103948,2023-06-05,C0031,Pisgah Bike Co.,Dealer,Booked,Net 45,Phoenix Distribution Center,9626.26
SO103949,2023-06-05,C0004,Sonoran Bike Co.,Dealer,Booked,Net 30,Phoenix Distribution Center,20580.28
SO103950,2023-06-05,C0021,Rocky Peak Cycles,Dealer,Booked,Net 30,Phoenix Distribution Center,41005.25
SO103951,2023-06-05,C0017,Bay Mountain Bikes,Dealer,Booked,Net 30,Phoenix Distribution Center,21076.28
SO103952,2023-06-05,C0002,Desert Trail Bikes,Dealer,Booked,Net 45,Phoenix Distribution Center,40939.3
SO103953,2023-06-05,C0018,High Country Bikes,Dealer,Booked,Net 45,Phoenix Distribution Center,15077.1
SO103954,2023-06-05,C0014,Redwood Ride Shop,Dealer,Booked,Net 30,Phoenix Distribution Center,42956.7
SO103955,2023-06-05,C0018,High Country Bikes,Dealer,Booked,Net 45,Phoenix Distribution Center,50451.3
SO103956,2023-06-05,C0017,Bay Mountain Bikes,Dealer,Booked,Net 30,Phoenix Distribution Center,57030.7
SO103957,2023-06-05,C0013,Pacific Trail Bikes,Dealer,Booked,Net 45,Phoenix Distribution Center,34620.78
SO103958,2023-06-05,C0010,Evergreen Cyclery,Dealer,Booked,Net 45,Phoenix Distribution Center,27834.78
SO103959,2023-06-05,C0013,Pacific Trail Bikes,Dealer,Booked,Net 45,Phoenix Distribution Center,19368.52
SO103960,2023-06-05,C0015,Sierra Cycle Works,Dealer,Booked,Net 30,Phoenix Distribution Center,21819.66
SO103961,2023-06-05,C0022,Wasatch Wheel Works,Dealer,Booked,Net 30,Phoenix Distribution Center,54548.22
SO103962,2023-06-05,C0019,Front Range Cyclery,Dealer,Booked,Net 30,Phoenix Distribution Center,22439.04
SO103963,2023-06-05,C0026,Great Lakes Cyclery,Dealer,Booked,Net 30,Phoenix Distribution Center,8903.05
SO103964,2023-06-05,C0010,Evergreen Cyclery,Dealer,Booked,Net 45,Phoenix Distribution Center,25629.04
SO103965,2023-06-05,C0006,Tucson Trail Works,Dealer,Booked,Net 30,Phoenix Distribution Center,26654.42
SO103966,2023-06-05,C0028,Windy City Cycles,Dealer,Booked,Net 30,Phoenix Distribution Center,35222.2
SO103967,2023-06-05,C0010,Evergreen Cyclery,Dealer,Booked,Net 45,Phoenix Distribution Center,9510.26
SO103968,2023-06-05,C0011,Cascade Bikes,Dealer,Booked,Net 30,Phoenix Distribution Center,14194.9
SO103969,2023-06-05,C0021,Rocky Peak Cycles,Dealer,Booked,Net 30,Phoenix Distribution Center,19106.75
SO103970,2023-06-05,C0028,Windy City Cycles,Dealer,Booked,Net 30,Phoenix Distribution Center,34053.5
SO103971,2023-06-05,C0001,Sonoran Cycles Online,DTC,Booked,Credit Card,Phoenix Distribution Center,4599.0
SO103972,2023-06-05,C0001,Sonoran Cycles Online,DTC,Booked,Credit Card,Phoenix Distribution Center,4599.0
SO103973,2023-06-05,C0001,Sonoran Cycles Online,DTC,Booked,Credit Card,Phoenix Distribution Center,3299.0
SO103974,2023-06-05,C0001,Sonoran Cycles Online,DTC,Booked,Credit Card,Phoenix Distribution Center,5199.0
SO103975,2023-06-05,C0001,Sonoran Cycles Online,DTC,Booked,Credit Card,Phoenix Distribution Center,6199.0
SO103976,2023-06-05,C0001,Sonoran Cycles Online,DTC,Booked,Credit Card,Phoenix Distribution Center,3499.0
SO103977,2023-06-05,C0001,Sonoran Cycles Online,DTC,Booked,Credit Card,Phoenix Distribution Center,3299.0
SO103978,2023-06-05,C0001,Sonoran Cycles Online,DTC,Booked,Credit Card,Phoenix Distribution Center,13698.0
SO103979,2023-06-05,C0001,Sonoran Cycles Online,DTC,Booked,Credit Card,Phoenix Distribution Center,5199.0
SO103980,2023-06-05,C0001,Sonoran Cycles Online,DTC,Booked,Credit Card,Phoenix Distribution Center,3999.0
SO103981,2023-06-05,C0001,Sonoran Cycles Online,DTC,Booked,Credit Card,Phoenix Distribution Center,3299.0
SO103982,2023-06-05,C0001,Sonoran Cycles Online,DTC,Booked,Credit Card,Phoenix Distribution Center,9798.0
SO103983,2023-06-05,C0001,Sonoran Cycles Online,DTC,Booked,Credit Card,Phoenix Distribution Center,3299.0
SO103984,2023-06-06,C0021,Rocky Peak Cycles,Dealer,Booked,Net 30,Phoenix Distribution Center,14362.4
SO103985,2023-06-06,C0034,Green Mountain Bikes,Dealer,Booked,Net 30,Phoenix Distribution Center,29381.18
SO103986,2023-06-06,C0016,Coastal Gravel Co.,Dealer,Booked,Net 30,Phoenix Distribution Center,27292.2
SO103987,2023-06-06,C0018,High Country Bikes,Dealer,Booked,Net 45,Phoenix Distribution Center,15657.1
SO103988,2023-06-06,C0004,Sonoran Bike Co.,Dealer,Booked,Net 30,Phoenix Distribution Center,37193.18
SO103989,2023-06-06,C0022,Wasatch Wheel Works,Dealer,Booked,Net 30,Phoenix Distribution Center,24299.04
SO103990,2023-06-06,C0013,Pacific Trail Bikes,Dealer,Booked,Net 45,Phoenix Distribution Center,17337.94
SO103991,2023-06-06,C0019,Front Range Cyclery,Dealer,Booked,Net 30,Phoenix Distribution Center,13078.28
SO103992,2023-06-06,C0027,Prairie Trail Bikes,Dealer,Booked,Net 30,Phoenix Distribution Center,29629.8
SO103993,2023-06-06,C0010,Evergreen Cyclery,Dealer,Booked,Net 45,Phoenix Distribution Center,5740.26
SO103994,2023-06-06,C0014,Redwood Ride Shop,Dealer,Booked,Net 30,Phoenix Distribution Center,48908.08
SO103995,2023-06-06,C0029,River Bend Bikes,Dealer,Booked,Net 30,Phoenix Distribution Center,13387.4
SO103996,2023-06-06,C0014,Redwood Ride Shop,Dealer,Booked,Net 30,Phoenix Distribution Center,40911.94
SO103997,2023-06-06,C0015,Sierra Cycle Works,Dealer,Booked,Net 30,Phoenix Distribution Center,31055.18
SO103998,2023-06-06,C0031,Pisgah Bike Co.,Dealer,Booked,Net 45,Phoenix Distribution Center,49522.72
SO103999,2023-06-06,C0029,River Bend Bikes,Dealer,Booked,Net 30,Phoenix Distribution Center,10138.05
SO104000,2023-06-06,C0013,Pacific Trail Bikes,Dealer,Booked,Net 45,Phoenix Distribution Center,15715.1
SO104001,2023-06-06,C0005,Mesa Mountain Bikes,Dealer,Booked,Net 30,Phoenix Distribution Center,10397.4
SO104002,2023-06-06,C0020,Alpine Ride Co.,Dealer,Booked,Net 30,Phoenix Distribution Center,9917.52
SO104003,2023-06-06,C0031,Pisgah Bike Co.,Dealer,Booked,Net 45,Phoenix Distribution Center,49406.72
SO104004,2023-06-06,C0025,Lakeshore Bikes,Dealer,Booked,Net 30,Phoenix Distribution Center,22189.8
SO104005,2023-06-06,C0032,Southern Singletrack,Dealer,Booked,Net 30,Phoenix Distribution Center,32622.85
SO104006,2023-06-06,C0021,Rocky Peak Cycles,Dealer,Booked,Net 30,Phoenix Distribution Center,23069.15
SO104007,2023-06-06,C0034,Green Mountain Bikes,Dealer,Booked,Net 30,Phoenix Distribution Center,9483.52
SO104008,2023-06-06,C0016,Coastal Gravel Co.,Dealer,Booked,Net 30,Phoenix Distribution Center,20469.15
SO104009,2023-06-06,C0034,Green Mountain Bikes,Dealer,Booked,Net 30,Phoenix Distribution Center,12396.9
SO104010,2023-06-06,C0024,Teton Cycling,Dealer,Booked,Net 30,Phoenix Distribution Center,45102.2
SO104011,2023-06-06,C0030,Blue Ridge Cycles,Dealer,Booked,Net 30,Phoenix Distribution Center,33597.18
SO104012,2023-06-06,C0023,Bozeman Bike Works,Dealer,Booked,Net 30,Phoenix Distribution Center,15467.4
SO104013,2023-06-06,C0031,Pisgah Bike Co.,Dealer,Booked,Net 45,Phoenix Distribution Center,25863.36
SO104014,2023-06-06,C0001,Sonoran Cycles Online,DTC,Booked,Credit Card,Phoenix Distribution Center,4599.0
SO104015,2023-06-06,C0001,Sonoran Cycles Online,DTC,Booked,Credit Card,Phoenix Distribution Center,7499.0
SO104016,2023-06-06,C0001,Sonoran Cycles Online,DTC,Booked,Credit Card,Phoenix Distribution Center,6199.0
SO104017,2023-06-06,C0001,Sonoran Cycles Online,DTC,Booked,Credit Card,Phoenix Distribution Center,4599.0
SO104018,2023-06-06,C0001,Sonoran Cycles Online,DTC,Booked,Credit Card,Phoenix Distribution Center,5199.0
SO104019,2023-06-06,C0001,Sonoran Cycles Online,DTC,Booked,Credit Card,Phoenix Distribution Center,3299.0
SO104020,2023-06-06,C0001,Sonoran Cycles Online,DTC,Booked,Credit Card,Phoenix Distribution Center,3299.0
SO104021,2023-06-06,C0001,Sonoran Cycles Online,DTC,Booked,Credit Card,Phoenix Distribution Center,5199.0
SO104022,2023-06-06,C0001,Sonoran Cycles Online,DTC,Booked,Credit Card,Phoenix Distribution Center,7998.0
SO104023,2023-06-06,C0001,Sonoran Cycles Online,DTC,Booked,Credit Card,Phoenix Distribution Center,4599.0
SO104024,2023-06-06,C0001,Sonoran Cycles Online,DTC,Booked,Credit Card,Phoenix Distribution Center,7499.0
SO104025,2023-06-06,C0001,Sonoran Cycles Online,DTC,Booked,Credit Card,Phoenix Distribution Center,5199.0
SO104026,2023-06-06,C0001,Sonoran Cycles Online,DTC,Booked,Credit Card,Phoenix Distribution Center,5199.0
SO104027,2023-06-07,C0016,Coastal Gravel Co.,Dealer,Booked,Net 30,Phoenix Distribution Center,18194.8
SO104028,2023-06-07,C0025,Lakeshore Bikes,Dealer,Booked,Net 30,Phoenix Distribution Center,40601.94
SO104029,2023-06-07,C0033,Appalachian Bikes,Dealer,Booked,Net 30,Phoenix Distribution Center,40663.32
SO104030,2023-06-07,C0031,Pisgah Bike Co.,Dealer,Booked,Net 45,Phoenix Distribution Center,45000.46
SO104031,2023-06-07,C0007,Red Rock Cycles,Dealer,Booked,Net 30,Phoenix Distribution Center,18261.75
SO104032,2023-06-07,C0036,Pine Tree Bicycles,Dealer,Booked,Net 30,Phoenix Distribution Center,19755.45
SO104033,2023-06-07,C0021,Rocky Peak Cycles,Dealer,Booked,Net 30,Phoenix Distribution Center,23264.8
SO104034,2023-06-07,C0006,Tucson Trail Works,Dealer,Booked,Net 30,Phoenix Distribution Center,44011.32
SO104035,2023-06-07,C0004,Sonoran Bike Co.,Dealer,Booked,Net 30,Phoenix Distribution Center,46491.94
SO104036,2023-06-07,C0018,High Country Bikes,Dealer,Booked,Net 45,Phoenix Distribution Center,35953.04
SO104037,2023-06-07,C0022,Wasatch Wheel Works,Dealer,Booked,Net 30,Phoenix Distribution Center,20641.66
SO104038,2023-06-07,C0034,Green Mountain Bikes,Dealer,Booked,Net 30,Phoenix Distribution Center,25971.18
SO104039,2023-06-07,C0020,Alpine Ride Co.,Dealer,Booked,Net 30,Phoenix Distribution Center,23181.18
SO104040,2023-06-07,C0027,Prairie Trail Bikes,Dealer,Booked,Net 30,Phoenix Distribution Center,30373.8
SO104041,2023-06-07,C0034,Green Mountain Bikes,Dealer,Booked,Net 30,Phoenix Distribution Center,34773.32
SO104042,2023-06-07,C0003,Cactus Cycling,Dealer,Booked,Net 30,Phoenix Distribution Center,34029.94
SO104043,2023-06-07,C0033,Appalachian Bikes,Dealer,Booked,Net 30,Phoenix Distribution Center,23183.04
SO104044,2023-06-07,C0017,Bay Mountain Bikes,Dealer,Booked,Net 30,Phoenix Distribution Center,59014.08
SO104045,2023-06-07,C0017,Bay Mountain Bikes,Dealer,Booked,Net 30,Phoenix Distribution Center,55294.08
SO104046,2023-06-07,C0024,Teton Cycling,Dealer,Booked,Net 30,Phoenix Distribution Center,29503.5
SO104047,2023-06-07,C0025,Lakeshore Bikes,Dealer,Booked,Net 30,Phoenix Distribution Center,19587.04
SO104048,2023-06-07,C0022,Wasatch Wheel Works,Dealer,Booked,Net 30,Phoenix Distribution Center,28885.8
SO104049,2023-06-07,C0004,Sonoran Bike Co.,Dealer,Booked,Net 30,Phoenix Distribution Center,30498.42
SO104050,2023-06-07,C0009,Las Cruces Cycling,Dealer,Booked,Net 30,Phoenix Distribution Center,37561.55
SO104051,2023-06-07,C0018,High Country Bikes,Dealer,Booked,Net 45,Phoenix Distribution Center,43491.3
SO104052,2023-06-07,C0022,Wasatch Wheel Works,Dealer,Booked,Net 30,Phoenix Distribution Center,30435.18
SO104053,2023-06-07,C0010,Evergreen Cyclery,Dealer,Booked,Net 45,Phoenix Distribution Center,14205.94
SO104054,2023-06-07,C0020,Alpine Ride Co.,Dealer,Booked,Net 30,Phoenix Distribution Center,21321.8
SO104055,2023-06-07,C0004,Sonoran Bike Co.,Dealer,Booked,Net 30,Phoenix Distribution Center,18968.28
SO104056,2023-06-07,C0004,Sonoran Bike Co.,Dealer,Booked,Net 30,Phoenix Distribution Center,14381.52
SO104057,2023-06-07,C0030,Blue Ridge Cycles,Dealer,Booked,Net 30,Phoenix Distribution Center,29257.8
SO104058,2023-06-07,C0007,Red Rock Cycles,Dealer,Booked,Net 30,Phoenix Distribution Center,38602.2
SO104059,2023-06-07,C0018,High Country Bikes,Dealer,Booked,Net 45,Phoenix Distribution Center,34329.62
SO104060,2023-06-07,C0001,Sonoran Cycles Online,DTC,Booked,Credit Card,Phoenix Distribution Center,3299.0
SO104061,2023-06-07,C0001,Sonoran Cycles Online,DTC,Booked,Credit Card,Phoenix Distribution Center,5199.0
SO104062,2023-06-07,C0001,Sonoran Cycles Online,DTC,Booked,Credit Card,Phoenix Distribution Center,5199.0
SO104063,2023-06-07,C0001,Sonoran Cycles Online,DTC,Booked,Credit Card,Phoenix Distribution Center,3999.0
SO104064,2023-06-07,C0001,Sonoran Cycles Online,DTC,Booked,Credit Card,Phoenix Distribution Center,5199.0
SO104065,2023-06-07,C0001,Sonoran Cycles Online,DTC,Booked,Credit Card,Phoenix Distribution Center,5199.0
SO104066,2023-06-07,C0001,Sonoran Cycles Online,DTC,Booked,Credit Card,Phoenix Distribution Center,3299.0
SO104067,2023-06-07,C0001,Sonoran Cycles Online,DTC,Booked,Credit Card,Phoenix Distribution Center,4599.0
SO104068,2023-06-07,C0001,Sonoran Cycles Online,DTC,Booked,Credit Card,Phoenix Distribution Center,3299.0
SO104069,2023-06-07,C0001,Sonoran Cycles Online,DTC,Booked,Credit Card,Phoenix Distribution Center,6998.0
SO104070,2023-06-07,C0001,Sonoran Cycles Online,DTC,Booked,Credit Card,Phoenix Distribution Center,7499.0
SO104071,2023-06-07,C0001,Sonoran Cycles Online,DTC,Booked,Credit Card,Phoenix Distribution Center,3299.0
SO104072,2023-06-07,C0001,Sonoran Cycles Online,DTC,Booked,Credit Card,Phoenix Distribution Center,4599.0
SO104073,2023-06-07,C0001,Sonoran Cycles Online,DTC,Booked,Credit Card,Phoenix Distribution Center,4599.0
SO104074,2023-06-08,C0013,Pacific Trail Bikes,Dealer,Booked,Net 45,Phoenix Distribution Center,61006.14
SO104075,2023-06-08,C0022,Wasatch Wheel Works,Dealer,Booked,Net 30,Phoenix Distribution Center,16984.9
SO104076,2023-06-08,C0033,Appalachian Bikes,Dealer,Booked,Net 30,Phoenix Distribution Center,14256.28
SO104077,2023-06-08,C0002,Desert Trail Bikes,Dealer,Booked,Net 45,Phoenix Distribution Center,29574.78
SO104078,2023-06-08,C0018,High Country Bikes,Dealer,Booked,Net 45,Phoenix Distribution Center,9046.26
SO104079,2023-06-08,C0008,Sedona Ride Center,Dealer,Booked,Net 30,Phoenix Distribution Center,6694.76
SO104080,2023-06-08,C0018,High Country Bikes,Dealer,Booked,Net 45,Phoenix Distribution Center,31894.2
SO104081,2023-06-08,C0020,Alpine Ride Co.,Dealer,Booked,Net 30,Phoenix Distribution Center,25413.18
SO104082,2023-06-08,C0020,Alpine Ride Co.,Dealer,Booked,Net 30,Phoenix Distribution Center,21261.04
SO104083,2023-06-08,C0020,Alpine Ride Co.,Dealer,Booked,Net 30,Phoenix Distribution Center,33224.56
SO104084,2023-06-08,C0035,Adirondack Cycles,Dealer,Booked,Net 30,Phoenix Distribution Center,14037.4
SO104085,2023-06-08,C0018,High Country Bikes,Dealer,Booked,Net 45,Phoenix Distribution Center,43839.88
SO104086,2023-06-08,C0033,Appalachian Bikes,Dealer,Booked,Net 30,Phoenix Distribution Center,28079.8
SO104087,2023-06-08,C0011,Cascade Bikes,Dealer,Booked,Net 30,Phoenix Distribution Center,16364.28
SO104088,2023-06-08,C0033,Appalachian Bikes,Dealer,Booked,Net 30,Phoenix Distribution Center,24732.42
SO104089,2023-06-08,C0019,Front Range Cyclery,Dealer,Booked,Net 30,Phoenix Distribution Center,30498.42
SO104090,2023-06-08,C0016,Coastal Gravel Co.,Dealer,Booked,Net 30,Phoenix Distribution Center,12541.75
SO104091,2023-06-08,C0012,Rain City Cycles,Dealer,Booked,Net 30,Phoenix Distribution Center,30154.8
SO104092,2023-06-08,C0025,Lakeshore Bikes,Dealer,Booked,Net 30,Phoenix Distribution Center,20888.42
SO104093,2023-06-08,C0014,Redwood Ride Shop,Dealer,Booked,Net 30,Phoenix Distribution Center,22934.42
SO104094,2023-06-08,C0018,High Country Bikes,Dealer,Booked,Net 45,Phoenix Distribution Center,32358.2
SO104095,2023-06-08,C0012,Rain City Cycles,Dealer,Booked,Net 30,Phoenix Distribution Center,48219.6
SO104096,2023-06-08,C0025,Lakeshore Bikes,Dealer,Booked,Net 30,Phoenix Distribution Center,8987.52
SO104097,2023-06-08,C0010,Evergreen Cyclery,Dealer,Booked,Net 45,Phoenix Distribution Center,31197.62
SO104098,2023-06-08,C0001,Sonoran Cycles Online,DTC,Booked,Credit Card,Phoenix Distribution Center,4599.0
SO104099,2023-06-08,C0001,Sonoran Cycles Online,DTC,Booked,Credit Card,Phoenix Distribution Center,6199.0
SO104100,2023-06-08,C0001,Sonoran Cycles Online,DTC,Booked,Credit Card,Phoenix Distribution Center,3299.0
SO104101,2023-06-08,C0001,Sonoran Cycles Online,DTC,Booked,Credit Card,Phoenix Distribution Center,4599.0
SO104102,2023-06-08,C0001,Sonoran Cycles Online,DTC,Booked,Credit Card,Phoenix Distribution Center,3499.0
SO104103,2023-06-08,C0001,Sonoran Cycles Online,DTC,Booked,Credit Card,Phoenix Distribution Center,4599.0
SO104104,2023-06-08,C0001,Sonoran Cycles Online,DTC,Booked,Credit Card,Phoenix Distribution Center,6998.0
SO104105,2023-06-08,C0001,Sonoran Cycles Online,DTC,Booked,Credit Card,Phoenix Distribution Center,3299.0
SO104106,2023-06-08,C0001,Sonoran Cycles Online,DTC,Booked,Credit Card,Phoenix Distribution Center,6598.0
SO104107,2023-06-08,C0001,Sonoran Cycles Online,DTC,Booked,Credit Card,Phoenix Distribution Center,5199.0
SO104108,2023-06-08,C0001,Sonoran Cycles Online,DTC,Booked,Credit Card,Phoenix Distribution Center,5199.0
SO104109,2023-06-08,C0001,Sonoran Cycles Online,DTC,Booked,Credit Card,Phoenix Distribution Center,5199.0
SO104110,2023-06-08,C0001,Sonoran Cycles Online,DTC,Booked,Credit Card,Phoenix Distribution Center,4599.0
SO104111,2023-06-08,C0001,Sonoran Cycles Online,DTC,Booked,Credit Card,Phoenix Distribution Center,5199.0
SO104112,2023-06-08,C0001,Sonoran Cycles Online,DTC,Booked,Credit Card,Phoenix Distribution Center,6199.0
SO104113,2023-06-09,C0002,Desert Trail Bikes,Dealer,Booked,Net 45,Phoenix Distribution Center,24123.36
SO104114,2023-06-09,C0020,Alpine Ride Co.,Dealer,Booked,Net 30,Phoenix Distribution Center,38555.94
SO104115,2023-06-09,C0034,Green Mountain Bikes,Dealer,Booked,Net 30,Phoenix Distribution Center,14628.9
SO104116,2023-06-09,C0029,River Bend Bikes,Dealer,Booked,Net 30,Phoenix Distribution Center,51600.25
SO104117,2023-06-09,C0006,Tucson Trail Works,Dealer,Booked,Net 30,Phoenix Distribution Center,23555.04
SO104118,2023-06-09,C0005,Mesa Mountain Bikes,Dealer,Booked,Net 30,Phoenix Distribution Center,28137.85
SO104119,2023-06-09,C0036,Pine Tree Bicycles,Dealer,Booked,Net 30,Phoenix Distribution Center,29568.5
SO104120,2023-06-09,C0017,Bay Mountain Bikes,Dealer,Booked,Net 30,Phoenix Distribution Center,5268.76
SO104121,2023-06-09,C0017,Bay Mountain Bikes,Dealer,Booked,Net 30,Phoenix Distribution Center,70666.98
SO104122,2023-06-09,C0002,Desert Trail Bikes,Dealer,Booked,Net 45,Phoenix Distribution Center,51263.88
SO104123,2023-06-09,C0008,Sedona Ride Center,Dealer,Booked,Net 30,Phoenix Distribution Center,13142.14
SO104124,2023-06-09,C0025,Lakeshore Bikes,Dealer,Booked,Net 30,Phoenix Distribution Center,21819.66
SO104125,2023-06-09,C0011,Cascade Bikes,Dealer,Booked,Net 30,Phoenix Distribution Center,21447.66
SO104126,2023-06-09,C0005,Mesa Mountain Bikes,Dealer,Booked,Net 30,Phoenix Distribution Center,8577.4
SO104127,2023-06-09,C0031,Pisgah Bike Co.,Dealer,Booked,Net 45,Phoenix Distribution Center,33981.04
SO104128,2023-06-09,C0015,Sierra Cycle Works,Dealer,Booked,Net 30,Phoenix Distribution Center,18968.28
SO104129,2023-06-09,C0018,High Country Bikes,Dealer,Booked,Net 45,Phoenix Distribution Center,26327.36
SO104130,2023-06-09,C0018,High Country Bikes,Dealer,Booked,Net 45,Phoenix Distribution Center,44420.46
SO104131,2023-06-09,C0017,Bay Mountain Bikes,Dealer,Booked,Net 30,Phoenix Distribution Center,34961.18
SO104132,2023-06-09,C0009,Las Cruces Cycling,Dealer,Booked,Net 30,Phoenix Distribution Center,39577.85
SO104133,2023-06-09,C0002,Desert Trail Bikes,Dealer,Booked,Net 45,Phoenix Distribution Center,56017.56
SO104134,2023-06-09,C0010,Evergreen Cyclery,Dealer,Booked,Net 45,Phoenix Distribution Center,11887.1
SO104135,2023-06-09,C0015,Sierra Cycle Works,Dealer,Booked,Net 30,Phoenix Distribution Center,37315.32
SO104136,2023-06-09,C0025,Lakeshore Bikes,Dealer,Booked,Net 30,Phoenix Distribution Center,30063.18
SO104137,2023-06-09,C0019,Front Range Cyclery,Dealer,Booked,Net 30,Phoenix Distribution Center,18843.66
SO104138,2023-06-09,C0001,Sonoran Cycles Online,DTC,Booked,Credit Card,Phoenix Distribution Center,6798.0
SO104139,2023-06-09,C0001,Sonoran Cycles Online,DTC,Booked,Credit Card,Phoenix Distribution Center,9198.0
SO104140,2023-06-09,C0001,Sonoran Cycles Online,DTC,Booked,Credit Card,Phoenix Distribution Center,3299.0
SO104141,2023-06-09,C0001,Sonoran Cycles Online,DTC,Booked,Credit Card,Phoenix Distribution Center,9798.0
SO104142,2023-06-09,C0001,Sonoran Cycles Online,DTC,Booked,Credit Card,Phoenix Distribution Center,5199.0
SO104143,2023-06-09,C0001,Sonoran Cycles Online,DTC,Booked,Credit Card,Phoenix Distribution Center,4599.0
SO104144,2023-06-09,C0001,Sonoran Cycles Online,DTC,Booked,Credit Card,Phoenix Distribution Center,7499.0
SO104145,2023-06-09,C0001,Sonoran Cycles Online,DTC,Booked,Credit Card,Phoenix Distribution Center,5199.0
SO104146,2023-06-09,C0001,Sonoran Cycles Online,DTC,Booked,Credit Card,Phoenix Distribution Center,4599.0
SO104147,2023-06-09,C0001,Sonoran Cycles Online,DTC,Booked,Credit Card,Phoenix Distribution Center,6199.0
SO104148,2023-06-09,C0001,Sonoran Cycles Online,DTC,Booked,Credit Card,Phoenix Distribution Center,5199.0
SO104149,2023-06-09,C0001,Sonoran Cycles Online,DTC,Booked,Credit Card,Phoenix Distribution Center,4599.0
SO104150,2023-06-09,C0001,Sonoran Cycles Online,DTC,Booked,Credit Card,Phoenix Distribution Center,3499.0
SO104151,2023-06-09,C0001,Sonoran Cycles Online,DTC,Booked,Credit Card,Phoenix Distribution Center,3499.0
SO104152,2023-06-09,C0001,Sonoran Cycles Online,DTC,Booked,Credit Card,Phoenix Distribution Center,3999.0
SO104153,2023-06-09,C0001,Sonoran Cycles Online,DTC,Booked,Credit Card,Phoenix Distribution Center,5199.0
SO104154,2023-06-09,C0001,Sonoran Cycles Online,DTC,Booked,Credit Card,Phoenix Distribution Center,7499.0
SO104155,2023-06-10,C0011,Cascade Bikes,Dealer,Booked,Net 30,Phoenix Distribution Center,29505.8
SO104156,2023-06-10,C0006,Tucson Trail Works,Dealer,Booked,Net 30,Phoenix Distribution Center,35890.56
SO104157,2023-06-10,C0017,Bay Mountain Bikes,Dealer,Booked,Net 30,Phoenix Distribution Center,40788.56
SO104158,2023-06-10,C0030,Blue Ridge Cycles,Dealer,Booked,Net 30,Phoenix Distribution Center,8120.14
SO104159,2023-06-10,C0012,Rain City Cycles,Dealer,Booked,Net 30,Phoenix Distribution Center,15726.75
SO104160,2023-06-10,C0009,Las Cruces Cycling,Dealer,Booked,Net 30,Phoenix Distribution Center,24694.8
SO104161,2023-06-10,C0019,Front Range Cyclery,Dealer,Booked,Net 30,Phoenix Distribution Center,25353.04
SO104162,2023-06-10,C0030,Blue Ridge Cycles,Dealer,Booked,Net 30,Phoenix Distribution Center,41655.94
SO104163,2023-06-10,C0001,Sonoran Cycles Online,DTC,Booked,Credit Card,Phoenix Distribution Center,6598.0
SO104164,2023-06-10,C0001,Sonoran Cycles Online,DTC,Booked,Credit Card,Phoenix Distribution Center,4599.0
SO104165,2023-06-10,C0001,Sonoran Cycles Online,DTC,Booked,Credit Card,Phoenix Distribution Center,14997.0
SO104166,2023-06-10,C0001,Sonoran Cycles Online,DTC,Booked,Credit Card,Phoenix Distribution Center,8498.0
SO104167,2023-06-10,C0001,Sonoran Cycles Online,DTC,Booked,Credit Card,Phoenix Distribution Center,4599.0
SO104168,2023-06-10,C0001,Sonoran Cycles Online,DTC,Booked,Credit Card,Phoenix Distribution Center,6598.0
SO104169,2023-06-10,C0001,Sonoran Cycles Online,DTC,Booked,Credit Card,Phoenix Distribution Center,3299.0
SO104170,2023-06-10,C0001,Sonoran Cycles Online,DTC,Booked,Credit Card,Phoenix Distribution Center,5199.0
SO104171,2023-06-10,C0001,Sonoran Cycles Online,DTC,Booked,Credit Card,Phoenix Distribution Center,4599.0
SO104172,2023-06-10,C0001,Sonoran Cycles Online,DTC,Booked,Credit Card,Phoenix Distribution Center,4599.0
SO104173,2023-06-10,C0001,Sonoran Cycles Online,DTC,Booked,Credit Card,Phoenix Distribution Center,4599.0
SO104174,2023-06-10,C0001,Sonoran Cycles Online,DTC,Booked,Credit Card,Phoenix Distribution Center,3299.0
SO104175,2023-06-10,C0001,Sonoran Cycles Online,DTC,Booked,Credit Card,Phoenix Distribution Center,3299.0
SO104176,2023-06-10,C0001,Sonoran Cycles Online,DTC,Booked,Credit Card,Phoenix Distribution Center,7499.0
SO104177,2023-06-10,C0001,Sonoran Cycles Online,DTC,Booked,Credit Card,Phoenix Distribution Center,4599.0
SO104178,2023-06-10,C0001,Sonoran Cycles Online,DTC,Booked,Credit Card,Phoenix Distribution Center,3299.0
SO104179,2023-06-10,C0001,Sonoran Cycles Online,DTC,Booked,Credit Card,Phoenix Distribution Center,3299.0
SO104180,2023-06-10,C0001,Sonoran Cycles Online,DTC,Booked,Credit Card,Phoenix Distribution Center,3999.0
SO104181,2023-06-10,C0001,Sonoran Cycles Online,DTC,Booked,Credit Card,Phoenix Distribution Center,3299.0
SO104182,2023-06-10,C0001,Sonoran Cycles Online,DTC,Booked,Credit Card,Phoenix Distribution Center,3999.0
SO104183,2023-06-11,C0015,Sierra Cycle Works,Dealer,Booked,Net 30,Phoenix Distribution Center,46429.32
SO104184,2023-06-11,C0032,Southern Singletrack,Dealer,Booked,Net 30,Phoenix Distribution Center,35092.85
SO104185,2023-06-11,C0001,Sonoran Cycles Online,DTC,Booked,Credit Card,Phoenix Distribution Center,5199.0
SO104186,2023-06-11,C0001,Sonoran Cycles Online,DTC,Booked,Credit Card,Phoenix Distribution Center,6199.0
SO104187,2023-06-11,C0001,Sonoran Cycles Online,DTC,Booked,Credit Card,Phoenix Distribution Center,9198.0
SO104188,2023-06-11,C0001,Sonoran Cycles Online,DTC,Booked,Credit Card,Phoenix Distribution Center,5199.0
SO104189,2023-06-11,C0001,Sonoran Cycles Online,DTC,Booked,Credit Card,Phoenix Distribution Center,3299.0
SO104190,2023-06-11,C0001,Sonoran Cycles Online,DTC,Booked,Credit Card,Phoenix Distribution Center,4599.0
SO104191,2023-06-11,C0001,Sonoran Cycles Online,DTC,Booked,Credit Card,Phoenix Distribution Center,7499.0
SO104192,2023-06-11,C0001,Sonoran Cycles Online,DTC,Booked,Credit Card,Phoenix Distribution Center,3299.0
SO104193,2023-06-11,C0001,Sonoran Cycles Online,DTC,Booked,Credit Card,Phoenix Distribution Center,3299.0
SO104194,2023-06-11,C0001,Sonoran Cycles Online,DTC,Booked,Credit Card,Phoenix Distribution Center,3999.0
SO104195,2023-06-11,C0001,Sonoran Cycles Online,DTC,Booked,Credit Card,Phoenix Distribution Center,3499.0
SO104196,2023-06-11,C0001,Sonoran Cycles Online,DTC,Booked,Credit Card,Phoenix Distribution Center,7499.0
SO104197,2023-06-11,C0001,Sonoran Cycles Online,DTC,Booked,Credit Card,Phoenix Distribution Center,4599.0
SO104198,2023-06-11,C0001,Sonoran Cycles Online,DTC,Booked,Credit Card,Phoenix Distribution Center,4599.0
SO104199,2023-06-11,C0001,Sonoran Cycles Online,DTC,Booked,Credit Card,Phoenix Distribution Center,3299.0
SO104200,2023-06-11,C0001,Sonoran Cycles Online,DTC,Booked,Credit Card,Phoenix Distribution Center,4599.0
SO104201,2023-06-11,C0001,Sonoran Cycles Online,DTC,Booked,Credit Card,Phoenix Distribution Center,7499.0
SO104202,2023-06-11,C0001,Sonoran Cycles Online,DTC,Booked,Credit Card,Phoenix Distribution Center,3299.0
SO104203,2023-06-12,C0002,Desert Trail Bikes,Dealer,Booked,Net 45,Phoenix Distribution Center,15018.52
SO104204,2023-06-12,C0031,Pisgah Bike Co.,Dealer,Booked,Net 45,Phoenix Distribution Center,18092.52
SO104205,2023-06-12,C0014,Redwood Ride Shop,Dealer,Booked,Net 30,Phoenix Distribution Center,14690.9
SO104206,2023-06-12,C0028,Windy City Cycles,Dealer,Booked,Net 30,Phoenix Distribution Center,27164.8
SO104207,2023-06-12,C0031,Pisgah Bike Co.,Dealer,Booked,Net 45,Phoenix Distribution Center,6610.84
SO104208,2023-06-12,C0031,Pisgah Bike Co.,Dealer,Booked,Net 45,Phoenix Distribution Center,19599.94
SO104209,2023-06-12,C0016,Coastal Gravel Co.,Dealer,Booked,Net 30,Phoenix Distribution Center,13646.1
SO104210,2023-06-12,C0008,Sedona Ride Center,Dealer,Booked,Net 30,Phoenix Distribution Center,32359.04
SO104211,2023-06-12,C0004,Sonoran Bike Co.,Dealer,Booked,Net 30,Phoenix Distribution Center,32853.8
SO104212,2023-06-12,C0033,Appalachian Bikes,Dealer,Booked,Net 30,Phoenix Distribution Center,19092.28
SO104213,2023-06-12,C0002,Desert Trail Bikes,Dealer,Booked,Net 45,Phoenix Distribution Center,38620.46
SO104214,2023-06-12,C0013,Pacific Trail Bikes,Dealer,Booked,Net 45,Phoenix Distribution Center,25342.52
SO104215,2023-06-12,C0003,Cactus Cycling,Dealer,Booked,Net 30,Phoenix Distribution Center,27583.18
SO104216,2023-06-12,C0008,Sedona Ride Center,Dealer,Booked,Net 30,Phoenix Distribution Center,37565.8
SO104217,2023-06-12,C0012,Rain City Cycles,Dealer,Booked,Net 30,Phoenix Distribution Center,23069.15
SO104218,2023-06-12,C0036,Pine Tree Bicycles,Dealer,Booked,Net 30,Phoenix Distribution Center,48934.6
SO104219,2023-06-12,C0015,Sierra Cycle Works,Dealer,Booked,Net 30,Phoenix Distribution Center,30187.8
SO104220,2023-06-12,C0016,Coastal Gravel Co.,Dealer,Booked,Net 30,Phoenix Distribution Center,19039.8
SO104221,2023-06-12,C0027,Prairie Trail Bikes,Dealer,Booked,Net 30,Phoenix Distribution Center,10910.14
SO104222,2023-06-12,C0002,Desert Trail Bikes,Dealer,Booked,Net 45,Phoenix Distribution Center,14729.1
SO104223,2023-06-12,C0011,Cascade Bikes,Dealer,Booked,Net 30,Phoenix Distribution Center,48970.08
SO104224,2023-06-12,C0025,Lakeshore Bikes,Dealer,Booked,Net 30,Phoenix Distribution Center,20827.04
SO104225,2023-06-12,C0007,Red Rock Cycles,Dealer,Booked,Net 30,Phoenix Distribution Center,28984.8
SO104226,2023-06-12,C0034,Green Mountain Bikes,Dealer,Booked,Net 30,Phoenix Distribution Center,26589.94
SO104227,2023-06-12,C0028,Windy City Cycles,Dealer,Booked,Net 30,Phoenix Distribution Center,48415.9
SO104228,2023-06-12,C0001,Sonoran Cycles Online,DTC,Booked,Credit Card,Phoenix Distribution Center,4599.0
SO104229,2023-06-12,C0001,Sonoran Cycles Online,DTC,Booked,Credit Card,Phoenix Distribution Center,10198.0
SO104230,2023-06-12,C0001,Sonoran Cycles Online,DTC,Booked,Credit Card,Phoenix Distribution Center,4599.0
SO104231,2023-06-12,C0001,Sonoran Cycles Online,DTC,Booked,Credit Card,Phoenix Distribution Center,3299.0
SO104232,2023-06-12,C0001,Sonoran Cycles Online,DTC,Booked,Credit Card,Phoenix Distribution Center,4599.0
SO104233,2023-06-12,C0001,Sonoran Cycles Online,DTC,Booked,Credit Card,Phoenix Distribution Center,8598.0
SO104234,2023-06-12,C0001,Sonoran Cycles Online,DTC,Booked,Credit Card,Phoenix Distribution Center,5199.0
SO104235,2023-06-12,C0001,Sonoran Cycles Online,DTC,Booked,Credit Card,Phoenix Distribution Center,7499.0
SO104236,2023-06-12,C0001,Sonoran Cycles Online,DTC,Booked,Credit Card,Phoenix Distribution Center,4599.0
SO104237,2023-06-12,C0001,Sonoran Cycles Online,DTC,Booked,Credit Card,Phoenix Distribution Center,6199.0
SO104238,2023-06-12,C0001,Sonoran Cycles Online,DTC,Booked,Credit Card,Phoenix Distribution Center,3299.0
SO104239,2023-06-13,C0027,Prairie Trail Bikes,Dealer,Booked,Net 30,Phoenix Distribution Center,15372.9
SO104240,2023-06-13,C0010,Evergreen Cyclery,Dealer,Booked,Net 45,Phoenix Distribution Center,22265.62
SO104241,2023-06-13,C0031,Pisgah Bike Co.,Dealer,Booked,Net 45,Phoenix Distribution Center,37809.62
SO104242,2023-06-13,C0036,Pine Tree Bicycles,Dealer,Booked,Net 30,Phoenix Distribution Center,45686.55
SO104243,2023-06-13,C0018,High Country Bikes,Dealer,Booked,Net 45,Phoenix Distribution Center,30038.78
SO104244,2023-06-13,C0035,Adirondack Cycles,Dealer,Booked,Net 30,Phoenix Distribution Center,19560.45
SO104245,2023-06-13,C0032,Southern Singletrack,Dealer,Booked,Net 30,Phoenix Distribution Center,10788.05
SO104246,2023-06-13,C0031,Pisgah Bike Co.,Dealer,Booked,Net 45,Phoenix Distribution Center,17628.52
SO104247,2023-06-13,C0007,Red Rock Cycles,Dealer,Booked,Net 30,Phoenix Distribution Center,8968.05
SO104248,2023-06-13,C0026,Great Lakes Cyclery,Dealer,Booked,Net 30,Phoenix Distribution Center,21315.45
SO104249,2023-06-13,C0027,Prairie Trail Bikes,Dealer,Booked,Net 30,Phoenix Distribution Center,17108.28
SO104250,2023-06-13,C0002,Desert Trail Bikes,Dealer,Booked,Net 45,Phoenix Distribution Center,26558.78
SO104251,2023-06-13,C0034,Green Mountain Bikes,Dealer,Booked,Net 30,Phoenix Distribution Center,27149.18
SO104252,2023-06-13,C0023,Bozeman Bike Works,Dealer,Booked,Net 30,Phoenix Distribution Center,24955.45
SO104253,2023-06-13,C0004,Sonoran Bike Co.,Dealer,Booked,Net 30,Phoenix Distribution Center,45623.94
SO104254,2023-06-13,C0018,High Country Bikes,Dealer,Booked,Net 45,Phoenix Distribution Center,37460.46
SO104255,2023-06-13,C0027,Prairie Trail Bikes,Dealer,Booked,Net 30,Phoenix Distribution Center,11405.52
SO104256,2023-06-13,C0010,Evergreen Cyclery,Dealer,Booked,Net 45,Phoenix Distribution Center,10379.1
SO104257,2023-06-13,C0029,River Bend Bikes,Dealer,Booked,Net 30,Phoenix Distribution Center,10788.05
SO104258,2023-06-13,C0033,Appalachian Bikes,Dealer,Booked,Net 30,Phoenix Distribution Center,7066.76
SO104259,2023-06-13,C0002,Desert Trail Bikes,Dealer,Booked,Net 45,Phoenix Distribution Center,36417.04
SO104260,2023-06-13,C0020,Alpine Ride Co.,Dealer,Booked,Net 30,Phoenix Distribution Center,26963.18
SO104261,2023-06-13,C0025,Lakeshore Bikes,Dealer,Booked,Net 30,Phoenix Distribution Center,4958.76
SO104262,2023-06-13,C0018,High Country Bikes,Dealer,Booked,Net 45,Phoenix Distribution Center,32009.62
SO104263,2023-06-13,C0008,Sedona Ride Center,Dealer,Booked,Net 30,Phoenix Distribution Center,67508.08
SO104264,2023-06-13,C0002,Desert Trail Bikes,Dealer,Booked,Net 45,Phoenix Distribution Center,31429.62
SO104265,2023-06-13,C0006,Tucson Trail Works,Dealer,Booked,Net 30,Phoenix Distribution Center,21200.28
SO104266,2023-06-13,C0013,Pacific Trail Bikes,Dealer,Booked,Net 45,Phoenix Distribution Center,26675.94
SO104267,2023-06-13,C0031,Pisgah Bike Co.,Dealer,Booked,Net 45,Phoenix Distribution Center,11017.68
SO104268,2023-06-13,C0018,High Country Bikes,Dealer,Booked,Net 45,Phoenix Distribution Center,23427.94
SO104269,2023-06-13,C0013,Pacific Trail Bikes,Dealer,Booked,Net 45,Phoenix Distribution Center,44827.04
SO104270,2023-06-13,C0001,Sonoran Cycles Online,DTC,Booked,Credit Card,Phoenix Distribution Center,4599.0
SO104271,2023-06-13,C0001,Sonoran Cycles Online,DTC,Booked,Credit Card,Phoenix Distribution Center,3999.0
SO104272,2023-06-13,C0001,Sonoran Cycles Online,DTC,Booked,Credit Card,Phoenix Distribution Center,4599.0
SO104273,2023-06-13,C0001,Sonoran Cycles Online,DTC,Booked,Credit Card,Phoenix Distribution Center,3299.0
SO104274,2023-06-13,C0001,Sonoran Cycles Online,DTC,Booked,Credit Card,Phoenix Distribution Center,4599.0
SO104275,2023-06-13,C0001,Sonoran Cycles Online,DTC,Booked,Credit Card,Phoenix Distribution Center,6199.0
SO104276,2023-06-13,C0001,Sonoran Cycles Online,DTC,Booked,Credit Card,Phoenix Distribution Center,3299.0
SO104277,2023-06-13,C0001,Sonoran Cycles Online,DTC,Booked,Credit Card,Phoenix Distribution Center,3499.0
SO104278,2023-06-13,C0001,Sonoran Cycles Online,DTC,Booked,Credit Card,Phoenix Distribution Center,6598.0
SO104279,2023-06-13,C0001,Sonoran Cycles Online,DTC,Booked,Credit Card,Phoenix Distribution Center,3299.0
SO104280,2023-06-13,C0001,Sonoran Cycles Online,DTC,Booked,Credit Card,Phoenix Distribution Center,10798.0
SO104281,2023-06-13,C0001,Sonoran Cycles Online,DTC,Booked,Credit Card,Phoenix Distribution Center,7499.0
SO104282,2023-06-14,C0025,Lakeshore Bikes,Dealer,Booked,Net 30,Phoenix Distribution Center,23925.8
SO104283,2023-06-14,C0014,Redwood Ride Shop,Dealer,Booked,Net 30,Phoenix Distribution Center,18224.28
SO104284,2023-06-14,C0028,Windy City Cycles,Dealer,Booked,Net 30,Phoenix Distribution Center,54393.95
SO104285,2023-06-14,C0030,Blue Ridge Cycles,Dealer,Booked,Net 30,Phoenix Distribution Center,21447.66
SO104286,2023-06-14,C0034,Green Mountain Bikes,Dealer,Booked,Net 30,Phoenix Distribution Center,34525.94
SO104287,2023-06-14,C0031,Pisgah Bike Co.,Dealer,Booked,Net 45,Phoenix Distribution Center,32358.78
SO104288,2023-06-14,C0022,Wasatch Wheel Works,Dealer,Booked,Net 30,Phoenix Distribution Center,17480.28
SO104289,2023-06-14,C0015,Sierra Cycle Works,Dealer,Booked,Net 30,Phoenix Distribution Center,21509.66
SO104290,2023-06-14,C0002,Desert Trail Bikes,Dealer,Booked,Net 45,Phoenix Distribution Center,14381.1
SO104291,2023-06-14,C0003,Cactus Cycling,Dealer,Booked,Net 30,Phoenix Distribution Center,23246.28
SO104292,2023-06-14,C0013,Pacific Trail Bikes,Dealer,Booked,Net 45,Phoenix Distribution Center,27081.94
SO104293,2023-06-14,C0018,High Country Bikes,Dealer,Booked,Net 45,Phoenix Distribution Center,11713.68
SO104294,2023-06-14,C0017,Bay Mountain Bikes,Dealer,Booked,Net 30,Phoenix Distribution Center,44879.94
SO104295,2023-06-14,C0027,Prairie Trail Bikes,Dealer,Booked,Net 30,Phoenix Distribution Center,29195.8
SO104296,2023-06-14,C0019,Front Range Cyclery,Dealer,Booked,Net 30,Phoenix Distribution Center,13760.9
SO104297,2023-06-14,C0010,Evergreen Cyclery,Dealer,Booked,Net 45,Phoenix Distribution Center,22962.78
SO104298,2023-06-14,C0018,High Country Bikes,Dealer,Booked,Net 45,Phoenix Distribution Center,35720.46
SO104299,2023-06-14,C0020,Alpine Ride Co.,Dealer,Booked,Net 30,Phoenix Distribution Center,25351.8
SO104300,2023-06-14,C0004,Sonoran Bike Co.,Dealer,Booked,Net 30,Phoenix Distribution Center,23183.66
SO104301,2023-06-14,C0018,High Country Bikes,Dealer,Booked,Net 45,Phoenix Distribution Center,53350.72
SO104302,2023-06-14,C0015,Sierra Cycle Works,Dealer,Booked,Net 30,Phoenix Distribution Center,21075.66
SO104303,2023-06-14,C0011,Cascade Bikes,Dealer,Booked,Net 30,Phoenix Distribution Center,18347.66
SO104304,2023-06-14,C0004,Sonoran Bike Co.,Dealer,Booked,Net 30,Phoenix Distribution Center,19340.28
SO104305,2023-06-14,C0015,Sierra Cycle Works,Dealer,Booked,Net 30,Phoenix Distribution Center,5702.76
SO104306,2023-06-14,C0002,Desert Trail Bikes,Dealer,Booked,Net 45,Phoenix Distribution Center,20759.94
SO104307,2023-06-14,C0012,Rain City Cycles,Dealer,Booked,Net 30,Phoenix Distribution Center,40028.95
SO104308,2023-06-14,C0024,Teton Cycling,Dealer,Booked,Net 30,Phoenix Distribution Center,46074.6
SO104309,2023-06-14,C0002,Desert Trail Bikes,Dealer,Booked,Net 45,Phoenix Distribution Center,27427.62
SO104310,2023-06-14,C0004,Sonoran Bike Co.,Dealer,Booked,Net 30,Phoenix Distribution Center,25043.04
SO104311,2023-06-14,C0002,Desert Trail Bikes,Dealer,Booked,Net 45,Phoenix Distribution Center,39083.88
SO104312,2023-06-14,C0001,Sonoran Cycles Online,DTC,Booked,Credit Card,Phoenix Distribution Center,3499.0
SO104313,2023-06-14,C0001,Sonoran Cycles Online,DTC,Booked,Credit Card,Phoenix Distribution Center,3299.0
SO104314,2023-06-14,C0001,Sonoran Cycles Online,DTC,Booked,Credit Card,Phoenix Distribution Center,4599.0
SO104315,2023-06-14,C0001,Sonoran Cycles Online,DTC,Booked,Credit Card,Phoenix Distribution Center,4599.0
SO104316,2023-06-14,C0001,Sonoran Cycles Online,DTC,Booked,Credit Card,Phoenix Distribution Center,3999.0
SO104317,2023-06-14,C0001,Sonoran Cycles Online,DTC,Booked,Credit Card,Phoenix Distribution Center,6199.0
SO104318,2023-06-14,C0001,Sonoran Cycles Online,DTC,Booked,Credit Card,Phoenix Distribution Center,7499.0
SO104319,2023-06-14,C0001,Sonoran Cycles Online,DTC,Booked,Credit Card,Phoenix Distribution Center,4599.0
SO104320,2023-06-14,C0001,Sonoran Cycles Online,DTC,Booked,Credit Card,Phoenix Distribution Center,3299.0
SO104321,2023-06-14,C0001,Sonoran Cycles Online,DTC,Booked,Credit Card,Phoenix Distribution Center,7499.0
SO104322,2023-06-14,C0001,Sonoran Cycles Online,DTC,Booked,Credit Card,Phoenix Distribution Center,3299.0
SO104323,2023-06-15,C0005,Mesa Mountain Bikes,Dealer,Booked,Net 30,Phoenix Distribution Center,25408.5
SO104324,2023-06-15,C0014,Redwood Ride Shop,Dealer,Booked,Net 30,Phoenix Distribution Center,27274.42
SO104325,2023-06-15,C0033,Appalachian Bikes,Dealer,Booked,Net 30,Phoenix Distribution Center,17108.28
SO104326,2023-06-15,C0022,Wasatch Wheel Works,Dealer,Booked,Net 30,Phoenix Distribution Center,31489.8
SO104327,2023-06-15,C0025,Lakeshore Bikes,Dealer,Booked,Net 30,Phoenix Distribution Center,13140.28
SO104328,2023-06-15,C0023,Bozeman Bike Works,Dealer,Booked,Net 30,Phoenix Distribution Center,33534.15
SO104329,2023-06-15,C0027,Prairie Trail Bikes,Dealer,Booked,Net 30,Phoenix Distribution Center,21076.28
SO104330,2023-06-15,C0004,Sonoran Bike Co.,Dealer,Booked,Net 30,Phoenix Distribution Center,47607.32
SO104331,2023-06-15,C0025,Lakeshore Bikes,Dealer,Booked,Net 30,Phoenix Distribution Center,22438.42
SO104332,2023-06-15,C0027,Prairie Trail Bikes,Dealer,Booked,Net 30,Phoenix Distribution Center,47111.32
SO104333,2023-06-15,C0020,Alpine Ride Co.,Dealer,Booked,Net 30,Phoenix Distribution Center,6260.14
SO104334,2023-06-15,C0010,Evergreen Cyclery,Dealer,Booked,Net 45,Phoenix Distribution Center,23831.62
SO104335,2023-06-15,C0031,Pisgah Bike Co.,Dealer,Booked,Net 45,Phoenix Distribution Center,16817.1
SO104336,2023-06-15,C0006,Tucson Trail Works,Dealer,Booked,Net 30,Phoenix Distribution Center,14256.9
SO104337,2023-06-15,C0017,Bay Mountain Bikes,Dealer,Booked,Net 30,Phoenix Distribution Center,44135.94
SO104338,2023-06-15,C0025,Lakeshore Bikes,Dealer,Booked,Net 30,Phoenix Distribution Center,23739.8
SO104339,2023-06-15,C0032,Southern Singletrack,Dealer,Booked,Net 30,Phoenix Distribution Center,22159.8
SO104340,2023-06-15,C0014,Redwood Ride Shop,Dealer,Booked,Net 30,Phoenix Distribution Center,22129.04
SO104341,2023-06-15,C0013,Pacific Trail Bikes,Dealer,Booked,Net 45,Phoenix Distribution Center,32590.78
SO104342,2023-06-15,C0008,Sedona Ride Center,Dealer,Booked,Net 30,Phoenix Distribution Center,46059.18
SO104343,2023-06-15,C0002,Desert Trail Bikes,Dealer,Booked,Net 45,Phoenix Distribution Center,23079.36
SO104344,2023-06-15,C0033,Appalachian Bikes,Dealer,Booked,Net 30,Phoenix Distribution Center,34651.18
SO104345,2023-06-15,C0019,Front Range Cyclery,Dealer,Booked,Net 30,Phoenix Distribution Center,30249.8
SO104346,2023-06-15,C0022,Wasatch Wheel Works,Dealer,Booked,Net 30,Phoenix Distribution Center,14256.9
SO104347,2023-06-15,C0001,Sonoran Cycles Online,DTC,Booked,Credit Card,Phoenix Distribution Center,6199.0
SO104348,2023-06-15,C0001,Sonoran Cycles Online,DTC,Booked,Credit Card,Phoenix Distribution Center,4599.0
SO104349,2023-06-15,C0001,Sonoran Cycles Online,DTC,Booked,Credit Card,Phoenix Distribution Center,4599.0
SO104350,2023-06-15,C0001,Sonoran Cycles Online,DTC,Booked,Credit Card,Phoenix Distribution Center,4599.0
SO104351,2023-06-15,C0001,Sonoran Cycles Online,DTC,Booked,Credit Card,Phoenix Distribution Center,3499.0
SO104352,2023-06-15,C0001,Sonoran Cycles Online,DTC,Booked,Credit Card,Phoenix Distribution Center,4599.0
SO104353,2023-06-15,C0001,Sonoran Cycles Online,DTC,Booked,Credit Card,Phoenix Distribution Center,5199.0
SO104354,2023-06-15,C0001,Sonoran Cycles Online,DTC,Booked,Credit Card,Phoenix Distribution Center,6199.0
SO104355,2023-06-15,C0001,Sonoran Cycles Online,DTC,Booked,Credit Card,Phoenix Distribution Center,4599.0
SO104356,2023-06-15,C0001,Sonoran Cycles Online,DTC,Booked,Credit Card,Phoenix Distribution Center,5199.0
SO104357,2023-06-15,C0001,Sonoran Cycles Online,DTC,Booked,Credit Card,Phoenix Distribution Center,4599.0
SO104358,2023-06-15,C0001,Sonoran Cycles Online,DTC,Booked,Credit Card,Phoenix Distribution Center,5199.0
SO104359,2023-06-15,C0001,Sonoran Cycles Online,DTC,Booked,Credit Card,Phoenix Distribution Center,4599.0
SO104360,2023-06-16,C0014,Redwood Ride Shop,Dealer,Booked,Net 30,Phoenix Distribution Center,25662.42
SO104361,2023-06-16,C0009,Las Cruces Cycling,Dealer,Booked,Net 30,Phoenix Distribution Center,26904.8
SO104362,2023-06-16,C0014,Redwood Ride Shop,Dealer,Booked,Net 30,Phoenix Distribution Center,33907.18
SO104363,2023-06-16,C0014,Redwood Ride Shop,Dealer,Booked,Net 30,Phoenix Distribution Center,32545.66
SO104364,2023-06-16,C0023,Bozeman Bike Works,Dealer,Booked,Net 30,Phoenix Distribution Center,37432.85
SO104365,2023-06-16,C0020,Alpine Ride Co.,Dealer,Booked,Net 30,Phoenix Distribution Center,32045.32
SO104366,2023-06-16,C0018,High Country Bikes,Dealer,Booked,Net 45,Phoenix Distribution Center,11365.68
SO104367,2023-06-16,C0036,Pine Tree Bicycles,Dealer,Booked,Net 30,Phoenix Distribution Center,29438.5
SO104368,2023-06-16,C0018,High Country Bikes,Dealer,Booked,Net 45,Phoenix Distribution Center,22847.94
SO104369,2023-06-16,C0029,River Bend Bikes,Dealer,Booked,Net 30,Phoenix Distribution Center,23525.45
SO104370,2023-06-16,C0012,Rain City Cycles,Dealer,Booked,Net 30,Phoenix Distribution Center,20859.8
SO104371,2023-06-16,C0019,Front Range Cyclery,Dealer,Booked,Net 30,Phoenix Distribution Center,28513.8
SO104372,2023-06-16,C0013,Pacific Trail Bikes,Dealer,Booked,Net 45,Phoenix Distribution Center,51264.46
SO104373,2023-06-16,C0021,Rocky Peak Cycles,Dealer,Booked,Net 30,Phoenix Distribution Center,18390.45
SO104374,2023-06-16,C0008,Sedona Ride Center,Dealer,Booked,Net 30,Phoenix Distribution Center,30065.04
SO104375,2023-06-16,C0024,Teton Cycling,Dealer,Booked,Net 30,Phoenix Distribution Center,9812.4
SO104376,2023-06-16,C0026,Great Lakes Cyclery,Dealer,Booked,Net 30,Phoenix Distribution Center,16246.1
SO104377,2023-06-16,C0011,Cascade Bikes,Dealer,Booked,Net 30,Phoenix Distribution Center,6074.76
SO104378,2023-06-16,C0018,High Country Bikes,Dealer,Booked,Net 45,Phoenix Distribution Center,14555.1
SO104379,2023-06-16,C0003,Cactus Cycling,Dealer,Booked,Net 30,Phoenix Distribution Center,26778.42
SO104380,2023-06-16,C0018,High Country Bikes,Dealer,Booked,Net 45,Phoenix Distribution Center,20006.52
SO104381,2023-06-16,C0019,Front Range Cyclery,Dealer,Booked,Net 30,Phoenix Distribution Center,31737.8
SO104382,2023-06-16,C0002,Desert Trail Bikes,Dealer,Booked,Net 45,Phoenix Distribution Center,31662.2
SO104383,2023-06-16,C0001,Sonoran Cycles Online,DTC,Booked,Credit Card,Phoenix Distribution Center,6598.0
SO104384,2023-06-16,C0001,Sonoran Cycles Online,DTC,Booked,Credit Card,Phoenix Distribution Center,6199.0
SO104385,2023-06-16,C0001,Sonoran Cycles Online,DTC,Booked,Credit Card,Phoenix Distribution Center,4599.0
SO104386,2023-06-16,C0001,Sonoran Cycles Online,DTC,Booked,Credit Card,Phoenix Distribution Center,4599.0
SO104387,2023-06-16,C0001,Sonoran Cycles Online,DTC,Booked,Credit Card,Phoenix Distribution Center,9198.0
SO104388,2023-06-16,C0001,Sonoran Cycles Online,DTC,Booked,Credit Card,Phoenix Distribution Center,4599.0
SO104389,2023-06-16,C0001,Sonoran Cycles Online,DTC,Booked,Credit Card,Phoenix Distribution Center,5199.0
SO104390,2023-06-16,C0001,Sonoran Cycles Online,DTC,Booked,Credit Card,Phoenix Distribution Center,3299.0
SO104391,2023-06-16,C0001,Sonoran Cycles Online,DTC,Booked,Credit Card,Phoenix Distribution Center,7499.0
SO104392,2023-06-16,C0001,Sonoran Cycles Online,DTC,Booked,Credit Card,Phoenix Distribution Center,5199.0
SO104393,2023-06-16,C0001,Sonoran Cycles Online,DTC,Booked,Credit Card,Phoenix Distribution Center,4599.0
SO104394,2023-06-16,C0001,Sonoran Cycles Online,DTC,Booked,Credit Card,Phoenix Distribution Center,12197.0
SO104395,2023-06-16,C0001,Sonoran Cycles Online,DTC,Booked,Credit Card,Phoenix Distribution Center,7499.0
SO104396,2023-06-16,C0001,Sonoran Cycles Online,DTC,Booked,Credit Card,Phoenix Distribution Center,3299.0
SO104397,2023-06-17,C0024,Teton Cycling,Dealer,Booked,Net 30,Phoenix Distribution Center,44514.6
SO104398,2023-06-17,C0004,Sonoran Bike Co.,Dealer,Booked,Net 30,Phoenix Distribution Center,23245.66
SO104399,2023-06-17,C0028,Windy City Cycles,Dealer,Booked,Net 30,Phoenix Distribution Center,28268.5
SO104400,2023-06-17,C0032,Southern Singletrack,Dealer,Booked,Net 30,Phoenix Distribution Center,28464.8
SO104401,2023-06-17,C0031,Pisgah Bike Co.,Dealer,Booked,Net 45,Phoenix Distribution Center,34677.04
SO104402,2023-06-17,C0032,Southern Singletrack,Dealer,Booked,Net 30,Phoenix Distribution Center,30217.85
SO104403,2023-06-17,C0033,Appalachian Bikes,Dealer,Booked,Net 30,Phoenix Distribution Center,21571.66
SO104404,2023-06-17,C0001,Sonoran Cycles Online,DTC,Booked,Credit Card,Phoenix Distribution Center,5199.0
SO104405,2023-06-17,C0001,Sonoran Cycles Online,DTC,Booked,Credit Card,Phoenix Distribution Center,4599.0
SO104406,2023-06-17,C0001,Sonoran Cycles Online,DTC,Booked,Credit Card,Phoenix Distribution Center,5199.0
SO104407,2023-06-17,C0001,Sonoran Cycles Online,DTC,Booked,Credit Card,Phoenix Distribution Center,6199.0
SO104408,2023-06-17,C0001,Sonoran Cycles Online,DTC,Booked,Credit Card,Phoenix Distribution Center,5199.0
SO104409,2023-06-17,C0001,Sonoran Cycles Online,DTC,Booked,Credit Card,Phoenix Distribution Center,3499.0
SO104410,2023-06-17,C0001,Sonoran Cycles Online,DTC,Booked,Credit Card,Phoenix Distribution Center,3499.0
SO104411,2023-06-17,C0001,Sonoran Cycles Online,DTC,Booked,Credit Card,Phoenix Distribution Center,3299.0
SO104412,2023-06-17,C0001,Sonoran Cycles Online,DTC,Booked,Credit Card,Phoenix Distribution Center,6199.0
SO104413,2023-06-17,C0001,Sonoran Cycles Online,DTC,Booked,Credit Card,Phoenix Distribution Center,4599.0
SO104414,2023-06-17,C0001,Sonoran Cycles Online,DTC,Booked,Credit Card,Phoenix Distribution Center,3299.0
SO104415,2023-06-17,C0001,Sonoran Cycles Online,DTC,Booked,Credit Card,Phoenix Distribution Center,3299.0
SO104416,2023-06-17,C0001,Sonoran Cycles Online,DTC,Booked,Credit Card,Phoenix Distribution Center,7898.0
SO104417,2023-06-17,C0001,Sonoran Cycles Online,DTC,Booked,Credit Card,Phoenix Distribution Center,3299.0
SO104418,2023-06-17,C0001,Sonoran Cycles Online,DTC,Booked,Credit Card,Phoenix Distribution Center,3499.0
SO104419,2023-06-17,C0001,Sonoran Cycles Online,DTC,Booked,Credit Card,Phoenix Distribution Center,4599.0
SO104420,2023-06-17,C0001,Sonoran Cycles Online,DTC,Booked,Credit Card,Phoenix Distribution Center,5199.0
SO104421,2023-06-17,C0001,Sonoran Cycles Online,DTC,Booked,Credit Card,Phoenix Distribution Center,4599.0
SO104422,2023-06-17,C0001,Sonoran Cycles Online,DTC,Booked,Credit Card,Phoenix Distribution Center,7499.0
SO104423,2023-06-17,C0001,Sonoran Cycles Online,DTC,Booked,Credit Card,Phoenix Distribution Center,3499.0
SO104424,2023-06-18,C0031,Pisgah Bike Co.,Dealer,Booked,Net 45,Phoenix Distribution Center,39665.04
SO104425,2023-06-18,C0013,Pacific Trail Bikes,Dealer,Booked,Net 45,Phoenix Distribution Center,18731.1
SO104426,2023-06-18,C0034,Green Mountain Bikes,Dealer,Booked,Net 30,Phoenix Distribution Center,38245.32
SO104427,2023-06-18,C0001,Sonoran Cycles Online,DTC,Booked,Credit Card,Phoenix Distribution Center,5199.0
SO104428,2023-06-18,C0001,Sonoran Cycles Online,DTC,Booked,Credit Card,Phoenix Distribution Center,3299.0
SO104429,2023-06-18,C0001,Sonoran Cycles Online,DTC,Booked,Credit Card,Phoenix Distribution Center,7499.0
SO104430,2023-06-18,C0001,Sonoran Cycles Online,DTC,Booked,Credit Card,Phoenix Distribution Center,4599.0
SO104431,2023-06-18,C0001,Sonoran Cycles Online,DTC,Booked,Credit Card,Phoenix Distribution Center,5199.0
SO104432,2023-06-18,C0001,Sonoran Cycles Online,DTC,Booked,Credit Card,Phoenix Distribution Center,5199.0
SO104433,2023-06-18,C0001,Sonoran Cycles Online,DTC,Booked,Credit Card,Phoenix Distribution Center,3299.0
SO104434,2023-06-18,C0001,Sonoran Cycles Online,DTC,Booked,Credit Card,Phoenix Distribution Center,9198.0
SO104435,2023-06-18,C0001,Sonoran Cycles Online,DTC,Booked,Credit Card,Phoenix Distribution Center,10398.0
SO104436,2023-06-18,C0001,Sonoran Cycles Online,DTC,Booked,Credit Card,Phoenix Distribution Center,7898.0
SO104437,2023-06-18,C0001,Sonoran Cycles Online,DTC,Booked,Credit Card,Phoenix Distribution Center,7499.0
SO104438,2023-06-18,C0001,Sonoran Cycles Online,DTC,Booked,Credit Card,Phoenix Distribution Center,4599.0
SO104439,2023-06-18,C0001,Sonoran Cycles Online,DTC,Booked,Credit Card,Phoenix Distribution Center,4599.0
SO104440,2023-06-18,C0001,Sonoran Cycles Online,DTC,Booked,Credit Card,Phoenix Distribution Center,6598.0
SO104441,2023-06-18,C0001,Sonoran Cycles Online,DTC,Booked,Credit Card,Phoenix Distribution Center,3999.0
SO104442,2023-06-18,C0001,Sonoran Cycles Online,DTC,Booked,Credit Card,Phoenix Distribution Center,6199.0
SO104443,2023-06-18,C0001,Sonoran Cycles Online,DTC,Booked,Credit Card,Phoenix Distribution Center,6199.0
SO104444,2023-06-18,C0001,Sonoran Cycles Online,DTC,Booked,Credit Card,Phoenix Distribution Center,4599.0
SO104445,2023-06-18,C0001,Sonoran Cycles Online,DTC,Booked,Credit Card,Phoenix Distribution Center,5199.0
SO104446,2023-06-19,C0012,Rain City Cycles,Dealer,Booked,Net 30,Phoenix Distribution Center,32817.2
SO104447,2023-06-19,C0015,Sierra Cycle Works,Dealer,Booked,Net 30,Phoenix Distribution Center,11405.52
SO104448,2023-06-19,C0031,Pisgah Bike Co.,Dealer,Booked,Net 45,Phoenix Distribution Center,44071.88
SO104449,2023-06-19,C0002,Desert Trail Bikes,Dealer,Booked,Net 45,Phoenix Distribution Center,28298.2
SO104450,2023-06-19,C0019,Front Range Cyclery,Dealer,Booked,Net 30,Phoenix Distribution Center,10290.14
SO104451,2023-06-19,C0036,Pine Tree Bicycles,Dealer,Booked,Net 30,Phoenix Distribution Center,36977.85
SO104452,2023-06-19,C0014,Redwood Ride Shop,Dealer,Booked,Net 30,Phoenix Distribution Center,38989.32
SO104453,2023-06-19,C0019,Front Range Cyclery,Dealer,Booked,Net 30,Phoenix Distribution Center,48598.08
SO104454,2023-06-19,C0017,Bay Mountain Bikes,Dealer,Booked,Net 30,Phoenix Distribution Center,29630.42
SO104455,2023-06-19,C0034,Green Mountain Bikes,Dealer,Booked,Net 30,Phoenix Distribution Center,18780.42
SO104456,2023-06-19,C0027,Prairie Trail Bikes,Dealer,Booked,Net 30,Phoenix Distribution Center,9546.14
SO104457,2023-06-19,C0019,Front Range Cyclery,Dealer,Booked,Net 30,Phoenix Distribution Center,44444.7
SO104458,2023-06-19,C0004,Sonoran Bike Co.,Dealer,Booked,Net 30,Phoenix Distribution Center,30001.8
SO104459,2023-06-19,C0022,Wasatch Wheel Works,Dealer,Booked,Net 30,Phoenix Distribution Center,12769.52
SO104460,2023-06-19,C0015,Sierra Cycle Works,Dealer,Booked,Net 30,Phoenix Distribution Center,14256.9
SO104461,2023-06-19,C0018,High Country Bikes,Dealer,Booked,Net 45,Phoenix Distribution Center,20063.94
SO104462,2023-06-19,C0019,Front Range Cyclery,Dealer,Booked,Net 30,Phoenix Distribution Center,29878.42
SO104463,2023-06-19,C0010,Evergreen Cyclery,Dealer,Booked,Net 45,Phoenix Distribution Center,33979.3
SO104464,2023-06-19,C0002,Desert Trail Bikes,Dealer,Booked,Net 45,Phoenix Distribution Center,27486.78
SO104465,2023-06-19,C0030,Blue Ridge Cycles,Dealer,Booked,Net 30,Phoenix Distribution Center,17541.66
SO104466,2023-06-19,C0031,Pisgah Bike Co.,Dealer,Booked,Net 45,Phoenix Distribution Center,15077.1
SO104467,2023-06-19,C0013,Pacific Trail Bikes,Dealer,Booked,Net 45,Phoenix Distribution Center,46335.62
SO104468,2023-06-19,C0019,Front Range Cyclery,Dealer,Booked,Net 30,Phoenix Distribution Center,32233.18
SO104469,2023-06-19,C0024,Teton Cycling,Dealer,Booked,Net 30,Phoenix Distribution Center,43410.9
SO104470,2023-06-19,C0020,Alpine Ride Co.,Dealer,Booked,Net 30,Phoenix Distribution Center,16984.28
SO104471,2023-06-19,C0027,Prairie Trail Bikes,Dealer,Booked,Net 30,Phoenix Distribution Center,29754.42
SO104472,2023-06-19,C0025,Lakeshore Bikes,Dealer,Booked,Net 30,Phoenix Distribution Center,11962.9
SO104473,2023-06-19,C0014,Redwood Ride Shop,Dealer,Booked,Net 30,Phoenix Distribution Center,17418.28
SO104474,2023-06-19,C0001,Sonoran Cycles Online,DTC,Booked,Credit Card,Phoenix Distribution Center,12098.0
SO104475,2023-06-19,C0001,Sonoran Cycles Online,DTC,Booked,Credit Card,Phoenix Distribution Center,4599.0
SO104476,2023-06-19,C0001,Sonoran Cycles Online,DTC,Booked,Credit Card,Phoenix Distribution Center,4599.0
SO104477,2023-06-19,C0001,Sonoran Cycles Online,DTC,Booked,Credit Card,Phoenix Distribution Center,6199.0
SO104478,2023-06-19,C0001,Sonoran Cycles Online,DTC,Booked,Credit Card,Phoenix Distribution Center,4599.0
SO104479,2023-06-19,C0001,Sonoran Cycles Online,DTC,Booked,Credit Card,Phoenix Distribution Center,7499.0
SO104480,2023-06-19,C0001,Sonoran Cycles Online,DTC,Booked,Credit Card,Phoenix Distribution Center,6199.0
SO104481,2023-06-19,C0001,Sonoran Cycles Online,DTC,Booked,Credit Card,Phoenix Distribution Center,4599.0
SO104482,2023-06-19,C0001,Sonoran Cycles Online,DTC,Booked,Credit Card,Phoenix Distribution Center,4599.0
SO104483,2023-06-19,C0001,Sonoran Cycles Online,DTC,Booked,Credit Card,Phoenix Distribution Center,3299.0
SO104484,2023-06-19,C0001,Sonoran Cycles Online,DTC,Booked,Credit Card,Phoenix Distribution Center,3299.0
SO104485,2023-06-19,C0001,Sonoran Cycles Online,DTC,Booked,Credit Card,Phoenix Distribution Center,6199.0
SO104486,2023-06-19,C0001,Sonoran Cycles Online,DTC,Booked,Credit Card,Phoenix Distribution Center,3999.0
SO104487,2023-06-20,C0014,Redwood Ride Shop,Dealer,Booked,Net 30,Phoenix Distribution Center,31303.18
SO104488,2023-06-20,C0016,Coastal Gravel Co.,Dealer,Booked,Net 30,Phoenix Distribution Center,8967.4
SO104489,2023-06-20,C0022,Wasatch Wheel Works,Dealer,Booked,Net 30,Phoenix Distribution Center,19216.9
SO104490,2023-06-20,C0036,Pine Tree Bicycles,Dealer,Booked,Net 30,Phoenix Distribution Center,23005.45
SO104491,2023-06-20,C0036,Pine Tree Bicycles,Dealer,Booked,Net 30,Phoenix Distribution Center,38214.15
SO104492,2023-06-20,C0014,Redwood Ride Shop,Dealer,Booked,Net 30,Phoenix Distribution Center,22190.42
SO104493,2023-06-20,C0018,High Country Bikes,Dealer,Booked,Net 45,Phoenix Distribution Center,22440.78
SO104494,2023-06-20,C0036,Pine Tree Bicycles,Dealer,Booked,Net 30,Phoenix Distribution Center,19039.8
SO104495,2023-06-20,C0013,Pacific Trail Bikes,Dealer,Booked,Net 45,Phoenix Distribution Center,51669.88
SO104496,2023-06-20,C0030,Blue Ridge Cycles,Dealer,Booked,Net 30,Phoenix Distribution Center,31675.18
SO104497,2023-06-20,C0018,High Country Bikes,Dealer,Booked,Net 45,Phoenix Distribution Center,32705.62
SO104498,2023-06-20,C0023,Bozeman Bike Works,Dealer,Booked,Net 30,Phoenix Distribution Center,25865.45
SO104499,2023-06-20,C0017,Bay Mountain Bikes,Dealer,Booked,Net 30,Phoenix Distribution Center,15745.52
SO104500,2023-06-20,C0004,Sonoran Bike Co.,Dealer,Booked,Net 30,Phoenix Distribution Center,42276.56
SO104501,2023-06-20,C0015,Sierra Cycle Works,Dealer,Booked,Net 30,Phoenix Distribution Center,4896.76
SO104502,2023-06-20,C0013,Pacific Trail Bikes,Dealer,Booked,Net 45,Phoenix Distribution Center,60540.98
SO104503,2023-06-20,C0002,Desert Trail Bikes,Dealer,Booked,Net 45,Phoenix Distribution Center,8002.26
SO104504,2023-06-20,C0014,Redwood Ride Shop,Dealer,Booked,Net 30,Phoenix Distribution Center,26406.42
SO104505,2023-06-20,C0004,Sonoran Bike Co.,Dealer,Booked,Net 30,Phoenix Distribution Center,36448.56
SO104506,2023-06-20,C0023,Bozeman Bike Works,Dealer,Booked,Net 30,Phoenix Distribution Center,49196.55
SO104507,2023-06-20,C0020,Alpine Ride Co.,Dealer,Booked,Net 30,Phoenix Distribution Center,21693.8
SO104508,2023-06-20,C0019,Front Range Cyclery,Dealer,Booked,Net 30,Phoenix Distribution Center,51325.46
SO104509,2023-06-20,C0014,Redwood Ride Shop,Dealer,Booked,Net 30,Phoenix Distribution Center,11838.9
SO104510,2023-06-20,C0025,Lakeshore Bikes,Dealer,Booked,Net 30,Phoenix Distribution Center,17231.04
SO104511,2023-06-20,C0024,Teton Cycling,Dealer,Booked,Net 30,Phoenix Distribution Center,42112.2
SO104512,2023-06-20,C0018,High Country Bikes,Dealer,Booked,Net 45,Phoenix Distribution Center,19715.94
SO104513,2023-06-20,C0005,Mesa Mountain Bikes,Dealer,Booked,Net 30,Phoenix Distribution Center,12086.75
SO104514,2023-06-20,C0014,Redwood Ride Shop,Dealer,Booked,Net 30,Phoenix Distribution Center,13822.9
SO104515,2023-06-20,C0014,Redwood Ride Shop,Dealer,Booked,Net 30,Phoenix Distribution Center,11528.9
SO104516,2023-06-20,C0013,Pacific Trail Bikes,Dealer,Booked,Net 45,Phoenix Distribution Center,51670.46
SO104517,2023-06-20,C0006,Tucson Trail Works,Dealer,Booked,Net 30,Phoenix Distribution Center,15744.9
SO104518,2023-06-20,C0012,Rain City Cycles,Dealer,Booked,Net 30,Phoenix Distribution Center,25539.8
SO104519,2023-06-20,C0027,Prairie Trail Bikes,Dealer,Booked,Net 30,Phoenix Distribution Center,24980.42
SO104520,2023-06-20,C0034,Green Mountain Bikes,Dealer,Booked,Net 30,Phoenix Distribution Center,32417.94
SO104521,2023-06-20,C0001,Sonoran Cycles Online,DTC,Booked,Credit Card,Phoenix Distribution Center,4599.0
SO104522,2023-06-20,C0001,Sonoran Cycles Online,DTC,Booked,Credit Card,Phoenix Distribution Center,3299.0
SO104523,2023-06-20,C0001,Sonoran Cycles Online,DTC,Booked,Credit Card,Phoenix Distribution Center,3299.0
SO104524,2023-06-20,C0001,Sonoran Cycles Online,DTC,Booked,Credit Card,Phoenix Distribution Center,3499.0
SO104525,2023-06-20,C0001,Sonoran Cycles Online,DTC,Booked,Credit Card,Phoenix Distribution Center,5199.0
SO104526,2023-06-20,C0001,Sonoran Cycles Online,DTC,Booked,Credit Card,Phoenix Distribution Center,4599.0
SO104527,2023-06-20,C0001,Sonoran Cycles Online,DTC,Booked,Credit Card,Phoenix Distribution Center,3299.0
SO104528,2023-06-20,C0001,Sonoran Cycles Online,DTC,Booked,Credit Card,Phoenix Distribution Center,3999.0
SO104529,2023-06-20,C0001,Sonoran Cycles Online,DTC,Booked,Credit Card,Phoenix Distribution Center,4599.0
SO104530,2023-06-20,C0001,Sonoran Cycles Online,DTC,Booked,Credit Card,Phoenix Distribution Center,3299.0
SO104531,2023-06-20,C0001,Sonoran Cycles Online,DTC,Booked,Credit Card,Phoenix Distribution Center,6199.0
SO104532,2023-06-20,C0001,Sonoran Cycles Online,DTC,Booked,Credit Card,Phoenix Distribution Center,3299.0
SO104533,2023-06-21,C0027,Prairie Trail Bikes,Dealer,Booked,Net 30,Phoenix Distribution Center,56532.84
SO104534,2023-06-21,C0018,High Country Bikes,Dealer,Booked,Net 45,Phoenix Distribution Center,15077.1
SO104535,2023-06-21,C0020,Alpine Ride Co.,Dealer,Booked,Net 30,Phoenix Distribution Center,25165.8
SO104536,2023-06-21,C0020,Alpine Ride Co.,Dealer,Booked,Net 30,Phoenix Distribution Center,33533.94
SO104537,2023-06-21,C0026,Great Lakes Cyclery,Dealer,Booked,Net 30,Phoenix Distribution Center,34574.8
SO104538,2023-06-21,C0008,Sedona Ride Center,Dealer,Booked,Net 30,Phoenix Distribution Center,33165.04
SO104539,2023-06-21,C0002,Desert Trail Bikes,Dealer,Booked,Net 45,Phoenix Distribution Center,20643.36
SO104540,2023-06-21,C0023,Bozeman Bike Works,Dealer,Booked,Net 30,Phoenix Distribution Center,25605.45
SO104541,2023-06-21,C0033,Appalachian Bikes,Dealer,Booked,Net 30,Phoenix Distribution Center,44631.32
SO104542,2023-06-21,C0002,Desert Trail Bikes,Dealer,Booked,Net 45,Phoenix Distribution Center,31429.62
SO104543,2023-06-21,C0018,High Country Bikes,Dealer,Booked,Net 45,Phoenix Distribution Center,29690.78
SO104544,2023-06-21,C0002,Desert Trail Bikes,Dealer,Booked,Net 45,Phoenix Distribution Center,31197.62
SO104545,2023-06-21,C0017,Bay Mountain Bikes,Dealer,Booked,Net 30,Phoenix Distribution Center,45003.94
SO104546,2023-06-21,C0019,Front Range Cyclery,Dealer,Booked,Net 30,Phoenix Distribution Center,53000.7
SO104547,2023-06-21,C0019,Front Range Cyclery,Dealer,Booked,Net 30,Phoenix Distribution Center,26344.42
SO104548,2023-06-21,C0021,Rocky Peak Cycles,Dealer,Booked,Net 30,Phoenix Distribution Center,56541.55
SO104549,2023-06-21,C0025,Lakeshore Bikes,Dealer,Booked,Net 30,Phoenix Distribution Center,36012.7
SO104550,2023-06-21,C0024,Teton Cycling,Dealer,Booked,Net 30,Phoenix Distribution Center,6368.7
SO104551,2023-06-21,C0008,Sedona Ride Center,Dealer,Booked,Net 30,Phoenix Distribution Center,26965.04
SO104552,2023-06-21,C0013,Pacific Trail Bikes,Dealer,Booked,Net 45,Phoenix Distribution Center,11366.26
SO104553,2023-06-21,C0030,Blue Ridge Cycles,Dealer,Booked,Net 30,Phoenix Distribution Center,14380.9
SO104554,2023-06-21,C0008,Sedona Ride Center,Dealer,Booked,Net 30,Phoenix Distribution Center,42215.18
SO104555,2023-06-21,C0009,Las Cruces Cycling,Dealer,Booked,Net 30,Phoenix Distribution Center,27749.15
SO104556,2023-06-21,C0010,Evergreen Cyclery,Dealer,Booked,Net 45,Phoenix Distribution Center,7364.84
SO104557,2023-06-21,C0019,Front Range Cyclery,Dealer,Booked,Net 30,Phoenix Distribution Center,43267.32
SO104558,2023-06-21,C0031,Pisgah Bike Co.,Dealer,Booked,Net 45,Phoenix Distribution Center,16237.1
SO104559,2023-06-21,C0002,Desert Trail Bikes,Dealer,Booked,Net 45,Phoenix Distribution Center,17049.1
SO104560,2023-06-21,C0014,Redwood Ride Shop,Dealer,Booked,Net 30,Phoenix Distribution Center,29693.04
SO104561,2023-06-21,C0006,Tucson Trail Works,Dealer,Booked,Net 30,Phoenix Distribution Center,22068.28
SO104562,2023-06-21,C0027,Prairie Trail Bikes,Dealer,Booked,Net 30,Phoenix Distribution Center,24856.42
SO104563,2023-06-21,C0007,Red Rock Cycles,Dealer,Booked,Net 30,Phoenix Distribution Center,41722.2
SO104564,2023-06-21,C0001,Sonoran Cycles Online,DTC,Booked,Credit Card,Phoenix Distribution Center,6199.0
SO104565,2023-06-21,C0001,Sonoran Cycles Online,DTC,Booked,Credit Card,Phoenix Distribution Center,3999.0
SO104566,2023-06-21,C0001,Sonoran Cycles Online,DTC,Booked,Credit Card,Phoenix Distribution Center,3299.0
SO104567,2023-06-21,C0001,Sonoran Cycles Online,DTC,Booked,Credit Card,Phoenix Distribution Center,3499.0
SO104568,2023-06-21,C0001,Sonoran Cycles Online,DTC,Booked,Credit Card,Phoenix Distribution Center,6199.0
SO104569,2023-06-21,C0001,Sonoran Cycles Online,DTC,Booked,Credit Card,Phoenix Distribution Center,4599.0
SO104570,2023-06-21,C0001,Sonoran Cycles Online,DTC,Booked,Credit Card,Phoenix Distribution Center,4599.0
SO104571,2023-06-21,C0001,Sonoran Cycles Online,DTC,Booked,Credit Card,Phoenix Distribution Center,5199.0
SO104572,2023-06-21,C0001,Sonoran Cycles Online,DTC,Booked,Credit Card,Phoenix Distribution Center,3999.0
SO104573,2023-06-21,C0001,Sonoran Cycles Online,DTC,Booked,Credit Card,Phoenix Distribution Center,4599.0
SO104574,2023-06-21,C0001,Sonoran Cycles Online,DTC,Booked,Credit Card,Phoenix Distribution Center,4599.0
SO104575,2023-06-21,C0001,Sonoran Cycles Online,DTC,Booked,Credit Card,Phoenix Distribution Center,3299.0
SO104576,2023-06-21,C0001,Sonoran Cycles Online,DTC,Booked,Credit Card,Phoenix Distribution Center,9498.0
SO104577,2023-06-21,C0001,Sonoran Cycles Online,DTC,Booked,Credit Card,Phoenix Distribution Center,3299.0
SO104578,2023-06-22,C0027,Prairie Trail Bikes,Dealer,Booked,Net 30,Phoenix Distribution Center,30807.18
SO104579,2023-06-22,C0005,Mesa Mountain Bikes,Dealer,Booked,Net 30,Phoenix Distribution Center,5198.7
SO104580,2023-06-22,C0012,Rain City Cycles,Dealer,Booked,Net 30,Phoenix Distribution Center,36132.85
SO104581,2023-06-22,C0002,Desert Trail Bikes,Dealer,Booked,Net 45,Phoenix Distribution Center,29051.04
SO104582,2023-06-22,C0018,High Country Bikes,Dealer,Booked,Net 45,Phoenix Distribution Center,29458.78
SO104583,2023-06-22,C0030,Blue Ridge Cycles,Dealer,Booked,Net 30,Phoenix Distribution Center,21200.28
SO104584,2023-06-22,C0022,Wasatch Wheel Works,Dealer,Booked,Net 30,Phoenix Distribution Center,24857.04
SO104585,2023-06-22,C0017,Bay Mountain Bikes,Dealer,Booked,Net 30,Phoenix Distribution Center,8554.14
SO104586,2023-06-22,C0033,Appalachian Bikes,Dealer,Booked,Net 30,Phoenix Distribution Center,32481.18
SO104587,2023-06-22,C0030,Blue Ridge Cycles,Dealer,Booked,Net 30,Phoenix Distribution Center,20394.9
SO104588,2023-06-22,C0006,Tucson Trail Works,Dealer,Booked,Net 30,Phoenix Distribution Center,19959.66
SO104589,2023-06-22,C0031,Pisgah Bike Co.,Dealer,Booked,Net 45,Phoenix Distribution Center,49350.46
SO104590,2023-06-22,C0018,High Country Bikes,Dealer,Booked,Net 45,Phoenix Distribution Center,12061.68
SO104591,2023-06-22,C0004,Sonoran Bike Co.,Dealer,Booked,Net 30,Phoenix Distribution Center,47607.32
SO104592,2023-06-22,C0015,Sierra Cycle Works,Dealer,Booked,Net 30,Phoenix Distribution Center,22190.42
SO104593,2023-06-22,C0015,Sierra Cycle Works,Dealer,Booked,Net 30,Phoenix Distribution Center,12149.52
SO104594,2023-06-22,C0006,Tucson Trail Works,Dealer,Booked,Net 30,Phoenix Distribution Center,21075.66
SO104595,2023-06-22,C0010,Evergreen Cyclery,Dealer,Booked,Net 45,Phoenix Distribution Center,25397.04
SO104596,2023-06-22,C0012,Rain City Cycles,Dealer,Booked,Net 30,Phoenix Distribution Center,47052.2
SO104597,2023-06-22,C0003,Cactus Cycling,Dealer,Booked,Net 30,Phoenix Distribution Center,9111.52
SO104598,2023-06-22,C0018,High Country Bikes,Dealer,Booked,Net 45,Phoenix Distribution Center,56364.98
SO104599,2023-06-22,C0021,Rocky Peak Cycles,Dealer,Booked,Net 30,Phoenix Distribution Center,19755.45
SO104600,2023-06-22,C0020,Alpine Ride Co.,Dealer,Booked,Net 30,Phoenix Distribution Center,17355.66
SO104601,2023-06-22,C0017,Bay Mountain Bikes,Dealer,Booked,Net 30,Phoenix Distribution Center,37937.18
SO104602,2023-06-22,C0030,Blue Ridge Cycles,Dealer,Booked,Net 30,Phoenix Distribution Center,44879.32
SO104603,2023-06-22,C0001,Sonoran Cycles Online,DTC,Booked,Credit Card,Phoenix Distribution Center,4599.0
SO104604,2023-06-22,C0001,Sonoran Cycles Online,DTC,Booked,Credit Card,Phoenix Distribution Center,4599.0
SO104605,2023-06-22,C0001,Sonoran Cycles Online,DTC,Booked,Credit Card,Phoenix Distribution Center,3499.0
SO104606,2023-06-22,C0001,Sonoran Cycles Online,DTC,Booked,Credit Card,Phoenix Distribution Center,4599.0
SO104607,2023-06-22,C0001,Sonoran Cycles Online,DTC,Booked,Credit Card,Phoenix Distribution Center,5199.0
SO104608,2023-06-22,C0001,Sonoran Cycles Online,DTC,Booked,Credit Card,Phoenix Distribution Center,3499.0
SO104609,2023-06-22,C0001,Sonoran Cycles Online,DTC,Booked,Credit Card,Phoenix Distribution Center,4599.0
SO104610,2023-06-22,C0001,Sonoran Cycles Online,DTC,Booked,Credit Card,Phoenix Distribution Center,5199.0
SO104611,2023-06-22,C0001,Sonoran Cycles Online,DTC,Booked,Credit Card,Phoenix Distribution Center,3299.0
SO104612,2023-06-22,C0001,Sonoran Cycles Online,DTC,Booked,Credit Card,Phoenix Distribution Center,3299.0
SO104613,2023-06-22,C0001,Sonoran Cycles Online,DTC,Booked,Credit Card,Phoenix Distribution Center,4599.0
SO104614,2023-06-22,C0001,Sonoran Cycles Online,DTC,Booked,Credit Card,Phoenix Distribution Center,3499.0
SO104615,2023-06-22,C0001,Sonoran Cycles Online,DTC,Booked,Credit Card,Phoenix Distribution Center,12698.0
SO104616,2023-06-23,C0018,High Country Bikes,Dealer,Booked,Net 45,Phoenix Distribution Center,41752.46
SO104617,2023-06-23,C0006,Tucson Trail Works,Dealer,Booked,Net 30,Phoenix Distribution Center,30745.18
SO104618,2023-06-23,C0003,Cactus Cycling,Dealer,Booked,Net 30,Phoenix Distribution Center,12893.52
SO104619,2023-06-23,C0026,Great Lakes Cyclery,Dealer,Booked,Net 30,Phoenix Distribution Center,17415.45
SO104620,2023-06-23,C0008,Sedona Ride Center,Dealer,Booked,Net 30,Phoenix Distribution Center,53374.56
SO104621,2023-06-23,C0034,Green Mountain Bikes,Dealer,Booked,Net 30,Phoenix Distribution Center,10660.9
SO104622,2023-06-23,C0034,Green Mountain Bikes,Dealer,Booked,Net 30,Phoenix Distribution Center,18533.04
SO104623,2023-06-23,C0027,Prairie Trail Bikes,Dealer,Booked,Net 30,Phoenix Distribution Center,26035.04
SO104624,2023-06-23,C0004,Sonoran Bike Co.,Dealer,Booked,Net 30,Phoenix Distribution Center,32605.8
SO104625,2023-06-23,C0014,Redwood Ride Shop,Dealer,Booked,Net 30,Phoenix Distribution Center,32047.18
SO104626,2023-06-23,C0035,Adirondack Cycles,Dealer,Booked,Net 30,Phoenix Distribution Center,43930.9
SO104627,2023-06-23,C0024,Teton Cycling,Dealer,Booked,Net 30,Phoenix Distribution Center,26774.15
SO104628,2023-06-23,C0032,Southern Singletrack,Dealer,Booked,Net 30,Phoenix Distribution Center,10398.05
SO104629,2023-06-23,C0008,Sedona Ride Center,Dealer,Booked,Net 30,Phoenix Distribution Center,50337.18
SO104630,2023-06-23,C0029,River Bend Bikes,Dealer,Booked,Net 30,Phoenix Distribution Center,22355.45
SO104631,2023-06-23,C0029,River Bend Bikes,Dealer,Booked,Net 30,Phoenix Distribution Center,31974.15
SO104632,2023-06-23,C0013,Pacific Trail Bikes,Dealer,Booked,Net 45,Phoenix Distribution Center,12294.26
SO104633,2023-06-23,C0027,Prairie Trail Bikes,Dealer,Booked,Net 30,Phoenix Distribution Center,19340.28
SO104634,2023-06-23,C0023,Bozeman Bike Works,Dealer,Booked,Net 30,Phoenix Distribution Center,58490.25
SO104635,2023-06-23,C0035,Adirondack Cycles,Dealer,Booked,Net 30,Phoenix Distribution Center,28464.15
SO104636,2023-06-23,C0014,Redwood Ride Shop,Dealer,Booked,Net 30,Phoenix Distribution Center,32604.56
SO104637,2023-06-23,C0010,Evergreen Cyclery,Dealer,Booked,Net 45,Phoenix Distribution Center,14205.94
SO104638,2023-06-23,C0010,Evergreen Cyclery,Dealer,Booked,Net 45,Phoenix Distribution Center,35602.72
SO104639,2023-06-23,C0002,Desert Trail Bikes,Dealer,Booked,Net 45,Phoenix Distribution Center,18671.94
SO104640,2023-06-23,C0001,Sonoran Cycles Online,DTC,Booked,Credit Card,Phoenix Distribution Center,4599.0
SO104641,2023-06-23,C0001,Sonoran Cycles Online,DTC,Booked,Credit Card,Phoenix Distribution Center,4599.0
SO104642,2023-06-23,C0001,Sonoran Cycles Online,DTC,Booked,Credit Card,Phoenix Distribution Center,5199.0
SO104643,2023-06-23,C0001,Sonoran Cycles Online,DTC,Booked,Credit Card,Phoenix Distribution Center,4599.0
SO104644,2023-06-23,C0001,Sonoran Cycles Online,DTC,Booked,Credit Card,Phoenix Distribution Center,4599.0
SO104645,2023-06-23,C0001,Sonoran Cycles Online,DTC,Booked,Credit Card,Phoenix Distribution Center,3299.0
SO104646,2023-06-23,C0001,Sonoran Cycles Online,DTC,Booked,Credit Card,Phoenix Distribution Center,5199.0
SO104647,2023-06-23,C0001,Sonoran Cycles Online,DTC,Booked,Credit Card,Phoenix Distribution Center,6199.0
SO104648,2023-06-23,C0001,Sonoran Cycles Online,DTC,Booked,Credit Card,Phoenix Distribution Center,3299.0
SO104649,2023-06-23,C0001,Sonoran Cycles Online,DTC,Booked,Credit Card,Phoenix Distribution Center,5199.0
SO104650,2023-06-23,C0001,Sonoran Cycles Online,DTC,Booked,Credit Card,Phoenix Distribution Center,5199.0
SO104651,2023-06-23,C0001,Sonoran Cycles Online,DTC,Booked,Credit Card,Phoenix Distribution Center,3299.0
SO104652,2023-06-23,C0001,Sonoran Cycles Online,DTC,Booked,Credit Card,Phoenix Distribution Center,11398.0
SO104653,2023-06-23,C0001,Sonoran Cycles Online,DTC,Booked,Credit Card,Phoenix Distribution Center,3499.0
SO104654,2023-06-23,C0001,Sonoran Cycles Online,DTC,Booked,Credit Card,Phoenix Distribution Center,4599.0
SO104655,2023-06-24,C0002,Desert Trail Bikes,Dealer,Booked,Net 45,Phoenix Distribution Center,22035.36
SO104656,2023-06-24,C0011,Cascade Bikes,Dealer,Booked,Net 30,Phoenix Distribution Center,11777.52
SO104657,2023-06-24,C0033,Appalachian Bikes,Dealer,Booked,Net 30,Phoenix Distribution Center,29754.42
SO104658,2023-06-24,C0030,Blue Ridge Cycles,Dealer,Booked,Net 30,Phoenix Distribution Center,21075.66
SO104659,2023-06-24,C0018,High Country Bikes,Dealer,Booked,Net 45,Phoenix Distribution Center,28298.78
SO104660,2023-06-24,C0008,Sedona Ride Center,Dealer,Booked,Net 30,Phoenix Distribution Center,16985.52
SO104661,2023-06-24,C0020,Alpine Ride Co.,Dealer,Booked,Net 30,Phoenix Distribution Center,11900.9
SO104662,2023-06-24,C0001,Sonoran Cycles Online,DTC,Booked,Credit Card,Phoenix Distribution Center,5199.0
SO104663,2023-06-24,C0001,Sonoran Cycles Online,DTC,Booked,Credit Card,Phoenix Distribution Center,4599.0
SO104664,2023-06-24,C0001,Sonoran Cycles Online,DTC,Booked,Credit Card,Phoenix Distribution Center,8498.0
SO104665,2023-06-24,C0001,Sonoran Cycles Online,DTC,Booked,Credit Card,Phoenix Distribution Center,4599.0
SO104666,2023-06-24,C0001,Sonoran Cycles Online,DTC,Booked,Credit Card,Phoenix Distribution Center,5199.0
SO104667,2023-06-24,C0001,Sonoran Cycles Online,DTC,Booked,Credit Card,Phoenix Distribution Center,4599.0
SO104668,2023-06-24,C0001,Sonoran Cycles Online,DTC,Booked,Credit Card,Phoenix Distribution Center,4599.0
SO104669,2023-06-24,C0001,Sonoran Cycles Online,DTC,Booked,Credit Card,Phoenix Distribution Center,3499.0
SO104670,2023-06-24,C0001,Sonoran Cycles Online,DTC,Booked,Credit Card,Phoenix Distribution Center,5199.0
SO104671,2023-06-24,C0001,Sonoran Cycles Online,DTC,Booked,Credit Card,Phoenix Distribution Center,14998.0
SO104672,2023-06-24,C0001,Sonoran Cycles Online,DTC,Booked,Credit Card,Phoenix Distribution Center,6199.0
SO104673,2023-06-24,C0001,Sonoran Cycles Online,DTC,Booked,Credit Card,Phoenix Distribution Center,4599.0
SO104674,2023-06-24,C0001,Sonoran Cycles Online,DTC,Booked,Credit Card,Phoenix Distribution Center,4599.0
SO104675,2023-06-24,C0001,Sonoran Cycles Online,DTC,Booked,Credit Card,Phoenix Distribution Center,6199.0
SO104676,2023-06-24,C0001,Sonoran Cycles Online,DTC,Booked,Credit Card,Phoenix Distribution Center,4599.0
SO104677,2023-06-24,C0001,Sonoran Cycles Online,DTC,Booked,Credit Card,Phoenix Distribution Center,12098.0
SO104678,2023-06-24,C0001,Sonoran Cycles Online,DTC,Booked,Credit Card,Phoenix Distribution Center,6199.0
SO104679,2023-06-24,C0001,Sonoran Cycles Online,DTC,Booked,Credit Card,Phoenix Distribution Center,12098.0
SO104680,2023-06-24,C0001,Sonoran Cycles Online,DTC,Booked,Credit Card,Phoenix Distribution Center,5199.0
SO104681,2023-06-24,C0001,Sonoran Cycles Online,DTC,Booked,Credit Card,Phoenix Distribution Center,6199.0
SO104682,2023-06-24,C0001,Sonoran Cycles Online,DTC,Booked,Credit Card,Phoenix Distribution Center,3499.0
SO104683,2023-06-25,C0002,Desert Trail Bikes,Dealer,Booked,Net 45,Phoenix Distribution Center,15541.1
SO104684,2023-06-25,C0023,Bozeman Bike Works,Dealer,Booked,Net 30,Phoenix Distribution Center,52510.9
SO104685,2023-06-25,C0001,Sonoran Cycles Online,DTC,Booked,Credit Card,Phoenix Distribution Center,9798.0
SO104686,2023-06-25,C0001,Sonoran Cycles Online,DTC,Booked,Credit Card,Phoenix Distribution Center,6199.0
SO104687,2023-06-25,C0001,Sonoran Cycles Online,DTC,Booked,Credit Card,Phoenix Distribution Center,5199.0
SO104688,2023-06-25,C0001,Sonoran Cycles Online,DTC,Booked,Credit Card,Phoenix Distribution Center,5199.0
SO104689,2023-06-25,C0001,Sonoran Cycles Online,DTC,Booked,Credit Card,Phoenix Distribution Center,5199.0
SO104690,2023-06-25,C0001,Sonoran Cycles Online,DTC,Booked,Credit Card,Phoenix Distribution Center,3299.0
SO104691,2023-06-25,C0001,Sonoran Cycles Online,DTC,Booked,Credit Card,Phoenix Distribution Center,10398.0
SO104692,2023-06-25,C0001,Sonoran Cycles Online,DTC,Booked,Credit Card,Phoenix Distribution Center,5199.0
SO104693,2023-06-25,C0001,Sonoran Cycles Online,DTC,Booked,Credit Card,Phoenix Distribution Center,9198.0
SO104694,2023-06-25,C0001,Sonoran Cycles Online,DTC,Booked,Credit Card,Phoenix Distribution Center,5199.0
SO104695,2023-06-25,C0001,Sonoran Cycles Online,DTC,Booked,Credit Card,Phoenix Distribution Center,10398.0
SO104696,2023-06-25,C0001,Sonoran Cycles Online,DTC,Booked,Credit Card,Phoenix Distribution Center,6199.0
SO104697,2023-06-25,C0001,Sonoran Cycles Online,DTC,Booked,Credit Card,Phoenix Distribution Center,3299.0
SO104698,2023-06-25,C0001,Sonoran Cycles Online,DTC,Booked,Credit Card,Phoenix Distribution Center,5199.0
SO104699,2023-06-25,C0001,Sonoran Cycles Online,DTC,Booked,Credit Card,Phoenix Distribution Center,3999.0
SO104700,2023-06-25,C0001,Sonoran Cycles Online,DTC,Booked,Credit Card,Phoenix Distribution Center,7499.0
SO104701,2023-06-26,C0002,Desert Trail Bikes,Dealer,Booked,Net 45,Phoenix Distribution Center,25399.36
SO104702,2023-06-26,C0032,Southern Singletrack,Dealer,Booked,Net 30,Phoenix Distribution Center,52509.6
SO104703,2023-06-26,C0031,Pisgah Bike Co.,Dealer,Booked,Net 45,Phoenix Distribution Center,9626.26
SO104704,2023-06-26,C0006,Tucson Trail Works,Dealer,Booked,Net 30,Phoenix Distribution Center,43205.32
SO104705,2023-06-26,C0017,Bay Mountain Bikes,Dealer,Booked,Net 30,Phoenix Distribution Center,50210.7
SO104706,2023-06-26,C0033,Appalachian Bikes,Dealer,Booked,Net 30,Phoenix Distribution Center,36325.18
SO104707,2023-06-26,C0013,Pacific Trail Bikes,Dealer,Booked,Net 45,Phoenix Distribution Center,31082.2
SO104708,2023-06-26,C0029,River Bend Bikes,Dealer,Booked,Net 30,Phoenix Distribution Center,25865.45
SO104709,2023-06-26,C0019,Front Range Cyclery,Dealer,Booked,Net 30,Phoenix Distribution Center,30001.8
SO104710,2023-06-26,C0022,Wasatch Wheel Works,Dealer,Booked,Net 30,Phoenix Distribution Center,9670.14
SO104711,2023-06-26,C0020,Alpine Ride Co.,Dealer,Booked,Net 30,Phoenix Distribution Center,14875.66
SO104712,2023-06-26,C0010,Evergreen Cyclery,Dealer,Booked,Net 45,Phoenix Distribution Center,20642.2
SO104713,2023-06-26,C0033,Appalachian Bikes,Dealer,Booked,Net 30,Phoenix Distribution Center,39918.7
SO104714,2023-06-26,C0014,Redwood Ride Shop,Dealer,Booked,Net 30,Phoenix Distribution Center,42893.46
SO104715,2023-06-26,C0033,Appalachian Bikes,Dealer,Booked,Net 30,Phoenix Distribution Center,22191.66
SO104716,2023-06-26,C0015,Sierra Cycle Works,Dealer,Booked,Net 30,Phoenix Distribution Center,20331.66
SO104717,2023-06-26,C0020,Alpine Ride Co.,Dealer,Booked,Net 30,Phoenix Distribution Center,38926.08
SO104718,2023-06-26,C0002,Desert Trail Bikes,Dealer,Booked,Net 45,Phoenix Distribution Center,44883.3
SO104719,2023-06-26,C0032,Southern Singletrack,Dealer,Booked,Net 30,Phoenix Distribution Center,10787.4
SO104720,2023-06-26,C0011,Cascade Bikes,Dealer,Booked,Net 30,Phoenix Distribution Center,14256.9
SO104721,2023-06-26,C0035,Adirondack Cycles,Dealer,Booked,Net 30,Phoenix Distribution Center,9358.05
SO104722,2023-06-26,C0008,Sedona Ride Center,Dealer,Booked,Net 30,Phoenix Distribution Center,18844.28
SO104723,2023-06-26,C0008,Sedona Ride Center,Dealer,Booked,Net 30,Phoenix Distribution Center,46865.18
SO104724,2023-06-26,C0002,Desert Trail Bikes,Dealer,Booked,Net 45,Phoenix Distribution Center,25224.78
SO104725,2023-06-26,C0031,Pisgah Bike Co.,Dealer,Booked,Net 45,Phoenix Distribution Center,5682.84
SO104726,2023-06-26,C0018,High Country Bikes,Dealer,Booked,Net 45,Phoenix Distribution Center,28762.2
SO104727,2023-06-26,C0010,Evergreen Cyclery,Dealer,Booked,Net 45,Phoenix Distribution Center,7653.68
SO104728,2023-06-26,C0022,Wasatch Wheel Works,Dealer,Booked,Net 30,Phoenix Distribution Center,12521.52
SO104729,2023-06-26,C0001,Sonoran Cycles Online,DTC,Booked,Credit Card,Phoenix Distribution Center,3299.0
SO104730,2023-06-26,C0001,Sonoran Cycles Online,DTC,Booked,Credit Card,Phoenix Distribution Center,3299.0
SO104731,2023-06-26,C0001,Sonoran Cycles Online,DTC,Booked,Credit Card,Phoenix Distribution Center,4599.0
SO104732,2023-06-26,C0001,Sonoran Cycles Online,DTC,Booked,Credit Card,Phoenix Distribution Center,4599.0
SO104733,2023-06-26,C0001,Sonoran Cycles Online,DTC,Booked,Credit Card,Phoenix Distribution Center,4599.0
SO104734,2023-06-26,C0001,Sonoran Cycles Online,DTC,Booked,Credit Card,Phoenix Distribution Center,4599.0
SO104735,2023-06-26,C0001,Sonoran Cycles Online,DTC,Booked,Credit Card,Phoenix Distribution Center,3299.0
SO104736,2023-06-26,C0001,Sonoran Cycles Online,DTC,Booked,Credit Card,Phoenix Distribution Center,5199.0
SO104737,2023-06-26,C0001,Sonoran Cycles Online,DTC,Booked,Credit Card,Phoenix Distribution Center,5199.0
SO104738,2023-06-26,C0001,Sonoran Cycles Online,DTC,Booked,Credit Card,Phoenix Distribution Center,3299.0
SO104739,2023-06-26,C0001,Sonoran Cycles Online,DTC,Booked,Credit Card,Phoenix Distribution Center,4599.0
SO104740,2023-06-26,C0001,Sonoran Cycles Online,DTC,Booked,Credit Card,Phoenix Distribution Center,3299.0
SO104741,2023-06-27,C0012,Rain City Cycles,Dealer,Booked,Net 30,Phoenix Distribution Center,35224.15
SO104742,2023-06-27,C0007,Red Rock Cycles,Dealer,Booked,Net 30,Phoenix Distribution Center,16116.75
SO104743,2023-06-27,C0033,Appalachian Bikes,Dealer,Booked,Net 30,Phoenix Distribution Center,38928.56
SO104744,2023-06-27,C0013,Pacific Trail Bikes,Dealer,Booked,Net 45,Phoenix Distribution Center,21572.52
SO104745,2023-06-27,C0014,Redwood Ride Shop,Dealer,Booked,Net 30,Phoenix Distribution Center,7934.14
SO104746,2023-06-27,C0008,Sedona Ride Center,Dealer,Booked,Net 30,Phoenix Distribution Center,22688.28
SO104747,2023-06-27,C0002,Desert Trail Bikes,Dealer,Booked,Net 45,Phoenix Distribution Center,40939.88
SO104748,2023-06-27,C0036,Pine Tree Bicycles,Dealer,Booked,Net 30,Phoenix Distribution Center,26382.85
SO104749,2023-06-27,C0031,Pisgah Bike Co.,Dealer,Booked,Net 45,Phoenix Distribution Center,54278.14
SO104750,2023-06-27,C0004,Sonoran Bike Co.,Dealer,Booked,Net 30,Phoenix Distribution Center,38681.18
SO104751,2023-06-27,C0027,Prairie Trail Bikes,Dealer,Booked,Net 30,Phoenix Distribution Center,38555.32
SO104752,2023-06-27,C0017,Bay Mountain Bikes,Dealer,Booked,Net 30,Phoenix Distribution Center,54054.08
SO104753,2023-06-27,C0031,Pisgah Bike Co.,Dealer,Booked,Net 45,Phoenix Distribution Center,10786.26
SO104754,2023-06-27,C0019,Front Range Cyclery,Dealer,Booked,Net 30,Phoenix Distribution Center,15745.52
SO104755,2023-06-27,C0004,Sonoran Bike Co.,Dealer,Booked,Net 30,Phoenix Distribution Center,11777.52
SO104756,2023-06-27,C0009,Las Cruces Cycling,Dealer,Booked,Net 30,Phoenix Distribution Center,23069.15
SO104757,2023-06-27,C0033,Appalachian Bikes,Dealer,Booked,Net 30,Phoenix Distribution Center,43266.08
SO104758,2023-06-27,C0034,Green Mountain Bikes,Dealer,Booked,Net 30,Phoenix Distribution Center,16921.66
SO104759,2023-06-27,C0014,Redwood Ride Shop,Dealer,Booked,Net 30,Phoenix Distribution Center,26717.66
SO104760,2023-06-27,C0019,Front Range Cyclery,Dealer,Booked,Net 30,Phoenix Distribution Center,9546.14
SO104761,2023-06-27,C0018,High Country Bikes,Dealer,Booked,Net 45,Phoenix Distribution Center,27602.78
SO104762,2023-06-27,C0003,Cactus Cycling,Dealer,Booked,Net 30,Phoenix Distribution Center,30249.18
SO104763,2023-06-27,C0017,Bay Mountain Bikes,Dealer,Booked,Net 30,Phoenix Distribution Center,26159.04
SO104764,2023-06-27,C0002,Desert Trail Bikes,Dealer,Booked,Net 45,Phoenix Distribution Center,26674.2
SO104765,2023-06-27,C0025,Lakeshore Bikes,Dealer,Booked,Net 30,Phoenix Distribution Center,19215.66
SO104766,2023-06-27,C0032,Southern Singletrack,Dealer,Booked,Net 30,Phoenix Distribution Center,15077.4
SO104767,2023-06-27,C0032,Southern Singletrack,Dealer,Booked,Net 30,Phoenix Distribution Center,32884.8
SO104768,2023-06-27,C0001,Sonoran Cycles Online,DTC,Booked,Credit Card,Phoenix Distribution Center,3299.0
SO104769,2023-06-27,C0001,Sonoran Cycles Online,DTC,Booked,Credit Card,Phoenix Distribution Center,6199.0
SO104770,2023-06-27,C0001,Sonoran Cycles Online,DTC,Booked,Credit Card,Phoenix Distribution Center,4599.0
SO104771,2023-06-27,C0001,Sonoran Cycles Online,DTC,Booked,Credit Card,Phoenix Distribution Center,6199.0
SO104772,2023-06-27,C0001,Sonoran Cycles Online,DTC,Booked,Credit Card,Phoenix Distribution Center,4599.0
SO104773,2023-06-27,C0001,Sonoran Cycles Online,DTC,Booked,Credit Card,Phoenix Distribution Center,4599.0
SO104774,2023-06-27,C0001,Sonoran Cycles Online,DTC,Booked,Credit Card,Phoenix Distribution Center,3999.0
SO104775,2023-06-27,C0001,Sonoran Cycles Online,DTC,Booked,Credit Card,Phoenix Distribution Center,3299.0
SO104776,2023-06-27,C0001,Sonoran Cycles Online,DTC,Booked,Credit Card,Phoenix Distribution Center,3299.0
SO104777,2023-06-27,C0001,Sonoran Cycles Online,DTC,Booked,Credit Card,Phoenix Distribution Center,5199.0
SO104778,2023-06-27,C0001,Sonoran Cycles Online,DTC,Booked,Credit Card,Phoenix Distribution Center,3999.0
SO104779,2023-06-27,C0001,Sonoran Cycles Online,DTC,Booked,Credit Card,Phoenix Distribution Center,7499.0
SO104780,2023-06-27,C0001,Sonoran Cycles Online,DTC,Booked,Credit Card,Phoenix Distribution Center,6199.0
SO104781,2023-06-28,C0028,Windy City Cycles,Dealer,Booked,Net 30,Phoenix Distribution Center,19106.1
SO104782,2023-06-28,C0002,Desert Trail Bikes,Dealer,Booked,Net 45,Phoenix Distribution Center,9046.26
SO104783,2023-06-28,C0014,Redwood Ride Shop,Dealer,Booked,Net 30,Phoenix Distribution Center,54302.08
SO104784,2023-06-28,C0025,Lakeshore Bikes,Dealer,Booked,Net 30,Phoenix Distribution Center,8181.52
SO104785,2023-06-28,C0018,High Country Bikes,Dealer,Booked,Net 45,Phoenix Distribution Center,9104.26
SO104786,2023-06-28,C0024,Teton Cycling,Dealer,Booked,Net 30,Phoenix Distribution Center,20536.1
SO104787,2023-06-28,C0027,Prairie Trail Bikes,Dealer,Booked,Net 30,Phoenix Distribution Center,34713.18
SO104788,2023-06-28,C0022,Wasatch Wheel Works,Dealer,Booked,Net 30,Phoenix Distribution Center,12149.52
SO104789,2023-06-28,C0002,Desert Trail Bikes,Dealer,Booked,Net 45,Phoenix Distribution Center,26906.78
SO104790,2023-06-28,C0007,Red Rock Cycles,Dealer,Booked,Net 30,Phoenix Distribution Center,39902.2
SO104791,2023-06-28,C0020,Alpine Ride Co.,Dealer,Booked,Net 30,Phoenix Distribution Center,33347.94
SO104792,2023-06-28,C0006,Tucson Trail Works,Dealer,Booked,Net 30,Phoenix Distribution Center,15000.9
SO104793,2023-06-28,C0031,Pisgah Bike Co.,Dealer,Booked,Net 45,Phoenix Distribution Center,14381.1
SO104794,2023-06-28,C0018,High Country Bikes,Dealer,Booked,Net 45,Phoenix Distribution Center,40245.04
SO104795,2023-06-28,C0021,Rocky Peak Cycles,Dealer,Booked,Net 30,Phoenix Distribution Center,16116.75
SO104796,2023-06-28,C0007,Red Rock Cycles,Dealer,Booked,Net 30,Phoenix Distribution Center,11438.05
SO104797,2023-06-28,C0034,Green Mountain Bikes,Dealer,Booked,Net 30,Phoenix Distribution Center,25785.18
SO104798,2023-06-28,C0004,Sonoran Bike Co.,Dealer,Booked,Net 30,Phoenix Distribution Center,30747.04
SO104799,2023-06-28,C0025,Lakeshore Bikes,Dealer,Booked,Net 30,Phoenix Distribution Center,29443.18
SO104800,2023-06-28,C0014,Redwood Ride Shop,Dealer,Booked,Net 30,Phoenix Distribution Center,17231.66
SO104801,2023-06-28,C0002,Desert Trail Bikes,Dealer,Booked,Net 45,Phoenix Distribution Center,26267.62
SO104802,2023-06-28,C0028,Windy City Cycles,Dealer,Booked,Net 30,Phoenix Distribution Center,20925.45
SO104803,2023-06-28,C0019,Front Range Cyclery,Dealer,Booked,Net 30,Phoenix Distribution Center,25167.04
SO104804,2023-06-28,C0030,Blue Ridge Cycles,Dealer,Booked,Net 30,Phoenix Distribution Center,16302.28
SO104805,2023-06-28,C0027,Prairie Trail Bikes,Dealer,Booked,Net 30,Phoenix Distribution Center,74572.98
SO104806,2023-06-28,C0012,Rain City Cycles,Dealer,Booked,Net 30,Phoenix Distribution Center,40550.9
SO104807,2023-06-28,C0026,Great Lakes Cyclery,Dealer,Booked,Net 30,Phoenix Distribution Center,22095.45
SO104808,2023-06-28,C0031,Pisgah Bike Co.,Dealer,Booked,Net 45,Phoenix Distribution Center,34214.2
SO104809,2023-06-28,C0004,Sonoran Bike Co.,Dealer,Booked,Net 30,Phoenix Distribution Center,40788.56
SO104810,2023-06-28,C0015,Sierra Cycle Works,Dealer,Booked,Net 30,Phoenix Distribution Center,22625.66
SO104811,2023-06-28,C0028,Windy City Cycles,Dealer,Booked,Net 30,Phoenix Distribution Center,31192.85
SO104812,2023-06-28,C0001,Sonoran Cycles Online,DTC,Booked,Credit Card,Phoenix Distribution Center,3299.0
SO104813,2023-06-28,C0001,Sonoran Cycles Online,DTC,Booked,Credit Card,Phoenix Distribution Center,7499.0
SO104814,2023-06-28,C0001,Sonoran Cycles Online,DTC,Booked,Credit Card,Phoenix Distribution Center,3299.0
SO104815,2023-06-28,C0001,Sonoran Cycles Online,DTC,Booked,Credit Card,Phoenix Distribution Center,3299.0
SO104816,2023-06-28,C0001,Sonoran Cycles Online,DTC,Booked,Credit Card,Phoenix Distribution Center,4599.0
SO104817,2023-06-28,C0001,Sonoran Cycles Online,DTC,Booked,Credit Card,Phoenix Distribution Center,5199.0
SO104818,2023-06-28,C0001,Sonoran Cycles Online,DTC,Booked,Credit Card,Phoenix Distribution Center,3299.0
SO104819,2023-06-28,C0001,Sonoran Cycles Online,DTC,Booked,Credit Card,Phoenix Distribution Center,3299.0
SO104820,2023-06-28,C0001,Sonoran Cycles Online,DTC,Booked,Credit Card,Phoenix Distribution Center,6199.0
SO104821,2023-06-28,C0001,Sonoran Cycles Online,DTC,Booked,Credit Card,Phoenix Distribution Center,5199.0
SO104822,2023-06-28,C0001,Sonoran Cycles Online,DTC,Booked,Credit Card,Phoenix Distribution Center,7298.0
SO104823,2023-06-28,C0001,Sonoran Cycles Online,DTC,Booked,Credit Card,Phoenix Distribution Center,6199.0
SO104824,2023-06-28,C0001,Sonoran Cycles Online,DTC,Booked,Credit Card,Phoenix Distribution Center,7499.0
SO104825,2023-06-29,C0026,Great Lakes Cyclery,Dealer,Booked,Net 30,Phoenix Distribution Center,9358.05
SO104826,2023-06-29,C0002,Desert Trail Bikes,Dealer,Booked,Net 45,Phoenix Distribution Center,33865.62
SO104827,2023-06-29,C0028,Windy City Cycles,Dealer,Booked,Net 30,Phoenix Distribution Center,18846.75
SO104828,2023-06-29,C0030,Blue Ridge Cycles,Dealer,Booked,Net 30,Phoenix Distribution Center,35829.18
SO104829,2023-06-29,C0017,Bay Mountain Bikes,Dealer,Booked,Net 30,Phoenix Distribution Center,54364.08
SO104830,2023-06-29,C0015,Sierra Cycle Works,Dealer,Booked,Net 30,Phoenix Distribution Center,36821.18
SO104831,2023-06-29,C0024,Teton Cycling,Dealer,Booked,Net 30,Phoenix Distribution Center,35547.2
SO104832,2023-06-29,C0021,Rocky Peak Cycles,Dealer,Booked,Net 30,Phoenix Distribution Center,33403.5
SO104833,2023-06-29,C0027,Prairie Trail Bikes,Dealer,Booked,Net 30,Phoenix Distribution Center,48412.7
SO104834,2023-06-29,C0023,Bozeman Bike Works,Dealer,Booked,Net 30,Phoenix Distribution Center,48352.2
SO104835,2023-06-29,C0036,Pine Tree Bicycles,Dealer,Booked,Net 30,Phoenix Distribution Center,46985.9
SO104836,2023-06-29,C0024,Teton Cycling,Dealer,Booked,Net 30,Phoenix Distribution Center,45943.95
SO104837,2023-06-29,C0010,Evergreen Cyclery,Dealer,Booked,Net 45,Phoenix Distribution Center,20294.78
SO104838,2023-06-29,C0014,Redwood Ride Shop,Dealer,Booked,Net 30,Phoenix Distribution Center,49157.32
SO104839,2023-06-29,C0008,Sedona Ride Center,Dealer,Booked,Net 30,Phoenix Distribution Center,33473.8
SO104840,2023-06-29,C0019,Front Range Cyclery,Dealer,Booked,Net 30,Phoenix Distribution Center,11405.52
SO104841,2023-06-29,C0002,Desert Trail Bikes,Dealer,Booked,Net 45,Phoenix Distribution Center,37460.46
SO104842,2023-06-29,C0030,Blue Ridge Cycles,Dealer,Booked,Net 30,Phoenix Distribution Center,20580.28
SO104843,2023-06-29,C0022,Wasatch Wheel Works,Dealer,Booked,Net 30,Phoenix Distribution Center,39300.56
SO104844,2023-06-29,C0028,Windy City Cycles,Dealer,Booked,Net 30,Phoenix Distribution Center,10138.05
SO104845,2023-06-29,C0002,Desert Trail Bikes,Dealer,Booked,Net 45,Phoenix Distribution Center,38620.46
SO104846,2023-06-29,C0008,Sedona Ride Center,Dealer,Booked,Net 30,Phoenix Distribution Center,21200.28
SO104847,2023-06-29,C0004,Sonoran Bike Co.,Dealer,Booked,Net 30,Phoenix Distribution Center,24732.42
SO104848,2023-06-29,C0008,Sedona Ride Center,Dealer,Booked,Net 30,Phoenix Distribution Center,12336.14
SO104849,2023-06-29,C0012,Rain City Cycles,Dealer,Booked,Net 30,Phoenix Distribution Center,51730.25
SO104850,2023-06-29,C0019,Front Range Cyclery,Dealer,Booked,Net 30,Phoenix Distribution Center,15806.9
SO104851,2023-06-29,C0014,Redwood Ride Shop,Dealer,Booked,Net 30,Phoenix Distribution Center,25849.04
SO104852,2023-06-29,C0025,Lakeshore Bikes,Dealer,Booked,Net 30,Phoenix Distribution Center,27582.56
SO104853,2023-06-29,C0001,Sonoran Cycles Online,DTC,Booked,Credit Card,Phoenix Distribution Center,4599.0
SO104854,2023-06-29,C0001,Sonoran Cycles Online,DTC,Booked,Credit Card,Phoenix Distribution Center,4599.0
SO104855,2023-06-29,C0001,Sonoran Cycles Online,DTC,Booked,Credit Card,Phoenix Distribution Center,6199.0
SO104856,2023-06-29,C0001,Sonoran Cycles Online,DTC,Booked,Credit Card,Phoenix Distribution Center,9198.0
SO104857,2023-06-29,C0001,Sonoran Cycles Online,DTC,Booked,Credit Card,Phoenix Distribution Center,5199.0
SO104858,2023-06-29,C0001,Sonoran Cycles Online,DTC,Booked,Credit Card,Phoenix Distribution Center,4599.0
SO104859,2023-06-29,C0001,Sonoran Cycles Online,DTC,Booked,Credit Card,Phoenix Distribution Center,6199.0
SO104860,2023-06-29,C0001,Sonoran Cycles Online,DTC,Booked,Credit Card,Phoenix Distribution Center,3999.0
SO104861,2023-06-29,C0001,Sonoran Cycles Online,DTC,Booked,Credit Card,Phoenix Distribution Center,4599.0
SO104862,2023-06-29,C0001,Sonoran Cycles Online,DTC,Booked,Credit Card,Phoenix Distribution Center,5199.0
SO104863,2023-06-29,C0001,Sonoran Cycles Online,DTC,Booked,Credit Card,Phoenix Distribution Center,4599.0
SO104864,2023-06-29,C0001,Sonoran Cycles Online,DTC,Booked,Credit Card,Phoenix Distribution Center,3299.0
SO104865,2023-06-29,C0001,Sonoran Cycles Online,DTC,Booked,Credit Card,Phoenix Distribution Center,4599.0
SO104866,2023-06-29,C0001,Sonoran Cycles Online,DTC,Booked,Credit Card,Phoenix Distribution Center,4599.0
SO104867,2023-06-30,C0033,Appalachian Bikes,Dealer,Booked,Net 30,Phoenix Distribution Center,45871.32
SO104868,2023-06-30,C0010,Evergreen Cyclery,Dealer,Booked,Net 45,Phoenix Distribution Center,23136.2
SO104869,2023-06-30,C0032,Southern Singletrack,Dealer,Booked,Net 30,Phoenix Distribution Center,37561.55
SO104870,2023-06-30,C0021,Rocky Peak Cycles,Dealer,Booked,Net 30,Phoenix Distribution Center,6433.05
SO104871,2023-06-30,C0025,Lakeshore Bikes,Dealer,Booked,Net 30,Phoenix Distribution Center,18409.66
SO104872,2023-06-30,C0002,Desert Trail Bikes,Dealer,Booked,Net 45,Phoenix Distribution Center,22035.36
SO104873,2023-06-30,C0033,Appalachian Bikes,Dealer,Booked,Net 30,Phoenix Distribution Center,31490.42
SO104874,2023-06-30,C0022,Wasatch Wheel Works,Dealer,Booked,Net 30,Phoenix Distribution Center,32357.18
SO104875,2023-06-30,C0022,Wasatch Wheel Works,Dealer,Booked,Net 30,Phoenix Distribution Center,9298.14
SO104876,2023-06-30,C0022,Wasatch Wheel Works,Dealer,Booked,Net 30,Phoenix Distribution Center,47110.08
SO104877,2023-06-30,C0008,Sedona Ride Center,Dealer,Booked,Net 30,Phoenix Distribution Center,18782.9
SO104878,2023-06-30,C0022,Wasatch Wheel Works,Dealer,Booked,Net 30,Phoenix Distribution Center,22687.66
SO104879,2023-06-30,C0019,Front Range Cyclery,Dealer,Booked,Net 30,Phoenix Distribution Center,8554.14
SO104880,2023-06-30,C0009,Las Cruces Cycling,Dealer,Booked,Net 30,Phoenix Distribution Center,23655.45
SO104881,2023-06-30,C0015,Sierra Cycle Works,Dealer,Booked,Net 30,Phoenix Distribution Center,24423.66
SO104882,2023-06-30,C0025,Lakeshore Bikes,Dealer,Booked,Net 30,Phoenix Distribution Center,41839.46
SO104883,2023-06-30,C0035,Adirondack Cycles,Dealer,Booked,Net 30,Phoenix Distribution Center,50818.3
SO104884,2023-06-30,C0022,Wasatch Wheel Works,Dealer,Booked,Net 30,Phoenix Distribution Center,8926.14
SO104885,2023-06-30,C0034,Green Mountain Bikes,Dealer,Booked,Net 30,Phoenix Distribution Center,13884.28
SO104886,2023-06-30,C0029,River Bend Bikes,Dealer,Booked,Net 30,Phoenix Distribution Center,21576.1
SO104887,2023-06-30,C0005,Mesa Mountain Bikes,Dealer,Booked,Net 30,Phoenix Distribution Center,21898.5
SO104888,2023-06-30,C0032,Southern Singletrack,Dealer,Booked,Net 30,Phoenix Distribution Center,31973.5
SO104889,2023-06-30,C0010,Evergreen Cyclery,Dealer,Booked,Net 45,Phoenix Distribution Center,11480.52
SO104890,2023-06-30,C0001,Sonoran Cycles Online,DTC,Booked,Credit Card,Phoenix Distribution Center,3299.0
SO104891,2023-06-30,C0001,Sonoran Cycles Online,DTC,Booked,Credit Card,Phoenix Distribution Center,6598.0
SO104892,2023-06-30,C0001,Sonoran Cycles Online,DTC,Booked,Credit Card,Phoenix Distribution Center,9198.0
SO104893,2023-06-30,C0001,Sonoran Cycles Online,DTC,Booked,Credit Card,Phoenix Distribution Center,3299.0
SO104894,2023-06-30,C0001,Sonoran Cycles Online,DTC,Booked,Credit Card,Phoenix Distribution Center,9798.0
SO104895,2023-06-30,C0001,Sonoran Cycles Online,DTC,Booked,Credit Card,Phoenix Distribution Center,7898.0
SO104896,2023-06-30,C0001,Sonoran Cycles Online,DTC,Booked,Credit Card,Phoenix Distribution Center,9198.0
SO104897,2023-06-30,C0001,Sonoran Cycles Online,DTC,Booked,Credit Card,Phoenix Distribution Center,3299.0
SO104898,2023-06-30,C0001,Sonoran Cycles Online,DTC,Booked,Credit Card,Phoenix Distribution Center,4599.0
SO104899,2023-06-30,C0001,Sonoran Cycles Online,DTC,Booked,Credit Card,Phoenix Distribution Center,3299.0
SO104900,2023-06-30,C0001,Sonoran Cycles Online,DTC,Booked,Credit Card,Phoenix Distribution Center,6199.0
SO104901,2023-06-30,C0001,Sonoran Cycles Online,DTC,Booked,Credit Card,Phoenix Distribution Center,4599.0
SO104902,2023-06-30,C0001,Sonoran Cycles Online,DTC,Booked,Credit Card,Phoenix Distribution Center,3299.0
SO104903,2023-06-30,C0001,Sonoran Cycles Online,DTC,Booked,Credit Card,Phoenix Distribution Center,6199.0
SO104904,2023-06-30,C0001,Sonoran Cycles Online,DTC,Booked,Credit Card,Phoenix Distribution Center,6998.0
SO104905,2023-07-01,C0036,Pine Tree Bicycles,Dealer,Booked,Net 30,Phoenix Distribution Center,20404.8
SO104906,2023-07-01,C0033,Appalachian Bikes,Dealer,Booked,Net 30,Phoenix Distribution Center,48473.46
SO104907,2023-07-01,C0019,Front Range Cyclery,Dealer,Booked,Net 30,Phoenix Distribution Center,36943.94
SO104908,2023-07-01,C0004,Sonoran Bike Co.,Dealer,Booked,Net 30,Phoenix Distribution Center,9670.14
SO104909,2023-07-01,C0027,Prairie Trail Bikes,Dealer,Booked,Net 30,Phoenix Distribution Center,40787.94
SO104910,2023-07-01,C0020,Alpine Ride Co.,Dealer,Booked,Net 30,Phoenix Distribution Center,24049.18
SO104911,2023-07-01,C0001,Sonoran Cycles Online,DTC,Booked,Credit Card,Phoenix Distribution Center,9198.0
SO104912,2023-07-01,C0001,Sonoran Cycles Online,DTC,Booked,Credit Card,Phoenix Distribution Center,5199.0
SO104913,2023-07-01,C0001,Sonoran Cycles Online,DTC,Booked,Credit Card,Phoenix Distribution Center,4599.0
SO104914,2023-07-01,C0001,Sonoran Cycles Online,DTC,Booked,Credit Card,Phoenix Distribution Center,4599.0
SO104915,2023-07-01,C0001,Sonoran Cycles Online,DTC,Booked,Credit Card,Phoenix Distribution Center,3299.0
SO104916,2023-07-01,C0001,Sonoran Cycles Online,DTC,Booked,Credit Card,Phoenix Distribution Center,5199.0
SO104917,2023-07-01,C0001,Sonoran Cycles Online,DTC,Booked,Credit Card,Phoenix Distribution Center,7998.0
SO104918,2023-07-01,C0001,Sonoran Cycles Online,DTC,Booked,Credit Card,Phoenix Distribution Center,9198.0
SO104919,2023-07-01,C0001,Sonoran Cycles Online,DTC,Booked,Credit Card,Phoenix Distribution Center,5199.0
SO104920,2023-07-01,C0001,Sonoran Cycles Online,DTC,Booked,Credit Card,Phoenix Distribution Center,4599.0
SO104921,2023-07-01,C0001,Sonoran Cycles Online,DTC,Booked,Credit Card,Phoenix Distribution Center,4599.0
SO104922,2023-07-01,C0001,Sonoran Cycles Online,DTC,Booked,Credit Card,Phoenix Distribution Center,3499.0
SO104923,2023-07-01,C0001,Sonoran Cycles Online,DTC,Booked,Credit Card,Phoenix Distribution Center,7499.0
SO104924,2023-07-01,C0001,Sonoran Cycles Online,DTC,Booked,Credit Card,Phoenix Distribution Center,6199.0
SO104925,2023-07-01,C0001,Sonoran Cycles Online,DTC,Booked,Credit Card,Phoenix Distribution Center,5199.0
SO104926,2023-07-01,C0001,Sonoran Cycles Online,DTC,Booked,Credit Card,Phoenix Distribution Center,3299.0
SO104927,2023-07-01,C0001,Sonoran Cycles Online,DTC,Booked,Credit Card,Phoenix Distribution Center,5199.0
SO104928,2023-07-01,C0001,Sonoran Cycles Online,DTC,Booked,Credit Card,Phoenix Distribution Center,3299.0
SO104929,2023-07-01,C0001,Sonoran Cycles Online,DTC,Booked,Credit Card,Phoenix Distribution Center,4599.0
SO104930,2023-07-02,C0010,Evergreen Cyclery,Dealer,Booked,Net 45,Phoenix Distribution Center,28530.2
SO104931,2023-07-02,C0036,Pine Tree Bicycles,Dealer,Booked,Net 30,Phoenix Distribution Center,17999.8
SO104932,2023-07-02,C0001,Sonoran Cycles Online,DTC,Booked,Credit Card,Phoenix Distribution Center,4599.0
SO104933,2023-07-02,C0001,Sonoran Cycles Online,DTC,Booked,Credit Card,Phoenix Distribution Center,5199.0
SO104934,2023-07-02,C0001,Sonoran Cycles Online,DTC,Booked,Credit Card,Phoenix Distribution Center,3299.0
SO104935,2023-07-02,C0001,Sonoran Cycles Online,DTC,Booked,Credit Card,Phoenix Distribution Center,7499.0
SO104936,2023-07-02,C0001,Sonoran Cycles Online,DTC,Booked,Credit Card,Phoenix Distribution Center,4599.0
SO104937,2023-07-02,C0001,Sonoran Cycles Online,DTC,Booked,Credit Card,Phoenix Distribution Center,3299.0
SO104938,2023-07-02,C0001,Sonoran Cycles Online,DTC,Booked,Credit Card,Phoenix Distribution Center,6199.0
SO104939,2023-07-02,C0001,Sonoran Cycles Online,DTC,Booked,Credit Card,Phoenix Distribution Center,5199.0
SO104940,2023-07-02,C0001,Sonoran Cycles Online,DTC,Booked,Credit Card,Phoenix Distribution Center,3499.0
SO104941,2023-07-02,C0001,Sonoran Cycles Online,DTC,Booked,Credit Card,Phoenix Distribution Center,7499.0
SO104942,2023-07-02,C0001,Sonoran Cycles Online,DTC,Booked,Credit Card,Phoenix Distribution Center,3999.0
SO104943,2023-07-02,C0001,Sonoran Cycles Online,DTC,Booked,Credit Card,Phoenix Distribution Center,3499.0
SO104944,2023-07-02,C0001,Sonoran Cycles Online,DTC,Booked,Credit Card,Phoenix Distribution Center,4599.0
SO104945,2023-07-02,C0001,Sonoran Cycles Online,DTC,Booked,Credit Card,Phoenix Distribution Center,3499.0
SO104946,2023-07-02,C0001,Sonoran Cycles Online,DTC,Booked,Credit Card,Phoenix Distribution Center,4599.0
SO104947,2023-07-03,C0035,Adirondack Cycles,Dealer,Booked,Net 30,Phoenix Distribution Center,33923.5
SO104948,2023-07-03,C0025,Lakeshore Bikes,Dealer,Booked,Net 30,Phoenix Distribution Center,13574.28
SO104949,2023-07-03,C0015,Sierra Cycle Works,Dealer,Booked,Net 30,Phoenix Distribution Center,12149.52
SO104950,2023-07-03,C0018,High Country Bikes,Dealer,Booked,Net 45,Phoenix Distribution Center,16237.1
SO104951,2023-07-03,C0013,Pacific Trail Bikes,Dealer,Booked,Net 45,Phoenix Distribution Center,43377.04
SO104952,2023-07-03,C0009,Las Cruces Cycling,Dealer,Booked,Net 30,Phoenix Distribution Center,27424.15
SO104953,2023-07-03,C0024,Teton Cycling,Dealer,Booked,Net 30,Phoenix Distribution Center,58098.95
SO104954,2023-07-03,C0034,Green Mountain Bikes,Dealer,Booked,Net 30,Phoenix Distribution Center,21943.04
SO104955,2023-07-03,C0030,Blue Ridge Cycles,Dealer,Booked,Net 30,Phoenix Distribution Center,38183.94
SO104956,2023-07-03,C0007,Red Rock Cycles,Dealer,Booked,Net 30,Phoenix Distribution Center,20146.75
SO104957,2023-07-03,C0008,Sedona Ride Center,Dealer,Booked,Net 30,Phoenix Distribution Center,27896.28
SO104958,2023-07-03,C0011,Cascade Bikes,Dealer,Booked,Net 30,Phoenix Distribution Center,14628.9
SO104959,2023-07-03,C0011,Cascade Bikes,Dealer,Booked,Net 30,Phoenix Distribution Center,27274.42
SO104960,2023-07-03,C0009,Las Cruces Cycling,Dealer,Booked,Net 30,Phoenix Distribution Center,20276.1
SO104961,2023-07-03,C0003,Cactus Cycling,Dealer,Booked,Net 30,Phoenix Distribution Center,6074.76
SO104962,2023-07-03,C0002,Desert Trail Bikes,Dealer,Booked,Net 45,Phoenix Distribution Center,7248.26
SO104963,2023-07-03,C0032,Southern Singletrack,Dealer,Booked,Net 30,Phoenix Distribution Center,20665.45
SO104964,2023-07-03,C0018,High Country Bikes,Dealer,Booked,Net 45,Phoenix Distribution Center,35894.46
SO104965,2023-07-03,C0002,Desert Trail Bikes,Dealer,Booked,Net 45,Phoenix Distribution Center,38736.46
SO104966,2023-07-03,C0006,Tucson Trail Works,Dealer,Booked,Net 30,Phoenix Distribution Center,35270.56
SO104967,2023-07-03,C0035,Adirondack Cycles,Dealer,Booked,Net 30,Phoenix Distribution Center,14946.75
SO104968,2023-07-03,C0036,Pine Tree Bicycles,Dealer,Booked,Net 30,Phoenix Distribution Center,33662.85
SO104969,2023-07-03,C0033,Appalachian Bikes,Dealer,Booked,Net 30,Phoenix Distribution Center,26654.42
SO104970,2023-07-03,C0027,Prairie Trail Bikes,Dealer,Booked,Net 30,Phoenix Distribution Center,49714.08
SO104971,2023-07-03,C0030,Blue Ridge Cycles,Dealer,Booked,Net 30,Phoenix Distribution Center,24423.66
SO104972,2023-07-03,C0032,Southern Singletrack,Dealer,Booked,Net 30,Phoenix Distribution Center,12541.75
SO104973,2023-07-03,C0001,Sonoran Cycles Online,DTC,Booked,Credit Card,Phoenix Distribution Center,4599.0
SO104974,2023-07-03,C0001,Sonoran Cycles Online,DTC,Booked,Credit Card,Phoenix Distribution Center,12098.0
SO104975,2023-07-03,C0001,Sonoran Cycles Online,DTC,Booked,Credit Card,Phoenix Distribution Center,6199.0
SO104976,2023-07-03,C0001,Sonoran Cycles Online,DTC,Booked,Credit Card,Phoenix Distribution Center,6199.0
SO104977,2023-07-03,C0001,Sonoran Cycles Online,DTC,Booked,Credit Card,Phoenix Distribution Center,4599.0
SO104978,2023-07-03,C0001,Sonoran Cycles Online,DTC,Booked,Credit Card,Phoenix Distribution Center,4599.0
SO104979,2023-07-03,C0001,Sonoran Cycles Online,DTC,Booked,Credit Card,Phoenix Distribution Center,6199.0
SO104980,2023-07-03,C0001,Sonoran Cycles Online,DTC,Booked,Credit Card,Phoenix Distribution Center,12098.0
SO104981,2023-07-03,C0001,Sonoran Cycles Online,DTC,Booked,Credit Card,Phoenix Distribution Center,3299.0
SO104982,2023-07-03,C0001,Sonoran Cycles Online,DTC,Booked,Credit Card,Phoenix Distribution Center,3299.0
SO104983,2023-07-03,C0001,Sonoran Cycles Online,DTC,Booked,Credit Card,Phoenix Distribution Center,9498.0
SO104984,2023-07-04,C0024,Teton Cycling,Dealer,Booked,Net 30,Phoenix Distribution Center,25345.45
SO104985,2023-07-04,C0026,Great Lakes Cyclery,Dealer,Booked,Net 30,Phoenix Distribution Center,10138.05
SO104986,2023-07-04,C0015,Sierra Cycle Works,Dealer,Booked,Net 30,Phoenix Distribution Center,30621.8
SO104987,2023-07-04,C0003,Cactus Cycling,Dealer,Booked,Net 30,Phoenix Distribution Center,34897.94
SO104988,2023-07-04,C0024,Teton Cycling,Dealer,Booked,Net 30,Phoenix Distribution Center,40616.55
SO104989,2023-07-04,C0002,Desert Trail Bikes,Dealer,Booked,Net 45,Phoenix Distribution Center,32705.04
SO104990,2023-07-04,C0019,Front Range Cyclery,Dealer,Booked,Net 30,Phoenix Distribution Center,23244.42
SO104991,2023-07-04,C0034,Green Mountain Bikes,Dealer,Booked,Net 30,Phoenix Distribution Center,11962.9
SO104992,2023-07-04,C0030,Blue Ridge Cycles,Dealer,Booked,Net 30,Phoenix Distribution Center,19340.28
SO104993,2023-07-04,C0031,Pisgah Bike Co.,Dealer,Booked,Net 45,Phoenix Distribution Center,33170.2
SO104994,2023-07-04,C0003,Cactus Cycling,Dealer,Booked,Net 30,Phoenix Distribution Center,19959.04
SO104995,2023-07-04,C0010,Evergreen Cyclery,Dealer,Booked,Net 45,Phoenix Distribution Center,9567.68
SO104996,2023-07-04,C0009,Las Cruces Cycling,Dealer,Booked,Net 30,Phoenix Distribution Center,45816.55
SO104997,2023-07-04,C0015,Sierra Cycle Works,Dealer,Booked,Net 30,Phoenix Distribution Center,27150.42
SO104998,2023-07-04,C0007,Red Rock Cycles,Dealer,Booked,Net 30,Phoenix Distribution Center,36393.5
SO104999,2023-07-04,C0022,Wasatch Wheel Works,Dealer,Booked,Net 30,Phoenix Distribution Center,7190.14
SO105000,2023-07-04,C0019,Front Range Cyclery,Dealer,Booked,Net 30,Phoenix Distribution Center,8987.52
SO105001,2023-07-04,C0004,Sonoran Bike Co.,Dealer,Booked,Net 30,Phoenix Distribution Center,52070.08
SO105002,2023-07-04,C0025,Lakeshore Bikes,Dealer,Booked,Net 30,Phoenix Distribution Center,34587.32
SO105003,2023-07-04,C0003,Cactus Cycling,Dealer,Booked,Net 30,Phoenix Distribution Center,21447.04
SO105004,2023-07-04,C0018,High Country Bikes,Dealer,Booked,Net 45,Phoenix Distribution Center,37693.04
SO105005,2023-07-04,C0006,Tucson Trail Works,Dealer,Booked,Net 30,Phoenix Distribution Center,21695.66
SO105006,2023-07-04,C0030,Blue Ridge Cycles,Dealer,Booked,Net 30,Phoenix Distribution Center,8926.14
SO105007,2023-07-04,C0033,Appalachian Bikes,Dealer,Booked,Net 30,Phoenix Distribution Center,16364.28
SO105008,2023-07-04,C0015,Sierra Cycle Works,Dealer,Booked,Net 30,Phoenix Distribution Center,22315.66
SO105009,2023-07-04,C0001,Sonoran Cycles Online,DTC,Booked,Credit Card,Phoenix Distribution Center,3299.0
SO105010,2023-07-04,C0001,Sonoran Cycles Online,DTC,Booked,Credit Card,Phoenix Distribution Center,6598.0
SO105011,2023-07-04,C0001,Sonoran Cycles Online,DTC,Booked,Credit Card,Phoenix Distribution Center,4599.0
SO105012,2023-07-04,C0001,Sonoran Cycles Online,DTC,Booked,Credit Card,Phoenix Distribution Center,5199.0
SO105013,2023-07-04,C0001,Sonoran Cycles Online,DTC,Booked,Credit Card,Phoenix Distribution Center,4599.0
SO105014,2023-07-04,C0001,Sonoran Cycles Online,DTC,Booked,Credit Card,Phoenix Distribution Center,5199.0
SO105015,2023-07-04,C0001,Sonoran Cycles Online,DTC,Booked,Credit Card,Phoenix Distribution Center,5199.0
SO105016,2023-07-04,C0001,Sonoran Cycles Online,DTC,Booked,Credit Card,Phoenix Distribution Center,6199.0
SO105017,2023-07-04,C0001,Sonoran Cycles Online,DTC,Booked,Credit Card,Phoenix Distribution Center,3299.0
SO105018,2023-07-04,C0001,Sonoran Cycles Online,DTC,Booked,Credit Card,Phoenix Distribution Center,3499.0
SO105019,2023-07-04,C0001,Sonoran Cycles Online,DTC,Booked,Credit Card,Phoenix Distribution Center,4599.0
SO105020,2023-07-04,C0001,Sonoran Cycles Online,DTC,Booked,Credit Card,Phoenix Distribution Center,3999.0
SO105021,2023-07-05,C0031,Pisgah Bike Co.,Dealer,Booked,Net 45,Phoenix Distribution Center,48131.3
SO105022,2023-07-05,C0033,Appalachian Bikes,Dealer,Booked,Net 30,Phoenix Distribution Center,4896.76
SO105023,2023-07-05,C0024,Teton Cycling,Dealer,Booked,Net 30,Phoenix Distribution Center,42045.25
SO105024,2023-07-05,C0015,Sierra Cycle Works,Dealer,Booked,Net 30,Phoenix Distribution Center,39671.94
SO105025,2023-07-05,C0025,Lakeshore Bikes,Dealer,Booked,Net 30,Phoenix Distribution Center,12272.28
SO105026,2023-07-05,C0036,Pine Tree Bicycles,Dealer,Booked,Net 30,Phoenix Distribution Center,33792.85
SO105027,2023-07-05,C0035,Adirondack Cycles,Dealer,Booked,Net 30,Phoenix Distribution Center,41202.2
SO105028,2023-07-05,C0034,Green Mountain Bikes,Dealer,Booked,Net 30,Phoenix Distribution Center,21446.42
SO105029,2023-07-05,C0014,Redwood Ride Shop,Dealer,Booked,Net 30,Phoenix Distribution Center,26096.42
SO105030,2023-07-05,C0011,Cascade Bikes,Dealer,Booked,Net 30,Phoenix Distribution Center,20703.66
SO105031,2023-07-05,C0030,Blue Ridge Cycles,Dealer,Booked,Net 30,Phoenix Distribution Center,26654.42
SO105032,2023-07-05,C0011,Cascade Bikes,Dealer,Booked,Net 30,Phoenix Distribution Center,24547.04
SO105033,2023-07-05,C0020,Alpine Ride Co.,Dealer,Booked,Net 30,Phoenix Distribution Center,23183.04
SO105034,2023-07-05,C0034,Green Mountain Bikes,Dealer,Booked,Net 30,Phoenix Distribution Center,19648.42
SO105035,2023-07-05,C0032,Southern Singletrack,Dealer,Booked,Net 30,Phoenix Distribution Center,28919.8
SO105036,2023-07-05,C0008,Sedona Ride Center,Dealer,Booked,Net 30,Phoenix Distribution Center,34341.8
SO105037,2023-07-05,C0021,Rocky Peak Cycles,Dealer,Booked,Net 30,Phoenix Distribution Center,32168.5
SO105038,2023-07-05,C0014,Redwood Ride Shop,Dealer,Booked,Net 30,Phoenix Distribution Center,45375.94
SO105039,2023-07-05,C0011,Cascade Bikes,Dealer,Booked,Net 30,Phoenix Distribution Center,55914.08
SO105040,2023-07-05,C0034,Green Mountain Bikes,Dealer,Booked,Net 30,Phoenix Distribution Center,35268.08
SO105041,2023-07-05,C0034,Green Mountain Bikes,Dealer,Booked,Net 30,Phoenix Distribution Center,23677.8
SO105042,2023-07-05,C0010,Evergreen Cyclery,Dealer,Booked,Net 45,Phoenix Distribution Center,10321.68
SO105043,2023-07-05,C0036,Pine Tree Bicycles,Dealer,Booked,Net 30,Phoenix Distribution Center,22355.45
SO105044,2023-07-05,C0003,Cactus Cycling,Dealer,Booked,Net 30,Phoenix Distribution Center,26840.42
SO105045,2023-07-05,C0006,Tucson Trail Works,Dealer,Booked,Net 30,Phoenix Distribution Center,38865.94
SO105046,2023-07-05,C0035,Adirondack Cycles,Dealer,Booked,Net 30,Phoenix Distribution Center,22485.45
SO105047,2023-07-05,C0001,Sonoran Cycles Online,DTC,Booked,Credit Card,Phoenix Distribution Center,6199.0
SO105048,2023-07-05,C0001,Sonoran Cycles Online,DTC,Booked,Credit Card,Phoenix Distribution Center,5199.0
SO105049,2023-07-05,C0001,Sonoran Cycles Online,DTC,Booked,Credit Card,Phoenix Distribution Center,3299.0
SO105050,2023-07-05,C0001,Sonoran Cycles Online,DTC,Booked,Credit Card,Phoenix Distribution Center,4599.0
SO105051,2023-07-05,C0001,Sonoran Cycles Online,DTC,Booked,Credit Card,Phoenix Distribution Center,6199.0
SO105052,2023-07-05,C0001,Sonoran Cycles Online,DTC,Booked,Credit Card,Phoenix Distribution Center,4599.0
SO105053,2023-07-05,C0001,Sonoran Cycles Online,DTC,Booked,Credit Card,Phoenix Distribution Center,4599.0
SO105054,2023-07-05,C0001,Sonoran Cycles Online,DTC,Booked,Credit Card,Phoenix Distribution Center,4599.0
SO105055,2023-07-05,C0001,Sonoran Cycles Online,DTC,Booked,Credit Card,Phoenix Distribution Center,12398.0
SO105056,2023-07-05,C0001,Sonoran Cycles Online,DTC,Booked,Credit Card,Phoenix Distribution Center,4599.0
SO105057,2023-07-05,C0001,Sonoran Cycles Online,DTC,Booked,Credit Card,Phoenix Distribution Center,5199.0
SO105058,2023-07-06,C0010,Evergreen Cyclery,Dealer,Booked,Net 45,Phoenix Distribution Center,20643.94
SO105059,2023-07-06,C0019,Front Range Cyclery,Dealer,Booked,Net 30,Phoenix Distribution Center,35829.8
SO105060,2023-07-06,C0005,Mesa Mountain Bikes,Dealer,Booked,Net 30,Phoenix Distribution Center,6888.05
SO105061,2023-07-06,C0017,Bay Mountain Bikes,Dealer,Booked,Net 30,Phoenix Distribution Center,39797.18
SO105062,2023-07-06,C0019,Front Range Cyclery,Dealer,Booked,Net 30,Phoenix Distribution Center,18285.66
SO105063,2023-07-06,C0006,Tucson Trail Works,Dealer,Booked,Net 30,Phoenix Distribution Center,6446.76
SO105064,2023-07-06,C0006,Tucson Trail Works,Dealer,Booked,Net 30,Phoenix Distribution Center,16116.9
SO105065,2023-07-06,C0022,Wasatch Wheel Works,Dealer,Booked,Net 30,Phoenix Distribution Center,16116.9
SO105066,2023-07-06,C0008,Sedona Ride Center,Dealer,Booked,Net 30,Phoenix Distribution Center,16985.52
SO105067,2023-07-06,C0008,Sedona Ride Center,Dealer,Booked,Net 30,Phoenix Distribution Center,23245.66
SO105068,2023-07-06,C0030,Blue Ridge Cycles,Dealer,Booked,Net 30,Phoenix Distribution Center,49715.32
SO105069,2023-07-06,C0003,Cactus Cycling,Dealer,Booked,Net 30,Phoenix Distribution Center,40602.56
SO105070,2023-07-06,C0024,Teton Cycling,Dealer,Booked,Net 30,Phoenix Distribution Center,8513.05
SO105071,2023-07-06,C0006,Tucson Trail Works,Dealer,Booked,Net 30,Phoenix Distribution Center,25911.04
SO105072,2023-07-06,C0015,Sierra Cycle Works,Dealer,Booked,Net 30,Phoenix Distribution Center,11777.52
SO105073,2023-07-06,C0008,Sedona Ride Center,Dealer,Booked,Net 30,Phoenix Distribution Center,26470.28
SO105074,2023-07-06,C0020,Alpine Ride Co.,Dealer,Booked,Net 30,Phoenix Distribution Center,13140.28
SO105075,2023-07-06,C0035,Adirondack Cycles,Dealer,Booked,Net 30,Phoenix Distribution Center,8968.05
SO105076,2023-07-06,C0010,Evergreen Cyclery,Dealer,Booked,Net 45,Phoenix Distribution Center,9567.1
SO105077,2023-07-06,C0019,Front Range Cyclery,Dealer,Booked,Net 30,Phoenix Distribution Center,39300.56
SO105078,2023-07-06,C0014,Redwood Ride Shop,Dealer,Booked,Net 30,Phoenix Distribution Center,10599.52
SO105079,2023-07-06,C0030,Blue Ridge Cycles,Dealer,Booked,Net 30,Phoenix Distribution Center,22811.04
SO105080,2023-07-06,C0001,Sonoran Cycles Online,DTC,Booked,Credit Card,Phoenix Distribution Center,6199.0
SO105081,2023-07-06,C0001,Sonoran Cycles Online,DTC,Booked,Credit Card,Phoenix Distribution Center,4599.0
SO105082,2023-07-06,C0001,Sonoran Cycles Online,DTC,Booked,Credit Card,Phoenix Distribution Center,5199.0
SO105083,2023-07-06,C0001,Sonoran Cycles Online,DTC,Booked,Credit Card,Phoenix Distribution Center,10398.0
SO105084,2023-07-06,C0001,Sonoran Cycles Online,DTC,Booked,Credit Card,Phoenix Distribution Center,4599.0
SO105085,2023-07-06,C0001,Sonoran Cycles Online,DTC,Booked,Credit Card,Phoenix Distribution Center,6598.0
SO105086,2023-07-06,C0001,Sonoran Cycles Online,DTC,Booked,Credit Card,Phoenix Distribution Center,4599.0
SO105087,2023-07-06,C0001,Sonoran Cycles Online,DTC,Booked,Credit Card,Phoenix Distribution Center,5199.0
SO105088,2023-07-06,C0001,Sonoran Cycles Online,DTC,Booked,Credit Card,Phoenix Distribution Center,4599.0
SO105089,2023-07-06,C0001,Sonoran Cycles Online,DTC,Booked,Credit Card,Phoenix Distribution Center,9198.0
SO105090,2023-07-06,C0001,Sonoran Cycles Online,DTC,Booked,Credit Card,Phoenix Distribution Center,3299.0
SO105091,2023-07-06,C0001,Sonoran Cycles Online,DTC,Booked,Credit Card,Phoenix Distribution Center,7499.0
SO105092,2023-07-07,C0009,Las Cruces Cycling,Dealer,Booked,Net 30,Phoenix Distribution Center,30284.15
SO105093,2023-07-07,C0018,High Country Bikes,Dealer,Booked,Net 45,Phoenix Distribution Center,48711.3
SO105094,2023-07-07,C0027,Prairie Trail Bikes,Dealer,Booked,Net 30,Phoenix Distribution Center,17852.28
SO105095,2023-07-07,C0036,Pine Tree Bicycles,Dealer,Booked,Net 30,Phoenix Distribution Center,36067.85
SO105096,2023-07-07,C0002,Desert Trail Bikes,Dealer,Booked,Net 45,Phoenix Distribution Center,15889.1
SO105097,2023-07-07,C0002,Desert Trail Bikes,Dealer,Booked,Net 45,Phoenix Distribution Center,10786.26
SO105098,2023-07-07,C0033,Appalachian Bikes,Dealer,Booked,Net 30,Phoenix Distribution Center,34898.56
SO105099,2023-07-07,C0014,Redwood Ride Shop,Dealer,Booked,Net 30,Phoenix Distribution Center,30249.8
SO105100,2023-07-07,C0019,Front Range Cyclery,Dealer,Booked,Net 30,Phoenix Distribution Center,17108.28
SO105101,2023-07-07,C0017,Bay Mountain Bikes,Dealer,Booked,Net 30,Phoenix Distribution Center,12521.52
SO105102,2023-07-07,C0010,Evergreen Cyclery,Dealer,Booked,Net 45,Phoenix Distribution Center,18033.36
SO105103,2023-07-07,C0015,Sierra Cycle Works,Dealer,Booked,Net 30,Phoenix Distribution Center,17108.28
SO105104,2023-07-07,C0023,Bozeman Bike Works,Dealer,Booked,Net 30,Phoenix Distribution Center,33274.15
SO105105,2023-07-07,C0026,Great Lakes Cyclery,Dealer,Booked,Net 30,Phoenix Distribution Center,28334.8
SO105106,2023-07-07,C0010,Evergreen Cyclery,Dealer,Booked,Net 45,Phoenix Distribution Center,6494.26
SO105107,2023-07-07,C0010,Evergreen Cyclery,Dealer,Booked,Net 45,Phoenix Distribution Center,23483.62
SO105108,2023-07-07,C0020,Alpine Ride Co.,Dealer,Booked,Net 30,Phoenix Distribution Center,15619.66
SO105109,2023-07-07,C0001,Sonoran Cycles Online,DTC,Booked,Credit Card,Phoenix Distribution Center,4599.0
SO105110,2023-07-07,C0001,Sonoran Cycles Online,DTC,Booked,Credit Card,Phoenix Distribution Center,6199.0
SO105111,2023-07-07,C0001,Sonoran Cycles Online,DTC,Booked,Credit Card,Phoenix Distribution Center,4599.0
SO105112,2023-07-07,C0001,Sonoran Cycles Online,DTC,Booked,Credit Card,Phoenix Distribution Center,10798.0
SO105113,2023-07-07,C0001,Sonoran Cycles Online,DTC,Booked,Credit Card,Phoenix Distribution Center,6598.0
SO105114,2023-07-07,C0001,Sonoran Cycles Online,DTC,Booked,Credit Card,Phoenix Distribution Center,10198.0
SO105115,2023-07-07,C0001,Sonoran Cycles Online,DTC,Booked,Credit Card,Phoenix Distribution Center,6199.0
SO105116,2023-07-07,C0001,Sonoran Cycles Online,DTC,Booked,Credit Card,Phoenix Distribution Center,3499.0
SO105117,2023-07-07,C0001,Sonoran Cycles Online,DTC,Booked,Credit Card,Phoenix Distribution Center,3299.0
SO105118,2023-07-07,C0001,Sonoran Cycles Online,DTC,Booked,Credit Card,Phoenix Distribution Center,8498.0
SO105119,2023-07-07,C0001,Sonoran Cycles Online,DTC,Booked,Credit Card,Phoenix Distribution Center,4599.0
SO105120,2023-07-07,C0001,Sonoran Cycles Online,DTC,Booked,Credit Card,Phoenix Distribution Center,10798.0
SO105121,2023-07-07,C0001,Sonoran Cycles Online,DTC,Booked,Credit Card,Phoenix Distribution Center,7898.0
SO105122,2023-07-07,C0001,Sonoran Cycles Online,DTC,Booked,Credit Card,Phoenix Distribution Center,4599.0
SO105123,2023-07-07,C0001,Sonoran Cycles Online,DTC,Booked,Credit Card,Phoenix Distribution Center,4599.0
SO105124,2023-07-08,C0002,Desert Trail Bikes,Dealer,Booked,Net 45,Phoenix Distribution Center,23195.36
SO105125,2023-07-08,C0027,Prairie Trail Bikes,Dealer,Booked,Net 30,Phoenix Distribution Center,19339.66
SO105126,2023-07-08,C0016,Coastal Gravel Co.,Dealer,Booked,Net 30,Phoenix Distribution Center,25214.15
SO105127,2023-07-08,C0031,Pisgah Bike Co.,Dealer,Booked,Net 45,Phoenix Distribution Center,8350.26
SO105128,2023-07-08,C0022,Wasatch Wheel Works,Dealer,Booked,Net 30,Phoenix Distribution Center,15000.9
SO105129,2023-07-08,C0026,Great Lakes Cyclery,Dealer,Booked,Net 30,Phoenix Distribution Center,18390.45
SO105130,2023-07-08,C0034,Green Mountain Bikes,Dealer,Booked,Net 30,Phoenix Distribution Center,16363.04
SO105131,2023-07-08,C0001,Sonoran Cycles Online,DTC,Booked,Credit Card,Phoenix Distribution Center,5199.0
SO105132,2023-07-08,C0001,Sonoran Cycles Online,DTC,Booked,Credit Card,Phoenix Distribution Center,3499.0
SO105133,2023-07-08,C0001,Sonoran Cycles Online,DTC,Booked,Credit Card,Phoenix Distribution Center,5199.0
SO105134,2023-07-08,C0001,Sonoran Cycles Online,DTC,Booked,Credit Card,Phoenix Distribution Center,10398.0
SO105135,2023-07-08,C0001,Sonoran Cycles Online,DTC,Booked,Credit Card,Phoenix Distribution Center,5199.0
SO105136,2023-07-08,C0001,Sonoran Cycles Online,DTC,Booked,Credit Card,Phoenix Distribution Center,4599.0
SO105137,2023-07-08,C0001,Sonoran Cycles Online,DTC,Booked,Credit Card,Phoenix Distribution Center,4599.0
SO105138,2023-07-08,C0001,Sonoran Cycles Online,DTC,Booked,Credit Card,Phoenix Distribution Center,5199.0
SO105139,2023-07-08,C0001,Sonoran Cycles Online,DTC,Booked,Credit Card,Phoenix Distribution Center,3499.0
SO105140,2023-07-08,C0001,Sonoran Cycles Online,DTC,Booked,Credit Card,Phoenix Distribution Center,4599.0
SO105141,2023-07-08,C0001,Sonoran Cycles Online,DTC,Booked,Credit Card,Phoenix Distribution Center,3999.0
SO105142,2023-07-08,C0001,Sonoran Cycles Online,DTC,Booked,Credit Card,Phoenix Distribution Center,4599.0
SO105143,2023-07-08,C0001,Sonoran Cycles Online,DTC,Booked,Credit Card,Phoenix Distribution Center,5199.0
SO105144,2023-07-08,C0001,Sonoran Cycles Online,DTC,Booked,Credit Card,Phoenix Distribution Center,3299.0
SO105145,2023-07-08,C0001,Sonoran Cycles Online,DTC,Booked,Credit Card,Phoenix Distribution Center,4599.0
SO105146,2023-07-08,C0001,Sonoran Cycles Online,DTC,Booked,Credit Card,Phoenix Distribution Center,6199.0
SO105147,2023-07-08,C0001,Sonoran Cycles Online,DTC,Booked,Credit Card,Phoenix Distribution Center,5199.0
SO105148,2023-07-09,C0019,Front Range Cyclery,Dealer,Booked,Net 30,Phoenix Distribution Center,29257.8
SO105149,2023-07-09,C0017,Bay Mountain Bikes,Dealer,Booked,Net 30,Phoenix Distribution Center,53434.08
SO105150,2023-07-09,C0001,Sonoran Cycles Online,DTC,Booked,Credit Card,Phoenix Distribution Center,6199.0
SO105151,2023-07-09,C0001,Sonoran Cycles Online,DTC,Booked,Credit Card,Phoenix Distribution Center,6199.0
SO105152,2023-07-09,C0001,Sonoran Cycles Online,DTC,Booked,Credit Card,Phoenix Distribution Center,3299.0
SO105153,2023-07-09,C0001,Sonoran Cycles Online,DTC,Booked,Credit Card,Phoenix Distribution Center,4599.0
SO105154,2023-07-09,C0001,Sonoran Cycles Online,DTC,Booked,Credit Card,Phoenix Distribution Center,4599.0
SO105155,2023-07-09,C0001,Sonoran Cycles Online,DTC,Booked,Credit Card,Phoenix Distribution Center,3499.0
SO105156,2023-07-09,C0001,Sonoran Cycles Online,DTC,Booked,Credit Card,Phoenix Distribution Center,7499.0
SO105157,2023-07-09,C0001,Sonoran Cycles Online,DTC,Booked,Credit Card,Phoenix Distribution Center,6199.0
SO105158,2023-07-09,C0001,Sonoran Cycles Online,DTC,Booked,Credit Card,Phoenix Distribution Center,6199.0
SO105159,2023-07-09,C0001,Sonoran Cycles Online,DTC,Booked,Credit Card,Phoenix Distribution Center,9198.0
SO105160,2023-07-09,C0001,Sonoran Cycles Online,DTC,Booked,Credit Card,Phoenix Distribution Center,3999.0
SO105161,2023-07-09,C0001,Sonoran Cycles Online,DTC,Booked,Credit Card,Phoenix Distribution Center,8498.0
SO105162,2023-07-09,C0001,Sonoran Cycles Online,DTC,Booked,Credit Card,Phoenix Distribution Center,6199.0
SO105163,2023-07-09,C0001,Sonoran Cycles Online,DTC,Booked,Credit Card,Phoenix Distribution Center,3499.0
SO105164,2023-07-09,C0001,Sonoran Cycles Online,DTC,Booked,Credit Card,Phoenix Distribution Center,6199.0
SO105165,2023-07-10,C0025,Lakeshore Bikes,Dealer,Booked,Net 30,Phoenix Distribution Center,12706.28
SO105166,2023-07-10,C0020,Alpine Ride Co.,Dealer,Booked,Net 30,Phoenix Distribution Center,9483.52
SO105167,2023-07-10,C0031,Pisgah Bike Co.,Dealer,Booked,Net 45,Phoenix Distribution Center,29342.2
SO105168,2023-07-10,C0019,Front Range Cyclery,Dealer,Booked,Net 30,Phoenix Distribution Center,34341.18
SO105169,2023-07-10,C0027,Prairie Trail Bikes,Dealer,Booked,Net 30,Phoenix Distribution Center,36943.32
SO105170,2023-07-10,C0015,Sierra Cycle Works,Dealer,Booked,Net 30,Phoenix Distribution Center,5268.76
SO105171,2023-07-10,C0032,Southern Singletrack,Dealer,Booked,Net 30,Phoenix Distribution Center,20080.45
SO105172,2023-07-10,C0002,Desert Trail Bikes,Dealer,Booked,Net 45,Phoenix Distribution Center,19367.94
SO105173,2023-07-10,C0025,Lakeshore Bikes,Dealer,Booked,Net 30,Phoenix Distribution Center,20454.42
SO105174,2023-07-10,C0013,Pacific Trail Bikes,Dealer,Booked,Net 45,Phoenix Distribution Center,15889.68
SO105175,2023-07-10,C0014,Redwood Ride Shop,Dealer,Booked,Net 30,Phoenix Distribution Center,23121.04
SO105176,2023-07-10,C0028,Windy City Cycles,Dealer,Booked,Net 30,Phoenix Distribution Center,37170.9
SO105177,2023-07-10,C0036,Pine Tree Bicycles,Dealer,Booked,Net 30,Phoenix Distribution Center,39382.2
SO105178,2023-07-10,C0004,Sonoran Bike Co.,Dealer,Booked,Net 30,Phoenix Distribution Center,40229.94
SO105179,2023-07-10,C0019,Front Range Cyclery,Dealer,Booked,Net 30,Phoenix Distribution Center,37069.18
SO105180,2023-07-10,C0018,High Country Bikes,Dealer,Booked,Net 45,Phoenix Distribution Center,19426.52
SO105181,2023-07-10,C0007,Red Rock Cycles,Dealer,Booked,Net 30,Phoenix Distribution Center,56410.9
SO105182,2023-07-10,C0011,Cascade Bikes,Dealer,Booked,Net 30,Phoenix Distribution Center,20703.66
SO105183,2023-07-10,C0006,Tucson Trail Works,Dealer,Booked,Net 30,Phoenix Distribution Center,38183.94
SO105184,2023-07-10,C0004,Sonoran Bike Co.,Dealer,Booked,Net 30,Phoenix Distribution Center,15868.9
SO105185,2023-07-10,C0007,Red Rock Cycles,Dealer,Booked,Net 30,Phoenix Distribution Center,31779.15
SO105186,2023-07-10,C0020,Alpine Ride Co.,Dealer,Booked,Net 30,Phoenix Distribution Center,27025.8
SO105187,2023-07-10,C0015,Sierra Cycle Works,Dealer,Booked,Net 30,Phoenix Distribution Center,27522.42
SO105188,2023-07-10,C0023,Bozeman Bike Works,Dealer,Booked,Net 30,Phoenix Distribution Center,49520.25
SO105189,2023-07-10,C0001,Sonoran Cycles Online,DTC,Booked,Credit Card,Phoenix Distribution Center,9198.0
SO105190,2023-07-10,C0001,Sonoran Cycles Online,DTC,Booked,Credit Card,Phoenix Distribution Center,3299.0
SO105191,2023-07-10,C0001,Sonoran Cycles Online,DTC,Booked,Credit Card,Phoenix Distribution Center,4599.0
SO105192,2023-07-10,C0001,Sonoran Cycles Online,DTC,Booked,Credit Card,Phoenix Distribution Center,3999.0
SO105193,2023-07-10,C0001,Sonoran Cycles Online,DTC,Booked,Credit Card,Phoenix Distribution Center,9198.0
SO105194,2023-07-10,C0001,Sonoran Cycles Online,DTC,Booked,Credit Card,Phoenix Distribution Center,3299.0
SO105195,2023-07-10,C0001,Sonoran Cycles Online,DTC,Booked,Credit Card,Phoenix Distribution Center,6199.0
SO105196,2023-07-10,C0001,Sonoran Cycles Online,DTC,Booked,Credit Card,Phoenix Distribution Center,4599.0
SO105197,2023-07-10,C0001,Sonoran Cycles Online,DTC,Booked,Credit Card,Phoenix Distribution Center,5199.0
SO105198,2023-07-10,C0001,Sonoran Cycles Online,DTC,Booked,Credit Card,Phoenix Distribution Center,4599.0
SO105199,2023-07-10,C0001,Sonoran Cycles Online,DTC,Booked,Credit Card,Phoenix Distribution Center,6199.0
SO105200,2023-07-11,C0003,Cactus Cycling,Dealer,Booked,Net 30,Phoenix Distribution Center,19153.66
SO105201,2023-07-11,C0016,Coastal Gravel Co.,Dealer,Booked,Net 30,Phoenix Distribution Center,40290.25
SO105202,2023-07-11,C0008,Sedona Ride Center,Dealer,Booked,Net 30,Phoenix Distribution Center,32543.8
SO105203,2023-07-11,C0011,Cascade Bikes,Dealer,Booked,Net 30,Phoenix Distribution Center,15744.9
SO105204,2023-07-11,C0019,Front Range Cyclery,Dealer,Booked,Net 30,Phoenix Distribution Center,21385.04
SO105205,2023-07-11,C0028,Windy City Cycles,Dealer,Booked,Net 30,Phoenix Distribution Center,19885.45
SO105206,2023-07-11,C0009,Las Cruces Cycling,Dealer,Booked,Net 30,Phoenix Distribution Center,22159.8
SO105207,2023-07-11,C0020,Alpine Ride Co.,Dealer,Booked,Net 30,Phoenix Distribution Center,4090.76
SO105208,2023-07-11,C0017,Bay Mountain Bikes,Dealer,Booked,Net 30,Phoenix Distribution Center,22563.66
SO105209,2023-07-11,C0007,Red Rock Cycles,Dealer,Booked,Net 30,Phoenix Distribution Center,25865.45
SO105210,2023-07-11,C0010,Evergreen Cyclery,Dealer,Booked,Net 45,Phoenix Distribution Center,16119.36
SO105211,2023-07-11,C0011,Cascade Bikes,Dealer,Booked,Net 30,Phoenix Distribution Center,48598.08
SO105212,2023-07-11,C0027,Prairie Trail Bikes,Dealer,Booked,Net 30,Phoenix Distribution Center,19959.66
SO105213,2023-07-11,C0020,Alpine Ride Co.,Dealer,Booked,Net 30,Phoenix Distribution Center,35207.32
SO105214,2023-07-11,C0002,Desert Trail Bikes,Dealer,Booked,Net 45,Phoenix Distribution Center,8002.26
SO105215,2023-07-11,C0002,Desert Trail Bikes,Dealer,Booked,Net 45,Phoenix Distribution Center,24703.36
SO105216,2023-07-11,C0010,Evergreen Cyclery,Dealer,Booked,Net 45,Phoenix Distribution Center,7248.26
SO105217,2023-07-11,C0033,Appalachian Bikes,Dealer,Booked,Net 30,Phoenix Distribution Center,26531.04
SO105218,2023-07-11,C0004,Sonoran Bike Co.,Dealer,Booked,Net 30,Phoenix Distribution Center,6694.76
SO105219,2023-07-11,C0020,Alpine Ride Co.,Dealer,Booked,Net 30,Phoenix Distribution Center,12768.9
SO105220,2023-07-11,C0023,Bozeman Bike Works,Dealer,Booked,Net 30,Phoenix Distribution Center,25864.8
SO105221,2023-07-11,C0025,Lakeshore Bikes,Dealer,Booked,Net 30,Phoenix Distribution Center,34836.56
SO105222,2023-07-11,C0023,Bozeman Bike Works,Dealer,Booked,Net 30,Phoenix Distribution Center,13777.4
SO105223,2023-07-11,C0021,Rocky Peak Cycles,Dealer,Booked,Net 30,Phoenix Distribution Center,40550.9
SO105224,2023-07-11,C0033,Appalachian Bikes,Dealer,Booked,Net 30,Phoenix Distribution Center,39176.56
SO105225,2023-07-11,C0011,Cascade Bikes,Dealer,Booked,Net 30,Phoenix Distribution Center,19959.66
SO105226,2023-07-11,C0013,Pacific Trail Bikes,Dealer,Booked,Net 45,Phoenix Distribution Center,55496.72
SO105227,2023-07-11,C0017,Bay Mountain Bikes,Dealer,Booked,Net 30,Phoenix Distribution Center,35953.8
SO105228,2023-07-11,C0001,Sonoran Cycles Online,DTC,Booked,Credit Card,Phoenix Distribution Center,7499.0
SO105229,2023-07-11,C0001,Sonoran Cycles Online,DTC,Booked,Credit Card,Phoenix Distribution Center,3499.0
SO105230,2023-07-11,C0001,Sonoran Cycles Online,DTC,Booked,Credit Card,Phoenix Distribution Center,6199.0
SO105231,2023-07-11,C0001,Sonoran Cycles Online,DTC,Booked,Credit Card,Phoenix Distribution Center,3299.0
SO105232,2023-07-11,C0001,Sonoran Cycles Online,DTC,Booked,Credit Card,Phoenix Distribution Center,9498.0
SO105233,2023-07-11,C0001,Sonoran Cycles Online,DTC,Booked,Credit Card,Phoenix Distribution Center,5199.0
SO105234,2023-07-11,C0001,Sonoran Cycles Online,DTC,Booked,Credit Card,Phoenix Distribution Center,3299.0
SO105235,2023-07-11,C0001,Sonoran Cycles Online,DTC,Booked,Credit Card,Phoenix Distribution Center,4599.0
SO105236,2023-07-11,C0001,Sonoran Cycles Online,DTC,Booked,Credit Card,Phoenix Distribution Center,5199.0
SO105237,2023-07-11,C0001,Sonoran Cycles Online,DTC,Booked,Credit Card,Phoenix Distribution Center,6199.0
SO105238,2023-07-12,C0009,Las Cruces Cycling,Dealer,Booked,Net 30,Phoenix Distribution Center,16116.75
SO105239,2023-07-12,C0002,Desert Trail Bikes,Dealer,Booked,Net 45,Phoenix Distribution Center,14381.1
SO105240,2023-07-12,C0013,Pacific Trail Bikes,Dealer,Booked,Net 45,Phoenix Distribution Center,8930.26
SO105241,2023-07-12,C0010,Evergreen Cyclery,Dealer,Booked,Net 45,Phoenix Distribution Center,13799.94
SO105242,2023-07-12,C0020,Alpine Ride Co.,Dealer,Booked,Net 30,Phoenix Distribution Center,14690.28
SO105243,2023-07-12,C0013,Pacific Trail Bikes,Dealer,Booked,Net 45,Phoenix Distribution Center,20993.1
SO105244,2023-07-12,C0008,Sedona Ride Center,Dealer,Booked,Net 30,Phoenix Distribution Center,18597.52
SO105245,2023-07-12,C0033,Appalachian Bikes,Dealer,Booked,Net 30,Phoenix Distribution Center,42585.94
SO105246,2023-07-12,C0002,Desert Trail Bikes,Dealer,Booked,Net 45,Phoenix Distribution Center,32125.04
SO105247,2023-07-12,C0014,Redwood Ride Shop,Dealer,Booked,Net 30,Phoenix Distribution Center,32109.18
SO105248,2023-07-12,C0010,Evergreen Cyclery,Dealer,Booked,Net 45,Phoenix Distribution Center,26092.46
SO105249,2023-07-12,C0017,Bay Mountain Bikes,Dealer,Booked,Net 30,Phoenix Distribution Center,12582.9
SO105250,2023-07-12,C0033,Appalachian Bikes,Dealer,Booked,Net 30,Phoenix Distribution Center,21262.28
SO105251,2023-07-12,C0018,High Country Bikes,Dealer,Booked,Net 45,Phoenix Distribution Center,29690.78
SO105252,2023-07-12,C0017,Bay Mountain Bikes,Dealer,Booked,Net 30,Phoenix Distribution Center,46243.32
SO105253,2023-07-12,C0018,High Country Bikes,Dealer,Booked,Net 45,Phoenix Distribution Center,20817.36
SO105254,2023-07-12,C0005,Mesa Mountain Bikes,Dealer,Booked,Net 30,Phoenix Distribution Center,15010.45
SO105255,2023-07-12,C0002,Desert Trail Bikes,Dealer,Booked,Net 45,Phoenix Distribution Center,55204.98
SO105256,2023-07-12,C0010,Evergreen Cyclery,Dealer,Booked,Net 45,Phoenix Distribution Center,7653.68
SO105257,2023-07-12,C0015,Sierra Cycle Works,Dealer,Booked,Net 30,Phoenix Distribution Center,43143.94
SO105258,2023-07-12,C0018,High Country Bikes,Dealer,Booked,Net 45,Phoenix Distribution Center,33170.2
SO105259,2023-07-12,C0004,Sonoran Bike Co.,Dealer,Booked,Net 30,Phoenix Distribution Center,30559.8
SO105260,2023-07-12,C0001,Sonoran Cycles Online,DTC,Booked,Credit Card,Phoenix Distribution Center,4599.0
SO105261,2023-07-12,C0001,Sonoran Cycles Online,DTC,Booked,Credit Card,Phoenix Distribution Center,3499.0
SO105262,2023-07-12,C0001,Sonoran Cycles Online,DTC,Booked,Credit Card,Phoenix Distribution Center,6598.0
SO105263,2023-07-12,C0001,Sonoran Cycles Online,DTC,Booked,Credit Card,Phoenix Distribution Center,4599.0
SO105264,2023-07-12,C0001,Sonoran Cycles Online,DTC,Booked,Credit Card,Phoenix Distribution Center,4599.0
SO105265,2023-07-12,C0001,Sonoran Cycles Online,DTC,Booked,Credit Card,Phoenix Distribution Center,3999.0
SO105266,2023-07-12,C0001,Sonoran Cycles Online,DTC,Booked,Credit Card,Phoenix Distribution Center,3299.0
SO105267,2023-07-12,C0001,Sonoran Cycles Online,DTC,Booked,Credit Card,Phoenix Distribution Center,6199.0
SO105268,2023-07-12,C0001,Sonoran Cycles Online,DTC,Booked,Credit Card,Phoenix Distribution Center,7499.0
SO105269,2023-07-12,C0001,Sonoran Cycles Online,DTC,Booked,Credit Card,Phoenix Distribution Center,3299.0
SO105270,2023-07-12,C0001,Sonoran Cycles Online,DTC,Booked,Credit Card,Phoenix Distribution Center,6199.0
SO105271,2023-07-12,C0001,Sonoran Cycles Online,DTC,Booked,Credit Card,Phoenix Distribution Center,4599.0
SO105272,2023-07-13,C0013,Pacific Trail Bikes,Dealer,Booked,Net 45,Phoenix Distribution Center,20993.1
SO105273,2023-07-13,C0019,Front Range Cyclery,Dealer,Booked,Net 30,Phoenix Distribution Center,34961.8
SO105274,2023-07-13,C0024,Teton Cycling,Dealer,Booked,Net 30,Phoenix Distribution Center,24432.85
SO105275,2023-07-13,C0027,Prairie Trail Bikes,Dealer,Booked,Net 30,Phoenix Distribution Center,20703.66
SO105276,2023-07-13,C0008,Sedona Ride Center,Dealer,Booked,Net 30,Phoenix Distribution Center,34465.8
SO105277,2023-07-13,C0006,Tucson Trail Works,Dealer,Booked,Net 30,Phoenix Distribution Center,37439.94
SO105278,2023-07-13,C0006,Tucson Trail Works,Dealer,Booked,Net 30,Phoenix Distribution Center,52191.6
SO105279,2023-07-13,C0005,Mesa Mountain Bikes,Dealer,Booked,Net 30,Phoenix Distribution Center,46527.0
SO105280,2023-07-13,C0018,High Country Bikes,Dealer,Booked,Net 45,Phoenix Distribution Center,40127.88
SO105281,2023-07-13,C0035,Adirondack Cycles,Dealer,Booked,Net 30,Phoenix Distribution Center,25864.8
SO105282,2023-07-13,C0019,Front Range Cyclery,Dealer,Booked,Net 30,Phoenix Distribution Center,33349.8
SO105283,2023-07-13,C0019,Front Range Cyclery,Dealer,Booked,Net 30,Phoenix Distribution Center,52193.46
SO105284,2023-07-13,C0011,Cascade Bikes,Dealer,Booked,Net 30,Phoenix Distribution Center,24795.04
SO105285,2023-07-13,C0017,Bay Mountain Bikes,Dealer,Booked,Net 30,Phoenix Distribution Center,18968.28
SO105286,2023-07-13,C0013,Pacific Trail Bikes,Dealer,Booked,Net 45,Phoenix Distribution Center,39027.62
SO105287,2023-07-13,C0018,High Country Bikes,Dealer,Booked,Net 45,Phoenix Distribution Center,40361.04
SO105288,2023-07-13,C0030,Blue Ridge Cycles,Dealer,Booked,Net 30,Phoenix Distribution Center,18347.66
SO105289,2023-07-13,C0014,Redwood Ride Shop,Dealer,Booked,Net 30,Phoenix Distribution Center,27522.42
SO105290,2023-07-13,C0031,Pisgah Bike Co.,Dealer,Booked,Net 45,Phoenix Distribution Center,16469.1
SO105291,2023-07-13,C0004,Sonoran Bike Co.,Dealer,Booked,Net 30,Phoenix Distribution Center,48723.94
SO105292,2023-07-13,C0019,Front Range Cyclery,Dealer,Booked,Net 30,Phoenix Distribution Center,27646.42
SO105293,2023-07-13,C0011,Cascade Bikes,Dealer,Booked,Net 30,Phoenix Distribution Center,6694.76
SO105294,2023-07-13,C0004,Sonoran Bike Co.,Dealer,Booked,Net 30,Phoenix Distribution Center,34093.8
SO105295,2023-07-13,C0001,Sonoran Cycles Online,DTC,Booked,Credit Card,Phoenix Distribution Center,4599.0
SO105296,2023-07-13,C0001,Sonoran Cycles Online,DTC,Booked,Credit Card,Phoenix Distribution Center,11797.0
SO105297,2023-07-13,C0001,Sonoran Cycles Online,DTC,Booked,Credit Card,Phoenix Distribution Center,4599.0
SO105298,2023-07-13,C0001,Sonoran Cycles Online,DTC,Booked,Credit Card,Phoenix Distribution Center,4599.0
SO105299,2023-07-13,C0001,Sonoran Cycles Online,DTC,Booked,Credit Card,Phoenix Distribution Center,3499.0
SO105300,2023-07-13,C0001,Sonoran Cycles Online,DTC,Booked,Credit Card,Phoenix Distribution Center,4599.0
SO105301,2023-07-13,C0001,Sonoran Cycles Online,DTC,Booked,Credit Card,Phoenix Distribution Center,3999.0
SO105302,2023-07-13,C0001,Sonoran Cycles Online,DTC,Booked,Credit Card,Phoenix Distribution Center,4599.0
SO105303,2023-07-13,C0001,Sonoran Cycles Online,DTC,Booked,Credit Card,Phoenix Distribution Center,3999.0
SO105304,2023-07-13,C0001,Sonoran Cycles Online,DTC,Booked,Credit Card,Phoenix Distribution Center,6199.0
SO105305,2023-07-13,C0001,Sonoran Cycles Online,DTC,Booked,Credit Card,Phoenix Distribution Center,3999.0
SO105306,2023-07-13,C0001,Sonoran Cycles Online,DTC,Booked,Credit Card,Phoenix Distribution Center,5199.0
SO105307,2023-07-14,C0027,Prairie Trail Bikes,Dealer,Booked,Net 30,Phoenix Distribution Center,17852.28
SO105308,2023-07-14,C0019,Front Range Cyclery,Dealer,Booked,Net 30,Phoenix Distribution Center,33968.56
SO105309,2023-07-14,C0018,High Country Bikes,Dealer,Booked,Net 45,Phoenix Distribution Center,54277.56
SO105310,2023-07-14,C0016,Coastal Gravel Co.,Dealer,Booked,Net 30,Phoenix Distribution Center,19624.8
SO105311,2023-07-14,C0031,Pisgah Bike Co.,Dealer,Booked,Net 45,Phoenix Distribution Center,37229.62
SO105312,2023-07-14,C0032,Southern Singletrack,Dealer,Booked,Net 30,Phoenix Distribution Center,19171.1
SO105313,2023-07-14,C0018,High Country Bikes,Dealer,Booked,Net 45,Phoenix Distribution Center,35025.62
SO105314,2023-07-14,C0033,Appalachian Bikes,Dealer,Booked,Net 30,Phoenix Distribution Center,31613.8
SO105315,2023-07-14,C0018,High Country Bikes,Dealer,Booked,Net 45,Phoenix Distribution Center,29342.78
SO105316,2023-07-14,C0006,Tucson Trail Works,Dealer,Booked,Net 30,Phoenix Distribution Center,39671.94
SO105317,2023-07-14,C0010,Evergreen Cyclery,Dealer,Booked,Net 45,Phoenix Distribution Center,14205.94
SO105318,2023-07-14,C0010,Evergreen Cyclery,Dealer,Booked,Net 45,Phoenix Distribution Center,9973.1
SO105319,2023-07-14,C0008,Sedona Ride Center,Dealer,Booked,Net 30,Phoenix Distribution Center,61247.32
SO105320,2023-07-14,C0014,Redwood Ride Shop,Dealer,Booked,Net 30,Phoenix Distribution Center,24917.8
SO105321,2023-07-14,C0008,Sedona Ride Center,Dealer,Booked,Net 30,Phoenix Distribution Center,38248.42
SO105322,2023-07-14,C0018,High Country Bikes,Dealer,Booked,Net 45,Phoenix Distribution Center,26558.2
SO105323,2023-07-14,C0026,Great Lakes Cyclery,Dealer,Booked,Net 30,Phoenix Distribution Center,36653.5
SO105324,2023-07-14,C0035,Adirondack Cycles,Dealer,Booked,Net 30,Phoenix Distribution Center,20666.1
SO105325,2023-07-14,C0026,Great Lakes Cyclery,Dealer,Booked,Net 30,Phoenix Distribution Center,26579.8
SO105326,2023-07-14,C0001,Sonoran Cycles Online,DTC,Booked,Credit Card,Phoenix Distribution Center,6199.0
SO105327,2023-07-14,C0001,Sonoran Cycles Online,DTC,Booked,Credit Card,Phoenix Distribution Center,6199.0
SO105328,2023-07-14,C0001,Sonoran Cycles Online,DTC,Booked,Credit Card,Phoenix Distribution Center,5199.0
SO105329,2023-07-14,C0001,Sonoran Cycles Online,DTC,Booked,Credit Card,Phoenix Distribution Center,6199.0
SO105330,2023-07-14,C0001,Sonoran Cycles Online,DTC,Booked,Credit Card,Phoenix Distribution Center,4599.0
SO105331,2023-07-14,C0001,Sonoran Cycles Online,DTC,Booked,Credit Card,Phoenix Distribution Center,7499.0
SO105332,2023-07-14,C0001,Sonoran Cycles Online,DTC,Booked,Credit Card,Phoenix Distribution Center,5199.0
SO105333,2023-07-14,C0001,Sonoran Cycles Online,DTC,Booked,Credit Card,Phoenix Distribution Center,4599.0
SO105334,2023-07-14,C0001,Sonoran Cycles Online,DTC,Booked,Credit Card,Phoenix Distribution Center,6598.0
SO105335,2023-07-14,C0001,Sonoran Cycles Online,DTC,Booked,Credit Card,Phoenix Distribution Center,7499.0
SO105336,2023-07-14,C0001,Sonoran Cycles Online,DTC,Booked,Credit Card,Phoenix Distribution Center,3299.0
SO105337,2023-07-14,C0001,Sonoran Cycles Online,DTC,Booked,Credit Card,Phoenix Distribution Center,10398.0
SO105338,2023-07-14,C0001,Sonoran Cycles Online,DTC,Booked,Credit Card,Phoenix Distribution Center,5199.0
SO105339,2023-07-15,C0020,Alpine Ride Co.,Dealer,Booked,Net 30,Phoenix Distribution Center,18099.04
SO105340,2023-07-15,C0010,Evergreen Cyclery,Dealer,Booked,Net 45,Phoenix Distribution Center,13800.52
SO105341,2023-07-15,C0008,Sedona Ride Center,Dealer,Booked,Net 30,Phoenix Distribution Center,48911.18
SO105342,2023-07-15,C0031,Pisgah Bike Co.,Dealer,Booked,Net 45,Phoenix Distribution Center,17397.1
SO105343,2023-07-15,C0003,Cactus Cycling,Dealer,Booked,Net 30,Phoenix Distribution Center,30373.8
SO105344,2023-07-15,C0004,Sonoran Bike Co.,Dealer,Booked,Net 30,Phoenix Distribution Center,22440.28
SO105345,2023-07-15,C0032,Southern Singletrack,Dealer,Booked,Net 30,Phoenix Distribution Center,36587.85
SO105346,2023-07-15,C0001,Sonoran Cycles Online,DTC,Booked,Credit Card,Phoenix Distribution Center,11398.0
SO105347,2023-07-15,C0001,Sonoran Cycles Online,DTC,Booked,Credit Card,Phoenix Distribution Center,4599.0
SO105348,2023-07-15,C0001,Sonoran Cycles Online,DTC,Booked,Credit Card,Phoenix Distribution Center,5199.0
SO105349,2023-07-15,C0001,Sonoran Cycles Online,DTC,Booked,Credit Card,Phoenix Distribution Center,7499.0
SO105350,2023-07-15,C0001,Sonoran Cycles Online,DTC,Booked,Credit Card,Phoenix Distribution Center,3999.0
SO105351,2023-07-15,C0001,Sonoran Cycles Online,DTC,Booked,Credit Card,Phoenix Distribution Center,4599.0
SO105352,2023-07-15,C0001,Sonoran Cycles Online,DTC,Booked,Credit Card,Phoenix Distribution Center,5199.0
SO105353,2023-07-15,C0001,Sonoran Cycles Online,DTC,Booked,Credit Card,Phoenix Distribution Center,4599.0
SO105354,2023-07-15,C0001,Sonoran Cycles Online,DTC,Booked,Credit Card,Phoenix Distribution Center,4599.0
SO105355,2023-07-15,C0001,Sonoran Cycles Online,DTC,Booked,Credit Card,Phoenix Distribution Center,8098.0
SO105356,2023-07-15,C0001,Sonoran Cycles Online,DTC,Booked,Credit Card,Phoenix Distribution Center,9198.0
SO105357,2023-07-15,C0001,Sonoran Cycles Online,DTC,Booked,Credit Card,Phoenix Distribution Center,3299.0
SO105358,2023-07-15,C0001,Sonoran Cycles Online,DTC,Booked,Credit Card,Phoenix Distribution Center,5199.0
SO105359,2023-07-15,C0001,Sonoran Cycles Online,DTC,Booked,Credit Card,Phoenix Distribution Center,5199.0
SO105360,2023-07-15,C0001,Sonoran Cycles Online,DTC,Booked,Credit Card,Phoenix Distribution Center,3299.0
SO105361,2023-07-15,C0001,Sonoran Cycles Online,DTC,Booked,Credit Card,Phoenix Distribution Center,5199.0
SO105362,2023-07-15,C0001,Sonoran Cycles Online,DTC,Booked,Credit Card,Phoenix Distribution Center,3299.0
SO105363,2023-07-15,C0001,Sonoran Cycles Online,DTC,Booked,Credit Card,Phoenix Distribution Center,6199.0
SO105364,2023-07-15,C0001,Sonoran Cycles Online,DTC,Booked,Credit Card,Phoenix Distribution Center,5199.0
SO105365,2023-07-16,C0035,Adirondack Cycles,Dealer,Booked,Net 30,Phoenix Distribution Center,19560.45
SO105366,2023-07-16,C0027,Prairie Trail Bikes,Dealer,Booked,Net 30,Phoenix Distribution Center,34713.18
SO105367,2023-07-16,C0001,Sonoran Cycles Online,DTC,Booked,Credit Card,Phoenix Distribution Center,7499.0
SO105368,2023-07-16,C0001,Sonoran Cycles Online,DTC,Booked,Credit Card,Phoenix Distribution Center,16997.0
SO105369,2023-07-16,C0001,Sonoran Cycles Online,DTC,Booked,Credit Card,Phoenix Distribution Center,4599.0
SO105370,2023-07-16,C0001,Sonoran Cycles Online,DTC,Booked,Credit Card,Phoenix Distribution Center,4599.0
SO105371,2023-07-16,C0001,Sonoran Cycles Online,DTC,Booked,Credit Card,Phoenix Distribution Center,7499.0
SO105372,2023-07-16,C0001,Sonoran Cycles Online,DTC,Booked,Credit Card,Phoenix Distribution Center,5199.0
SO105373,2023-07-16,C0001,Sonoran Cycles Online,DTC,Booked,Credit Card,Phoenix Distribution Center,4599.0
SO105374,2023-07-16,C0001,Sonoran Cycles Online,DTC,Booked,Credit Card,Phoenix Distribution Center,6199.0
SO105375,2023-07-16,C0001,Sonoran Cycles Online,DTC,Booked,Credit Card,Phoenix Distribution Center,3999.0
SO105376,2023-07-16,C0001,Sonoran Cycles Online,DTC,Booked,Credit Card,Phoenix Distribution Center,5199.0
SO105377,2023-07-16,C0001,Sonoran Cycles Online,DTC,Booked,Credit Card,Phoenix Distribution Center,5199.0
SO105378,2023-07-16,C0001,Sonoran Cycles Online,DTC,Booked,Credit Card,Phoenix Distribution Center,6199.0
SO105379,2023-07-16,C0001,Sonoran Cycles Online,DTC,Booked,Credit Card,Phoenix Distribution Center,4599.0
SO105380,2023-07-16,C0001,Sonoran Cycles Online,DTC,Booked,Credit Card,Phoenix Distribution Center,5199.0
SO105381,2023-07-17,C0030,Blue Ridge Cycles,Dealer,Booked,Net 30,Phoenix Distribution Center,21199.04
SO105382,2023-07-17,C0018,High Country Bikes,Dealer,Booked,Net 45,Phoenix Distribution Center,30618.78
SO105383,2023-07-17,C0010,Evergreen Cyclery,Dealer,Booked,Net 45,Phoenix Distribution Center,21164.2
SO105384,2023-07-17,C0022,Wasatch Wheel Works,Dealer,Booked,Net 30,Phoenix Distribution Center,42956.7
SO105385,2023-07-17,C0036,Pine Tree Bicycles,Dealer,Booked,Net 30,Phoenix Distribution Center,33922.2
SO105386,2023-07-17,C0027,Prairie Trail Bikes,Dealer,Booked,Net 30,Phoenix Distribution Center,40663.32
SO105387,2023-07-17,C0009,Las Cruces Cycling,Dealer,Booked,Net 30,Phoenix Distribution Center,19950.45
SO105388,2023-07-17,C0003,Cactus Cycling,Dealer,Booked,Net 30,Phoenix Distribution Center,33224.56
SO105389,2023-07-17,C0035,Adirondack Cycles,Dealer,Booked,Net 30,Phoenix Distribution Center,30024.15
SO105390,2023-07-17,C0014,Redwood Ride Shop,Dealer,Booked,Net 30,Phoenix Distribution Center,19153.66
SO105391,2023-07-17,C0029,River Bend Bikes,Dealer,Booked,Net 30,Phoenix Distribution Center,8058.7
SO105392,2023-07-17,C0003,Cactus Cycling,Dealer,Booked,Net 30,Phoenix Distribution Center,23307.66
SO105393,2023-07-17,C0018,High Country Bikes,Dealer,Booked,Net 45,Phoenix Distribution Center,28878.78
SO105394,2023-07-17,C0012,Rain City Cycles,Dealer,Booked,Net 30,Phoenix Distribution Center,38602.85
SO105395,2023-07-17,C0012,Rain City Cycles,Dealer,Booked,Net 30,Phoenix Distribution Center,31584.15
SO105396,2023-07-17,C0032,Southern Singletrack,Dealer,Booked,Net 30,Phoenix Distribution Center,36262.85
SO105397,2023-07-17,C0010,Evergreen Cyclery,Dealer,Booked,Net 45,Phoenix Distribution Center,32180.72
SO105398,2023-07-17,C0031,Pisgah Bike Co.,Dealer,Booked,Net 45,Phoenix Distribution Center,37983.04
SO105399,2023-07-17,C0025,Lakeshore Bikes,Dealer,Booked,Net 30,Phoenix Distribution Center,9793.52
SO105400,2023-07-17,C0013,Pacific Trail Bikes,Dealer,Booked,Net 45,Phoenix Distribution Center,31779.36
SO105401,2023-07-17,C0008,Sedona Ride Center,Dealer,Booked,Net 30,Phoenix Distribution Center,11096.14
SO105402,2023-07-17,C0010,Evergreen Cyclery,Dealer,Booked,Net 45,Phoenix Distribution Center,23947.62
SO105403,2023-07-17,C0004,Sonoran Bike Co.,Dealer,Booked,Net 30,Phoenix Distribution Center,39177.18
SO105404,2023-07-17,C0001,Sonoran Cycles Online,DTC,Booked,Credit Card,Phoenix Distribution Center,3299.0
SO105405,2023-07-17,C0001,Sonoran Cycles Online,DTC,Booked,Credit Card,Phoenix Distribution Center,3499.0
SO105406,2023-07-17,C0001,Sonoran Cycles Online,DTC,Booked,Credit Card,Phoenix Distribution Center,4599.0
SO105407,2023-07-17,C0001,Sonoran Cycles Online,DTC,Booked,Credit Card,Phoenix Distribution Center,8098.0
SO105408,2023-07-17,C0001,Sonoran Cycles Online,DTC,Booked,Credit Card,Phoenix Distribution Center,3999.0
SO105409,2023-07-17,C0001,Sonoran Cycles Online,DTC,Booked,Credit Card,Phoenix Distribution Center,4599.0
SO105410,2023-07-17,C0001,Sonoran Cycles Online,DTC,Booked,Credit Card,Phoenix Distribution Center,10798.0
SO105411,2023-07-17,C0001,Sonoran Cycles Online,DTC,Booked,Credit Card,Phoenix Distribution Center,3299.0
SO105412,2023-07-17,C0001,Sonoran Cycles Online,DTC,Booked,Credit Card,Phoenix Distribution Center,7499.0
SO105413,2023-07-17,C0001,Sonoran Cycles Online,DTC,Booked,Credit Card,Phoenix Distribution Center,4599.0
SO105414,2023-07-17,C0001,Sonoran Cycles Online,DTC,Booked,Credit Card,Phoenix Distribution Center,4599.0
SO105415,2023-07-18,C0014,Redwood Ride Shop,Dealer,Booked,Net 30,Phoenix Distribution Center,19650.28
SO105416,2023-07-18,C0025,Lakeshore Bikes,Dealer,Booked,Net 30,Phoenix Distribution Center,21695.04
SO105417,2023-07-18,C0006,Tucson Trail Works,Dealer,Booked,Net 30,Phoenix Distribution Center,13141.52
SO105418,2023-07-18,C0002,Desert Trail Bikes,Dealer,Booked,Net 45,Phoenix Distribution Center,19019.94
SO105419,2023-07-18,C0017,Bay Mountain Bikes,Dealer,Booked,Net 30,Phoenix Distribution Center,32853.18
SO105420,2023-07-18,C0025,Lakeshore Bikes,Dealer,Booked,Net 30,Phoenix Distribution Center,5330.76
SO105421,2023-07-18,C0014,Redwood Ride Shop,Dealer,Booked,Net 30,Phoenix Distribution Center,36633.94
SO105422,2023-07-18,C0032,Southern Singletrack,Dealer,Booked,Net 30,Phoenix Distribution Center,12607.4
SO105423,2023-07-18,C0011,Cascade Bikes,Dealer,Booked,Net 30,Phoenix Distribution Center,28513.8
SO105424,2023-07-18,C0027,Prairie Trail Bikes,Dealer,Booked,Net 30,Phoenix Distribution Center,16054.9
SO105425,2023-07-18,C0009,Las Cruces Cycling,Dealer,Booked,Net 30,Phoenix Distribution Center,11567.4
SO105426,2023-07-18,C0006,Tucson Trail Works,Dealer,Booked,Net 30,Phoenix Distribution Center,6942.14
SO105427,2023-07-18,C0013,Pacific Trail Bikes,Dealer,Booked,Net 45,Phoenix Distribution Center,30039.36
SO105428,2023-07-18,C0011,Cascade Bikes,Dealer,Booked,Net 30,Phoenix Distribution Center,8182.14
SO105429,2023-07-18,C0025,Lakeshore Bikes,Dealer,Booked,Net 30,Phoenix Distribution Center,11777.52
SO105430,2023-07-18,C0006,Tucson Trail Works,Dealer,Booked,Net 30,Phoenix Distribution Center,32728.56
SO105431,2023-07-18,C0016,Coastal Gravel Co.,Dealer,Booked,Net 30,Phoenix Distribution Center,21900.45
SO105432,2023-07-18,C0021,Rocky Peak Cycles,Dealer,Booked,Net 30,Phoenix Distribution Center,25864.8
SO105433,2023-07-18,C0018,High Country Bikes,Dealer,Booked,Net 45,Phoenix Distribution Center,15077.1
SO105434,2023-07-18,C0008,Sedona Ride Center,Dealer,Booked,Net 30,Phoenix Distribution Center,60502.7
SO105435,2023-07-18,C0030,Blue Ridge Cycles,Dealer,Booked,Net 30,Phoenix Distribution Center,37439.94
SO105436,2023-07-18,C0002,Desert Trail Bikes,Dealer,Booked,Net 45,Phoenix Distribution Center,17397.1
SO105437,2023-07-18,C0002,Desert Trail Bikes,Dealer,Booked,Net 45,Phoenix Distribution Center,29689.62
SO105438,2023-07-18,C0025,Lakeshore Bikes,Dealer,Booked,Net 30,Phoenix Distribution Center,24669.18
SO105439,2023-07-18,C0028,Windy City Cycles,Dealer,Booked,Net 30,Phoenix Distribution Center,17806.1
SO105440,2023-07-18,C0022,Wasatch Wheel Works,Dealer,Booked,Net 30,Phoenix Distribution Center,33969.18
SO105441,2023-07-18,C0001,Sonoran Cycles Online,DTC,Booked,Credit Card,Phoenix Distribution Center,7499.0
SO105442,2023-07-18,C0001,Sonoran Cycles Online,DTC,Booked,Credit Card,Phoenix Distribution Center,4599.0
SO105443,2023-07-18,C0001,Sonoran Cycles Online,DTC,Booked,Credit Card,Phoenix Distribution Center,6199.0
SO105444,2023-07-18,C0001,Sonoran Cycles Online,DTC,Booked,Credit Card,Phoenix Distribution Center,6199.0
SO105445,2023-07-18,C0001,Sonoran Cycles Online,DTC,Booked,Credit Card,Phoenix Distribution Center,6199.0
SO105446,2023-07-18,C0001,Sonoran Cycles Online,DTC,Booked,Credit Card,Phoenix Distribution Center,3299.0
SO105447,2023-07-18,C0001,Sonoran Cycles Online,DTC,Booked,Credit Card,Phoenix Distribution Center,5199.0
SO105448,2023-07-18,C0001,Sonoran Cycles Online,DTC,Booked,Credit Card,Phoenix Distribution Center,4599.0
SO105449,2023-07-18,C0001,Sonoran Cycles Online,DTC,Booked,Credit Card,Phoenix Distribution Center,3299.0
SO105450,2023-07-18,C0001,Sonoran Cycles Online,DTC,Booked,Credit Card,Phoenix Distribution Center,5199.0
SO105451,2023-07-19,C0013,Pacific Trail Bikes,Dealer,Booked,Net 45,Phoenix Distribution Center,32184.78
SO105452,2023-07-19,C0027,Prairie Trail Bikes,Dealer,Booked,Net 30,Phoenix Distribution Center,46243.32
SO105453,2023-07-19,C0032,Southern Singletrack,Dealer,Booked,Net 30,Phoenix Distribution Center,39057.85
SO105454,2023-07-19,C0006,Tucson Trail Works,Dealer,Booked,Net 30,Phoenix Distribution Center,30373.8
SO105455,2023-07-19,C0027,Prairie Trail Bikes,Dealer,Booked,Net 30,Phoenix Distribution Center,29630.42
SO105456,2023-07-19,C0023,Bozeman Bike Works,Dealer,Booked,Net 30,Phoenix Distribution Center,47181.55
SO105457,2023-07-19,C0017,Bay Mountain Bikes,Dealer,Booked,Net 30,Phoenix Distribution Center,22067.66
SO105458,2023-07-19,C0019,Front Range Cyclery,Dealer,Booked,Net 30,Phoenix Distribution Center,47793.32
SO105459,2023-07-19,C0002,Desert Trail Bikes,Dealer,Booked,Net 45,Phoenix Distribution Center,20353.94
SO105460,2023-07-19,C0025,Lakeshore Bikes,Dealer,Booked,Net 30,Phoenix Distribution Center,16487.66
SO105461,2023-07-19,C0017,Bay Mountain Bikes,Dealer,Booked,Net 30,Phoenix Distribution Center,48227.32
SO105462,2023-07-19,C0022,Wasatch Wheel Works,Dealer,Booked,Net 30,Phoenix Distribution Center,31737.8
SO105463,2023-07-19,C0007,Red Rock Cycles,Dealer,Booked,Net 30,Phoenix Distribution Center,22226.1
SO105464,2023-07-19,C0014,Redwood Ride Shop,Dealer,Booked,Net 30,Phoenix Distribution Center,13884.28
SO105465,2023-07-19,C0034,Green Mountain Bikes,Dealer,Booked,Net 30,Phoenix Distribution Center,26157.18
SO105466,2023-07-19,C0013,Pacific Trail Bikes,Dealer,Booked,Net 45,Phoenix Distribution Center,20992.52
SO105467,2023-07-19,C0020,Alpine Ride Co.,Dealer,Booked,Net 30,Phoenix Distribution Center,29627.94
SO105468,2023-07-19,C0026,Great Lakes Cyclery,Dealer,Booked,Net 30,Phoenix Distribution Center,30674.8
SO105469,2023-07-19,C0031,Pisgah Bike Co.,Dealer,Booked,Net 45,Phoenix Distribution Center,16817.1
SO105470,2023-07-19,C0007,Red Rock Cycles,Dealer,Booked,Net 30,Phoenix Distribution Center,8968.05
SO105471,2023-07-19,C0009,Las Cruces Cycling,Dealer,Booked,Net 30,Phoenix Distribution Center,49195.9
SO105472,2023-07-19,C0015,Sierra Cycle Works,Dealer,Booked,Net 30,Phoenix Distribution Center,4090.76
SO105473,2023-07-19,C0031,Pisgah Bike Co.,Dealer,Booked,Net 45,Phoenix Distribution Center,21107.36
SO105474,2023-07-19,C0016,Coastal Gravel Co.,Dealer,Booked,Net 30,Phoenix Distribution Center,13646.1
SO105475,2023-07-19,C0003,Cactus Cycling,Dealer,Booked,Net 30,Phoenix Distribution Center,34093.18
SO105476,2023-07-19,C0014,Redwood Ride Shop,Dealer,Booked,Net 30,Phoenix Distribution Center,43144.56
SO105477,2023-07-19,C0017,Bay Mountain Bikes,Dealer,Booked,Net 30,Phoenix Distribution Center,46863.94
SO105478,2023-07-19,C0001,Sonoran Cycles Online,DTC,Booked,Credit Card,Phoenix Distribution Center,5199.0
SO105479,2023-07-19,C0001,Sonoran Cycles Online,DTC,Booked,Credit Card,Phoenix Distribution Center,3299.0
SO105480,2023-07-19,C0001,Sonoran Cycles Online,DTC,Booked,Credit Card,Phoenix Distribution Center,4599.0
SO105481,2023-07-19,C0001,Sonoran Cycles Online,DTC,Booked,Credit Card,Phoenix Distribution Center,3499.0
SO105482,2023-07-19,C0001,Sonoran Cycles Online,DTC,Booked,Credit Card,Phoenix Distribution Center,4599.0
SO105483,2023-07-19,C0001,Sonoran Cycles Online,DTC,Booked,Credit Card,Phoenix Distribution Center,6199.0
SO105484,2023-07-19,C0001,Sonoran Cycles Online,DTC,Booked,Credit Card,Phoenix Distribution Center,7898.0
SO105485,2023-07-19,C0001,Sonoran Cycles Online,DTC,Booked,Credit Card,Phoenix Distribution Center,4599.0
SO105486,2023-07-19,C0001,Sonoran Cycles Online,DTC,Booked,Credit Card,Phoenix Distribution Center,5199.0
SO105487,2023-07-19,C0001,Sonoran Cycles Online,DTC,Booked,Credit Card,Phoenix Distribution Center,6199.0
SO105488,2023-07-19,C0001,Sonoran Cycles Online,DTC,Booked,Credit Card,Phoenix Distribution Center,5199.0
SO105489,2023-07-20,C0029,River Bend Bikes,Dealer,Booked,Net 30,Phoenix Distribution Center,43022.2
SO105490,2023-07-20,C0031,Pisgah Bike Co.,Dealer,Booked,Net 45,Phoenix Distribution Center,6030.84
SO105491,2023-07-20,C0007,Red Rock Cycles,Dealer,Booked,Net 30,Phoenix Distribution Center,43152.2
SO105492,2023-07-20,C0008,Sedona Ride Center,Dealer,Booked,Net 30,Phoenix Distribution Center,40665.8
SO105493,2023-07-20,C0031,Pisgah Bike Co.,Dealer,Booked,Net 45,Phoenix Distribution Center,30154.2
SO105494,2023-07-20,C0002,Desert Trail Bikes,Dealer,Booked,Net 45,Phoenix Distribution Center,21629.36
SO105495,2023-07-20,C0034,Green Mountain Bikes,Dealer,Booked,Net 30,Phoenix Distribution Center,16363.04
SO105496,2023-07-20,C0002,Desert Trail Bikes,Dealer,Booked,Net 45,Phoenix Distribution Center,29689.62
SO105497,2023-07-20,C0025,Lakeshore Bikes,Dealer,Booked,Net 30,Phoenix Distribution Center,20516.42
SO105498,2023-07-20,C0023,Bozeman Bike Works,Dealer,Booked,Net 30,Phoenix Distribution Center,11632.4
SO105499,2023-07-20,C0030,Blue Ridge Cycles,Dealer,Booked,Net 30,Phoenix Distribution Center,12149.52
SO105500,2023-07-20,C0009,Las Cruces Cycling,Dealer,Booked,Net 30,Phoenix Distribution Center,59918.3
SO105501,2023-07-20,C0015,Sierra Cycle Works,Dealer,Booked,Net 30,Phoenix Distribution Center,21819.66
SO105502,2023-07-20,C0030,Blue Ridge Cycles,Dealer,Booked,Net 30,Phoenix Distribution Center,38122.56
SO105503,2023-07-20,C0022,Wasatch Wheel Works,Dealer,Booked,Net 30,Phoenix Distribution Center,16736.9
SO105504,2023-07-20,C0022,Wasatch Wheel Works,Dealer,Booked,Net 30,Phoenix Distribution Center,28513.8
SO105505,2023-07-20,C0027,Prairie Trail Bikes,Dealer,Booked,Net 30,Phoenix Distribution Center,36510.56
SO105506,2023-07-20,C0010,Evergreen Cyclery,Dealer,Booked,Net 45,Phoenix Distribution Center,6146.26
SO105507,2023-07-20,C0031,Pisgah Bike Co.,Dealer,Booked,Net 45,Phoenix Distribution Center,18208.52
SO105508,2023-07-20,C0005,Mesa Mountain Bikes,Dealer,Booked,Net 30,Phoenix Distribution Center,30803.5
SO105509,2023-07-20,C0013,Pacific Trail Bikes,Dealer,Booked,Net 45,Phoenix Distribution Center,22731.94
SO105510,2023-07-20,C0001,Sonoran Cycles Online,DTC,Booked,Credit Card,Phoenix Distribution Center,6199.0
SO105511,2023-07-20,C0001,Sonoran Cycles Online,DTC,Booked,Credit Card,Phoenix Distribution Center,3499.0
SO105512,2023-07-20,C0001,Sonoran Cycles Online,DTC,Booked,Credit Card,Phoenix Distribution Center,5199.0
SO105513,2023-07-20,C0001,Sonoran Cycles Online,DTC,Booked,Credit Card,Phoenix Distribution Center,6199.0
SO105514,2023-07-20,C0001,Sonoran Cycles Online,DTC,Booked,Credit Card,Phoenix Distribution Center,4599.0
SO105515,2023-07-20,C0001,Sonoran Cycles Online,DTC,Booked,Credit Card,Phoenix Distribution Center,3299.0
SO105516,2023-07-20,C0001,Sonoran Cycles Online,DTC,Booked,Credit Card,Phoenix Distribution Center,4599.0
SO105517,2023-07-20,C0001,Sonoran Cycles Online,DTC,Booked,Credit Card,Phoenix Distribution Center,4599.0
SO105518,2023-07-20,C0001,Sonoran Cycles Online,DTC,Booked,Credit Card,Phoenix Distribution Center,4599.0
SO105519,2023-07-20,C0001,Sonoran Cycles Online,DTC,Booked,Credit Card,Phoenix Distribution Center,4599.0
SO105520,2023-07-20,C0001,Sonoran Cycles Online,DTC,Booked,Credit Card,Phoenix Distribution Center,6199.0
SO105521,2023-07-20,C0001,Sonoran Cycles Online,DTC,Booked,Credit Card,Phoenix Distribution Center,5199.0
SO105522,2023-07-21,C0030,Blue Ridge Cycles,Dealer,Booked,Net 30,Phoenix Distribution Center,46243.32
SO105523,2023-07-21,C0020,Alpine Ride Co.,Dealer,Booked,Net 30,Phoenix Distribution Center,22933.18
SO105524,2023-07-21,C0022,Wasatch Wheel Works,Dealer,Booked,Net 30,Phoenix Distribution Center,33597.18
SO105525,2023-07-21,C0010,Evergreen Cyclery,Dealer,Booked,Net 45,Phoenix Distribution Center,18323.36
SO105526,2023-07-21,C0009,Las Cruces Cycling,Dealer,Booked,Net 30,Phoenix Distribution Center,7278.05
SO105527,2023-07-21,C0002,Desert Trail Bikes,Dealer,Booked,Net 45,Phoenix Distribution Center,28588.2
SO105528,2023-07-21,C0031,Pisgah Bike Co.,Dealer,Booked,Net 45,Phoenix Distribution Center,37113.62
SO105529,2023-07-21,C0026,Great Lakes Cyclery,Dealer,Booked,Net 30,Phoenix Distribution Center,44321.55
SO105530,2023-07-21,C0025,Lakeshore Bikes,Dealer,Booked,Net 30,Phoenix Distribution Center,30495.94
SO105531,2023-07-21,C0003,Cactus Cycling,Dealer,Booked,Net 30,Phoenix Distribution Center,23431.66
SO105532,2023-07-21,C0010,Evergreen Cyclery,Dealer,Booked,Net 45,Phoenix Distribution Center,28528.46
SO105533,2023-07-21,C0004,Sonoran Bike Co.,Dealer,Booked,Net 30,Phoenix Distribution Center,29629.8
SO105534,2023-07-21,C0031,Pisgah Bike Co.,Dealer,Booked,Net 45,Phoenix Distribution Center,32126.2
SO105535,2023-07-21,C0018,High Country Bikes,Dealer,Booked,Net 45,Phoenix Distribution Center,39549.04
SO105536,2023-07-21,C0019,Front Range Cyclery,Dealer,Booked,Net 30,Phoenix Distribution Center,58269.46
SO105537,2023-07-21,C0011,Cascade Bikes,Dealer,Booked,Net 30,Phoenix Distribution Center,38617.32
SO105538,2023-07-21,C0013,Pacific Trail Bikes,Dealer,Booked,Net 45,Phoenix Distribution Center,40187.62
SO105539,2023-07-21,C0019,Front Range Cyclery,Dealer,Booked,Net 30,Phoenix Distribution Center,36076.56
SO105540,2023-07-21,C0010,Evergreen Cyclery,Dealer,Booked,Net 45,Phoenix Distribution Center,13393.94
SO105541,2023-07-21,C0001,Sonoran Cycles Online,DTC,Booked,Credit Card,Phoenix Distribution Center,4599.0
SO105542,2023-07-21,C0001,Sonoran Cycles Online,DTC,Booked,Credit Card,Phoenix Distribution Center,3299.0
SO105543,2023-07-21,C0001,Sonoran Cycles Online,DTC,Booked,Credit Card,Phoenix Distribution Center,3999.0
SO105544,2023-07-21,C0001,Sonoran Cycles Online,DTC,Booked,Credit Card,Phoenix Distribution Center,4599.0
SO105545,2023-07-21,C0001,Sonoran Cycles Online,DTC,Booked,Credit Card,Phoenix Distribution Center,4599.0
SO105546,2023-07-21,C0001,Sonoran Cycles Online,DTC,Booked,Credit Card,Phoenix Distribution Center,5199.0
SO105547,2023-07-21,C0001,Sonoran Cycles Online,DTC,Booked,Credit Card,Phoenix Distribution Center,4599.0
SO105548,2023-07-21,C0001,Sonoran Cycles Online,DTC,Booked,Credit Card,Phoenix Distribution Center,7499.0
SO105549,2023-07-21,C0001,Sonoran Cycles Online,DTC,Booked,Credit Card,Phoenix Distribution Center,4599.0
SO105550,2023-07-21,C0001,Sonoran Cycles Online,DTC,Booked,Credit Card,Phoenix Distribution Center,6199.0
SO105551,2023-07-21,C0001,Sonoran Cycles Online,DTC,Booked,Credit Card,Phoenix Distribution Center,6199.0
SO105552,2023-07-21,C0001,Sonoran Cycles Online,DTC,Booked,Credit Card,Phoenix Distribution Center,9498.0
SO105553,2023-07-21,C0001,Sonoran Cycles Online,DTC,Booked,Credit Card,Phoenix Distribution Center,6199.0
SO105554,2023-07-21,C0001,Sonoran Cycles Online,DTC,Booked,Credit Card,Phoenix Distribution Center,5199.0
SO105555,2023-07-22,C0010,Evergreen Cyclery,Dealer,Booked,Net 45,Phoenix Distribution Center,23077.62
SO105556,2023-07-22,C0010,Evergreen Cyclery,Dealer,Booked,Net 45,Phoenix Distribution Center,38271.88
SO105557,2023-07-22,C0019,Front Range Cyclery,Dealer,Booked,Net 30,Phoenix Distribution Center,19340.28
SO105558,2023-07-22,C0036,Pine Tree Bicycles,Dealer,Booked,Net 30,Phoenix Distribution Center,31648.5
SO105559,2023-07-22,C0036,Pine Tree Bicycles,Dealer,Booked,Net 30,Phoenix Distribution Center,17220.45
SO105560,2023-07-22,C0003,Cactus Cycling,Dealer,Booked,Net 30,Phoenix Distribution Center,10226.9
SO105561,2023-07-22,C0001,Sonoran Cycles Online,DTC,Booked,Credit Card,Phoenix Distribution Center,5199.0
SO105562,2023-07-22,C0001,Sonoran Cycles Online,DTC,Booked,Credit Card,Phoenix Distribution Center,3499.0
SO105563,2023-07-22,C0001,Sonoran Cycles Online,DTC,Booked,Credit Card,Phoenix Distribution Center,9798.0
SO105564,2023-07-22,C0001,Sonoran Cycles Online,DTC,Booked,Credit Card,Phoenix Distribution Center,6199.0
SO105565,2023-07-22,C0001,Sonoran Cycles Online,DTC,Booked,Credit Card,Phoenix Distribution Center,4599.0
SO105566,2023-07-22,C0001,Sonoran Cycles Online,DTC,Booked,Credit Card,Phoenix Distribution Center,12398.0
SO105567,2023-07-22,C0001,Sonoran Cycles Online,DTC,Booked,Credit Card,Phoenix Distribution Center,3299.0
SO105568,2023-07-22,C0001,Sonoran Cycles Online,DTC,Booked,Credit Card,Phoenix Distribution Center,7499.0
SO105569,2023-07-22,C0001,Sonoran Cycles Online,DTC,Booked,Credit Card,Phoenix Distribution Center,3499.0
SO105570,2023-07-22,C0001,Sonoran Cycles Online,DTC,Booked,Credit Card,Phoenix Distribution Center,3299.0
SO105571,2023-07-22,C0001,Sonoran Cycles Online,DTC,Booked,Credit Card,Phoenix Distribution Center,3299.0
SO105572,2023-07-22,C0001,Sonoran Cycles Online,DTC,Booked,Credit Card,Phoenix Distribution Center,4599.0
SO105573,2023-07-22,C0001,Sonoran Cycles Online,DTC,Booked,Credit Card,Phoenix Distribution Center,4599.0
SO105574,2023-07-22,C0001,Sonoran Cycles Online,DTC,Booked,Credit Card,Phoenix Distribution Center,7499.0
SO105575,2023-07-22,C0001,Sonoran Cycles Online,DTC,Booked,Credit Card,Phoenix Distribution Center,5199.0
SO105576,2023-07-22,C0001,Sonoran Cycles Online,DTC,Booked,Credit Card,Phoenix Distribution Center,6199.0
SO105577,2023-07-23,C0025,Lakeshore Bikes,Dealer,Booked,Net 30,Phoenix Distribution Center,20083.04
SO105578,2023-07-23,C0033,Appalachian Bikes,Dealer,Booked,Net 30,Phoenix Distribution Center,12397.52
SO105579,2023-07-23,C0001,Sonoran Cycles Online,DTC,Booked,Credit Card,Phoenix Distribution Center,5199.0
SO105580,2023-07-23,C0001,Sonoran Cycles Online,DTC,Booked,Credit Card,Phoenix Distribution Center,3499.0
SO105581,2023-07-23,C0001,Sonoran Cycles Online,DTC,Booked,Credit Card,Phoenix Distribution Center,4599.0
SO105582,2023-07-23,C0001,Sonoran Cycles Online,DTC,Booked,Credit Card,Phoenix Distribution Center,7499.0
SO105583,2023-07-23,C0001,Sonoran Cycles Online,DTC,Booked,Credit Card,Phoenix Distribution Center,4599.0
SO105584,2023-07-23,C0001,Sonoran Cycles Online,DTC,Booked,Credit Card,Phoenix Distribution Center,5199.0
SO105585,2023-07-23,C0001,Sonoran Cycles Online,DTC,Booked,Credit Card,Phoenix Distribution Center,6199.0
SO105586,2023-07-23,C0001,Sonoran Cycles Online,DTC,Booked,Credit Card,Phoenix Distribution Center,7499.0
SO105587,2023-07-23,C0001,Sonoran Cycles Online,DTC,Booked,Credit Card,Phoenix Distribution Center,3999.0
SO105588,2023-07-23,C0001,Sonoran Cycles Online,DTC,Booked,Credit Card,Phoenix Distribution Center,5199.0
SO105589,2023-07-23,C0001,Sonoran Cycles Online,DTC,Booked,Credit Card,Phoenix Distribution Center,3299.0
SO105590,2023-07-23,C0001,Sonoran Cycles Online,DTC,Booked,Credit Card,Phoenix Distribution Center,3299.0
SO105591,2023-07-23,C0001,Sonoran Cycles Online,DTC,Booked,Credit Card,Phoenix Distribution Center,3299.0
SO105592,2023-07-23,C0001,Sonoran Cycles Online,DTC,Booked,Credit Card,Phoenix Distribution Center,5199.0
SO105593,2023-07-23,C0001,Sonoran Cycles Online,DTC,Booked,Credit Card,Phoenix Distribution Center,5199.0
SO105594,2023-07-23,C0001,Sonoran Cycles Online,DTC,Booked,Credit Card,Phoenix Distribution Center,3299.0
SO105595,2023-07-24,C0014,Redwood Ride Shop,Dealer,Booked,Net 30,Phoenix Distribution Center,34651.8
SO105596,2023-07-24,C0036,Pine Tree Bicycles,Dealer,Booked,Net 30,Phoenix Distribution Center,14751.75
SO105597,2023-07-24,C0008,Sedona Ride Center,Dealer,Booked,Net 30,Phoenix Distribution Center,25478.28
SO105598,2023-07-24,C0018,High Country Bikes,Dealer,Booked,Net 45,Phoenix Distribution Center,11365.68
SO105599,2023-07-24,C0014,Redwood Ride Shop,Dealer,Booked,Net 30,Phoenix Distribution Center,28946.56
SO105600,2023-07-24,C0002,Desert Trail Bikes,Dealer,Booked,Net 45,Phoenix Distribution Center,35894.46
SO105601,2023-07-24,C0031,Pisgah Bike Co.,Dealer,Booked,Net 45,Phoenix Distribution Center,27603.36
SO105602,2023-07-24,C0027,Prairie Trail Bikes,Dealer,Booked,Net 30,Phoenix Distribution Center,19587.66
SO105603,2023-07-24,C0034,Green Mountain Bikes,Dealer,Booked,Net 30,Phoenix Distribution Center,31054.56
SO105604,2023-07-24,C0006,Tucson Trail Works,Dealer,Booked,Net 30,Phoenix Distribution Center,31861.8
SO105605,2023-07-24,C0014,Redwood Ride Shop,Dealer,Booked,Net 30,Phoenix Distribution Center,13698.28
SO105606,2023-07-24,C0006,Tucson Trail Works,Dealer,Booked,Net 30,Phoenix Distribution Center,42399.32
SO105607,2023-07-24,C0018,High Country Bikes,Dealer,Booked,Net 45,Phoenix Distribution Center,29806.2
SO105608,2023-07-24,C0011,Cascade Bikes,Dealer,Booked,Net 30,Phoenix Distribution Center,15000.9
SO105609,2023-07-24,C0003,Cactus Cycling,Dealer,Booked,Net 30,Phoenix Distribution Center,16240.9
SO105610,2023-07-24,C0014,Redwood Ride Shop,Dealer,Booked,Net 30,Phoenix Distribution Center,30436.42
SO105611,2023-07-24,C0015,Sierra Cycle Works,Dealer,Booked,Net 30,Phoenix Distribution Center,30374.42
SO105612,2023-07-24,C0005,Mesa Mountain Bikes,Dealer,Booked,Net 30,Phoenix Distribution Center,28723.5
SO105613,2023-07-24,C0025,Lakeshore Bikes,Dealer,Booked,Net 30,Phoenix Distribution Center,27025.18
SO105614,2023-07-24,C0021,Rocky Peak Cycles,Dealer,Booked,Net 30,Phoenix Distribution Center,32102.85
SO105615,2023-07-24,C0022,Wasatch Wheel Works,Dealer,Booked,Net 30,Phoenix Distribution Center,28266.42
SO105616,2023-07-24,C0004,Sonoran Bike Co.,Dealer,Booked,Net 30,Phoenix Distribution Center,48722.7
SO105617,2023-07-24,C0030,Blue Ridge Cycles,Dealer,Booked,Net 30,Phoenix Distribution Center,33720.56
SO105618,2023-07-24,C0025,Lakeshore Bikes,Dealer,Booked,Net 30,Phoenix Distribution Center,24112.42
SO105619,2023-07-24,C0023,Bozeman Bike Works,Dealer,Booked,Net 30,Phoenix Distribution Center,63037.65
SO105620,2023-07-24,C0001,Sonoran Cycles Online,DTC,Booked,Credit Card,Phoenix Distribution Center,4599.0
SO105621,2023-07-24,C0001,Sonoran Cycles Online,DTC,Booked,Credit Card,Phoenix Distribution Center,4599.0
SO105622,2023-07-24,C0001,Sonoran Cycles Online,DTC,Booked,Credit Card,Phoenix Distribution Center,3299.0
SO105623,2023-07-24,C0001,Sonoran Cycles Online,DTC,Booked,Credit Card,Phoenix Distribution Center,5199.0
SO105624,2023-07-24,C0001,Sonoran Cycles Online,DTC,Booked,Credit Card,Phoenix Distribution Center,5199.0
SO105625,2023-07-24,C0001,Sonoran Cycles Online,DTC,Booked,Credit Card,Phoenix Distribution Center,4599.0
SO105626,2023-07-24,C0001,Sonoran Cycles Online,DTC,Booked,Credit Card,Phoenix Distribution Center,4599.0
SO105627,2023-07-24,C0001,Sonoran Cycles Online,DTC,Booked,Credit Card,Phoenix Distribution Center,3999.0
SO105628,2023-07-24,C0001,Sonoran Cycles Online,DTC,Booked,Credit Card,Phoenix Distribution Center,3299.0
SO105629,2023-07-24,C0001,Sonoran Cycles Online,DTC,Booked,Credit Card,Phoenix Distribution Center,4599.0
SO105630,2023-07-25,C0019,Front Range Cyclery,Dealer,Booked,Net 30,Phoenix Distribution Center,17108.28
SO105631,2023-07-25,C0003,Cactus Cycling,Dealer,Booked,Net 30,Phoenix Distribution Center,23616.42
SO105632,2023-07-25,C0003,Cactus Cycling,Dealer,Booked,Net 30,Phoenix Distribution Center,40352.08
SO105633,2023-07-25,C0002,Desert Trail Bikes,Dealer,Booked,Net 45,Phoenix Distribution Center,10669.68
SO105634,2023-07-25,C0016,Coastal Gravel Co.,Dealer,Booked,Net 30,Phoenix Distribution Center,32557.2
SO105635,2023-07-25,C0031,Pisgah Bike Co.,Dealer,Booked,Net 45,Phoenix Distribution Center,28414.2
SO105636,2023-07-25,C0019,Front Range Cyclery,Dealer,Booked,Net 30,Phoenix Distribution Center,24919.66
SO105637,2023-07-25,C0002,Desert Trail Bikes,Dealer,Booked,Net 45,Phoenix Distribution Center,28878.2
SO105638,2023-07-25,C0036,Pine Tree Bicycles,Dealer,Booked,Net 30,Phoenix Distribution Center,18066.75
SO105639,2023-07-25,C0018,High Country Bikes,Dealer,Booked,Net 45,Phoenix Distribution Center,26964.2
SO105640,2023-07-25,C0003,Cactus Cycling,Dealer,Booked,Net 30,Phoenix Distribution Center,11405.52
SO105641,2023-07-25,C0033,Appalachian Bikes,Dealer,Booked,Net 30,Phoenix Distribution Center,28018.42
SO105642,2023-07-25,C0020,Alpine Ride Co.,Dealer,Booked,Net 30,Phoenix Distribution Center,14008.9
SO105643,2023-07-25,C0004,Sonoran Bike Co.,Dealer,Booked,Net 30,Phoenix Distribution Center,10537.52
SO105644,2023-07-25,C0034,Green Mountain Bikes,Dealer,Booked,Net 30,Phoenix Distribution Center,11528.9
SO105645,2023-07-25,C0003,Cactus Cycling,Dealer,Booked,Net 30,Phoenix Distribution Center,13884.9
SO105646,2023-07-25,C0024,Teton Cycling,Dealer,Booked,Net 30,Phoenix Distribution Center,36846.55
SO105647,2023-07-25,C0015,Sierra Cycle Works,Dealer,Booked,Net 30,Phoenix Distribution Center,44754.7
SO105648,2023-07-25,C0008,Sedona Ride Center,Dealer,Booked,Net 30,Phoenix Distribution Center,65398.84
SO105649,2023-07-25,C0009,Las Cruces Cycling,Dealer,Booked,Net 30,Phoenix Distribution Center,27554.8
SO105650,2023-07-25,C0010,Evergreen Cyclery,Dealer,Booked,Net 45,Phoenix Distribution Center,4986.84
SO105651,2023-07-25,C0006,Tucson Trail Works,Dealer,Booked,Net 30,Phoenix Distribution Center,61864.22
SO105652,2023-07-25,C0001,Sonoran Cycles Online,DTC,Booked,Credit Card,Phoenix Distribution Center,5199.0
SO105653,2023-07-25,C0001,Sonoran Cycles Online,DTC,Booked,Credit Card,Phoenix Distribution Center,5199.0
SO105654,2023-07-25,C0001,Sonoran Cycles Online,DTC,Booked,Credit Card,Phoenix Distribution Center,3499.0
SO105655,2023-07-25,C0001,Sonoran Cycles Online,DTC,Booked,Credit Card,Phoenix Distribution Center,6199.0
SO105656,2023-07-25,C0001,Sonoran Cycles Online,DTC,Booked,Credit Card,Phoenix Distribution Center,6199.0
SO105657,2023-07-25,C0001,Sonoran Cycles Online,DTC,Booked,Credit Card,Phoenix Distribution Center,5199.0
SO105658,2023-07-25,C0001,Sonoran Cycles Online,DTC,Booked,Credit Card,Phoenix Distribution Center,4599.0
SO105659,2023-07-25,C0001,Sonoran Cycles Online,DTC,Booked,Credit Card,Phoenix Distribution Center,7499.0
SO105660,2023-07-25,C0001,Sonoran Cycles Online,DTC,Booked,Credit Card,Phoenix Distribution Center,4599.0
SO105661,2023-07-25,C0001,Sonoran Cycles Online,DTC,Booked,Credit Card,Phoenix Distribution Center,3299.0
SO105662,2023-07-25,C0001,Sonoran Cycles Online,DTC,Booked,Credit Card,Phoenix Distribution Center,3299.0
SO105663,2023-07-26,C0006,Tucson Trail Works,Dealer,Booked,Net 30,Phoenix Distribution Center,11777.52
SO105664,2023-07-26,C0025,Lakeshore Bikes,Dealer,Booked,Net 30,Phoenix Distribution Center,18099.04
SO105665,2023-07-26,C0006,Tucson Trail Works,Dealer,Booked,Net 30,Phoenix Distribution Center,28761.8
SO105666,2023-07-26,C0029,River Bend Bikes,Dealer,Booked,Net 30,Phoenix Distribution Center,10138.05
SO105667,2023-07-26,C0010,Evergreen Cyclery,Dealer,Booked,Net 45,Phoenix Distribution Center,28817.88
SO105668,2023-07-26,C0033,Appalachian Bikes,Dealer,Booked,Net 30,Phoenix Distribution Center,30249.8
SO105669,2023-07-26,C0033,Appalachian Bikes,Dealer,Booked,Net 30,Phoenix Distribution Center,26902.42
SO105670,2023-07-26,C0002,Desert Trail Bikes,Dealer,Booked,Net 45,Phoenix Distribution Center,21572.52
SO105671,2023-07-26,C0017,Bay Mountain Bikes,Dealer,Booked,Net 30,Phoenix Distribution Center,18596.28
SO105672,2023-07-26,C0036,Pine Tree Bicycles,Dealer,Booked,Net 30,Phoenix Distribution Center,16896.75
SO105673,2023-07-26,C0020,Alpine Ride Co.,Dealer,Booked,Net 30,Phoenix Distribution Center,15185.66
SO105674,2023-07-26,C0023,Bozeman Bike Works,Dealer,Booked,Net 30,Phoenix Distribution Center,23135.45
SO105675,2023-07-26,C0016,Coastal Gravel Co.,Dealer,Booked,Net 30,Phoenix Distribution Center,30281.55
SO105676,2023-07-26,C0029,River Bend Bikes,Dealer,Booked,Net 30,Phoenix Distribution Center,20146.75
SO105677,2023-07-26,C0019,Front Range Cyclery,Dealer,Booked,Net 30,Phoenix Distribution Center,8554.14
SO105678,2023-07-26,C0002,Desert Trail Bikes,Dealer,Booked,Net 45,Phoenix Distribution Center,18613.94
SO105679,2023-07-26,C0035,Adirondack Cycles,Dealer,Booked,Net 30,Phoenix Distribution Center,19886.1
SO105680,2023-07-26,C0017,Bay Mountain Bikes,Dealer,Booked,Net 30,Phoenix Distribution Center,23741.04
SO105681,2023-07-26,C0006,Tucson Trail Works,Dealer,Booked,Net 30,Phoenix Distribution Center,8926.14
SO105682,2023-07-26,C0007,Red Rock Cycles,Dealer,Booked,Net 30,Phoenix Distribution Center,10788.05
SO105683,2023-07-26,C0015,Sierra Cycle Works,Dealer,Booked,Net 30,Phoenix Distribution Center,30001.8
SO105684,2023-07-26,C0013,Pacific Trail Bikes,Dealer,Booked,Net 45,Phoenix Distribution Center,26269.94
SO105685,2023-07-26,C0009,Las Cruces Cycling,Dealer,Booked,Net 30,Phoenix Distribution Center,30284.8
SO105686,2023-07-26,C0015,Sierra Cycle Works,Dealer,Booked,Net 30,Phoenix Distribution Center,39672.56
SO105687,2023-07-26,C0014,Redwood Ride Shop,Dealer,Booked,Net 30,Phoenix Distribution Center,14256.9
SO105688,2023-07-26,C0003,Cactus Cycling,Dealer,Booked,Net 30,Phoenix Distribution Center,17480.28
SO105689,2023-07-26,C0001,Sonoran Cycles Online,DTC,Booked,Credit Card,Phoenix Distribution Center,6798.0
SO105690,2023-07-26,C0001,Sonoran Cycles Online,DTC,Booked,Credit Card,Phoenix Distribution Center,3299.0
SO105691,2023-07-26,C0001,Sonoran Cycles Online,DTC,Booked,Credit Card,Phoenix Distribution Center,6199.0
SO105692,2023-07-26,C0001,Sonoran Cycles Online,DTC,Booked,Credit Card,Phoenix Distribution Center,12398.0
SO105693,2023-07-26,C0001,Sonoran Cycles Online,DTC,Booked,Credit Card,Phoenix Distribution Center,6199.0
SO105694,2023-07-26,C0001,Sonoran Cycles Online,DTC,Booked,Credit Card,Phoenix Distribution Center,4599.0
SO105695,2023-07-26,C0001,Sonoran Cycles Online,DTC,Booked,Credit Card,Phoenix Distribution Center,4599.0
SO105696,2023-07-26,C0001,Sonoran Cycles Online,DTC,Booked,Credit Card,Phoenix Distribution Center,14997.0
SO105697,2023-07-26,C0001,Sonoran Cycles Online,DTC,Booked,Credit Card,Phoenix Distribution Center,10398.0
SO105698,2023-07-26,C0001,Sonoran Cycles Online,DTC,Booked,Credit Card,Phoenix Distribution Center,4599.0
SO105699,2023-07-26,C0001,Sonoran Cycles Online,DTC,Booked,Credit Card,Phoenix Distribution Center,4599.0
SO105700,2023-07-27,C0004,Sonoran Bike Co.,Dealer,Booked,Net 30,Phoenix Distribution Center,42895.32
SO105701,2023-07-27,C0015,Sierra Cycle Works,Dealer,Booked,Net 30,Phoenix Distribution Center,27831.8
SO105702,2023-07-27,C0029,River Bend Bikes,Dealer,Booked,Net 30,Phoenix Distribution Center,19496.75
SO105703,2023-07-27,C0022,Wasatch Wheel Works,Dealer,Booked,Net 30,Phoenix Distribution Center,39300.56
SO105704,2023-07-27,C0028,Windy City Cycles,Dealer,Booked,Net 30,Phoenix Distribution Center,23394.8
SO105705,2023-07-27,C0003,Cactus Cycling,Dealer,Booked,Net 30,Phoenix Distribution Center,25103.8
SO105706,2023-07-27,C0024,Teton Cycling,Dealer,Booked,Net 30,Phoenix Distribution Center,22224.15
SO105707,2023-07-27,C0008,Sedona Ride Center,Dealer,Booked,Net 30,Phoenix Distribution Center,23246.9
SO105708,2023-07-27,C0020,Alpine Ride Co.,Dealer,Booked,Net 30,Phoenix Distribution Center,19835.04
SO105709,2023-07-27,C0009,Las Cruces Cycling,Dealer,Booked,Net 30,Phoenix Distribution Center,17286.75
SO105710,2023-07-27,C0015,Sierra Cycle Works,Dealer,Booked,Net 30,Phoenix Distribution Center,54734.22
SO105711,2023-07-27,C0029,River Bend Bikes,Dealer,Booked,Net 30,Phoenix Distribution Center,20146.75
SO105712,2023-07-27,C0004,Sonoran Bike Co.,Dealer,Booked,Net 30,Phoenix Distribution Center,27522.42
SO105713,2023-07-27,C0030,Blue Ridge Cycles,Dealer,Booked,Net 30,Phoenix Distribution Center,26778.42
SO105714,2023-07-27,C0011,Cascade Bikes,Dealer,Booked,Net 30,Phoenix Distribution Center,13389.52
SO105715,2023-07-27,C0006,Tucson Trail Works,Dealer,Booked,Net 30,Phoenix Distribution Center,38928.56
SO105716,2023-07-27,C0014,Redwood Ride Shop,Dealer,Booked,Net 30,Phoenix Distribution Center,9918.14
SO105717,2023-07-27,C0030,Blue Ridge Cycles,Dealer,Booked,Net 30,Phoenix Distribution Center,31738.42
SO105718,2023-07-27,C0033,Appalachian Bikes,Dealer,Booked,Net 30,Phoenix Distribution Center,18347.66
SO105719,2023-07-27,C0026,Great Lakes Cyclery,Dealer,Booked,Net 30,Phoenix Distribution Center,35611.55
SO105720,2023-07-27,C0007,Red Rock Cycles,Dealer,Booked,Net 30,Phoenix Distribution Center,37693.5
SO105721,2023-07-27,C0010,Evergreen Cyclery,Dealer,Booked,Net 45,Phoenix Distribution Center,24237.62
SO105722,2023-07-27,C0031,Pisgah Bike Co.,Dealer,Booked,Net 45,Phoenix Distribution Center,25283.36
SO105723,2023-07-27,C0002,Desert Trail Bikes,Dealer,Booked,Net 45,Phoenix Distribution Center,13685.1
SO105724,2023-07-27,C0001,Sonoran Cycles Online,DTC,Booked,Credit Card,Phoenix Distribution Center,3499.0
SO105725,2023-07-27,C0001,Sonoran Cycles Online,DTC,Booked,Credit Card,Phoenix Distribution Center,5199.0
SO105726,2023-07-27,C0001,Sonoran Cycles Online,DTC,Booked,Credit Card,Phoenix Distribution Center,9198.0
SO105727,2023-07-27,C0001,Sonoran Cycles Online,DTC,Booked,Credit Card,Phoenix Distribution Center,6199.0
SO105728,2023-07-27,C0001,Sonoran Cycles Online,DTC,Booked,Credit Card,Phoenix Distribution Center,5199.0
SO105729,2023-07-27,C0001,Sonoran Cycles Online,DTC,Booked,Credit Card,Phoenix Distribution Center,6199.0
SO105730,2023-07-27,C0001,Sonoran Cycles Online,DTC,Booked,Credit Card,Phoenix Distribution Center,6199.0
SO105731,2023-07-27,C0001,Sonoran Cycles Online,DTC,Booked,Credit Card,Phoenix Distribution Center,7499.0
SO105732,2023-07-27,C0001,Sonoran Cycles Online,DTC,Booked,Credit Card,Phoenix Distribution Center,7499.0
SO105733,2023-07-27,C0001,Sonoran Cycles Online,DTC,Booked,Credit Card,Phoenix Distribution Center,4599.0
SO105734,2023-07-27,C0001,Sonoran Cycles Online,DTC,Booked,Credit Card,Phoenix Distribution Center,5199.0
SO105735,2023-07-27,C0001,Sonoran Cycles Online,DTC,Booked,Credit Card,Phoenix Distribution Center,5199.0
SO105736,2023-07-28,C0030,Blue Ridge Cycles,Dealer,Booked,Net 30,Phoenix Distribution Center,53309.46
SO105737,2023-07-28,C0027,Prairie Trail Bikes,Dealer,Booked,Net 30,Phoenix Distribution Center,25539.04
SO105738,2023-07-28,C0023,Bozeman Bike Works,Dealer,Booked,Net 30,Phoenix Distribution Center,23265.45
SO105739,2023-07-28,C0020,Alpine Ride Co.,Dealer,Booked,Net 30,Phoenix Distribution Center,17231.04
SO105740,2023-07-28,C0013,Pacific Trail Bikes,Dealer,Booked,Net 45,Phoenix Distribution Center,33112.2
SO105741,2023-07-28,C0033,Appalachian Bikes,Dealer,Booked,Net 30,Phoenix Distribution Center,17852.28
SO105742,2023-07-28,C0004,Sonoran Bike Co.,Dealer,Booked,Net 30,Phoenix Distribution Center,24423.66
SO105743,2023-07-28,C0008,Sedona Ride Center,Dealer,Booked,Net 30,Phoenix Distribution Center,17542.9
SO105744,2023-07-28,C0031,Pisgah Bike Co.,Dealer,Booked,Net 45,Phoenix Distribution Center,38505.04
SO105745,2023-07-28,C0026,Great Lakes Cyclery,Dealer,Booked,Net 30,Phoenix Distribution Center,13582.4
SO105746,2023-07-28,C0032,Southern Singletrack,Dealer,Booked,Net 30,Phoenix Distribution Center,36913.5
SO105747,2023-07-28,C0033,Appalachian Bikes,Dealer,Booked,Net 30,Phoenix Distribution Center,29010.42
SO105748,2023-07-28,C0036,Pine Tree Bicycles,Dealer,Booked,Net 30,Phoenix Distribution Center,36782.85
SO105749,2023-07-28,C0020,Alpine Ride Co.,Dealer,Booked,Net 30,Phoenix Distribution Center,14442.28
SO105750,2023-07-28,C0031,Pisgah Bike Co.,Dealer,Booked,Net 45,Phoenix Distribution Center,20411.94
SO105751,2023-07-28,C0016,Coastal Gravel Co.,Dealer,Booked,Net 30,Phoenix Distribution Center,29566.55
SO105752,2023-07-28,C0022,Wasatch Wheel Works,Dealer,Booked,Net 30,Phoenix Distribution Center,20703.66
SO105753,2023-07-28,C0008,Sedona Ride Center,Dealer,Booked,Net 30,Phoenix Distribution Center,46553.32
SO105754,2023-07-28,C0019,Front Range Cyclery,Dealer,Booked,Net 30,Phoenix Distribution Center,22067.04
SO105755,2023-07-28,C0020,Alpine Ride Co.,Dealer,Booked,Net 30,Phoenix Distribution Center,29565.94
SO105756,2023-07-28,C0026,Great Lakes Cyclery,Dealer,Booked,Net 30,Phoenix Distribution Center,30803.5
SO105757,2023-07-28,C0001,Sonoran Cycles Online,DTC,Booked,Credit Card,Phoenix Distribution Center,6998.0
SO105758,2023-07-28,C0001,Sonoran Cycles Online,DTC,Booked,Credit Card,Phoenix Distribution Center,9198.0
SO105759,2023-07-28,C0001,Sonoran Cycles Online,DTC,Booked,Credit Card,Phoenix Distribution Center,6199.0
SO105760,2023-07-28,C0001,Sonoran Cycles Online,DTC,Booked,Credit Card,Phoenix Distribution Center,3299.0
SO105761,2023-07-28,C0001,Sonoran Cycles Online,DTC,Booked,Credit Card,Phoenix Distribution Center,5199.0
SO105762,2023-07-28,C0001,Sonoran Cycles Online,DTC,Booked,Credit Card,Phoenix Distribution Center,4599.0
SO105763,2023-07-28,C0001,Sonoran Cycles Online,DTC,Booked,Credit Card,Phoenix Distribution Center,4599.0
SO105764,2023-07-28,C0001,Sonoran Cycles Online,DTC,Booked,Credit Card,Phoenix Distribution Center,5199.0
SO105765,2023-07-28,C0001,Sonoran Cycles Online,DTC,Booked,Credit Card,Phoenix Distribution Center,3999.0
SO105766,2023-07-28,C0001,Sonoran Cycles Online,DTC,Booked,Credit Card,Phoenix Distribution Center,4599.0
SO105767,2023-07-28,C0001,Sonoran Cycles Online,DTC,Booked,Credit Card,Phoenix Distribution Center,5199.0
SO105768,2023-07-28,C0001,Sonoran Cycles Online,DTC,Booked,Credit Card,Phoenix Distribution Center,5199.0
SO105769,2023-07-28,C0001,Sonoran Cycles Online,DTC,Booked,Credit Card,Phoenix Distribution Center,3499.0
SO105770,2023-07-28,C0001,Sonoran Cycles Online,DTC,Booked,Credit Card,Phoenix Distribution Center,6199.0
SO105771,2023-07-28,C0001,Sonoran Cycles Online,DTC,Booked,Credit Card,Phoenix Distribution Center,3999.0
SO105772,2023-07-28,C0001,Sonoran Cycles Online,DTC,Booked,Credit Card,Phoenix Distribution Center,7499.0
SO105773,2023-07-28,C0001,Sonoran Cycles Online,DTC,Booked,Credit Card,Phoenix Distribution Center,6199.0
SO105774,2023-07-29,C0010,Evergreen Cyclery,Dealer,Booked,Net 45,Phoenix Distribution Center,40532.72
SO105775,2023-07-29,C0023,Bozeman Bike Works,Dealer,Booked,Net 30,Phoenix Distribution Center,30024.15
SO105776,2023-07-29,C0015,Sierra Cycle Works,Dealer,Booked,Net 30,Phoenix Distribution Center,48102.7
SO105777,2023-07-29,C0013,Pacific Trail Bikes,Dealer,Booked,Net 45,Phoenix Distribution Center,52597.88
SO105778,2023-07-29,C0013,Pacific Trail Bikes,Dealer,Booked,Net 45,Phoenix Distribution Center,24414.52
SO105779,2023-07-29,C0018,High Country Bikes,Dealer,Booked,Net 45,Phoenix Distribution Center,12641.68
SO105780,2023-07-29,C0001,Sonoran Cycles Online,DTC,Booked,Credit Card,Phoenix Distribution Center,7898.0
SO105781,2023-07-29,C0001,Sonoran Cycles Online,DTC,Booked,Credit Card,Phoenix Distribution Center,3499.0
SO105782,2023-07-29,C0001,Sonoran Cycles Online,DTC,Booked,Credit Card,Phoenix Distribution Center,4599.0
SO105783,2023-07-29,C0001,Sonoran Cycles Online,DTC,Booked,Credit Card,Phoenix Distribution Center,3299.0
SO105784,2023-07-29,C0001,Sonoran Cycles Online,DTC,Booked,Credit Card,Phoenix Distribution Center,3299.0
SO105785,2023-07-29,C0001,Sonoran Cycles Online,DTC,Booked,Credit Card,Phoenix Distribution Center,6199.0
SO105786,2023-07-29,C0001,Sonoran Cycles Online,DTC,Booked,Credit Card,Phoenix Distribution Center,3299.0
SO105787,2023-07-29,C0001,Sonoran Cycles Online,DTC,Booked,Credit Card,Phoenix Distribution Center,5199.0
SO105788,2023-07-29,C0001,Sonoran Cycles Online,DTC,Booked,Credit Card,Phoenix Distribution Center,5199.0
SO105789,2023-07-29,C0001,Sonoran Cycles Online,DTC,Booked,Credit Card,Phoenix Distribution Center,6199.0
SO105790,2023-07-29,C0001,Sonoran Cycles Online,DTC,Booked,Credit Card,Phoenix Distribution Center,7499.0
SO105791,2023-07-29,C0001,Sonoran Cycles Online,DTC,Booked,Credit Card,Phoenix Distribution Center,6199.0
SO105792,2023-07-29,C0001,Sonoran Cycles Online,DTC,Booked,Credit Card,Phoenix Distribution Center,4599.0
SO105793,2023-07-29,C0001,Sonoran Cycles Online,DTC,Booked,Credit Card,Phoenix Distribution Center,7499.0
SO105794,2023-07-29,C0001,Sonoran Cycles Online,DTC,Booked,Credit Card,Phoenix Distribution Center,4599.0
SO105795,2023-07-29,C0001,Sonoran Cycles Online,DTC,Booked,Credit Card,Phoenix Distribution Center,3299.0
SO105796,2023-07-30,C0020,Alpine Ride Co.,Dealer,Booked,Net 30,Phoenix Distribution Center,12397.52
SO105797,2023-07-30,C0013,Pacific Trail Bikes,Dealer,Booked,Net 45,Phoenix Distribution Center,28762.78
SO105798,2023-07-30,C0001,Sonoran Cycles Online,DTC,Booked,Credit Card,Phoenix Distribution Center,3299.0
SO105799,2023-07-30,C0001,Sonoran Cycles Online,DTC,Booked,Credit Card,Phoenix Distribution Center,3299.0
SO105800,2023-07-30,C0001,Sonoran Cycles Online,DTC,Booked,Credit Card,Phoenix Distribution Center,4599.0
SO105801,2023-07-30,C0001,Sonoran Cycles Online,DTC,Booked,Credit Card,Phoenix Distribution Center,3499.0
SO105802,2023-07-30,C0001,Sonoran Cycles Online,DTC,Booked,Credit Card,Phoenix Distribution Center,5199.0
SO105803,2023-07-30,C0001,Sonoran Cycles Online,DTC,Booked,Credit Card,Phoenix Distribution Center,3299.0
SO105804,2023-07-30,C0001,Sonoran Cycles Online,DTC,Booked,Credit Card,Phoenix Distribution Center,4599.0
SO105805,2023-07-30,C0001,Sonoran Cycles Online,DTC,Booked,Credit Card,Phoenix Distribution Center,5199.0
SO105806,2023-07-30,C0001,Sonoran Cycles Online,DTC,Booked,Credit Card,Phoenix Distribution Center,7499.0
SO105807,2023-07-30,C0001,Sonoran Cycles Online,DTC,Booked,Credit Card,Phoenix Distribution Center,6199.0
SO105808,2023-07-30,C0001,Sonoran Cycles Online,DTC,Booked,Credit Card,Phoenix Distribution Center,5199.0
SO105809,2023-07-30,C0001,Sonoran Cycles Online,DTC,Booked,Credit Card,Phoenix Distribution Center,3299.0
SO105810,2023-07-30,C0001,Sonoran Cycles Online,DTC,Booked,Credit Card,Phoenix Distribution Center,8098.0
SO105811,2023-07-30,C0001,Sonoran Cycles Online,DTC,Booked,Credit Card,Phoenix Distribution Center,4599.0
SO105812,2023-07-31,C0030,Blue Ridge Cycles,Dealer,Booked,Net 30,Phoenix Distribution Center,27398.42
SO105813,2023-07-31,C0014,Redwood Ride Shop,Dealer,Booked,Net 30,Phoenix Distribution Center,32295.8
SO105814,2023-07-31,C0019,Front Range Cyclery,Dealer,Booked,Net 30,Phoenix Distribution Center,12149.52
SO105815,2023-07-31,C0010,Evergreen Cyclery,Dealer,Booked,Net 45,Phoenix Distribution Center,33399.3
SO105816,2023-07-31,C0035,Adirondack Cycles,Dealer,Booked,Net 30,Phoenix Distribution Center,50950.9
SO105817,2023-07-31,C0017,Bay Mountain Bikes,Dealer,Booked,Net 30,Phoenix Distribution Center,44135.32
SO105818,2023-07-31,C0006,Tucson Trail Works,Dealer,Booked,Net 30,Phoenix Distribution Center,30001.8
SO105819,2023-07-31,C0007,Red Rock Cycles,Dealer,Booked,Net 30,Phoenix Distribution Center,58619.6
SO105820,2023-07-31,C0005,Mesa Mountain Bikes,Dealer,Booked,Net 30,Phoenix Distribution Center,23849.15
SO105821,2023-07-31,C0005,Mesa Mountain Bikes,Dealer,Booked,Net 30,Phoenix Distribution Center,33205.9
SO105822,2023-07-31,C0013,Pacific Trail Bikes,Dealer,Booked,Net 45,Phoenix Distribution Center,65239.56
SO105823,2023-07-31,C0031,Pisgah Bike Co.,Dealer,Booked,Net 45,Phoenix Distribution Center,31081.04
SO105824,2023-07-31,C0032,Southern Singletrack,Dealer,Booked,Net 30,Phoenix Distribution Center,18976.1
SO105825,2023-07-31,C0004,Sonoran Bike Co.,Dealer,Booked,Net 30,Phoenix Distribution Center,43391.32
SO105826,2023-07-31,C0036,Pine Tree Bicycles,Dealer,Booked,Net 30,Phoenix Distribution Center,21056.1
SO105827,2023-07-31,C0025,Lakeshore Bikes,Dealer,Booked,Net 30,Phoenix Distribution Center,31859.32
SO105828,2023-07-31,C0015,Sierra Cycle Works,Dealer,Booked,Net 30,Phoenix Distribution Center,21075.66
SO105829,2023-07-31,C0031,Pisgah Bike Co.,Dealer,Booked,Net 45,Phoenix Distribution Center,10786.26
SO105830,2023-07-31,C0018,High Country Bikes,Dealer,Booked,Net 45,Phoenix Distribution Center,36068.46
SO105831,2023-07-31,C0028,Windy City Cycles,Dealer,Booked,Net 30,Phoenix Distribution Center,20340.45
SO105832,2023-07-31,C0009,Las Cruces Cycling,Dealer,Booked,Net 30,Phoenix Distribution Center,45294.6
SO105833,2023-07-31,C0034,Green Mountain Bikes,Dealer,Booked,Net 30,Phoenix Distribution Center,20887.8
SO105834,2023-07-31,C0001,Sonoran Cycles Online,DTC,Booked,Credit Card,Phoenix Distribution Center,5199.0
SO105835,2023-07-31,C0001,Sonoran Cycles Online,DTC,Booked,Credit Card,Phoenix Distribution Center,7499.0
SO105836,2023-07-31,C0001,Sonoran Cycles Online,DTC,Booked,Credit Card,Phoenix Distribution Center,3299.0
SO105837,2023-07-31,C0001,Sonoran Cycles Online,DTC,Booked,Credit Card,Phoenix Distribution Center,4599.0
SO105838,2023-07-31,C0001,Sonoran Cycles Online,DTC,Booked,Credit Card,Phoenix Distribution Center,5199.0
SO105839,2023-07-31,C0001,Sonoran Cycles Online,DTC,Booked,Credit Card,Phoenix Distribution Center,4599.0
SO105840,2023-07-31,C0001,Sonoran Cycles Online,DTC,Booked,Credit Card,Phoenix Distribution Center,6199.0
SO105841,2023-07-31,C0001,Sonoran Cycles Online,DTC,Booked,Credit Card,Phoenix Distribution Center,4599.0
SO105842,2023-07-31,C0001,Sonoran Cycles Online,DTC,Booked,Credit Card,Phoenix Distribution Center,7499.0
SO105843,2023-07-31,C0001,Sonoran Cycles Online,DTC,Booked,Credit Card,Phoenix Distribution Center,3499.0
SO105844,2023-07-31,C0001,Sonoran Cycles Online,DTC,Booked,Credit Card,Phoenix Distribution Center,4599.0
SO105845,2023-07-31,C0001,Sonoran Cycles Online,DTC,Booked,Credit Card,Phoenix Distribution Center,3299.0
SO105846,2023-08-01,C0019,Front Range Cyclery,Dealer,Booked,Net 30,Phoenix Distribution Center,12149.52
SO105847,2023-08-01,C0033,Appalachian Bikes,Dealer,Booked,Net 30,Phoenix Distribution Center,12149.52
SO105848,2023-08-01,C0006,Tucson Trail Works,Dealer,Booked,Net 30,Phoenix Distribution Center,11405.52
SO105849,2023-08-01,C0031,Pisgah Bike Co.,Dealer,Booked,Net 45,Phoenix Distribution Center,11597.68
SO105850,2023-08-01,C0033,Appalachian Bikes,Dealer,Booked,Net 30,Phoenix Distribution Center,19216.9
SO105851,2023-08-01,C0018,High Country Bikes,Dealer,Booked,Net 45,Phoenix Distribution Center,45347.3
SO105852,2023-08-01,C0017,Bay Mountain Bikes,Dealer,Booked,Net 30,Phoenix Distribution Center,15744.9
SO105853,2023-08-01,C0017,Bay Mountain Bikes,Dealer,Booked,Net 30,Phoenix Distribution Center,17356.9
SO105854,2023-08-01,C0013,Pacific Trail Bikes,Dealer,Booked,Net 45,Phoenix Distribution Center,16295.1
SO105855,2023-08-01,C0030,Blue Ridge Cycles,Dealer,Booked,Net 30,Phoenix Distribution Center,53557.46
SO105856,2023-08-01,C0018,High Country Bikes,Dealer,Booked,Net 45,Phoenix Distribution Center,21107.94
SO105857,2023-08-01,C0014,Redwood Ride Shop,Dealer,Booked,Net 30,Phoenix Distribution Center,28018.42
SO105858,2023-08-01,C0004,Sonoran Bike Co.,Dealer,Booked,Net 30,Phoenix Distribution Center,25663.66
SO105859,2023-08-01,C0022,Wasatch Wheel Works,Dealer,Booked,Net 30,Phoenix Distribution Center,14256.9
SO105860,2023-08-01,C0017,Bay Mountain Bikes,Dealer,Booked,Net 30,Phoenix Distribution Center,23679.66
SO105861,2023-08-01,C0002,Desert Trail Bikes,Dealer,Booked,Net 45,Phoenix Distribution Center,4696.84
SO105862,2023-08-01,C0010,Evergreen Cyclery,Dealer,Booked,Net 45,Phoenix Distribution Center,19656.78
SO105863,2023-08-01,C0026,Great Lakes Cyclery,Dealer,Booked,Net 30,Phoenix Distribution Center,20146.75
SO105864,2023-08-01,C0010,Evergreen Cyclery,Dealer,Booked,Net 45,Phoenix Distribution Center,32180.72
SO105865,2023-08-01,C0014,Redwood Ride Shop,Dealer,Booked,Net 30,Phoenix Distribution Center,29693.66
SO105866,2023-08-01,C0002,Desert Trail Bikes,Dealer,Booked,Net 45,Phoenix Distribution Center,16932.52
SO105867,2023-08-01,C0030,Blue Ridge Cycles,Dealer,Booked,Net 30,Phoenix Distribution Center,29629.8
SO105868,2023-08-01,C0025,Lakeshore Bikes,Dealer,Booked,Net 30,Phoenix Distribution Center,45186.84
SO105869,2023-08-01,C0001,Sonoran Cycles Online,DTC,Booked,Credit Card,Phoenix Distribution Center,3999.0
SO105870,2023-08-01,C0001,Sonoran Cycles Online,DTC,Booked,Credit Card,Phoenix Distribution Center,5199.0
SO105871,2023-08-01,C0001,Sonoran Cycles Online,DTC,Booked,Credit Card,Phoenix Distribution Center,3299.0
SO105872,2023-08-01,C0001,Sonoran Cycles Online,DTC,Booked,Credit Card,Phoenix Distribution Center,3299.0
SO105873,2023-08-01,C0001,Sonoran Cycles Online,DTC,Booked,Credit Card,Phoenix Distribution Center,10398.0
SO105874,2023-08-01,C0001,Sonoran Cycles Online,DTC,Booked,Credit Card,Phoenix Distribution Center,7499.0
SO105875,2023-08-01,C0001,Sonoran Cycles Online,DTC,Booked,Credit Card,Phoenix Distribution Center,3499.0
SO105876,2023-08-01,C0001,Sonoran Cycles Online,DTC,Booked,Credit Card,Phoenix Distribution Center,5199.0
SO105877,2023-08-01,C0001,Sonoran Cycles Online,DTC,Booked,Credit Card,Phoenix Distribution Center,10398.0
SO105878,2023-08-01,C0001,Sonoran Cycles Online,DTC,Booked,Credit Card,Phoenix Distribution Center,6199.0
SO105879,2023-08-02,C0010,Evergreen Cyclery,Dealer,Booked,Net 45,Phoenix Distribution Center,16931.94
SO105880,2023-08-02,C0016,Coastal Gravel Co.,Dealer,Booked,Net 30,Phoenix Distribution Center,24759.15
SO105881,2023-08-02,C0013,Pacific Trail Bikes,Dealer,Booked,Net 45,Phoenix Distribution Center,54221.88
SO105882,2023-08-02,C0029,River Bend Bikes,Dealer,Booked,Net 30,Phoenix Distribution Center,52509.6
SO105883,2023-08-02,C0011,Cascade Bikes,Dealer,Booked,Net 30,Phoenix Distribution Center,21571.04
SO105884,2023-08-02,C0015,Sierra Cycle Works,Dealer,Booked,Net 30,Phoenix Distribution Center,35332.56
SO105885,2023-08-02,C0010,Evergreen Cyclery,Dealer,Booked,Net 45,Phoenix Distribution Center,12235.1
SO105886,2023-08-02,C0016,Coastal Gravel Co.,Dealer,Booked,Net 30,Phoenix Distribution Center,21119.8
SO105887,2023-08-02,C0018,High Country Bikes,Dealer,Booked,Net 45,Phoenix Distribution Center,27023.36
SO105888,2023-08-02,C0034,Green Mountain Bikes,Dealer,Booked,Net 30,Phoenix Distribution Center,24793.8
SO105889,2023-08-02,C0033,Appalachian Bikes,Dealer,Booked,Net 30,Phoenix Distribution Center,17480.28
SO105890,2023-08-02,C0025,Lakeshore Bikes,Dealer,Booked,Net 30,Phoenix Distribution Center,32603.94
SO105891,2023-08-02,C0021,Rocky Peak Cycles,Dealer,Booked,Net 30,Phoenix Distribution Center,39314.6
SO105892,2023-08-02,C0033,Appalachian Bikes,Dealer,Booked,Net 30,Phoenix Distribution Center,31861.8
SO105893,2023-08-02,C0017,Bay Mountain Bikes,Dealer,Booked,Net 30,Phoenix Distribution Center,43019.94
SO105894,2023-08-02,C0024,Teton Cycling,Dealer,Booked,Net 30,Phoenix Distribution Center,21770.45
SO105895,2023-08-02,C0036,Pine Tree Bicycles,Dealer,Booked,Net 30,Phoenix Distribution Center,16636.1
SO105896,2023-08-02,C0013,Pacific Trail Bikes,Dealer,Booked,Net 45,Phoenix Distribution Center,18788.52
SO105897,2023-08-02,C0016,Coastal Gravel Co.,Dealer,Booked,Net 30,Phoenix Distribution Center,9097.4
SO105898,2023-08-02,C0034,Green Mountain Bikes,Dealer,Booked,Net 30,Phoenix Distribution Center,14008.28
SO105899,2023-08-02,C0025,Lakeshore Bikes,Dealer,Booked,Net 30,Phoenix Distribution Center,19339.04
SO105900,2023-08-02,C0023,Bozeman Bike Works,Dealer,Booked,Net 30,Phoenix Distribution Center,45817.85
SO105901,2023-08-02,C0002,Desert Trail Bikes,Dealer,Booked,Net 45,Phoenix Distribution Center,37981.88
SO105902,2023-08-02,C0001,Sonoran Cycles Online,DTC,Booked,Credit Card,Phoenix Distribution Center,6199.0
SO105903,2023-08-02,C0001,Sonoran Cycles Online,DTC,Booked,Credit Card,Phoenix Distribution Center,6199.0
SO105904,2023-08-02,C0001,Sonoran Cycles Online,DTC,Booked,Credit Card,Phoenix Distribution Center,3299.0
SO105905,2023-08-02,C0001,Sonoran Cycles Online,DTC,Booked,Credit Card,Phoenix Distribution Center,3299.0
SO105906,2023-08-02,C0001,Sonoran Cycles Online,DTC,Booked,Credit Card,Phoenix Distribution Center,6199.0
SO105907,2023-08-02,C0001,Sonoran Cycles Online,DTC,Booked,Credit Card,Phoenix Distribution Center,5199.0
SO105908,2023-08-02,C0001,Sonoran Cycles Online,DTC,Booked,Credit Card,Phoenix Distribution Center,6199.0
SO105909,2023-08-02,C0001,Sonoran Cycles Online,DTC,Booked,Credit Card,Phoenix Distribution Center,3299.0
SO105910,2023-08-02,C0001,Sonoran Cycles Online,DTC,Booked,Credit Card,Phoenix Distribution Center,10398.0
SO105911,2023-08-02,C0001,Sonoran Cycles Online,DTC,Booked,Credit Card,Phoenix Distribution Center,9798.0
SO105912,2023-08-03,C0028,Windy City Cycles,Dealer,Booked,Net 30,Phoenix Distribution Center,26774.15
SO105913,2023-08-03,C0005,Mesa Mountain Bikes,Dealer,Booked,Net 30,Phoenix Distribution Center,29372.2
SO105914,2023-08-03,C0022,Wasatch Wheel Works,Dealer,Booked,Net 30,Phoenix Distribution Center,25043.04
SO105915,2023-08-03,C0014,Redwood Ride Shop,Dealer,Booked,Net 30,Phoenix Distribution Center,5888.76
SO105916,2023-08-03,C0020,Alpine Ride Co.,Dealer,Booked,Net 30,Phoenix Distribution Center,9421.52
SO105917,2023-08-03,C0013,Pacific Trail Bikes,Dealer,Booked,Net 45,Phoenix Distribution Center,33170.2
SO105918,2023-08-03,C0019,Front Range Cyclery,Dealer,Booked,Net 30,Phoenix Distribution Center,30746.42
SO105919,2023-08-03,C0003,Cactus Cycling,Dealer,Booked,Net 30,Phoenix Distribution Center,27027.04
SO105920,2023-08-03,C0006,Tucson Trail Works,Dealer,Booked,Net 30,Phoenix Distribution Center,32357.8
SO105921,2023-08-03,C0014,Redwood Ride Shop,Dealer,Booked,Net 30,Phoenix Distribution Center,14690.28
SO105922,2023-08-03,C0011,Cascade Bikes,Dealer,Booked,Net 30,Phoenix Distribution Center,19216.9
SO105923,2023-08-03,C0004,Sonoran Bike Co.,Dealer,Booked,Net 30,Phoenix Distribution Center,9546.14
SO105924,2023-08-03,C0025,Lakeshore Bikes,Dealer,Booked,Net 30,Phoenix Distribution Center,11838.9
SO105925,2023-08-03,C0020,Alpine Ride Co.,Dealer,Booked,Net 30,Phoenix Distribution Center,40414.08
SO105926,2023-08-03,C0012,Rain City Cycles,Dealer,Booked,Net 30,Phoenix Distribution Center,20535.45
SO105927,2023-08-03,C0004,Sonoran Bike Co.,Dealer,Booked,Net 30,Phoenix Distribution Center,43640.56
SO105928,2023-08-03,C0018,High Country Bikes,Dealer,Booked,Net 45,Phoenix Distribution Center,63614.4
SO105929,2023-08-03,C0021,Rocky Peak Cycles,Dealer,Booked,Net 30,Phoenix Distribution Center,30089.15
SO105930,2023-08-03,C0022,Wasatch Wheel Works,Dealer,Booked,Net 30,Phoenix Distribution Center,33845.18
SO105931,2023-08-03,C0033,Appalachian Bikes,Dealer,Booked,Net 30,Phoenix Distribution Center,22439.66
SO105932,2023-08-03,C0018,High Country Bikes,Dealer,Booked,Net 45,Phoenix Distribution Center,29110.2
SO105933,2023-08-03,C0025,Lakeshore Bikes,Dealer,Booked,Net 30,Phoenix Distribution Center,35021.94
SO105934,2023-08-03,C0013,Pacific Trail Bikes,Dealer,Booked,Net 45,Phoenix Distribution Center,13048.26
SO105935,2023-08-03,C0001,Sonoran Cycles Online,DTC,Booked,Credit Card,Phoenix Distribution Center,4599.0
SO105936,2023-08-03,C0001,Sonoran Cycles Online,DTC,Booked,Credit Card,Phoenix Distribution Center,9198.0
SO105937,2023-08-03,C0001,Sonoran Cycles Online,DTC,Booked,Credit Card,Phoenix Distribution Center,3299.0
SO105938,2023-08-03,C0001,Sonoran Cycles Online,DTC,Booked,Credit Card,Phoenix Distribution Center,4599.0
SO105939,2023-08-03,C0001,Sonoran Cycles Online,DTC,Booked,Credit Card,Phoenix Distribution Center,5199.0
SO105940,2023-08-03,C0001,Sonoran Cycles Online,DTC,Booked,Credit Card,Phoenix Distribution Center,3999.0
SO105941,2023-08-03,C0001,Sonoran Cycles Online,DTC,Booked,Credit Card,Phoenix Distribution Center,4599.0
SO105942,2023-08-03,C0001,Sonoran Cycles Online,DTC,Booked,Credit Card,Phoenix Distribution Center,3499.0
SO105943,2023-08-03,C0001,Sonoran Cycles Online,DTC,Booked,Credit Card,Phoenix Distribution Center,3299.0
SO105944,2023-08-03,C0001,Sonoran Cycles Online,DTC,Booked,Credit Card,Phoenix Distribution Center,8098.0
SO105945,2023-08-04,C0035,Adirondack Cycles,Dealer,Booked,Net 30,Phoenix Distribution Center,30804.15
SO105946,2023-08-04,C0005,Mesa Mountain Bikes,Dealer,Booked,Net 30,Phoenix Distribution Center,38600.9
SO105947,2023-08-04,C0008,Sedona Ride Center,Dealer,Booked,Net 30,Phoenix Distribution Center,36325.18
SO105948,2023-08-04,C0011,Cascade Bikes,Dealer,Booked,Net 30,Phoenix Distribution Center,32110.42
SO105949,2023-08-04,C0013,Pacific Trail Bikes,Dealer,Booked,Net 45,Phoenix Distribution Center,12641.68
SO105950,2023-08-04,C0035,Adirondack Cycles,Dealer,Booked,Net 30,Phoenix Distribution Center,27554.15
SO105951,2023-08-04,C0004,Sonoran Bike Co.,Dealer,Booked,Net 30,Phoenix Distribution Center,24671.66
SO105952,2023-08-04,C0031,Pisgah Bike Co.,Dealer,Booked,Net 45,Phoenix Distribution Center,40128.46
SO105953,2023-08-04,C0030,Blue Ridge Cycles,Dealer,Booked,Net 30,Phoenix Distribution Center,17790.28
SO105954,2023-08-04,C0010,Evergreen Cyclery,Dealer,Booked,Net 45,Phoenix Distribution Center,35776.14
SO105955,2023-08-04,C0022,Wasatch Wheel Works,Dealer,Booked,Net 30,Phoenix Distribution Center,9546.14
SO105956,2023-08-04,C0022,Wasatch Wheel Works,Dealer,Booked,Net 30,Phoenix Distribution Center,19340.28
SO105957,2023-08-04,C0017,Bay Mountain Bikes,Dealer,Booked,Net 30,Phoenix Distribution Center,7066.76
SO105958,2023-08-04,C0011,Cascade Bikes,Dealer,Booked,Net 30,Phoenix Distribution Center,42895.94
SO105959,2023-08-04,C0005,Mesa Mountain Bikes,Dealer,Booked,Net 30,Phoenix Distribution Center,21574.15
SO105960,2023-08-04,C0011,Cascade Bikes,Dealer,Booked,Net 30,Phoenix Distribution Center,12645.52
SO105961,2023-08-04,C0001,Sonoran Cycles Online,DTC,Booked,Credit Card,Phoenix Distribution Center,6199.0
SO105962,2023-08-04,C0001,Sonoran Cycles Online,DTC,Booked,Credit Card,Phoenix Distribution Center,3299.0
SO105963,2023-08-04,C0001,Sonoran Cycles Online,DTC,Booked,Credit Card,Phoenix Distribution Center,5199.0
SO105964,2023-08-04,C0001,Sonoran Cycles Online,DTC,Booked,Credit Card,Phoenix Distribution Center,5199.0
SO105965,2023-08-04,C0001,Sonoran Cycles Online,DTC,Booked,Credit Card,Phoenix Distribution Center,3499.0
SO105966,2023-08-04,C0001,Sonoran Cycles Online,DTC,Booked,Credit Card,Phoenix Distribution Center,7898.0
SO105967,2023-08-04,C0001,Sonoran Cycles Online,DTC,Booked,Credit Card,Phoenix Distribution Center,3999.0
SO105968,2023-08-04,C0001,Sonoran Cycles Online,DTC,Booked,Credit Card,Phoenix Distribution Center,3999.0
SO105969,2023-08-04,C0001,Sonoran Cycles Online,DTC,Booked,Credit Card,Phoenix Distribution Center,12098.0
SO105970,2023-08-04,C0001,Sonoran Cycles Online,DTC,Booked,Credit Card,Phoenix Distribution Center,5199.0
SO105971,2023-08-05,C0009,Las Cruces Cycling,Dealer,Booked,Net 30,Phoenix Distribution Center,46464.6
SO105972,2023-08-05,C0029,River Bend Bikes,Dealer,Booked,Net 30,Phoenix Distribution Center,35807.85
SO105973,2023-08-05,C0025,Lakeshore Bikes,Dealer,Booked,Net 30,Phoenix Distribution Center,11777.52
SO105974,2023-08-05,C0019,Front Range Cyclery,Dealer,Booked,Net 30,Phoenix Distribution Center,34465.18
SO105975,2023-08-05,C0020,Alpine Ride Co.,Dealer,Booked,Net 30,Phoenix Distribution Center,13574.28
SO105976,2023-08-05,C0002,Desert Trail Bikes,Dealer,Booked,Net 45,Phoenix Distribution Center,17917.94
SO105977,2023-08-05,C0001,Sonoran Cycles Online,DTC,Booked,Credit Card,Phoenix Distribution Center,3499.0
SO105978,2023-08-05,C0001,Sonoran Cycles Online,DTC,Booked,Credit Card,Phoenix Distribution Center,7499.0
SO105979,2023-08-05,C0001,Sonoran Cycles Online,DTC,Booked,Credit Card,Phoenix Distribution Center,4599.0
SO105980,2023-08-05,C0001,Sonoran Cycles Online,DTC,Booked,Credit Card,Phoenix Distribution Center,10398.0
SO105981,2023-08-05,C0001,Sonoran Cycles Online,DTC,Booked,Credit Card,Phoenix Distribution Center,4599.0
SO105982,2023-08-05,C0001,Sonoran Cycles Online,DTC,Booked,Credit Card,Phoenix Distribution Center,3499.0
SO105983,2023-08-05,C0001,Sonoran Cycles Online,DTC,Booked,Credit Card,Phoenix Distribution Center,17597.0
SO105984,2023-08-05,C0001,Sonoran Cycles Online,DTC,Booked,Credit Card,Phoenix Distribution Center,7998.0
SO105985,2023-08-05,C0001,Sonoran Cycles Online,DTC,Booked,Credit Card,Phoenix Distribution Center,4599.0
SO105986,2023-08-05,C0001,Sonoran Cycles Online,DTC,Booked,Credit Card,Phoenix Distribution Center,5199.0
SO105987,2023-08-05,C0001,Sonoran Cycles Online,DTC,Booked,Credit Card,Phoenix Distribution Center,3999.0
SO105988,2023-08-05,C0001,Sonoran Cycles Online,DTC,Booked,Credit Card,Phoenix Distribution Center,5199.0
SO105989,2023-08-05,C0001,Sonoran Cycles Online,DTC,Booked,Credit Card,Phoenix Distribution Center,3499.0
SO105990,2023-08-05,C0001,Sonoran Cycles Online,DTC,Booked,Credit Card,Phoenix Distribution Center,3299.0
SO105991,2023-08-05,C0001,Sonoran Cycles Online,DTC,Booked,Credit Card,Phoenix Distribution Center,3299.0
SO105992,2023-08-06,C0005,Mesa Mountain Bikes,Dealer,Booked,Net 30,Phoenix Distribution Center,29633.5
SO105993,2023-08-06,C0031,Pisgah Bike Co.,Dealer,Booked,Net 45,Phoenix Distribution Center,25863.36
SO105994,2023-08-06,C0001,Sonoran Cycles Online,DTC,Booked,Credit Card,Phoenix Distribution Center,9198.0
SO105995,2023-08-06,C0001,Sonoran Cycles Online,DTC,Booked,Credit Card,Phoenix Distribution Center,3299.0
SO105996,2023-08-06,C0001,Sonoran Cycles Online,DTC,Booked,Credit Card,Phoenix Distribution Center,4599.0
SO105997,2023-08-06,C0001,Sonoran Cycles Online,DTC,Booked,Credit Card,Phoenix Distribution Center,3299.0
SO105998,2023-08-06,C0001,Sonoran Cycles Online,DTC,Booked,Credit Card,Phoenix Distribution Center,3299.0
SO105999,2023-08-06,C0001,Sonoran Cycles Online,DTC,Booked,Credit Card,Phoenix Distribution Center,4599.0
SO106000,2023-08-06,C0001,Sonoran Cycles Online,DTC,Booked,Credit Card,Phoenix Distribution Center,3999.0
SO106001,2023-08-06,C0001,Sonoran Cycles Online,DTC,Booked,Credit Card,Phoenix Distribution Center,3999.0
SO106002,2023-08-06,C0001,Sonoran Cycles Online,DTC,Booked,Credit Card,Phoenix Distribution Center,5199.0
SO106003,2023-08-06,C0001,Sonoran Cycles Online,DTC,Booked,Credit Card,Phoenix Distribution Center,9198.0
SO106004,2023-08-06,C0001,Sonoran Cycles Online,DTC,Booked,Credit Card,Phoenix Distribution Center,3499.0
SO106005,2023-08-06,C0001,Sonoran Cycles Online,DTC,Booked,Credit Card,Phoenix Distribution Center,3299.0
SO106006,2023-08-06,C0001,Sonoran Cycles Online,DTC,Booked,Credit Card,Phoenix Distribution Center,5199.0
SO106007,2023-08-07,C0002,Desert Trail Bikes,Dealer,Booked,Net 45,Phoenix Distribution Center,49405.56
SO106008,2023-08-07,C0017,Bay Mountain Bikes,Dealer,Booked,Net 30,Phoenix Distribution Center,37006.56
SO106009,2023-08-07,C0030,Blue Ridge Cycles,Dealer,Booked,Net 30,Phoenix Distribution Center,36449.18
SO106010,2023-08-07,C0022,Wasatch Wheel Works,Dealer,Booked,Net 30,Phoenix Distribution Center,38123.18
SO106011,2023-08-07,C0019,Front Range Cyclery,Dealer,Booked,Net 30,Phoenix Distribution Center,27151.04
SO106012,2023-08-07,C0007,Red Rock Cycles,Dealer,Booked,Net 30,Phoenix Distribution Center,38602.2
SO106013,2023-08-07,C0020,Alpine Ride Co.,Dealer,Booked,Net 30,Phoenix Distribution Center,30559.18
SO106014,2023-08-07,C0024,Teton Cycling,Dealer,Booked,Net 30,Phoenix Distribution Center,50755.25
SO106015,2023-08-07,C0002,Desert Trail Bikes,Dealer,Booked,Net 45,Phoenix Distribution Center,32648.2
SO106016,2023-08-07,C0021,Rocky Peak Cycles,Dealer,Booked,Net 30,Phoenix Distribution Center,23786.1
SO106017,2023-08-07,C0017,Bay Mountain Bikes,Dealer,Booked,Net 30,Phoenix Distribution Center,25043.66
SO106018,2023-08-07,C0020,Alpine Ride Co.,Dealer,Booked,Net 30,Phoenix Distribution Center,34586.7
SO106019,2023-08-07,C0004,Sonoran Bike Co.,Dealer,Booked,Net 30,Phoenix Distribution Center,26159.04
SO106020,2023-08-07,C0006,Tucson Trail Works,Dealer,Booked,Net 30,Phoenix Distribution Center,12521.52
SO106021,2023-08-07,C0035,Adirondack Cycles,Dealer,Booked,Net 30,Phoenix Distribution Center,62454.6
SO106022,2023-08-07,C0017,Bay Mountain Bikes,Dealer,Booked,Net 30,Phoenix Distribution Center,15248.9
SO106023,2023-08-07,C0019,Front Range Cyclery,Dealer,Booked,Net 30,Phoenix Distribution Center,31799.18
SO106024,2023-08-07,C0018,High Country Bikes,Dealer,Booked,Net 45,Phoenix Distribution Center,24007.94
SO106025,2023-08-07,C0001,Sonoran Cycles Online,DTC,Booked,Credit Card,Phoenix Distribution Center,7499.0
SO106026,2023-08-07,C0001,Sonoran Cycles Online,DTC,Booked,Credit Card,Phoenix Distribution Center,12698.0
SO106027,2023-08-07,C0001,Sonoran Cycles Online,DTC,Booked,Credit Card,Phoenix Distribution Center,4599.0
SO106028,2023-08-07,C0001,Sonoran Cycles Online,DTC,Booked,Credit Card,Phoenix Distribution Center,9498.0
SO106029,2023-08-07,C0001,Sonoran Cycles Online,DTC,Booked,Credit Card,Phoenix Distribution Center,10798.0
SO106030,2023-08-07,C0001,Sonoran Cycles Online,DTC,Booked,Credit Card,Phoenix Distribution Center,4599.0
SO106031,2023-08-07,C0001,Sonoran Cycles Online,DTC,Booked,Credit Card,Phoenix Distribution Center,4599.0
SO106032,2023-08-07,C0001,Sonoran Cycles Online,DTC,Booked,Credit Card,Phoenix Distribution Center,6199.0
SO106033,2023-08-07,C0001,Sonoran Cycles Online,DTC,Booked,Credit Card,Phoenix Distribution Center,7499.0
SO106034,2023-08-08,C0006,Tucson Trail Works,Dealer,Booked,Net 30,Phoenix Distribution Center,35332.56
SO106035,2023-08-08,C0012,Rain City Cycles,Dealer,Booked,Net 30,Phoenix Distribution Center,20535.45
SO106036,2023-08-08,C0031,Pisgah Bike Co.,Dealer,Booked,Net 45,Phoenix Distribution Center,8350.26
SO106037,2023-08-08,C0019,Front Range Cyclery,Dealer,Booked,Net 30,Phoenix Distribution Center,30745.8
SO106038,2023-08-08,C0032,Southern Singletrack,Dealer,Booked,Net 30,Phoenix Distribution Center,45750.9
SO106039,2023-08-08,C0034,Green Mountain Bikes,Dealer,Booked,Net 30,Phoenix Distribution Center,28389.18
SO106040,2023-08-08,C0008,Sedona Ride Center,Dealer,Booked,Net 30,Phoenix Distribution Center,43330.56
SO106041,2023-08-08,C0015,Sierra Cycle Works,Dealer,Booked,Net 30,Phoenix Distribution Center,35332.56
SO106042,2023-08-08,C0033,Appalachian Bikes,Dealer,Booked,Net 30,Phoenix Distribution Center,9546.14
SO106043,2023-08-08,C0009,Las Cruces Cycling,Dealer,Booked,Net 30,Phoenix Distribution Center,50233.3
SO106044,2023-08-08,C0013,Pacific Trail Bikes,Dealer,Booked,Net 45,Phoenix Distribution Center,17397.68
SO106045,2023-08-08,C0018,High Country Bikes,Dealer,Booked,Net 45,Phoenix Distribution Center,29110.78
SO106046,2023-08-08,C0008,Sedona Ride Center,Dealer,Booked,Net 30,Phoenix Distribution Center,45623.94
SO106047,2023-08-08,C0026,Great Lakes Cyclery,Dealer,Booked,Net 30,Phoenix Distribution Center,38082.85
SO106048,2023-08-08,C0031,Pisgah Bike Co.,Dealer,Booked,Net 45,Phoenix Distribution Center,19426.52
SO106049,2023-08-08,C0031,Pisgah Bike Co.,Dealer,Booked,Net 45,Phoenix Distribution Center,26095.36
SO106050,2023-08-08,C0035,Adirondack Cycles,Dealer,Booked,Net 30,Phoenix Distribution Center,22485.45
SO106051,2023-08-08,C0004,Sonoran Bike Co.,Dealer,Booked,Net 30,Phoenix Distribution Center,23060.28
SO106052,2023-08-08,C0008,Sedona Ride Center,Dealer,Booked,Net 30,Phoenix Distribution Center,30188.42
SO106053,2023-08-08,C0010,Evergreen Cyclery,Dealer,Booked,Net 45,Phoenix Distribution Center,24874.46
SO106054,2023-08-08,C0004,Sonoran Bike Co.,Dealer,Booked,Net 30,Phoenix Distribution Center,47483.94
SO106055,2023-08-08,C0029,River Bend Bikes,Dealer,Booked,Net 30,Phoenix Distribution Center,6758.7
SO106056,2023-08-08,C0002,Desert Trail Bikes,Dealer,Booked,Net 45,Phoenix Distribution Center,13801.68
SO106057,2023-08-08,C0001,Sonoran Cycles Online,DTC,Booked,Credit Card,Phoenix Distribution Center,5199.0
SO106058,2023-08-08,C0001,Sonoran Cycles Online,DTC,Booked,Credit Card,Phoenix Distribution Center,7499.0
SO106059,2023-08-08,C0001,Sonoran Cycles Online,DTC,Booked,Credit Card,Phoenix Distribution Center,3299.0
SO106060,2023-08-08,C0001,Sonoran Cycles Online,DTC,Booked,Credit Card,Phoenix Distribution Center,4599.0
SO106061,2023-08-08,C0001,Sonoran Cycles Online,DTC,Booked,Credit Card,Phoenix Distribution Center,7499.0
SO106062,2023-08-08,C0001,Sonoran Cycles Online,DTC,Booked,Credit Card,Phoenix Distribution Center,4599.0
SO106063,2023-08-08,C0001,Sonoran Cycles Online,DTC,Booked,Credit Card,Phoenix Distribution Center,3299.0
SO106064,2023-08-08,C0001,Sonoran Cycles Online,DTC,Booked,Credit Card,Phoenix Distribution Center,12098.0
SO106065,2023-08-08,C0001,Sonoran Cycles Online,DTC,Booked,Credit Card,Phoenix Distribution Center,3299.0
SO106066,2023-08-09,C0017,Bay Mountain Bikes,Dealer,Booked,Net 30,Phoenix Distribution Center,25105.66
SO106067,2023-08-09,C0019,Front Range Cyclery,Dealer,Booked,Net 30,Phoenix Distribution Center,33473.18
SO106068,2023-08-09,C0035,Adirondack Cycles,Dealer,Booked,Net 30,Phoenix Distribution Center,25084.8
SO106069,2023-08-09,C0035,Adirondack Cycles,Dealer,Booked,Net 30,Phoenix Distribution Center,28464.15
SO106070,2023-08-09,C0003,Cactus Cycling,Dealer,Booked,Net 30,Phoenix Distribution Center,18719.66
SO106071,2023-08-09,C0017,Bay Mountain Bikes,Dealer,Booked,Net 30,Phoenix Distribution Center,38431.94
SO106072,2023-08-09,C0018,High Country Bikes,Dealer,Booked,Net 45,Phoenix Distribution Center,24761.94
SO106073,2023-08-09,C0004,Sonoran Bike Co.,Dealer,Booked,Net 30,Phoenix Distribution Center,25663.66
SO106074,2023-08-09,C0023,Bozeman Bike Works,Dealer,Booked,Net 30,Phoenix Distribution Center,38342.85
SO106075,2023-08-09,C0017,Bay Mountain Bikes,Dealer,Booked,Net 30,Phoenix Distribution Center,46863.32
SO106076,2023-08-09,C0011,Cascade Bikes,Dealer,Booked,Net 30,Phoenix Distribution Center,6074.76
SO106077,2023-08-09,C0018,High Country Bikes,Dealer,Booked,Net 45,Phoenix Distribution Center,32474.2
SO106078,2023-08-09,C0034,Green Mountain Bikes,Dealer,Booked,Net 30,Phoenix Distribution Center,14008.28
SO106079,2023-08-09,C0005,Mesa Mountain Bikes,Dealer,Booked,Net 30,Phoenix Distribution Center,7343.05
SO106080,2023-08-09,C0030,Blue Ridge Cycles,Dealer,Booked,Net 30,Phoenix Distribution Center,12521.52
SO106081,2023-08-09,C0031,Pisgah Bike Co.,Dealer,Booked,Net 45,Phoenix Distribution Center,22151.94
SO106082,2023-08-09,C0010,Evergreen Cyclery,Dealer,Booked,Net 45,Phoenix Distribution Center,12177.1
SO106083,2023-08-09,C0021,Rocky Peak Cycles,Dealer,Booked,Net 30,Phoenix Distribution Center,59202.65
SO106084,2023-08-09,C0004,Sonoran Bike Co.,Dealer,Booked,Net 30,Phoenix Distribution Center,10538.14
SO106085,2023-08-09,C0004,Sonoran Bike Co.,Dealer,Booked,Net 30,Phoenix Distribution Center,10910.14
SO106086,2023-08-09,C0031,Pisgah Bike Co.,Dealer,Booked,Net 45,Phoenix Distribution Center,21107.94
SO106087,2023-08-09,C0001,Sonoran Cycles Online,DTC,Booked,Credit Card,Phoenix Distribution Center,3299.0
SO106088,2023-08-09,C0001,Sonoran Cycles Online,DTC,Booked,Credit Card,Phoenix Distribution Center,6199.0
SO106089,2023-08-09,C0001,Sonoran Cycles Online,DTC,Booked,Credit Card,Phoenix Distribution Center,4599.0
SO106090,2023-08-09,C0001,Sonoran Cycles Online,DTC,Booked,Credit Card,Phoenix Distribution Center,3299.0
SO106091,2023-08-09,C0001,Sonoran Cycles Online,DTC,Booked,Credit Card,Phoenix Distribution Center,5199.0
SO106092,2023-08-09,C0001,Sonoran Cycles Online,DTC,Booked,Credit Card,Phoenix Distribution Center,3999.0
SO106093,2023-08-09,C0001,Sonoran Cycles Online,DTC,Booked,Credit Card,Phoenix Distribution Center,3499.0
SO106094,2023-08-09,C0001,Sonoran Cycles Online,DTC,Booked,Credit Card,Phoenix Distribution Center,4599.0
SO106095,2023-08-09,C0001,Sonoran Cycles Online,DTC,Booked,Credit Card,Phoenix Distribution Center,3299.0
SO106096,2023-08-09,C0001,Sonoran Cycles Online,DTC,Booked,Credit Card,Phoenix Distribution Center,4599.0
SO106097,2023-08-09,C0001,Sonoran Cycles Online,DTC,Booked,Credit Card,Phoenix Distribution Center,5199.0
SO106098,2023-08-09,C0001,Sonoran Cycles Online,DTC,Booked,Credit Card,Phoenix Distribution Center,10398.0
SO106099,2023-08-10,C0031,Pisgah Bike Co.,Dealer,Booked,Net 45,Phoenix Distribution Center,30734.2
SO106100,2023-08-10,C0011,Cascade Bikes,Dealer,Booked,Net 30,Phoenix Distribution Center,11777.52
SO106101,2023-08-10,C0035,Adirondack Cycles,Dealer,Booked,Net 30,Phoenix Distribution Center,31323.5
SO106102,2023-08-10,C0011,Cascade Bikes,Dealer,Booked,Net 30,Phoenix Distribution Center,12521.52
SO106103,2023-08-10,C0024,Teton Cycling,Dealer,Booked,Net 30,Phoenix Distribution Center,32817.85
SO106104,2023-08-10,C0028,Windy City Cycles,Dealer,Booked,Net 30,Phoenix Distribution Center,4418.7
SO106105,2023-08-10,C0009,Las Cruces Cycling,Dealer,Booked,Net 30,Phoenix Distribution Center,43215.25
SO106106,2023-08-10,C0019,Front Range Cyclery,Dealer,Booked,Net 30,Phoenix Distribution Center,28204.42
SO106107,2023-08-10,C0022,Wasatch Wheel Works,Dealer,Booked,Net 30,Phoenix Distribution Center,17046.28
SO106108,2023-08-10,C0004,Sonoran Bike Co.,Dealer,Booked,Net 30,Phoenix Distribution Center,17976.9
SO106109,2023-08-10,C0028,Windy City Cycles,Dealer,Booked,Net 30,Phoenix Distribution Center,26644.15
SO106110,2023-08-10,C0009,Las Cruces Cycling,Dealer,Booked,Net 30,Phoenix Distribution Center,37822.2
SO106111,2023-08-10,C0024,Teton Cycling,Dealer,Booked,Net 30,Phoenix Distribution Center,46399.6
SO106112,2023-08-10,C0002,Desert Trail Bikes,Dealer,Booked,Net 45,Phoenix Distribution Center,13279.1
SO106113,2023-08-10,C0030,Blue Ridge Cycles,Dealer,Booked,Net 30,Phoenix Distribution Center,27523.04
SO106114,2023-08-10,C0022,Wasatch Wheel Works,Dealer,Booked,Net 30,Phoenix Distribution Center,51573.46
SO106115,2023-08-10,C0022,Wasatch Wheel Works,Dealer,Booked,Net 30,Phoenix Distribution Center,31489.8
SO106116,2023-08-10,C0010,Evergreen Cyclery,Dealer,Booked,Net 45,Phoenix Distribution Center,6494.26
SO106117,2023-08-10,C0010,Evergreen Cyclery,Dealer,Booked,Net 45,Phoenix Distribution Center,18613.36
SO106118,2023-08-10,C0001,Sonoran Cycles Online,DTC,Booked,Credit Card,Phoenix Distribution Center,9798.0
SO106119,2023-08-10,C0001,Sonoran Cycles Online,DTC,Booked,Credit Card,Phoenix Distribution Center,5199.0
SO106120,2023-08-10,C0001,Sonoran Cycles Online,DTC,Booked,Credit Card,Phoenix Distribution Center,9498.0
SO106121,2023-08-10,C0001,Sonoran Cycles Online,DTC,Booked,Credit Card,Phoenix Distribution Center,5199.0
SO106122,2023-08-10,C0001,Sonoran Cycles Online,DTC,Booked,Credit Card,Phoenix Distribution Center,4599.0
SO106123,2023-08-10,C0001,Sonoran Cycles Online,DTC,Booked,Credit Card,Phoenix Distribution Center,7898.0
SO106124,2023-08-10,C0001,Sonoran Cycles Online,DTC,Booked,Credit Card,Phoenix Distribution Center,4599.0
SO106125,2023-08-10,C0001,Sonoran Cycles Online,DTC,Booked,Credit Card,Phoenix Distribution Center,5199.0
SO106126,2023-08-10,C0001,Sonoran Cycles Online,DTC,Booked,Credit Card,Phoenix Distribution Center,5199.0
SO106127,2023-08-10,C0001,Sonoran Cycles Online,DTC,Booked,Credit Card,Phoenix Distribution Center,7499.0
SO106128,2023-08-10,C0001,Sonoran Cycles Online,DTC,Booked,Credit Card,Phoenix Distribution Center,3299.0
SO106129,2023-08-11,C0009,Las Cruces Cycling,Dealer,Booked,Net 30,Phoenix Distribution Center,34441.55
SO106130,2023-08-11,C0003,Cactus Cycling,Dealer,Booked,Net 30,Phoenix Distribution Center,55294.08
SO106131,2023-08-11,C0002,Desert Trail Bikes,Dealer,Booked,Net 45,Phoenix Distribution Center,27428.78
SO106132,2023-08-11,C0030,Blue Ridge Cycles,Dealer,Booked,Net 30,Phoenix Distribution Center,19464.28
SO106133,2023-08-11,C0006,Tucson Trail Works,Dealer,Booked,Net 30,Phoenix Distribution Center,46366.7
SO106134,2023-08-11,C0004,Sonoran Bike Co.,Dealer,Booked,Net 30,Phoenix Distribution Center,25663.66
SO106135,2023-08-11,C0035,Adirondack Cycles,Dealer,Booked,Net 30,Phoenix Distribution Center,39512.2
SO106136,2023-08-11,C0023,Bozeman Bike Works,Dealer,Booked,Net 30,Phoenix Distribution Center,11438.05
SO106137,2023-08-11,C0026,Great Lakes Cyclery,Dealer,Booked,Net 30,Phoenix Distribution Center,6303.7
SO106138,2023-08-11,C0010,Evergreen Cyclery,Dealer,Booked,Net 45,Phoenix Distribution Center,38560.14
SO106139,2023-08-11,C0034,Green Mountain Bikes,Dealer,Booked,Net 30,Phoenix Distribution Center,36075.94
SO106140,2023-08-11,C0022,Wasatch Wheel Works,Dealer,Booked,Net 30,Phoenix Distribution Center,15992.9
SO106141,2023-08-11,C0030,Blue Ridge Cycles,Dealer,Booked,Net 30,Phoenix Distribution Center,28266.42
SO106142,2023-08-11,C0007,Red Rock Cycles,Dealer,Booked,Net 30,Phoenix Distribution Center,22226.1
SO106143,2023-08-11,C0012,Rain City Cycles,Dealer,Booked,Net 30,Phoenix Distribution Center,31519.8
SO106144,2023-08-11,C0034,Green Mountain Bikes,Dealer,Booked,Net 30,Phoenix Distribution Center,18781.66
SO106145,2023-08-11,C0008,Sedona Ride Center,Dealer,Booked,Net 30,Phoenix Distribution Center,27523.04
SO106146,2023-08-11,C0001,Sonoran Cycles Online,DTC,Booked,Credit Card,Phoenix Distribution Center,5199.0
SO106147,2023-08-11,C0001,Sonoran Cycles Online,DTC,Booked,Credit Card,Phoenix Distribution Center,3299.0
SO106148,2023-08-11,C0001,Sonoran Cycles Online,DTC,Booked,Credit Card,Phoenix Distribution Center,6199.0
SO106149,2023-08-11,C0001,Sonoran Cycles Online,DTC,Booked,Credit Card,Phoenix Distribution Center,3499.0
SO106150,2023-08-11,C0001,Sonoran Cycles Online,DTC,Booked,Credit Card,Phoenix Distribution Center,3499.0
SO106151,2023-08-11,C0001,Sonoran Cycles Online,DTC,Booked,Credit Card,Phoenix Distribution Center,4599.0
SO106152,2023-08-11,C0001,Sonoran Cycles Online,DTC,Booked,Credit Card,Phoenix Distribution Center,3299.0
SO106153,2023-08-11,C0001,Sonoran Cycles Online,DTC,Booked,Credit Card,Phoenix Distribution Center,3299.0
SO106154,2023-08-11,C0001,Sonoran Cycles Online,DTC,Booked,Credit Card,Phoenix Distribution Center,3299.0
SO106155,2023-08-11,C0001,Sonoran Cycles Online,DTC,Booked,Credit Card,Phoenix Distribution Center,3299.0
SO106156,2023-08-11,C0001,Sonoran Cycles Online,DTC,Booked,Credit Card,Phoenix Distribution Center,6199.0
SO106157,2023-08-11,C0001,Sonoran Cycles Online,DTC,Booked,Credit Card,Phoenix Distribution Center,7499.0
SO106158,2023-08-12,C0008,Sedona Ride Center,Dealer,Booked,Net 30,Phoenix Distribution Center,45934.56
SO106159,2023-08-12,C0002,Desert Trail Bikes,Dealer,Booked,Net 45,Phoenix Distribution Center,20064.52
SO106160,2023-08-12,C0029,River Bend Bikes,Dealer,Booked,Net 30,Phoenix Distribution Center,9748.05
SO106161,2023-08-12,C0009,Las Cruces Cycling,Dealer,Booked,Net 30,Phoenix Distribution Center,38601.55
SO106162,2023-08-12,C0013,Pacific Trail Bikes,Dealer,Booked,Net 45,Phoenix Distribution Center,43087.62
SO106163,2023-08-12,C0018,High Country Bikes,Dealer,Booked,Net 45,Phoenix Distribution Center,17397.1
SO106164,2023-08-12,C0001,Sonoran Cycles Online,DTC,Booked,Credit Card,Phoenix Distribution Center,4599.0
SO106165,2023-08-12,C0001,Sonoran Cycles Online,DTC,Booked,Credit Card,Phoenix Distribution Center,11197.0
SO106166,2023-08-12,C0001,Sonoran Cycles Online,DTC,Booked,Credit Card,Phoenix Distribution Center,4599.0
SO106167,2023-08-12,C0001,Sonoran Cycles Online,DTC,Booked,Credit Card,Phoenix Distribution Center,6199.0
SO106168,2023-08-12,C0001,Sonoran Cycles Online,DTC,Booked,Credit Card,Phoenix Distribution Center,3299.0
SO106169,2023-08-12,C0001,Sonoran Cycles Online,DTC,Booked,Credit Card,Phoenix Distribution Center,3499.0
SO106170,2023-08-12,C0001,Sonoran Cycles Online,DTC,Booked,Credit Card,Phoenix Distribution Center,13797.0
SO106171,2023-08-12,C0001,Sonoran Cycles Online,DTC,Booked,Credit Card,Phoenix Distribution Center,3299.0
SO106172,2023-08-12,C0001,Sonoran Cycles Online,DTC,Booked,Credit Card,Phoenix Distribution Center,3299.0
SO106173,2023-08-12,C0001,Sonoran Cycles Online,DTC,Booked,Credit Card,Phoenix Distribution Center,6199.0
SO106174,2023-08-12,C0001,Sonoran Cycles Online,DTC,Booked,Credit Card,Phoenix Distribution Center,3299.0
SO106175,2023-08-12,C0001,Sonoran Cycles Online,DTC,Booked,Credit Card,Phoenix Distribution Center,7499.0
SO106176,2023-08-12,C0001,Sonoran Cycles Online,DTC,Booked,Credit Card,Phoenix Distribution Center,3999.0
SO106177,2023-08-13,C0033,Appalachian Bikes,Dealer,Booked,Net 30,Phoenix Distribution Center,40043.94
SO106178,2023-08-13,C0028,Windy City Cycles,Dealer,Booked,Net 30,Phoenix Distribution Center,16441.75
SO106179,2023-08-13,C0001,Sonoran Cycles Online,DTC,Booked,Credit Card,Phoenix Distribution Center,4599.0
SO106180,2023-08-13,C0001,Sonoran Cycles Online,DTC,Booked,Credit Card,Phoenix Distribution Center,5199.0
SO106181,2023-08-13,C0001,Sonoran Cycles Online,DTC,Booked,Credit Card,Phoenix Distribution Center,6199.0
SO106182,2023-08-13,C0001,Sonoran Cycles Online,DTC,Booked,Credit Card,Phoenix Distribution Center,4599.0
SO106183,2023-08-13,C0001,Sonoran Cycles Online,DTC,Booked,Credit Card,Phoenix Distribution Center,5199.0
SO106184,2023-08-13,C0001,Sonoran Cycles Online,DTC,Booked,Credit Card,Phoenix Distribution Center,6199.0
SO106185,2023-08-13,C0001,Sonoran Cycles Online,DTC,Booked,Credit Card,Phoenix Distribution Center,5199.0
SO106186,2023-08-13,C0001,Sonoran Cycles Online,DTC,Booked,Credit Card,Phoenix Distribution Center,5199.0
SO106187,2023-08-13,C0001,Sonoran Cycles Online,DTC,Booked,Credit Card,Phoenix Distribution Center,5199.0
SO106188,2023-08-13,C0001,Sonoran Cycles Online,DTC,Booked,Credit Card,Phoenix Distribution Center,3299.0
SO106189,2023-08-13,C0001,Sonoran Cycles Online,DTC,Booked,Credit Card,Phoenix Distribution Center,3299.0
SO106190,2023-08-13,C0001,Sonoran Cycles Online,DTC,Booked,Credit Card,Phoenix Distribution Center,3499.0
SO106191,2023-08-13,C0001,Sonoran Cycles Online,DTC,Booked,Credit Card,Phoenix Distribution Center,4599.0
SO106192,2023-08-14,C0030,Blue Ridge Cycles,Dealer,Booked,Net 30,Phoenix Distribution Center,23183.04
SO106193,2023-08-14,C0010,Evergreen Cyclery,Dealer,Booked,Net 45,Phoenix Distribution Center,17220.78
SO106194,2023-08-14,C0002,Desert Trail Bikes,Dealer,Booked,Net 45,Phoenix Distribution Center,41288.46
SO106195,2023-08-14,C0003,Cactus Cycling,Dealer,Booked,Net 30,Phoenix Distribution Center,44134.7
SO106196,2023-08-14,C0034,Green Mountain Bikes,Dealer,Booked,Net 30,Phoenix Distribution Center,6136.14
SO106197,2023-08-14,C0022,Wasatch Wheel Works,Dealer,Booked,Net 30,Phoenix Distribution Center,22687.66
SO106198,2023-08-14,C0022,Wasatch Wheel Works,Dealer,Booked,Net 30,Phoenix Distribution Center,37316.56
SO106199,2023-08-14,C0018,High Country Bikes,Dealer,Booked,Net 45,Phoenix Distribution Center,44767.3
SO106200,2023-08-14,C0018,High Country Bikes,Dealer,Booked,Net 45,Phoenix Distribution Center,42447.88
SO106201,2023-08-14,C0002,Desert Trail Bikes,Dealer,Booked,Net 45,Phoenix Distribution Center,16700.52
SO106202,2023-08-14,C0019,Front Range Cyclery,Dealer,Booked,Net 30,Phoenix Distribution Center,20704.28
SO106203,2023-08-14,C0014,Redwood Ride Shop,Dealer,Booked,Net 30,Phoenix Distribution Center,23183.04
SO106204,2023-08-14,C0013,Pacific Trail Bikes,Dealer,Booked,Net 45,Phoenix Distribution Center,59905.3
SO106205,2023-08-14,C0008,Sedona Ride Center,Dealer,Booked,Net 30,Phoenix Distribution Center,41657.8
SO106206,2023-08-14,C0015,Sierra Cycle Works,Dealer,Booked,Net 30,Phoenix Distribution Center,35393.94
SO106207,2023-08-14,C0020,Alpine Ride Co.,Dealer,Booked,Net 30,Phoenix Distribution Center,24235.18
SO106208,2023-08-14,C0014,Redwood Ride Shop,Dealer,Booked,Net 30,Phoenix Distribution Center,30933.04
SO106209,2023-08-14,C0030,Blue Ridge Cycles,Dealer,Booked,Net 30,Phoenix Distribution Center,37564.56
SO106210,2023-08-14,C0016,Coastal Gravel Co.,Dealer,Booked,Net 30,Phoenix Distribution Center,21574.15
SO106211,2023-08-14,C0020,Alpine Ride Co.,Dealer,Booked,Net 30,Phoenix Distribution Center,18533.04
SO106212,2023-08-14,C0001,Sonoran Cycles Online,DTC,Booked,Credit Card,Phoenix Distribution Center,3299.0
SO106213,2023-08-14,C0001,Sonoran Cycles Online,DTC,Booked,Credit Card,Phoenix Distribution Center,3299.0
SO106214,2023-08-14,C0001,Sonoran Cycles Online,DTC,Booked,Credit Card,Phoenix Distribution Center,7499.0
SO106215,2023-08-14,C0001,Sonoran Cycles Online,DTC,Booked,Credit Card,Phoenix Distribution Center,3499.0
SO106216,2023-08-14,C0001,Sonoran Cycles Online,DTC,Booked,Credit Card,Phoenix Distribution Center,3499.0
SO106217,2023-08-14,C0001,Sonoran Cycles Online,DTC,Booked,Credit Card,Phoenix Distribution Center,4599.0
SO106218,2023-08-14,C0001,Sonoran Cycles Online,DTC,Booked,Credit Card,Phoenix Distribution Center,5199.0
SO106219,2023-08-14,C0001,Sonoran Cycles Online,DTC,Booked,Credit Card,Phoenix Distribution Center,8098.0
SO106220,2023-08-14,C0001,Sonoran Cycles Online,DTC,Booked,Credit Card,Phoenix Distribution Center,4599.0
SO106221,2023-08-15,C0033,Appalachian Bikes,Dealer,Booked,Net 30,Phoenix Distribution Center,24299.04
SO106222,2023-08-15,C0012,Rain City Cycles,Dealer,Booked,Net 30,Phoenix Distribution Center,41787.85
SO106223,2023-08-15,C0022,Wasatch Wheel Works,Dealer,Booked,Net 30,Phoenix Distribution Center,12644.9
SO106224,2023-08-15,C0031,Pisgah Bike Co.,Dealer,Booked,Net 45,Phoenix Distribution Center,14381.68
SO106225,2023-08-15,C0005,Mesa Mountain Bikes,Dealer,Booked,Net 30,Phoenix Distribution Center,13776.1
SO106226,2023-08-15,C0008,Sedona Ride Center,Dealer,Booked,Net 30,Phoenix Distribution Center,35583.04
SO106227,2023-08-15,C0011,Cascade Bikes,Dealer,Booked,Net 30,Phoenix Distribution Center,25600.42
SO106228,2023-08-15,C0031,Pisgah Bike Co.,Dealer,Booked,Net 45,Phoenix Distribution Center,36069.62
SO106229,2023-08-15,C0010,Evergreen Cyclery,Dealer,Booked,Net 45,Phoenix Distribution Center,35023.88
SO106230,2023-08-15,C0018,High Country Bikes,Dealer,Booked,Net 45,Phoenix Distribution Center,15946.52
SO106231,2023-08-15,C0022,Wasatch Wheel Works,Dealer,Booked,Net 30,Phoenix Distribution Center,53744.08
SO106232,2023-08-15,C0034,Green Mountain Bikes,Dealer,Booked,Net 30,Phoenix Distribution Center,27459.18
SO106233,2023-08-15,C0011,Cascade Bikes,Dealer,Booked,Net 30,Phoenix Distribution Center,15992.28
SO106234,2023-08-15,C0030,Blue Ridge Cycles,Dealer,Booked,Net 30,Phoenix Distribution Center,24981.04
SO106235,2023-08-15,C0031,Pisgah Bike Co.,Dealer,Booked,Net 45,Phoenix Distribution Center,33865.62
SO106236,2023-08-15,C0031,Pisgah Bike Co.,Dealer,Booked,Net 45,Phoenix Distribution Center,40591.3
SO106237,2023-08-15,C0002,Desert Trail Bikes,Dealer,Booked,Net 45,Phoenix Distribution Center,18788.52
SO106238,2023-08-15,C0018,High Country Bikes,Dealer,Booked,Net 45,Phoenix Distribution Center,37809.04
SO106239,2023-08-15,C0013,Pacific Trail Bikes,Dealer,Booked,Net 45,Phoenix Distribution Center,11597.68
SO106240,2023-08-15,C0013,Pacific Trail Bikes,Dealer,Booked,Net 45,Phoenix Distribution Center,19542.52
SO106241,2023-08-15,C0032,Southern Singletrack,Dealer,Booked,Net 30,Phoenix Distribution Center,22550.45
SO106242,2023-08-15,C0008,Sedona Ride Center,Dealer,Booked,Net 30,Phoenix Distribution Center,61928.7
SO106243,2023-08-15,C0001,Sonoran Cycles Online,DTC,Booked,Credit Card,Phoenix Distribution Center,5199.0
SO106244,2023-08-15,C0001,Sonoran Cycles Online,DTC,Booked,Credit Card,Phoenix Distribution Center,4599.0
SO106245,2023-08-15,C0001,Sonoran Cycles Online,DTC,Booked,Credit Card,Phoenix Distribution Center,4599.0
SO106246,2023-08-15,C0001,Sonoran Cycles Online,DTC,Booked,Credit Card,Phoenix Distribution Center,5199.0
SO106247,2023-08-15,C0001,Sonoran Cycles Online,DTC,Booked,Credit Card,Phoenix Distribution Center,6199.0
SO106248,2023-08-15,C0001,Sonoran Cycles Online,DTC,Booked,Credit Card,Phoenix Distribution Center,3299.0
SO106249,2023-08-15,C0001,Sonoran Cycles Online,DTC,Booked,Credit Card,Phoenix Distribution Center,4599.0
SO106250,2023-08-15,C0001,Sonoran Cycles Online,DTC,Booked,Credit Card,Phoenix Distribution Center,10398.0
SO106251,2023-08-15,C0001,Sonoran Cycles Online,DTC,Booked,Credit Card,Phoenix Distribution Center,12398.0
SO106252,2023-08-16,C0015,Sierra Cycle Works,Dealer,Booked,Net 30,Phoenix Distribution Center,25972.42
SO106253,2023-08-16,C0006,Tucson Trail Works,Dealer,Booked,Net 30,Phoenix Distribution Center,28018.42
SO106254,2023-08-16,C0020,Alpine Ride Co.,Dealer,Booked,Net 30,Phoenix Distribution Center,21818.42
SO106255,2023-08-16,C0015,Sierra Cycle Works,Dealer,Booked,Net 30,Phoenix Distribution Center,37689.18
SO106256,2023-08-16,C0016,Coastal Gravel Co.,Dealer,Booked,Net 30,Phoenix Distribution Center,18065.45
SO106257,2023-08-16,C0034,Green Mountain Bikes,Dealer,Booked,Net 30,Phoenix Distribution Center,31673.32
SO106258,2023-08-16,C0020,Alpine Ride Co.,Dealer,Booked,Net 30,Phoenix Distribution Center,12768.9
SO106259,2023-08-16,C0015,Sierra Cycle Works,Dealer,Booked,Net 30,Phoenix Distribution Center,34837.18
SO106260,2023-08-16,C0018,High Country Bikes,Dealer,Booked,Net 45,Phoenix Distribution Center,47551.3
SO106261,2023-08-16,C0022,Wasatch Wheel Works,Dealer,Booked,Net 30,Phoenix Distribution Center,21323.66
SO106262,2023-08-16,C0021,Rocky Peak Cycles,Dealer,Booked,Net 30,Phoenix Distribution Center,12411.75
SO106263,2023-08-16,C0034,Green Mountain Bikes,Dealer,Booked,Net 30,Phoenix Distribution Center,23305.18
SO106264,2023-08-16,C0007,Red Rock Cycles,Dealer,Booked,Net 30,Phoenix Distribution Center,39838.5
SO106265,2023-08-16,C0002,Desert Trail Bikes,Dealer,Booked,Net 45,Phoenix Distribution Center,23079.36
SO106266,2023-08-16,C0013,Pacific Trail Bikes,Dealer,Booked,Net 45,Phoenix Distribution Center,30445.94
SO106267,2023-08-16,C0010,Evergreen Cyclery,Dealer,Booked,Net 45,Phoenix Distribution Center,35023.88
SO106268,2023-08-16,C0025,Lakeshore Bikes,Dealer,Booked,Net 30,Phoenix Distribution Center,15619.66
SO106269,2023-08-16,C0027,Prairie Trail Bikes,Dealer,Booked,Net 30,Phoenix Distribution Center,39301.18
SO106270,2023-08-16,C0030,Blue Ridge Cycles,Dealer,Booked,Net 30,Phoenix Distribution Center,38493.94
SO106271,2023-08-16,C0013,Pacific Trail Bikes,Dealer,Booked,Net 45,Phoenix Distribution Center,72432.14
SO106272,2023-08-16,C0022,Wasatch Wheel Works,Dealer,Booked,Net 30,Phoenix Distribution Center,55788.84
SO106273,2023-08-16,C0014,Redwood Ride Shop,Dealer,Booked,Net 30,Phoenix Distribution Center,14628.9
SO106274,2023-08-16,C0001,Sonoran Cycles Online,DTC,Booked,Credit Card,Phoenix Distribution Center,7499.0
SO106275,2023-08-16,C0001,Sonoran Cycles Online,DTC,Booked,Credit Card,Phoenix Distribution Center,4599.0
SO106276,2023-08-16,C0001,Sonoran Cycles Online,DTC,Booked,Credit Card,Phoenix Distribution Center,12098.0
SO106277,2023-08-16,C0001,Sonoran Cycles Online,DTC,Booked,Credit Card,Phoenix Distribution Center,9198.0
SO106278,2023-08-16,C0001,Sonoran Cycles Online,DTC,Booked,Credit Card,Phoenix Distribution Center,7499.0
SO106279,2023-08-16,C0001,Sonoran Cycles Online,DTC,Booked,Credit Card,Phoenix Distribution Center,4599.0
SO106280,2023-08-16,C0001,Sonoran Cycles Online,DTC,Booked,Credit Card,Phoenix Distribution Center,5199.0
SO106281,2023-08-16,C0001,Sonoran Cycles Online,DTC,Booked,Credit Card,Phoenix Distribution Center,6199.0
SO106282,2023-08-16,C0001,Sonoran Cycles Online,DTC,Booked,Credit Card,Phoenix Distribution Center,4599.0
SO106283,2023-08-16,C0001,Sonoran Cycles Online,DTC,Booked,Credit Card,Phoenix Distribution Center,4599.0
SO106284,2023-08-16,C0001,Sonoran Cycles Online,DTC,Booked,Credit Card,Phoenix Distribution Center,4599.0
SO106285,2023-08-16,C0001,Sonoran Cycles Online,DTC,Booked,Credit Card,Phoenix Distribution Center,7499.0
SO106286,2023-08-17,C0002,Desert Trail Bikes,Dealer,Booked,Net 45,Phoenix Distribution Center,29458.2
SO106287,2023-08-17,C0014,Redwood Ride Shop,Dealer,Booked,Net 30,Phoenix Distribution Center,24546.42
SO106288,2023-08-17,C0013,Pacific Trail Bikes,Dealer,Booked,Net 45,Phoenix Distribution Center,28763.94
SO106289,2023-08-17,C0002,Desert Trail Bikes,Dealer,Booked,Net 45,Phoenix Distribution Center,16004.52
SO106290,2023-08-17,C0002,Desert Trail Bikes,Dealer,Booked,Net 45,Phoenix Distribution Center,14496.52
SO106291,2023-08-17,C0017,Bay Mountain Bikes,Dealer,Booked,Net 30,Phoenix Distribution Center,22563.66
SO106292,2023-08-17,C0006,Tucson Trail Works,Dealer,Booked,Net 30,Phoenix Distribution Center,32853.18
SO106293,2023-08-17,C0030,Blue Ridge Cycles,Dealer,Booked,Net 30,Phoenix Distribution Center,46118.7
SO106294,2023-08-17,C0031,Pisgah Bike Co.,Dealer,Booked,Net 45,Phoenix Distribution Center,23659.94
SO106295,2023-08-17,C0011,Cascade Bikes,Dealer,Booked,Net 30,Phoenix Distribution Center,57771.6
SO106296,2023-08-17,C0022,Wasatch Wheel Works,Dealer,Booked,Net 30,Phoenix Distribution Center,23555.04
SO106297,2023-08-17,C0010,Evergreen Cyclery,Dealer,Booked,Net 45,Phoenix Distribution Center,19656.78
SO106298,2023-08-17,C0018,High Country Bikes,Dealer,Booked,Net 45,Phoenix Distribution Center,40476.46
SO106299,2023-08-17,C0004,Sonoran Bike Co.,Dealer,Booked,Net 30,Phoenix Distribution Center,44880.56
SO106300,2023-08-17,C0014,Redwood Ride Shop,Dealer,Booked,Net 30,Phoenix Distribution Center,46118.08
SO106301,2023-08-17,C0030,Blue Ridge Cycles,Dealer,Booked,Net 30,Phoenix Distribution Center,11405.52
SO106302,2023-08-17,C0017,Bay Mountain Bikes,Dealer,Booked,Net 30,Phoenix Distribution Center,42399.94
SO106303,2023-08-17,C0025,Lakeshore Bikes,Dealer,Booked,Net 30,Phoenix Distribution Center,11405.52
SO106304,2023-08-17,C0020,Alpine Ride Co.,Dealer,Booked,Net 30,Phoenix Distribution Center,10785.52
SO106305,2023-08-17,C0011,Cascade Bikes,Dealer,Booked,Net 30,Phoenix Distribution Center,29629.8
SO106306,2023-08-17,C0001,Sonoran Cycles Online,DTC,Booked,Credit Card,Phoenix Distribution Center,6199.0
SO106307,2023-08-17,C0001,Sonoran Cycles Online,DTC,Booked,Credit Card,Phoenix Distribution Center,3999.0
SO106308,2023-08-17,C0001,Sonoran Cycles Online,DTC,Booked,Credit Card,Phoenix Distribution Center,4599.0
SO106309,2023-08-17,C0001,Sonoran Cycles Online,DTC,Booked,Credit Card,Phoenix Distribution Center,4599.0
SO106310,2023-08-17,C0001,Sonoran Cycles Online,DTC,Booked,Credit Card,Phoenix Distribution Center,3299.0
SO106311,2023-08-17,C0001,Sonoran Cycles Online,DTC,Booked,Credit Card,Phoenix Distribution Center,7499.0
SO106312,2023-08-17,C0001,Sonoran Cycles Online,DTC,Booked,Credit Card,Phoenix Distribution Center,9198.0
SO106313,2023-08-17,C0001,Sonoran Cycles Online,DTC,Booked,Credit Card,Phoenix Distribution Center,3999.0
SO106314,2023-08-17,C0001,Sonoran Cycles Online,DTC,Booked,Credit Card,Phoenix Distribution Center,4599.0
SO106315,2023-08-17,C0001,Sonoran Cycles Online,DTC,Booked,Credit Card,Phoenix Distribution Center,5199.0
SO106316,2023-08-17,C0001,Sonoran Cycles Online,DTC,Booked,Credit Card,Phoenix Distribution Center,5199.0
SO106317,2023-08-17,C0001,Sonoran Cycles Online,DTC,Booked,Credit Card,Phoenix Distribution Center,4599.0
SO106318,2023-08-18,C0005,Mesa Mountain Bikes,Dealer,Booked,Net 30,Phoenix Distribution Center,35480.9
SO106319,2023-08-18,C0028,Windy City Cycles,Dealer,Booked,Net 30,Phoenix Distribution Center,20275.45
SO106320,2023-08-18,C0033,Appalachian Bikes,Dealer,Booked,Net 30,Phoenix Distribution Center,8554.14
SO106321,2023-08-18,C0017,Bay Mountain Bikes,Dealer,Booked,Net 30,Phoenix Distribution Center,23988.42
SO106322,2023-08-18,C0017,Bay Mountain Bikes,Dealer,Booked,Net 30,Phoenix Distribution Center,32730.42
SO106323,2023-08-18,C0015,Sierra Cycle Works,Dealer,Booked,Net 30,Phoenix Distribution Center,34649.94
SO106324,2023-08-18,C0021,Rocky Peak Cycles,Dealer,Booked,Net 30,Phoenix Distribution Center,35027.85
SO106325,2023-08-18,C0031,Pisgah Bike Co.,Dealer,Booked,Net 45,Phoenix Distribution Center,24007.94
SO106326,2023-08-18,C0017,Bay Mountain Bikes,Dealer,Booked,Net 30,Phoenix Distribution Center,13761.52
SO106327,2023-08-18,C0022,Wasatch Wheel Works,Dealer,Booked,Net 30,Phoenix Distribution Center,24919.66
SO106328,2023-08-18,C0022,Wasatch Wheel Works,Dealer,Booked,Net 30,Phoenix Distribution Center,26531.04
SO106329,2023-08-18,C0018,High Country Bikes,Dealer,Booked,Net 45,Phoenix Distribution Center,45347.88
SO106330,2023-08-18,C0035,Adirondack Cycles,Dealer,Booked,Net 30,Phoenix Distribution Center,16506.75
SO106331,2023-08-18,C0031,Pisgah Bike Co.,Dealer,Booked,Net 45,Phoenix Distribution Center,35953.62
SO106332,2023-08-18,C0027,Prairie Trail Bikes,Dealer,Booked,Net 30,Phoenix Distribution Center,36076.56
SO106333,2023-08-18,C0010,Evergreen Cyclery,Dealer,Booked,Net 45,Phoenix Distribution Center,25456.78
SO106334,2023-08-18,C0008,Sedona Ride Center,Dealer,Booked,Net 30,Phoenix Distribution Center,10290.14
SO106335,2023-08-18,C0001,Sonoran Cycles Online,DTC,Booked,Credit Card,Phoenix Distribution Center,4599.0
SO106336,2023-08-18,C0001,Sonoran Cycles Online,DTC,Booked,Credit Card,Phoenix Distribution Center,3499.0
SO106337,2023-08-18,C0001,Sonoran Cycles Online,DTC,Booked,Credit Card,Phoenix Distribution Center,3499.0
SO106338,2023-08-18,C0001,Sonoran Cycles Online,DTC,Booked,Credit Card,Phoenix Distribution Center,4599.0
SO106339,2023-08-18,C0001,Sonoran Cycles Online,DTC,Booked,Credit Card,Phoenix Distribution Center,5199.0
SO106340,2023-08-18,C0001,Sonoran Cycles Online,DTC,Booked,Credit Card,Phoenix Distribution Center,3299.0
SO106341,2023-08-18,C0001,Sonoran Cycles Online,DTC,Booked,Credit Card,Phoenix Distribution Center,3999.0
SO106342,2023-08-18,C0001,Sonoran Cycles Online,DTC,Booked,Credit Card,Phoenix Distribution Center,8098.0
SO106343,2023-08-18,C0001,Sonoran Cycles Online,DTC,Booked,Credit Card,Phoenix Distribution Center,4599.0
SO106344,2023-08-18,C0001,Sonoran Cycles Online,DTC,Booked,Credit Card,Phoenix Distribution Center,6199.0
SO106345,2023-08-18,C0001,Sonoran Cycles Online,DTC,Booked,Credit Card,Phoenix Distribution Center,4599.0
SO106346,2023-08-18,C0001,Sonoran Cycles Online,DTC,Booked,Credit Card,Phoenix Distribution Center,4599.0
SO106347,2023-08-19,C0010,Evergreen Cyclery,Dealer,Booked,Net 45,Phoenix Distribution Center,17975.36
SO106348,2023-08-19,C0002,Desert Trail Bikes,Dealer,Booked,Net 45,Phoenix Distribution Center,45231.3
SO106349,2023-08-19,C0009,Las Cruces Cycling,Dealer,Booked,Net 30,Phoenix Distribution Center,31192.85
SO106350,2023-08-19,C0008,Sedona Ride Center,Dealer,Booked,Net 30,Phoenix Distribution Center,43578.56
SO106351,2023-08-19,C0014,Redwood Ride Shop,Dealer,Booked,Net 30,Phoenix Distribution Center,31491.04
SO106352,2023-08-19,C0004,Sonoran Bike Co.,Dealer,Booked,Net 30,Phoenix Distribution Center,19960.28
SO106353,2023-08-19,C0001,Sonoran Cycles Online,DTC,Booked,Credit Card,Phoenix Distribution Center,6199.0
SO106354,2023-08-19,C0001,Sonoran Cycles Online,DTC,Booked,Credit Card,Phoenix Distribution Center,3299.0
SO106355,2023-08-19,C0001,Sonoran Cycles Online,DTC,Booked,Credit Card,Phoenix Distribution Center,8698.0
SO106356,2023-08-19,C0001,Sonoran Cycles Online,DTC,Booked,Credit Card,Phoenix Distribution Center,7898.0
SO106357,2023-08-19,C0001,Sonoran Cycles Online,DTC,Booked,Credit Card,Phoenix Distribution Center,6598.0
SO106358,2023-08-19,C0001,Sonoran Cycles Online,DTC,Booked,Credit Card,Phoenix Distribution Center,8498.0
SO106359,2023-08-19,C0001,Sonoran Cycles Online,DTC,Booked,Credit Card,Phoenix Distribution Center,7499.0
SO106360,2023-08-19,C0001,Sonoran Cycles Online,DTC,Booked,Credit Card,Phoenix Distribution Center,7499.0
SO106361,2023-08-19,C0001,Sonoran Cycles Online,DTC,Booked,Credit Card,Phoenix Distribution Center,12497.0
SO106362,2023-08-19,C0001,Sonoran Cycles Online,DTC,Booked,Credit Card,Phoenix Distribution Center,9198.0
SO106363,2023-08-19,C0001,Sonoran Cycles Online,DTC,Booked,Credit Card,Phoenix Distribution Center,6199.0
SO106364,2023-08-19,C0001,Sonoran Cycles Online,DTC,Booked,Credit Card,Phoenix Distribution Center,4599.0
SO106365,2023-08-19,C0001,Sonoran Cycles Online,DTC,Booked,Credit Card,Phoenix Distribution Center,3299.0
SO106366,2023-08-19,C0001,Sonoran Cycles Online,DTC,Booked,Credit Card,Phoenix Distribution Center,4599.0
SO106367,2023-08-19,C0001,Sonoran Cycles Online,DTC,Booked,Credit Card,Phoenix Distribution Center,5199.0
SO106368,2023-08-20,C0013,Pacific Trail Bikes,Dealer,Booked,Net 45,Phoenix Distribution Center,15135.68
SO106369,2023-08-20,C0013,Pacific Trail Bikes,Dealer,Booked,Net 45,Phoenix Distribution Center,48711.88
SO106370,2023-08-20,C0001,Sonoran Cycles Online,DTC,Booked,Credit Card,Phoenix Distribution Center,7499.0
SO106371,2023-08-20,C0001,Sonoran Cycles Online,DTC,Booked,Credit Card,Phoenix Distribution Center,6199.0
SO106372,2023-08-20,C0001,Sonoran Cycles Online,DTC,Booked,Credit Card,Phoenix Distribution Center,3299.0
SO106373,2023-08-20,C0001,Sonoran Cycles Online,DTC,Booked,Credit Card,Phoenix Distribution Center,3999.0
SO106374,2023-08-20,C0001,Sonoran Cycles Online,DTC,Booked,Credit Card,Phoenix Distribution Center,7499.0
SO106375,2023-08-20,C0001,Sonoran Cycles Online,DTC,Booked,Credit Card,Phoenix Distribution Center,4599.0
SO106376,2023-08-20,C0001,Sonoran Cycles Online,DTC,Booked,Credit Card,Phoenix Distribution Center,3499.0
SO106377,2023-08-20,C0001,Sonoran Cycles Online,DTC,Booked,Credit Card,Phoenix Distribution Center,5199.0
SO106378,2023-08-20,C0001,Sonoran Cycles Online,DTC,Booked,Credit Card,Phoenix Distribution Center,3999.0
SO106379,2023-08-20,C0001,Sonoran Cycles Online,DTC,Booked,Credit Card,Phoenix Distribution Center,3999.0
SO106380,2023-08-20,C0001,Sonoran Cycles Online,DTC,Booked,Credit Card,Phoenix Distribution Center,4599.0
SO106381,2023-08-20,C0001,Sonoran Cycles Online,DTC,Booked,Credit Card,Phoenix Distribution Center,5199.0
SO106382,2023-08-20,C0001,Sonoran Cycles Online,DTC,Booked,Credit Card,Phoenix Distribution Center,4599.0
SO106383,2023-08-20,C0001,Sonoran Cycles Online,DTC,Booked,Credit Card,Phoenix Distribution Center,4599.0
SO106384,2023-08-21,C0002,Desert Trail Bikes,Dealer,Booked,Net 45,Phoenix Distribution Center,10669.68
SO106385,2023-08-21,C0030,Blue Ridge Cycles,Dealer,Booked,Net 30,Phoenix Distribution Center,30373.8
SO106386,2023-08-21,C0004,Sonoran Bike Co.,Dealer,Booked,Net 30,Phoenix Distribution Center,62484.22
SO106387,2023-08-21,C0017,Bay Mountain Bikes,Dealer,Booked,Net 30,Phoenix Distribution Center,26283.04
SO106388,2023-08-21,C0002,Desert Trail Bikes,Dealer,Booked,Net 45,Phoenix Distribution Center,33401.62
SO106389,2023-08-21,C0002,Desert Trail Bikes,Dealer,Booked,Net 45,Phoenix Distribution Center,30675.04
SO106390,2023-08-21,C0002,Desert Trail Bikes,Dealer,Booked,Net 45,Phoenix Distribution Center,21455.94
SO106391,2023-08-21,C0010,Evergreen Cyclery,Dealer,Booked,Net 45,Phoenix Distribution Center,28817.88
SO106392,2023-08-21,C0022,Wasatch Wheel Works,Dealer,Booked,Net 30,Phoenix Distribution Center,31489.18
SO106393,2023-08-21,C0018,High Country Bikes,Dealer,Booked,Net 45,Phoenix Distribution Center,25863.36
SO106394,2023-08-21,C0033,Appalachian Bikes,Dealer,Booked,Net 30,Phoenix Distribution Center,35951.94
SO106395,2023-08-21,C0022,Wasatch Wheel Works,Dealer,Booked,Net 30,Phoenix Distribution Center,40043.94
SO106396,2023-08-21,C0034,Green Mountain Bikes,Dealer,Booked,Net 30,Phoenix Distribution Center,16053.66
SO106397,2023-08-21,C0018,High Country Bikes,Dealer,Booked,Net 45,Phoenix Distribution Center,7190.84
SO106398,2023-08-21,C0034,Green Mountain Bikes,Dealer,Booked,Net 30,Phoenix Distribution Center,34524.7
SO106399,2023-08-21,C0027,Prairie Trail Bikes,Dealer,Booked,Net 30,Phoenix Distribution Center,31985.8
SO106400,2023-08-21,C0018,High Country Bikes,Dealer,Booked,Net 45,Phoenix Distribution Center,44072.46
SO106401,2023-08-21,C0002,Desert Trail Bikes,Dealer,Booked,Net 45,Phoenix Distribution Center,16469.1
SO106402,2023-08-21,C0019,Front Range Cyclery,Dealer,Booked,Net 30,Phoenix Distribution Center,39548.56
SO106403,2023-08-21,C0006,Tucson Trail Works,Dealer,Booked,Net 30,Phoenix Distribution Center,17108.28
SO106404,2023-08-21,C0027,Prairie Trail Bikes,Dealer,Booked,Net 30,Phoenix Distribution Center,28823.8
SO106405,2023-08-21,C0036,Pine Tree Bicycles,Dealer,Booked,Net 30,Phoenix Distribution Center,19366.1
SO106406,2023-08-21,C0001,Sonoran Cycles Online,DTC,Booked,Credit Card,Phoenix Distribution Center,5199.0
SO106407,2023-08-21,C0001,Sonoran Cycles Online,DTC,Booked,Credit Card,Phoenix Distribution Center,7499.0
SO106408,2023-08-21,C0001,Sonoran Cycles Online,DTC,Booked,Credit Card,Phoenix Distribution Center,5199.0
SO106409,2023-08-21,C0001,Sonoran Cycles Online,DTC,Booked,Credit Card,Phoenix Distribution Center,3299.0
SO106410,2023-08-21,C0001,Sonoran Cycles Online,DTC,Booked,Credit Card,Phoenix Distribution Center,12398.0
SO106411,2023-08-21,C0001,Sonoran Cycles Online,DTC,Booked,Credit Card,Phoenix Distribution Center,6598.0
SO106412,2023-08-21,C0001,Sonoran Cycles Online,DTC,Booked,Credit Card,Phoenix Distribution Center,3299.0
SO106413,2023-08-21,C0001,Sonoran Cycles Online,DTC,Booked,Credit Card,Phoenix Distribution Center,3299.0
SO106414,2023-08-21,C0001,Sonoran Cycles Online,DTC,Booked,Credit Card,Phoenix Distribution Center,4599.0
SO106415,2023-08-21,C0001,Sonoran Cycles Online,DTC,Booked,Credit Card,Phoenix Distribution Center,4599.0
SO106416,2023-08-22,C0015,Sierra Cycle Works,Dealer,Booked,Net 30,Phoenix Distribution Center,29630.42
SO106417,2023-08-22,C0002,Desert Trail Bikes,Dealer,Booked,Net 45,Phoenix Distribution Center,25050.78
SO106418,2023-08-22,C0013,Pacific Trail Bikes,Dealer,Booked,Net 45,Phoenix Distribution Center,28067.36
SO106419,2023-08-22,C0002,Desert Trail Bikes,Dealer,Booked,Net 45,Phoenix Distribution Center,13685.1
SO106420,2023-08-22,C0030,Blue Ridge Cycles,Dealer,Booked,Net 30,Phoenix Distribution Center,21820.28
SO106421,2023-08-22,C0002,Desert Trail Bikes,Dealer,Booked,Net 45,Phoenix Distribution Center,41868.46
SO106422,2023-08-22,C0008,Sedona Ride Center,Dealer,Booked,Net 30,Phoenix Distribution Center,25416.28
SO106423,2023-08-22,C0012,Rain City Cycles,Dealer,Booked,Net 30,Phoenix Distribution Center,35806.55
SO106424,2023-08-22,C0008,Sedona Ride Center,Dealer,Booked,Net 30,Phoenix Distribution Center,11839.52
SO106425,2023-08-22,C0034,Green Mountain Bikes,Dealer,Booked,Net 30,Phoenix Distribution Center,25847.18
SO106426,2023-08-22,C0034,Green Mountain Bikes,Dealer,Booked,Net 30,Phoenix Distribution Center,18843.04
SO106427,2023-08-22,C0015,Sierra Cycle Works,Dealer,Booked,Net 30,Phoenix Distribution Center,38556.56
SO106428,2023-08-22,C0006,Tucson Trail Works,Dealer,Booked,Net 30,Phoenix Distribution Center,15992.9
SO106429,2023-08-22,C0017,Bay Mountain Bikes,Dealer,Booked,Net 30,Phoenix Distribution Center,33969.18
SO106430,2023-08-22,C0007,Red Rock Cycles,Dealer,Booked,Net 30,Phoenix Distribution Center,44322.2
SO106431,2023-08-22,C0024,Teton Cycling,Dealer,Booked,Net 30,Phoenix Distribution Center,17546.75
SO106432,2023-08-22,C0028,Windy City Cycles,Dealer,Booked,Net 30,Phoenix Distribution Center,22421.1
SO106433,2023-08-22,C0013,Pacific Trail Bikes,Dealer,Booked,Net 45,Phoenix Distribution Center,43783.04
SO106434,2023-08-22,C0033,Appalachian Bikes,Dealer,Booked,Net 30,Phoenix Distribution Center,36821.18
SO106435,2023-08-22,C0031,Pisgah Bike Co.,Dealer,Booked,Net 45,Phoenix Distribution Center,40361.04
SO106436,2023-08-22,C0025,Lakeshore Bikes,Dealer,Booked,Net 30,Phoenix Distribution Center,9049.52
SO106437,2023-08-22,C0008,Sedona Ride Center,Dealer,Booked,Net 30,Phoenix Distribution Center,43826.56
SO106438,2023-08-22,C0004,Sonoran Bike Co.,Dealer,Booked,Net 30,Phoenix Distribution Center,46801.94
SO106439,2023-08-22,C0001,Sonoran Cycles Online,DTC,Booked,Credit Card,Phoenix Distribution Center,7499.0
SO106440,2023-08-22,C0001,Sonoran Cycles Online,DTC,Booked,Credit Card,Phoenix Distribution Center,5199.0
SO106441,2023-08-22,C0001,Sonoran Cycles Online,DTC,Booked,Credit Card,Phoenix Distribution Center,4599.0
SO106442,2023-08-22,C0001,Sonoran Cycles Online,DTC,Booked,Credit Card,Phoenix Distribution Center,4599.0
SO106443,2023-08-22,C0001,Sonoran Cycles Online,DTC,Booked,Credit Card,Phoenix Distribution Center,3299.0
SO106444,2023-08-22,C0001,Sonoran Cycles Online,DTC,Booked,Credit Card,Phoenix Distribution Center,3299.0
SO106445,2023-08-22,C0001,Sonoran Cycles Online,DTC,Booked,Credit Card,Phoenix Distribution Center,5199.0
SO106446,2023-08-22,C0001,Sonoran Cycles Online,DTC,Booked,Credit Card,Phoenix Distribution Center,4599.0
SO106447,2023-08-22,C0001,Sonoran Cycles Online,DTC,Booked,Credit Card,Phoenix Distribution Center,4599.0
SO106448,2023-08-23,C0004,Sonoran Bike Co.,Dealer,Booked,Net 30,Phoenix Distribution Center,33225.8
SO106449,2023-08-23,C0018,High Country Bikes,Dealer,Booked,Net 45,Phoenix Distribution Center,46391.3
SO106450,2023-08-23,C0007,Red Rock Cycles,Dealer,Booked,Net 30,Phoenix Distribution Center,15726.75
SO106451,2023-08-23,C0002,Desert Trail Bikes,Dealer,Booked,Net 45,Phoenix Distribution Center,51492.98
SO106452,2023-08-23,C0013,Pacific Trail Bikes,Dealer,Booked,Net 45,Phoenix Distribution Center,55555.88
SO106453,2023-08-23,C0003,Cactus Cycling,Dealer,Booked,Net 30,Phoenix Distribution Center,35580.56
SO106454,2023-08-23,C0019,Front Range Cyclery,Dealer,Booked,Net 30,Phoenix Distribution Center,13512.9
SO106455,2023-08-23,C0013,Pacific Trail Bikes,Dealer,Booked,Net 45,Phoenix Distribution Center,35374.78
SO106456,2023-08-23,C0014,Redwood Ride Shop,Dealer,Booked,Net 30,Phoenix Distribution Center,24113.04
SO106457,2023-08-23,C0020,Alpine Ride Co.,Dealer,Booked,Net 30,Phoenix Distribution Center,22067.04
SO106458,2023-08-23,C0013,Pacific Trail Bikes,Dealer,Booked,Net 45,Phoenix Distribution Center,22963.94
SO106459,2023-08-23,C0004,Sonoran Bike Co.,Dealer,Booked,Net 30,Phoenix Distribution Center,14381.52
SO106460,2023-08-23,C0010,Evergreen Cyclery,Dealer,Booked,Net 45,Phoenix Distribution Center,14901.94
SO106461,2023-08-23,C0010,Evergreen Cyclery,Dealer,Booked,Net 45,Phoenix Distribution Center,22092.78
SO106462,2023-08-23,C0027,Prairie Trail Bikes,Dealer,Booked,Net 30,Phoenix Distribution Center,23431.66
SO106463,2023-08-23,C0033,Appalachian Bikes,Dealer,Booked,Net 30,Phoenix Distribution Center,7066.76
SO106464,2023-08-23,C0010,Evergreen Cyclery,Dealer,Booked,Net 45,Phoenix Distribution Center,15365.94
SO106465,2023-08-23,C0014,Redwood Ride Shop,Dealer,Booked,Net 30,Phoenix Distribution Center,25289.8
SO106466,2023-08-23,C0013,Pacific Trail Bikes,Dealer,Booked,Net 45,Phoenix Distribution Center,28183.36
SO106467,2023-08-23,C0031,Pisgah Bike Co.,Dealer,Booked,Net 45,Phoenix Distribution Center,39780.46
SO106468,2023-08-23,C0030,Blue Ridge Cycles,Dealer,Booked,Net 30,Phoenix Distribution Center,21447.66
SO106469,2023-08-23,C0001,Sonoran Cycles Online,DTC,Booked,Credit Card,Phoenix Distribution Center,20197.0
SO106470,2023-08-23,C0001,Sonoran Cycles Online,DTC,Booked,Credit Card,Phoenix Distribution Center,5199.0
SO106471,2023-08-23,C0001,Sonoran Cycles Online,DTC,Booked,Credit Card,Phoenix Distribution Center,4599.0
SO106472,2023-08-23,C0001,Sonoran Cycles Online,DTC,Booked,Credit Card,Phoenix Distribution Center,4599.0
SO106473,2023-08-23,C0001,Sonoran Cycles Online,DTC,Booked,Credit Card,Phoenix Distribution Center,4599.0
SO106474,2023-08-23,C0001,Sonoran Cycles Online,DTC,Booked,Credit Card,Phoenix Distribution Center,5199.0
SO106475,2023-08-23,C0001,Sonoran Cycles Online,DTC,Booked,Credit Card,Phoenix Distribution Center,4599.0
SO106476,2023-08-23,C0001,Sonoran Cycles Online,DTC,Booked,Credit Card,Phoenix Distribution Center,5199.0
SO106477,2023-08-23,C0001,Sonoran Cycles Online,DTC,Booked,Credit Card,Phoenix Distribution Center,3999.0
SO106478,2023-08-23,C0001,Sonoran Cycles Online,DTC,Booked,Credit Card,Phoenix Distribution Center,4599.0
SO106479,2023-08-23,C0001,Sonoran Cycles Online,DTC,Booked,Credit Card,Phoenix Distribution Center,3499.0
SO106480,2023-08-23,C0001,Sonoran Cycles Online,DTC,Booked,Credit Card,Phoenix Distribution Center,3299.0
SO106481,2023-08-24,C0033,Appalachian Bikes,Dealer,Booked,Net 30,Phoenix Distribution Center,17480.28
SO106482,2023-08-24,C0006,Tucson Trail Works,Dealer,Booked,Net 30,Phoenix Distribution Center,30745.8
SO106483,2023-08-24,C0011,Cascade Bikes,Dealer,Booked,Net 30,Phoenix Distribution Center,28823.8
SO106484,2023-08-24,C0014,Redwood Ride Shop,Dealer,Booked,Net 30,Phoenix Distribution Center,28329.04
SO106485,2023-08-24,C0019,Front Range Cyclery,Dealer,Booked,Net 30,Phoenix Distribution Center,34651.18
SO106486,2023-08-24,C0012,Rain City Cycles,Dealer,Booked,Net 30,Phoenix Distribution Center,22225.45
SO106487,2023-08-24,C0020,Alpine Ride Co.,Dealer,Booked,Net 30,Phoenix Distribution Center,21756.42
SO106488,2023-08-24,C0013,Pacific Trail Bikes,Dealer,Booked,Net 45,Phoenix Distribution Center,55437.56
SO106489,2023-08-24,C0034,Green Mountain Bikes,Dealer,Booked,Net 30,Phoenix Distribution Center,22189.8
SO106490,2023-08-24,C0024,Teton Cycling,Dealer,Booked,Net 30,Phoenix Distribution Center,47830.9
SO106491,2023-08-24,C0034,Green Mountain Bikes,Dealer,Booked,Net 30,Phoenix Distribution Center,8615.52
SO106492,2023-08-24,C0008,Sedona Ride Center,Dealer,Booked,Net 30,Phoenix Distribution Center,33971.04
SO106493,2023-08-24,C0033,Appalachian Bikes,Dealer,Booked,Net 30,Phoenix Distribution Center,20084.28
SO106494,2023-08-24,C0031,Pisgah Bike Co.,Dealer,Booked,Net 45,Phoenix Distribution Center,28008.2
SO106495,2023-08-24,C0035,Adirondack Cycles,Dealer,Booked,Net 30,Phoenix Distribution Center,27294.15
SO106496,2023-08-24,C0017,Bay Mountain Bikes,Dealer,Booked,Net 30,Phoenix Distribution Center,43639.32
SO106497,2023-08-24,C0020,Alpine Ride Co.,Dealer,Booked,Net 30,Phoenix Distribution Center,42894.7
SO106498,2023-08-24,C0028,Windy City Cycles,Dealer,Booked,Net 30,Phoenix Distribution Center,41850.9
SO106499,2023-08-24,C0014,Redwood Ride Shop,Dealer,Booked,Net 30,Phoenix Distribution Center,29381.18
SO106500,2023-08-24,C0024,Teton Cycling,Dealer,Booked,Net 30,Phoenix Distribution Center,9812.4
SO106501,2023-08-24,C0001,Sonoran Cycles Online,DTC,Booked,Credit Card,Phoenix Distribution Center,7499.0
SO106502,2023-08-24,C0001,Sonoran Cycles Online,DTC,Booked,Credit Card,Phoenix Distribution Center,3299.0
SO106503,2023-08-24,C0001,Sonoran Cycles Online,DTC,Booked,Credit Card,Phoenix Distribution Center,4599.0
SO106504,2023-08-24,C0001,Sonoran Cycles Online,DTC,Booked,Credit Card,Phoenix Distribution Center,4599.0
SO106505,2023-08-24,C0001,Sonoran Cycles Online,DTC,Booked,Credit Card,Phoenix Distribution Center,7499.0
SO106506,2023-08-24,C0001,Sonoran Cycles Online,DTC,Booked,Credit Card,Phoenix Distribution Center,9798.0
SO106507,2023-08-24,C0001,Sonoran Cycles Online,DTC,Booked,Credit Card,Phoenix Distribution Center,7499.0
SO106508,2023-08-24,C0001,Sonoran Cycles Online,DTC,Booked,Credit Card,Phoenix Distribution Center,6199.0
SO106509,2023-08-24,C0001,Sonoran Cycles Online,DTC,Booked,Credit Card,Phoenix Distribution Center,3299.0
SO106510,2023-08-24,C0001,Sonoran Cycles Online,DTC,Booked,Credit Card,Phoenix Distribution Center,5199.0
SO106511,2023-08-25,C0031,Pisgah Bike Co.,Dealer,Booked,Net 45,Phoenix Distribution Center,53002.72
SO106512,2023-08-25,C0010,Evergreen Cyclery,Dealer,Booked,Net 45,Phoenix Distribution Center,6146.26
SO106513,2023-08-25,C0018,High Country Bikes,Dealer,Booked,Net 45,Phoenix Distribution Center,14265.1
SO106514,2023-08-25,C0031,Pisgah Bike Co.,Dealer,Booked,Net 45,Phoenix Distribution Center,21455.94
SO106515,2023-08-25,C0019,Front Range Cyclery,Dealer,Booked,Net 30,Phoenix Distribution Center,31799.18
SO106516,2023-08-25,C0024,Teton Cycling,Dealer,Booked,Net 30,Phoenix Distribution Center,19755.45
SO106517,2023-08-25,C0017,Bay Mountain Bikes,Dealer,Booked,Net 30,Phoenix Distribution Center,6446.76
SO106518,2023-08-25,C0011,Cascade Bikes,Dealer,Booked,Net 30,Phoenix Distribution Center,26778.42
SO106519,2023-08-25,C0028,Windy City Cycles,Dealer,Booked,Net 30,Phoenix Distribution Center,27165.45
SO106520,2023-08-25,C0002,Desert Trail Bikes,Dealer,Booked,Net 45,Phoenix Distribution Center,48071.56
SO106521,2023-08-25,C0026,Great Lakes Cyclery,Dealer,Booked,Net 30,Phoenix Distribution Center,46985.25
SO106522,2023-08-25,C0006,Tucson Trail Works,Dealer,Booked,Net 30,Phoenix Distribution Center,20703.66
SO106523,2023-08-25,C0018,High Country Bikes,Dealer,Booked,Net 45,Phoenix Distribution Center,18092.52
SO106524,2023-08-25,C0020,Alpine Ride Co.,Dealer,Booked,Net 30,Phoenix Distribution Center,18843.04
SO106525,2023-08-25,C0006,Tucson Trail Works,Dealer,Booked,Net 30,Phoenix Distribution Center,19959.66
SO106526,2023-08-25,C0036,Pine Tree Bicycles,Dealer,Booked,Net 30,Phoenix Distribution Center,35873.5
SO106527,2023-08-25,C0033,Appalachian Bikes,Dealer,Booked,Net 30,Phoenix Distribution Center,12149.52
SO106528,2023-08-25,C0009,Las Cruces Cycling,Dealer,Booked,Net 30,Phoenix Distribution Center,30803.5
SO106529,2023-08-25,C0017,Bay Mountain Bikes,Dealer,Booked,Net 30,Phoenix Distribution Center,39797.18
SO106530,2023-08-25,C0001,Sonoran Cycles Online,DTC,Booked,Credit Card,Phoenix Distribution Center,7499.0
SO106531,2023-08-25,C0001,Sonoran Cycles Online,DTC,Booked,Credit Card,Phoenix Distribution Center,3299.0
SO106532,2023-08-25,C0001,Sonoran Cycles Online,DTC,Booked,Credit Card,Phoenix Distribution Center,3299.0
SO106533,2023-08-25,C0001,Sonoran Cycles Online,DTC,Booked,Credit Card,Phoenix Distribution Center,3499.0
SO106534,2023-08-25,C0001,Sonoran Cycles Online,DTC,Booked,Credit Card,Phoenix Distribution Center,4599.0
SO106535,2023-08-25,C0001,Sonoran Cycles Online,DTC,Booked,Credit Card,Phoenix Distribution Center,4599.0
SO106536,2023-08-25,C0001,Sonoran Cycles Online,DTC,Booked,Credit Card,Phoenix Distribution Center,4599.0
SO106537,2023-08-25,C0001,Sonoran Cycles Online,DTC,Booked,Credit Card,Phoenix Distribution Center,5199.0
SO106538,2023-08-25,C0001,Sonoran Cycles Online,DTC,Booked,Credit Card,Phoenix Distribution Center,10398.0
SO106539,2023-08-25,C0001,Sonoran Cycles Online,DTC,Booked,Credit Card,Phoenix Distribution Center,6199.0
SO106540,2023-08-25,C0001,Sonoran Cycles Online,DTC,Booked,Credit Card,Phoenix Distribution Center,3999.0
SO106541,2023-08-25,C0001,Sonoran Cycles Online,DTC,Booked,Credit Card,Phoenix Distribution Center,5199.0
SO106542,2023-08-25,C0001,Sonoran Cycles Online,DTC,Booked,Credit Card,Phoenix Distribution Center,6199.0
SO106543,2023-08-25,C0001,Sonoran Cycles Online,DTC,Booked,Credit Card,Phoenix Distribution Center,6199.0
SO106544,2023-08-26,C0021,Rocky Peak Cycles,Dealer,Booked,Net 30,Phoenix Distribution Center,24890.45
SO106545,2023-08-26,C0018,High Country Bikes,Dealer,Booked,Net 45,Phoenix Distribution Center,43375.3
SO106546,2023-08-26,C0009,Las Cruces Cycling,Dealer,Booked,Net 30,Phoenix Distribution Center,12737.4
SO106547,2023-08-26,C0006,Tucson Trail Works,Dealer,Booked,Net 30,Phoenix Distribution Center,33409.94
SO106548,2023-08-26,C0002,Desert Trail Bikes,Dealer,Booked,Net 45,Phoenix Distribution Center,41403.3
SO106549,2023-08-26,C0017,Bay Mountain Bikes,Dealer,Booked,Net 30,Phoenix Distribution Center,31118.42
SO106550,2023-08-26,C0001,Sonoran Cycles Online,DTC,Booked,Credit Card,Phoenix Distribution Center,7499.0
SO106551,2023-08-26,C0001,Sonoran Cycles Online,DTC,Booked,Credit Card,Phoenix Distribution Center,5199.0
SO106552,2023-08-26,C0001,Sonoran Cycles Online,DTC,Booked,Credit Card,Phoenix Distribution Center,7499.0
SO106553,2023-08-26,C0001,Sonoran Cycles Online,DTC,Booked,Credit Card,Phoenix Distribution Center,6199.0
SO106554,2023-08-26,C0001,Sonoran Cycles Online,DTC,Booked,Credit Card,Phoenix Distribution Center,3299.0
SO106555,2023-08-26,C0001,Sonoran Cycles Online,DTC,Booked,Credit Card,Phoenix Distribution Center,12398.0
SO106556,2023-08-26,C0001,Sonoran Cycles Online,DTC,Booked,Credit Card,Phoenix Distribution Center,3299.0
SO106557,2023-08-26,C0001,Sonoran Cycles Online,DTC,Booked,Credit Card,Phoenix Distribution Center,5199.0
SO106558,2023-08-26,C0001,Sonoran Cycles Online,DTC,Booked,Credit Card,Phoenix Distribution Center,3299.0
SO106559,2023-08-26,C0001,Sonoran Cycles Online,DTC,Booked,Credit Card,Phoenix Distribution Center,4599.0
SO106560,2023-08-26,C0001,Sonoran Cycles Online,DTC,Booked,Credit Card,Phoenix Distribution Center,3299.0
SO106561,2023-08-26,C0001,Sonoran Cycles Online,DTC,Booked,Credit Card,Phoenix Distribution Center,12698.0
SO106562,2023-08-26,C0001,Sonoran Cycles Online,DTC,Booked,Credit Card,Phoenix Distribution Center,6598.0
SO106563,2023-08-26,C0001,Sonoran Cycles Online,DTC,Booked,Credit Card,Phoenix Distribution Center,7898.0
SO106564,2023-08-27,C0031,Pisgah Bike Co.,Dealer,Booked,Net 45,Phoenix Distribution Center,35954.2
SO106565,2023-08-27,C0022,Wasatch Wheel Works,Dealer,Booked,Net 30,Phoenix Distribution Center,28141.8
SO106566,2023-08-27,C0001,Sonoran Cycles Online,DTC,Booked,Credit Card,Phoenix Distribution Center,7499.0
SO106567,2023-08-27,C0001,Sonoran Cycles Online,DTC,Booked,Credit Card,Phoenix Distribution Center,7499.0
SO106568,2023-08-27,C0001,Sonoran Cycles Online,DTC,Booked,Credit Card,Phoenix Distribution Center,7499.0
SO106569,2023-08-27,C0001,Sonoran Cycles Online,DTC,Booked,Credit Card,Phoenix Distribution Center,5199.0
SO106570,2023-08-27,C0001,Sonoran Cycles Online,DTC,Booked,Credit Card,Phoenix Distribution Center,5199.0
SO106571,2023-08-27,C0001,Sonoran Cycles Online,DTC,Booked,Credit Card,Phoenix Distribution Center,4599.0
SO106572,2023-08-27,C0001,Sonoran Cycles Online,DTC,Booked,Credit Card,Phoenix Distribution Center,4599.0
SO106573,2023-08-27,C0001,Sonoran Cycles Online,DTC,Booked,Credit Card,Phoenix Distribution Center,5199.0
SO106574,2023-08-27,C0001,Sonoran Cycles Online,DTC,Booked,Credit Card,Phoenix Distribution Center,5199.0
SO106575,2023-08-27,C0001,Sonoran Cycles Online,DTC,Booked,Credit Card,Phoenix Distribution Center,3299.0
SO106576,2023-08-27,C0001,Sonoran Cycles Online,DTC,Booked,Credit Card,Phoenix Distribution Center,9198.0
SO106577,2023-08-27,C0001,Sonoran Cycles Online,DTC,Booked,Credit Card,Phoenix Distribution Center,4599.0
SO106578,2023-08-27,C0001,Sonoran Cycles Online,DTC,Booked,Credit Card,Phoenix Distribution Center,3299.0
SO106579,2023-08-27,C0001,Sonoran Cycles Online,DTC,Booked,Credit Card,Phoenix Distribution Center,4599.0
SO106580,2023-08-28,C0003,Cactus Cycling,Dealer,Booked,Net 30,Phoenix Distribution Center,22376.42
SO106581,2023-08-28,C0016,Coastal Gravel Co.,Dealer,Booked,Net 30,Phoenix Distribution Center,22743.5
SO106582,2023-08-28,C0027,Prairie Trail Bikes,Dealer,Booked,Net 30,Phoenix Distribution Center,25043.04
SO106583,2023-08-28,C0015,Sierra Cycle Works,Dealer,Booked,Net 30,Phoenix Distribution Center,47543.46
SO106584,2023-08-28,C0013,Pacific Trail Bikes,Dealer,Booked,Net 45,Phoenix Distribution Center,8698.84
SO106585,2023-08-28,C0019,Front Range Cyclery,Dealer,Booked,Net 30,Phoenix Distribution Center,16240.9
SO106586,2023-08-28,C0010,Evergreen Cyclery,Dealer,Booked,Net 45,Phoenix Distribution Center,31718.46
SO106587,2023-08-28,C0017,Bay Mountain Bikes,Dealer,Booked,Net 30,Phoenix Distribution Center,35829.8
SO106588,2023-08-28,C0031,Pisgah Bike Co.,Dealer,Booked,Net 45,Phoenix Distribution Center,33634.2
SO106589,2023-08-28,C0018,High Country Bikes,Dealer,Booked,Net 45,Phoenix Distribution Center,60424.98
SO106590,2023-08-28,C0013,Pacific Trail Bikes,Dealer,Booked,Net 45,Phoenix Distribution Center,14091.1
SO106591,2023-08-28,C0002,Desert Trail Bikes,Dealer,Booked,Net 45,Phoenix Distribution Center,22151.94
SO106592,2023-08-28,C0002,Desert Trail Bikes,Dealer,Booked,Net 45,Phoenix Distribution Center,27370.2
SO106593,2023-08-28,C0018,High Country Bikes,Dealer,Booked,Net 45,Phoenix Distribution Center,42679.88
SO106594,2023-08-28,C0031,Pisgah Bike Co.,Dealer,Booked,Net 45,Phoenix Distribution Center,27023.36
SO106595,2023-08-28,C0035,Adirondack Cycles,Dealer,Booked,Net 30,Phoenix Distribution Center,14817.4
SO106596,2023-08-28,C0034,Green Mountain Bikes,Dealer,Booked,Net 30,Phoenix Distribution Center,16363.04
SO106597,2023-08-28,C0021,Rocky Peak Cycles,Dealer,Booked,Net 30,Phoenix Distribution Center,29244.8
SO106598,2023-08-28,C0020,Alpine Ride Co.,Dealer,Booked,Net 30,Phoenix Distribution Center,7438.14
SO106599,2023-08-28,C0021,Rocky Peak Cycles,Dealer,Booked,Net 30,Phoenix Distribution Center,41396.55
SO106600,2023-08-28,C0020,Alpine Ride Co.,Dealer,Booked,Net 30,Phoenix Distribution Center,28450.56
SO106601,2023-08-28,C0015,Sierra Cycle Works,Dealer,Booked,Net 30,Phoenix Distribution Center,46181.32
SO106602,2023-08-28,C0022,Wasatch Wheel Works,Dealer,Booked,Net 30,Phoenix Distribution Center,8554.14
SO106603,2023-08-28,C0001,Sonoran Cycles Online,DTC,Booked,Credit Card,Phoenix Distribution Center,4599.0
SO106604,2023-08-28,C0001,Sonoran Cycles Online,DTC,Booked,Credit Card,Phoenix Distribution Center,4599.0
SO106605,2023-08-28,C0001,Sonoran Cycles Online,DTC,Booked,Credit Card,Phoenix Distribution Center,4599.0
SO106606,2023-08-28,C0001,Sonoran Cycles Online,DTC,Booked,Credit Card,Phoenix Distribution Center,5199.0
SO106607,2023-08-28,C0001,Sonoran Cycles Online,DTC,Booked,Credit Card,Phoenix Distribution Center,6199.0
SO106608,2023-08-28,C0001,Sonoran Cycles Online,DTC,Booked,Credit Card,Phoenix Distribution Center,3299.0
SO106609,2023-08-28,C0001,Sonoran Cycles Online,DTC,Booked,Credit Card,Phoenix Distribution Center,3299.0
SO106610,2023-08-28,C0001,Sonoran Cycles Online,DTC,Booked,Credit Card,Phoenix Distribution Center,4599.0
SO106611,2023-08-28,C0001,Sonoran Cycles Online,DTC,Booked,Credit Card,Phoenix Distribution Center,3499.0
SO106612,2023-08-28,C0001,Sonoran Cycles Online,DTC,Booked,Credit Card,Phoenix Distribution Center,3499.0
SO106613,2023-08-29,C0013,Pacific Trail Bikes,Dealer,Booked,Net 45,Phoenix Distribution Center,8698.84
SO106614,2023-08-29,C0011,Cascade Bikes,Dealer,Booked,Net 30,Phoenix Distribution Center,18781.04
SO106615,2023-08-29,C0005,Mesa Mountain Bikes,Dealer,Booked,Net 30,Phoenix Distribution Center,6173.7
SO106616,2023-08-29,C0031,Pisgah Bike Co.,Dealer,Booked,Net 45,Phoenix Distribution Center,50798.72
SO106617,2023-08-29,C0026,Great Lakes Cyclery,Dealer,Booked,Net 30,Phoenix Distribution Center,40812.2
SO106618,2023-08-29,C0003,Cactus Cycling,Dealer,Booked,Net 30,Phoenix Distribution Center,20145.66
SO106619,2023-08-29,C0027,Prairie Trail Bikes,Dealer,Booked,Net 30,Phoenix Distribution Center,24671.04
SO106620,2023-08-29,C0010,Evergreen Cyclery,Dealer,Booked,Net 45,Phoenix Distribution Center,36124.14
SO106621,2023-08-29,C0019,Front Range Cyclery,Dealer,Booked,Net 30,Phoenix Distribution Center,37564.56
SO106622,2023-08-29,C0005,Mesa Mountain Bikes,Dealer,Booked,Net 30,Phoenix Distribution Center,6888.05
SO106623,2023-08-29,C0018,High Country Bikes,Dealer,Booked,Net 45,Phoenix Distribution Center,14845.1
SO106624,2023-08-29,C0018,High Country Bikes,Dealer,Booked,Net 45,Phoenix Distribution Center,48710.72
SO106625,2023-08-29,C0010,Evergreen Cyclery,Dealer,Booked,Net 45,Phoenix Distribution Center,21802.2
SO106626,2023-08-29,C0011,Cascade Bikes,Dealer,Booked,Net 30,Phoenix Distribution Center,42647.32
SO106627,2023-08-29,C0004,Sonoran Bike Co.,Dealer,Booked,Net 30,Phoenix Distribution Center,6074.76
SO106628,2023-08-29,C0010,Evergreen Cyclery,Dealer,Booked,Net 45,Phoenix Distribution Center,13974.52
SO106629,2023-08-29,C0010,Evergreen Cyclery,Dealer,Booked,Net 45,Phoenix Distribution Center,25803.04
SO106630,2023-08-29,C0017,Bay Mountain Bikes,Dealer,Booked,Net 30,Phoenix Distribution Center,25724.42
SO106631,2023-08-29,C0009,Las Cruces Cycling,Dealer,Booked,Net 30,Phoenix Distribution Center,38795.9
SO106632,2023-08-29,C0021,Rocky Peak Cycles,Dealer,Booked,Net 30,Phoenix Distribution Center,39835.9
SO106633,2023-08-29,C0001,Sonoran Cycles Online,DTC,Booked,Credit Card,Phoenix Distribution Center,4599.0
SO106634,2023-08-29,C0001,Sonoran Cycles Online,DTC,Booked,Credit Card,Phoenix Distribution Center,7499.0
SO106635,2023-08-29,C0001,Sonoran Cycles Online,DTC,Booked,Credit Card,Phoenix Distribution Center,7499.0
SO106636,2023-08-29,C0001,Sonoran Cycles Online,DTC,Booked,Credit Card,Phoenix Distribution Center,5199.0
SO106637,2023-08-29,C0001,Sonoran Cycles Online,DTC,Booked,Credit Card,Phoenix Distribution Center,3299.0
SO106638,2023-08-29,C0001,Sonoran Cycles Online,DTC,Booked,Credit Card,Phoenix Distribution Center,5199.0
SO106639,2023-08-29,C0001,Sonoran Cycles Online,DTC,Booked,Credit Card,Phoenix Distribution Center,7499.0
SO106640,2023-08-29,C0001,Sonoran Cycles Online,DTC,Booked,Credit Card,Phoenix Distribution Center,5199.0
SO106641,2023-08-29,C0001,Sonoran Cycles Online,DTC,Booked,Credit Card,Phoenix Distribution Center,4599.0
SO106642,2023-08-29,C0001,Sonoran Cycles Online,DTC,Booked,Credit Card,Phoenix Distribution Center,3299.0
SO106643,2023-08-29,C0001,Sonoran Cycles Online,DTC,Booked,Credit Card,Phoenix Distribution Center,3299.0
SO106644,2023-08-30,C0027,Prairie Trail Bikes,Dealer,Booked,Net 30,Phoenix Distribution Center,23121.04
SO106645,2023-08-30,C0010,Evergreen Cyclery,Dealer,Booked,Net 45,Phoenix Distribution Center,21223.36
SO106646,2023-08-30,C0025,Lakeshore Bikes,Dealer,Booked,Net 30,Phoenix Distribution Center,22935.04
SO106647,2023-08-30,C0002,Desert Trail Bikes,Dealer,Booked,Net 45,Phoenix Distribution Center,27427.62
SO106648,2023-08-30,C0002,Desert Trail Bikes,Dealer,Booked,Net 45,Phoenix Distribution Center,37575.88
SO106649,2023-08-30,C0015,Sierra Cycle Works,Dealer,Booked,Net 30,Phoenix Distribution Center,24175.04
SO106650,2023-08-30,C0026,Great Lakes Cyclery,Dealer,Booked,Net 30,Phoenix Distribution Center,13516.75
SO106651,2023-08-30,C0022,Wasatch Wheel Works,Dealer,Booked,Net 30,Phoenix Distribution Center,26033.8
SO106652,2023-08-30,C0030,Blue Ridge Cycles,Dealer,Booked,Net 30,Phoenix Distribution Center,26159.04
SO106653,2023-08-30,C0022,Wasatch Wheel Works,Dealer,Booked,Net 30,Phoenix Distribution Center,21819.66
SO106654,2023-08-30,C0033,Appalachian Bikes,Dealer,Booked,Net 30,Phoenix Distribution Center,22811.04
SO106655,2023-08-30,C0003,Cactus Cycling,Dealer,Booked,Net 30,Phoenix Distribution Center,44631.94
SO106656,2023-08-30,C0013,Pacific Trail Bikes,Dealer,Booked,Net 45,Phoenix Distribution Center,40303.04
SO106657,2023-08-30,C0005,Mesa Mountain Bikes,Dealer,Booked,Net 30,Phoenix Distribution Center,25214.15
SO106658,2023-08-30,C0013,Pacific Trail Bikes,Dealer,Booked,Net 45,Phoenix Distribution Center,35722.2
SO106659,2023-08-30,C0019,Front Range Cyclery,Dealer,Booked,Net 30,Phoenix Distribution Center,29134.42
SO106660,2023-08-30,C0007,Red Rock Cycles,Dealer,Booked,Net 30,Phoenix Distribution Center,11438.05
SO106661,2023-08-30,C0003,Cactus Cycling,Dealer,Booked,Net 30,Phoenix Distribution Center,24671.04
SO106662,2023-08-30,C0033,Appalachian Bikes,Dealer,Booked,Net 30,Phoenix Distribution Center,6074.76
SO106663,2023-08-30,C0002,Desert Trail Bikes,Dealer,Booked,Net 45,Phoenix Distribution Center,18324.52
SO106664,2023-08-30,C0028,Windy City Cycles,Dealer,Booked,Net 30,Phoenix Distribution Center,24759.15
SO106665,2023-08-30,C0034,Green Mountain Bikes,Dealer,Booked,Net 30,Phoenix Distribution Center,12644.9
SO106666,2023-08-30,C0030,Blue Ridge Cycles,Dealer,Booked,Net 30,Phoenix Distribution Center,21819.66
SO106667,2023-08-30,C0003,Cactus Cycling,Dealer,Booked,Net 30,Phoenix Distribution Center,52874.22
SO106668,2023-08-30,C0001,Sonoran Cycles Online,DTC,Booked,Credit Card,Phoenix Distribution Center,4599.0
SO106669,2023-08-30,C0001,Sonoran Cycles Online,DTC,Booked,Credit Card,Phoenix Distribution Center,7499.0
SO106670,2023-08-30,C0001,Sonoran Cycles Online,DTC,Booked,Credit Card,Phoenix Distribution Center,6199.0
SO106671,2023-08-30,C0001,Sonoran Cycles Online,DTC,Booked,Credit Card,Phoenix Distribution Center,4599.0
SO106672,2023-08-30,C0001,Sonoran Cycles Online,DTC,Booked,Credit Card,Phoenix Distribution Center,5199.0
SO106673,2023-08-30,C0001,Sonoran Cycles Online,DTC,Booked,Credit Card,Phoenix Distribution Center,5199.0
SO106674,2023-08-30,C0001,Sonoran Cycles Online,DTC,Booked,Credit Card,Phoenix Distribution Center,7499.0
SO106675,2023-08-30,C0001,Sonoran Cycles Online,DTC,Booked,Credit Card,Phoenix Distribution Center,3299.0
SO106676,2023-08-30,C0001,Sonoran Cycles Online,DTC,Booked,Credit Card,Phoenix Distribution Center,3999.0
SO106677,2023-08-31,C0024,Teton Cycling,Dealer,Booked,Net 30,Phoenix Distribution Center,20860.45
SO106678,2023-08-31,C0033,Appalachian Bikes,Dealer,Booked,Net 30,Phoenix Distribution Center,20456.28
SO106679,2023-08-31,C0027,Prairie Trail Bikes,Dealer,Booked,Net 30,Phoenix Distribution Center,31985.8
SO106680,2023-08-31,C0002,Desert Trail Bikes,Dealer,Booked,Net 45,Phoenix Distribution Center,19831.36
SO106681,2023-08-31,C0022,Wasatch Wheel Works,Dealer,Booked,Net 30,Phoenix Distribution Center,15372.9
SO106682,2023-08-31,C0011,Cascade Bikes,Dealer,Booked,Net 30,Phoenix Distribution Center,47234.7
SO106683,2023-08-31,C0026,Great Lakes Cyclery,Dealer,Booked,Net 30,Phoenix Distribution Center,52119.6
SO106684,2023-08-31,C0005,Mesa Mountain Bikes,Dealer,Booked,Net 30,Phoenix Distribution Center,11631.75
SO106685,2023-08-31,C0010,Evergreen Cyclery,Dealer,Booked,Net 45,Phoenix Distribution Center,6146.26
SO106686,2023-08-31,C0016,Coastal Gravel Co.,Dealer,Booked,Net 30,Phoenix Distribution Center,11176.75
SO106687,2023-08-31,C0003,Cactus Cycling,Dealer,Booked,Net 30,Phoenix Distribution Center,24919.66
SO106688,2023-08-31,C0018,High Country Bikes,Dealer,Booked,Net 45,Phoenix Distribution Center,20411.94
SO106689,2023-08-31,C0008,Sedona Ride Center,Dealer,Booked,Net 30,Phoenix Distribution Center,34343.04
SO106690,2023-08-31,C0036,Pine Tree Bicycles,Dealer,Booked,Net 30,Phoenix Distribution Center,25474.8
SO106691,2023-08-31,C0014,Redwood Ride Shop,Dealer,Booked,Net 30,Phoenix Distribution Center,23927.04
SO106692,2023-08-31,C0021,Rocky Peak Cycles,Dealer,Booked,Net 30,Phoenix Distribution Center,7278.05
SO106693,2023-08-31,C0006,Tucson Trail Works,Dealer,Booked,Net 30,Phoenix Distribution Center,20703.66
SO106694,2023-08-31,C0008,Sedona Ride Center,Dealer,Booked,Net 30,Phoenix Distribution Center,15373.52
SO106695,2023-08-31,C0033,Appalachian Bikes,Dealer,Booked,Net 30,Phoenix Distribution Center,10538.14
SO106696,2023-08-31,C0001,Sonoran Cycles Online,DTC,Booked,Credit Card,Phoenix Distribution Center,3299.0
SO106697,2023-08-31,C0001,Sonoran Cycles Online,DTC,Booked,Credit Card,Phoenix Distribution Center,4599.0
SO106698,2023-08-31,C0001,Sonoran Cycles Online,DTC,Booked,Credit Card,Phoenix Distribution Center,5199.0
SO106699,2023-08-31,C0001,Sonoran Cycles Online,DTC,Booked,Credit Card,Phoenix Distribution Center,3499.0
SO106700,2023-08-31,C0001,Sonoran Cycles Online,DTC,Booked,Credit Card,Phoenix Distribution Center,4599.0
SO106701,2023-08-31,C0001,Sonoran Cycles Online,DTC,Booked,Credit Card,Phoenix Distribution Center,4599.0
SO106702,2023-08-31,C0001,Sonoran Cycles Online,DTC,Booked,Credit Card,Phoenix Distribution Center,4599.0
SO106703,2023-08-31,C0001,Sonoran Cycles Online,DTC,Booked,Credit Card,Phoenix Distribution Center,3499.0
SO106704,2023-08-31,C0001,Sonoran Cycles Online,DTC,Booked,Credit Card,Phoenix Distribution Center,3299.0
SO106705,2023-08-31,C0001,Sonoran Cycles Online,DTC,Booked,Credit Card,Phoenix Distribution Center,3299.0
SO106706,2023-08-31,C0001,Sonoran Cycles Online,DTC,Booked,Credit Card,Phoenix Distribution Center,3499.0
SO106707,2023-08-31,C0001,Sonoran Cycles Online,DTC,Booked,Credit Card,Phoenix Distribution Center,7499.0
SO106708,2023-09-01,C0013,Pacific Trail Bikes,Dealer,Booked,Net 45,Phoenix Distribution Center,21747.1
SO106709,2023-09-01,C0034,Green Mountain Bikes,Dealer,Booked,Net 30,Phoenix Distribution Center,21819.04
SO106710,2023-09-01,C0035,Adirondack Cycles,Dealer,Booked,Net 30,Phoenix Distribution Center,35612.85
SO106711,2023-09-01,C0014,Redwood Ride Shop,Dealer,Booked,Net 30,Phoenix Distribution Center,46863.32
SO106712,2023-09-01,C0019,Front Range Cyclery,Dealer,Booked,Net 30,Phoenix Distribution Center,22811.04
SO106713,2023-09-01,C0021,Rocky Peak Cycles,Dealer,Booked,Net 30,Phoenix Distribution Center,33660.9
SO106714,2023-09-01,C0020,Alpine Ride Co.,Dealer,Booked,Net 30,Phoenix Distribution Center,24111.8
SO106715,2023-09-01,C0026,Great Lakes Cyclery,Dealer,Booked,Net 30,Phoenix Distribution Center,17091.1
SO106716,2023-09-01,C0012,Rain City Cycles,Dealer,Booked,Net 30,Phoenix Distribution Center,11307.4
SO106717,2023-09-01,C0012,Rain City Cycles,Dealer,Booked,Net 30,Phoenix Distribution Center,32037.2
SO106718,2023-09-01,C0003,Cactus Cycling,Dealer,Booked,Net 30,Phoenix Distribution Center,22995.8
SO106719,2023-09-01,C0018,High Country Bikes,Dealer,Booked,Net 45,Phoenix Distribution Center,39780.46
SO106720,2023-09-01,C0001,Sonoran Cycles Online,DTC,Booked,Credit Card,Phoenix Distribution Center,7499.0
SO106721,2023-09-01,C0001,Sonoran Cycles Online,DTC,Booked,Credit Card,Phoenix Distribution Center,4599.0
SO106722,2023-09-01,C0001,Sonoran Cycles Online,DTC,Booked,Credit Card,Phoenix Distribution Center,6199.0
SO106723,2023-09-01,C0001,Sonoran Cycles Online,DTC,Booked,Credit Card,Phoenix Distribution Center,4599.0
SO106724,2023-09-01,C0001,Sonoran Cycles Online,DTC,Booked,Credit Card,Phoenix Distribution Center,5199.0
SO106725,2023-09-01,C0001,Sonoran Cycles Online,DTC,Booked,Credit Card,Phoenix Distribution Center,4599.0
SO106726,2023-09-01,C0001,Sonoran Cycles Online,DTC,Booked,Credit Card,Phoenix Distribution Center,6199.0
SO106727,2023-09-01,C0001,Sonoran Cycles Online,DTC,Booked,Credit Card,Phoenix Distribution Center,5199.0
SO106728,2023-09-01,C0001,Sonoran Cycles Online,DTC,Booked,Credit Card,Phoenix Distribution Center,5199.0
SO106729,2023-09-02,C0031,Pisgah Bike Co.,Dealer,Booked,Net 45,Phoenix Distribution Center,17048.52
SO106730,2023-09-02,C0035,Adirondack Cycles,Dealer,Booked,Net 30,Phoenix Distribution Center,10267.4
SO106731,2023-09-02,C0027,Prairie Trail Bikes,Dealer,Booked,Net 30,Phoenix Distribution Center,35580.56
SO106732,2023-09-02,C0012,Rain City Cycles,Dealer,Booked,Net 30,Phoenix Distribution Center,27358.5
SO106733,2023-09-02,C0006,Tucson Trail Works,Dealer,Booked,Net 30,Phoenix Distribution Center,6074.76
SO106734,2023-09-02,C0001,Sonoran Cycles Online,DTC,Booked,Credit Card,Phoenix Distribution Center,4599.0
SO106735,2023-09-02,C0001,Sonoran Cycles Online,DTC,Booked,Credit Card,Phoenix Distribution Center,9198.0
SO106736,2023-09-02,C0001,Sonoran Cycles Online,DTC,Booked,Credit Card,Phoenix Distribution Center,3299.0
SO106737,2023-09-02,C0001,Sonoran Cycles Online,DTC,Booked,Credit Card,Phoenix Distribution Center,6199.0
SO106738,2023-09-02,C0001,Sonoran Cycles Online,DTC,Booked,Credit Card,Phoenix Distribution Center,6199.0
SO106739,2023-09-02,C0001,Sonoran Cycles Online,DTC,Booked,Credit Card,Phoenix Distribution Center,6199.0
SO106740,2023-09-02,C0001,Sonoran Cycles Online,DTC,Booked,Credit Card,Phoenix Distribution Center,4599.0
SO106741,2023-09-02,C0001,Sonoran Cycles Online,DTC,Booked,Credit Card,Phoenix Distribution Center,3499.0
SO106742,2023-09-02,C0001,Sonoran Cycles Online,DTC,Booked,Credit Card,Phoenix Distribution Center,6798.0
SO106743,2023-09-02,C0001,Sonoran Cycles Online,DTC,Booked,Credit Card,Phoenix Distribution Center,3299.0
SO106744,2023-09-02,C0001,Sonoran Cycles Online,DTC,Booked,Credit Card,Phoenix Distribution Center,3299.0
SO106745,2023-09-02,C0001,Sonoran Cycles Online,DTC,Booked,Credit Card,Phoenix Distribution Center,6199.0
SO106746,2023-09-03,C0028,Windy City Cycles,Dealer,Booked,Net 30,Phoenix Distribution Center,11957.4
SO106747,2023-09-03,C0001,Sonoran Cycles Online,DTC,Booked,Credit Card,Phoenix Distribution Center,3299.0
SO106748,2023-09-03,C0001,Sonoran Cycles Online,DTC,Booked,Credit Card,Phoenix Distribution Center,3499.0
SO106749,2023-09-03,C0001,Sonoran Cycles Online,DTC,Booked,Credit Card,Phoenix Distribution Center,6199.0
SO106750,2023-09-03,C0001,Sonoran Cycles Online,DTC,Booked,Credit Card,Phoenix Distribution Center,4599.0
SO106751,2023-09-03,C0001,Sonoran Cycles Online,DTC,Booked,Credit Card,Phoenix Distribution Center,3299.0
SO106752,2023-09-03,C0001,Sonoran Cycles Online,DTC,Booked,Credit Card,Phoenix Distribution Center,14998.0
SO106753,2023-09-03,C0001,Sonoran Cycles Online,DTC,Booked,Credit Card,Phoenix Distribution Center,7898.0
SO106754,2023-09-03,C0001,Sonoran Cycles Online,DTC,Booked,Credit Card,Phoenix Distribution Center,5199.0
SO106755,2023-09-03,C0001,Sonoran Cycles Online,DTC,Booked,Credit Card,Phoenix Distribution Center,3299.0
SO106756,2023-09-03,C0001,Sonoran Cycles Online,DTC,Booked,Credit Card,Phoenix Distribution Center,3499.0
SO106757,2023-09-03,C0001,Sonoran Cycles Online,DTC,Booked,Credit Card,Phoenix Distribution Center,3299.0
SO106758,2023-09-03,C0001,Sonoran Cycles Online,DTC,Booked,Credit Card,Phoenix Distribution Center,3299.0
SO106759,2023-09-04,C0010,Evergreen Cyclery,Dealer,Booked,Net 45,Phoenix Distribution Center,26847.62
SO106760,2023-09-04,C0030,Blue Ridge Cycles,Dealer,Booked,Net 30,Phoenix Distribution Center,20703.66
SO106761,2023-09-04,C0021,Rocky Peak Cycles,Dealer,Booked,Net 30,Phoenix Distribution Center,8578.05
SO106762,2023-09-04,C0027,Prairie Trail Bikes,Dealer,Booked,Net 30,Phoenix Distribution Center,13699.52
SO106763,2023-09-04,C0017,Bay Mountain Bikes,Dealer,Booked,Net 30,Phoenix Distribution Center,12893.52
SO106764,2023-09-04,C0004,Sonoran Bike Co.,Dealer,Booked,Net 30,Phoenix Distribution Center,42400.56
SO106765,2023-09-04,C0004,Sonoran Bike Co.,Dealer,Booked,Net 30,Phoenix Distribution Center,39610.56
SO106766,2023-09-04,C0013,Pacific Trail Bikes,Dealer,Booked,Net 45,Phoenix Distribution Center,11714.26
SO106767,2023-09-04,C0015,Sierra Cycle Works,Dealer,Booked,Net 30,Phoenix Distribution Center,22191.66
SO106768,2023-09-04,C0015,Sierra Cycle Works,Dealer,Booked,Net 30,Phoenix Distribution Center,39299.94
SO106769,2023-09-04,C0013,Pacific Trail Bikes,Dealer,Booked,Net 45,Phoenix Distribution Center,18962.52
SO106770,2023-09-04,C0010,Evergreen Cyclery,Dealer,Booked,Net 45,Phoenix Distribution Center,18032.78
SO106771,2023-09-04,C0003,Cactus Cycling,Dealer,Booked,Net 30,Phoenix Distribution Center,22563.66
SO106772,2023-09-04,C0018,High Country Bikes,Dealer,Booked,Net 45,Phoenix Distribution Center,18150.52
SO106773,2023-09-04,C0028,Windy City Cycles,Dealer,Booked,Net 30,Phoenix Distribution Center,32363.5
SO106774,2023-09-04,C0004,Sonoran Bike Co.,Dealer,Booked,Net 30,Phoenix Distribution Center,29010.42
SO106775,2023-09-04,C0004,Sonoran Bike Co.,Dealer,Booked,Net 30,Phoenix Distribution Center,30250.42
SO106776,2023-09-04,C0022,Wasatch Wheel Works,Dealer,Booked,Net 30,Phoenix Distribution Center,17418.28
SO106777,2023-09-04,C0029,River Bend Bikes,Dealer,Booked,Net 30,Phoenix Distribution Center,43607.85
SO106778,2023-09-04,C0001,Sonoran Cycles Online,DTC,Booked,Credit Card,Phoenix Distribution Center,14998.0
SO106779,2023-09-04,C0001,Sonoran Cycles Online,DTC,Booked,Credit Card,Phoenix Distribution Center,3299.0
SO106780,2023-09-04,C0001,Sonoran Cycles Online,DTC,Booked,Credit Card,Phoenix Distribution Center,5199.0
SO106781,2023-09-04,C0001,Sonoran Cycles Online,DTC,Booked,Credit Card,Phoenix Distribution Center,7499.0
SO106782,2023-09-04,C0001,Sonoran Cycles Online,DTC,Booked,Credit Card,Phoenix Distribution Center,4599.0
SO106783,2023-09-04,C0001,Sonoran Cycles Online,DTC,Booked,Credit Card,Phoenix Distribution Center,3299.0
SO106784,2023-09-04,C0001,Sonoran Cycles Online,DTC,Booked,Credit Card,Phoenix Distribution Center,4599.0
SO106785,2023-09-04,C0001,Sonoran Cycles Online,DTC,Booked,Credit Card,Phoenix Distribution Center,3499.0
SO106786,2023-09-05,C0011,Cascade Bikes,Dealer,Booked,Net 30,Phoenix Distribution Center,11405.52
SO106787,2023-09-05,C0006,Tucson Trail Works,Dealer,Booked,Net 30,Phoenix Distribution Center,8492.14
SO106788,2023-09-05,C0031,Pisgah Bike Co.,Dealer,Booked,Net 45,Phoenix Distribution Center,26674.78
SO106789,2023-09-05,C0004,Sonoran Bike Co.,Dealer,Booked,Net 30,Phoenix Distribution Center,28266.42
SO106790,2023-09-05,C0013,Pacific Trail Bikes,Dealer,Booked,Net 45,Phoenix Distribution Center,50219.3
SO106791,2023-09-05,C0016,Coastal Gravel Co.,Dealer,Booked,Net 30,Phoenix Distribution Center,17610.45
SO106792,2023-09-05,C0004,Sonoran Bike Co.,Dealer,Booked,Net 30,Phoenix Distribution Center,27647.04
SO106793,2023-09-05,C0030,Blue Ridge Cycles,Dealer,Booked,Net 30,Phoenix Distribution Center,30125.18
SO106794,2023-09-05,C0007,Red Rock Cycles,Dealer,Booked,Net 30,Phoenix Distribution Center,9748.05
SO106795,2023-09-05,C0027,Prairie Trail Bikes,Dealer,Booked,Net 30,Phoenix Distribution Center,23059.66
SO106796,2023-09-05,C0010,Evergreen Cyclery,Dealer,Booked,Net 45,Phoenix Distribution Center,26557.62
SO106797,2023-09-05,C0005,Mesa Mountain Bikes,Dealer,Booked,Net 30,Phoenix Distribution Center,38341.55
SO106798,2023-09-05,C0034,Green Mountain Bikes,Dealer,Booked,Net 30,Phoenix Distribution Center,16735.66
SO106799,2023-09-05,C0021,Rocky Peak Cycles,Dealer,Booked,Net 30,Phoenix Distribution Center,25669.8
SO106800,2023-09-05,C0004,Sonoran Bike Co.,Dealer,Booked,Net 30,Phoenix Distribution Center,33101.8
SO106801,2023-09-05,C0004,Sonoran Bike Co.,Dealer,Booked,Net 30,Phoenix Distribution Center,16240.9
SO106802,2023-09-05,C0034,Green Mountain Bikes,Dealer,Booked,Net 30,Phoenix Distribution Center,16736.28
SO106803,2023-09-05,C0014,Redwood Ride Shop,Dealer,Booked,Net 30,Phoenix Distribution Center,9732.14
SO106804,2023-09-05,C0006,Tucson Trail Works,Dealer,Booked,Net 30,Phoenix Distribution Center,40663.94
SO106805,2023-09-05,C0008,Sedona Ride Center,Dealer,Booked,Net 30,Phoenix Distribution Center,42215.18
SO106806,2023-09-05,C0025,Lakeshore Bikes,Dealer,Booked,Net 30,Phoenix Distribution Center,39731.46
SO106807,2023-09-05,C0005,Mesa Mountain Bikes,Dealer,Booked,Net 30,Phoenix Distribution Center,23263.5
SO106808,2023-09-05,C0002,Desert Trail Bikes,Dealer,Booked,Net 45,Phoenix Distribution Center,20759.94
SO106809,2023-09-05,C0027,Prairie Trail Bikes,Dealer,Booked,Net 30,Phoenix Distribution Center,44383.32
SO106810,2023-09-05,C0019,Front Range Cyclery,Dealer,Booked,Net 30,Phoenix Distribution Center,25787.04
SO106811,2023-09-05,C0001,Sonoran Cycles Online,DTC,Booked,Credit Card,Phoenix Distribution Center,7499.0
SO106812,2023-09-05,C0001,Sonoran Cycles Online,DTC,Booked,Credit Card,Phoenix Distribution Center,7499.0
SO106813,2023-09-05,C0001,Sonoran Cycles Online,DTC,Booked,Credit Card,Phoenix Distribution Center,4599.0
SO106814,2023-09-05,C0001,Sonoran Cycles Online,DTC,Booked,Credit Card,Phoenix Distribution Center,3999.0
SO106815,2023-09-05,C0001,Sonoran Cycles Online,DTC,Booked,Credit Card,Phoenix Distribution Center,4599.0
SO106816,2023-09-05,C0001,Sonoran Cycles Online,DTC,Booked,Credit Card,Phoenix Distribution Center,6199.0
SO106817,2023-09-05,C0001,Sonoran Cycles Online,DTC,Booked,Credit Card,Phoenix Distribution Center,3299.0
SO106818,2023-09-05,C0001,Sonoran Cycles Online,DTC,Booked,Credit Card,Phoenix Distribution Center,4599.0
SO106819,2023-09-05,C0001,Sonoran Cycles Online,DTC,Booked,Credit Card,Phoenix Distribution Center,7499.0
SO106820,2023-09-06,C0029,River Bend Bikes,Dealer,Booked,Net 30,Phoenix Distribution Center,12088.05
SO106821,2023-09-06,C0036,Pine Tree Bicycles,Dealer,Booked,Net 30,Phoenix Distribution Center,31843.5
SO106822,2023-09-06,C0026,Great Lakes Cyclery,Dealer,Booked,Net 30,Phoenix Distribution Center,36002.85
SO106823,2023-09-06,C0030,Blue Ridge Cycles,Dealer,Booked,Net 30,Phoenix Distribution Center,26778.42
SO106824,2023-09-06,C0002,Desert Trail Bikes,Dealer,Booked,Net 45,Phoenix Distribution Center,22383.36
SO106825,2023-09-06,C0033,Appalachian Bikes,Dealer,Booked,Net 30,Phoenix Distribution Center,20456.28
SO106826,2023-09-06,C0002,Desert Trail Bikes,Dealer,Booked,Net 45,Phoenix Distribution Center,38329.88
SO106827,2023-09-06,C0036,Pine Tree Bicycles,Dealer,Booked,Net 30,Phoenix Distribution Center,22875.45
SO106828,2023-09-06,C0032,Southern Singletrack,Dealer,Booked,Net 30,Phoenix Distribution Center,19430.45
SO106829,2023-09-06,C0002,Desert Trail Bikes,Dealer,Booked,Net 45,Phoenix Distribution Center,39083.88
SO106830,2023-09-06,C0002,Desert Trail Bikes,Dealer,Booked,Net 45,Phoenix Distribution Center,39083.3
SO106831,2023-09-06,C0026,Great Lakes Cyclery,Dealer,Booked,Net 30,Phoenix Distribution Center,36262.85
SO106832,2023-09-06,C0030,Blue Ridge Cycles,Dealer,Booked,Net 30,Phoenix Distribution Center,31737.18
SO106833,2023-09-06,C0024,Teton Cycling,Dealer,Booked,Net 30,Phoenix Distribution Center,30153.5
SO106834,2023-09-06,C0013,Pacific Trail Bikes,Dealer,Booked,Net 45,Phoenix Distribution Center,35431.62
SO106835,2023-09-06,C0002,Desert Trail Bikes,Dealer,Booked,Net 45,Phoenix Distribution Center,16409.94
SO106836,2023-09-06,C0027,Prairie Trail Bikes,Dealer,Booked,Net 30,Phoenix Distribution Center,57648.84
SO106837,2023-09-06,C0004,Sonoran Bike Co.,Dealer,Booked,Net 30,Phoenix Distribution Center,21819.66
SO106838,2023-09-06,C0001,Sonoran Cycles Online,DTC,Booked,Credit Card,Phoenix Distribution Center,7499.0
SO106839,2023-09-06,C0001,Sonoran Cycles Online,DTC,Booked,Credit Card,Phoenix Distribution Center,3299.0
SO106840,2023-09-06,C0001,Sonoran Cycles Online,DTC,Booked,Credit Card,Phoenix Distribution Center,3999.0
SO106841,2023-09-06,C0001,Sonoran Cycles Online,DTC,Booked,Credit Card,Phoenix Distribution Center,3299.0
SO106842,2023-09-06,C0001,Sonoran Cycles Online,DTC,Booked,Credit Card,Phoenix Distribution Center,5199.0
SO106843,2023-09-06,C0001,Sonoran Cycles Online,DTC,Booked,Credit Card,Phoenix Distribution Center,3499.0
SO106844,2023-09-06,C0001,Sonoran Cycles Online,DTC,Booked,Credit Card,Phoenix Distribution Center,4599.0
SO106845,2023-09-06,C0001,Sonoran Cycles Online,DTC,Booked,Credit Card,Phoenix Distribution Center,3299.0
SO106846,2023-09-07,C0025,Lakeshore Bikes,Dealer,Booked,Net 30,Phoenix Distribution Center,10660.9
SO106847,2023-09-07,C0018,High Country Bikes,Dealer,Booked,Net 45,Phoenix Distribution Center,47435.3
SO106848,2023-09-07,C0016,Coastal Gravel Co.,Dealer,Booked,Net 30,Phoenix Distribution Center,6823.05
SO106849,2023-09-07,C0025,Lakeshore Bikes,Dealer,Booked,Net 30,Phoenix Distribution Center,30559.18
SO106850,2023-09-07,C0020,Alpine Ride Co.,Dealer,Booked,Net 30,Phoenix Distribution Center,16735.66
SO106851,2023-09-07,C0018,High Country Bikes,Dealer,Booked,Net 45,Phoenix Distribution Center,28298.78
SO106852,2023-09-07,C0007,Red Rock Cycles,Dealer,Booked,Net 30,Phoenix Distribution Center,30414.15
SO106853,2023-09-07,C0024,Teton Cycling,Dealer,Booked,Net 30,Phoenix Distribution Center,10138.05
SO106854,2023-09-07,C0022,Wasatch Wheel Works,Dealer,Booked,Net 30,Phoenix Distribution Center,38433.18
SO106855,2023-09-07,C0016,Coastal Gravel Co.,Dealer,Booked,Net 30,Phoenix Distribution Center,24238.5
SO106856,2023-09-07,C0005,Mesa Mountain Bikes,Dealer,Booked,Net 30,Phoenix Distribution Center,8577.4
SO106857,2023-09-07,C0030,Blue Ridge Cycles,Dealer,Booked,Net 30,Phoenix Distribution Center,15372.9
SO106858,2023-09-07,C0015,Sierra Cycle Works,Dealer,Booked,Net 30,Phoenix Distribution Center,10227.52
SO106859,2023-09-07,C0024,Teton Cycling,Dealer,Booked,Net 30,Phoenix Distribution Center,26448.5
SO106860,2023-09-07,C0002,Desert Trail Bikes,Dealer,Booked,Net 45,Phoenix Distribution Center,32705.04
SO106861,2023-09-07,C0022,Wasatch Wheel Works,Dealer,Booked,Net 30,Phoenix Distribution Center,12149.52
SO106862,2023-09-07,C0033,Appalachian Bikes,Dealer,Booked,Net 30,Phoenix Distribution Center,29010.42
SO106863,2023-09-07,C0015,Sierra Cycle Works,Dealer,Booked,Net 30,Phoenix Distribution Center,19588.28
SO106864,2023-09-07,C0018,High Country Bikes,Dealer,Booked,Net 45,Phoenix Distribution Center,36185.04
SO106865,2023-09-07,C0001,Sonoran Cycles Online,DTC,Booked,Credit Card,Phoenix Distribution Center,7499.0
SO106866,2023-09-07,C0001,Sonoran Cycles Online,DTC,Booked,Credit Card,Phoenix Distribution Center,5199.0
SO106867,2023-09-07,C0001,Sonoran Cycles Online,DTC,Booked,Credit Card,Phoenix Distribution Center,4599.0
SO106868,2023-09-07,C0001,Sonoran Cycles Online,DTC,Booked,Credit Card,Phoenix Distribution Center,7499.0
SO106869,2023-09-07,C0001,Sonoran Cycles Online,DTC,Booked,Credit Card,Phoenix Distribution Center,10398.0
SO106870,2023-09-07,C0001,Sonoran Cycles Online,DTC,Booked,Credit Card,Phoenix Distribution Center,5199.0
SO106871,2023-09-07,C0001,Sonoran Cycles Online,DTC,Booked,Credit Card,Phoenix Distribution Center,3999.0
SO106872,2023-09-07,C0001,Sonoran Cycles Online,DTC,Booked,Credit Card,Phoenix Distribution Center,4599.0
SO106873,2023-09-08,C0007,Red Rock Cycles,Dealer,Booked,Net 30,Phoenix Distribution Center,33273.5
SO106874,2023-09-08,C0020,Alpine Ride Co.,Dealer,Booked,Net 30,Phoenix Distribution Center,27396.56
SO106875,2023-09-08,C0004,Sonoran Bike Co.,Dealer,Booked,Net 30,Phoenix Distribution Center,17604.28
SO106876,2023-09-08,C0006,Tucson Trail Works,Dealer,Booked,Net 30,Phoenix Distribution Center,15248.9
SO106877,2023-09-08,C0030,Blue Ridge Cycles,Dealer,Booked,Net 30,Phoenix Distribution Center,45374.7
SO106878,2023-09-08,C0019,Front Range Cyclery,Dealer,Booked,Net 30,Phoenix Distribution Center,11405.52
SO106879,2023-09-08,C0019,Front Range Cyclery,Dealer,Booked,Net 30,Phoenix Distribution Center,23306.42
SO106880,2023-09-08,C0014,Redwood Ride Shop,Dealer,Booked,Net 30,Phoenix Distribution Center,43515.94
SO106881,2023-09-08,C0033,Appalachian Bikes,Dealer,Booked,Net 30,Phoenix Distribution Center,37066.7
SO106882,2023-09-08,C0016,Coastal Gravel Co.,Dealer,Booked,Net 30,Phoenix Distribution Center,38275.9
SO106883,2023-09-08,C0006,Tucson Trail Works,Dealer,Booked,Net 30,Phoenix Distribution Center,19650.28
SO106884,2023-09-08,C0020,Alpine Ride Co.,Dealer,Booked,Net 30,Phoenix Distribution Center,15929.66
SO106885,2023-09-08,C0013,Pacific Trail Bikes,Dealer,Booked,Net 45,Phoenix Distribution Center,10960.26
SO106886,2023-09-08,C0026,Great Lakes Cyclery,Dealer,Booked,Net 30,Phoenix Distribution Center,22030.45
SO106887,2023-09-08,C0026,Great Lakes Cyclery,Dealer,Booked,Net 30,Phoenix Distribution Center,30087.85
SO106888,2023-09-08,C0001,Sonoran Cycles Online,DTC,Booked,Credit Card,Phoenix Distribution Center,5199.0
SO106889,2023-09-08,C0001,Sonoran Cycles Online,DTC,Booked,Credit Card,Phoenix Distribution Center,4599.0
SO106890,2023-09-08,C0001,Sonoran Cycles Online,DTC,Booked,Credit Card,Phoenix Distribution Center,3499.0
SO106891,2023-09-08,C0001,Sonoran Cycles Online,DTC,Booked,Credit Card,Phoenix Distribution Center,6199.0
SO106892,2023-09-08,C0001,Sonoran Cycles Online,DTC,Booked,Credit Card,Phoenix Distribution Center,4599.0
SO106893,2023-09-08,C0001,Sonoran Cycles Online,DTC,Booked,Credit Card,Phoenix Distribution Center,3299.0
SO106894,2023-09-08,C0001,Sonoran Cycles Online,DTC,Booked,Credit Card,Phoenix Distribution Center,4599.0
SO106895,2023-09-08,C0001,Sonoran Cycles Online,DTC,Booked,Credit Card,Phoenix Distribution Center,7499.0
SO106896,2023-09-08,C0001,Sonoran Cycles Online,DTC,Booked,Credit Card,Phoenix Distribution Center,6199.0
SO106897,2023-09-08,C0001,Sonoran Cycles Online,DTC,Booked,Credit Card,Phoenix Distribution Center,4599.0
SO106898,2023-09-08,C0001,Sonoran Cycles Online,DTC,Booked,Credit Card,Phoenix Distribution Center,5199.0
SO106899,2023-09-09,C0030,Blue Ridge Cycles,Dealer,Booked,Net 30,Phoenix Distribution Center,20703.66
SO106900,2023-09-09,C0008,Sedona Ride Center,Dealer,Booked,Net 30,Phoenix Distribution Center,44695.18
SO106901,2023-09-09,C0025,Lakeshore Bikes,Dealer,Booked,Net 30,Phoenix Distribution Center,12521.52
SO106902,2023-09-09,C0010,Evergreen Cyclery,Dealer,Booked,Net 45,Phoenix Distribution Center,8059.68
SO106903,2023-09-09,C0020,Alpine Ride Co.,Dealer,Booked,Net 30,Phoenix Distribution Center,30310.56
SO106904,2023-09-09,C0001,Sonoran Cycles Online,DTC,Booked,Credit Card,Phoenix Distribution Center,6199.0
SO106905,2023-09-09,C0001,Sonoran Cycles Online,DTC,Booked,Credit Card,Phoenix Distribution Center,9198.0
SO106906,2023-09-09,C0001,Sonoran Cycles Online,DTC,Booked,Credit Card,Phoenix Distribution Center,5199.0
SO106907,2023-09-09,C0001,Sonoran Cycles Online,DTC,Booked,Credit Card,Phoenix Distribution Center,4599.0
SO106908,2023-09-09,C0001,Sonoran Cycles Online,DTC,Booked,Credit Card,Phoenix Distribution Center,6998.0
SO106909,2023-09-09,C0001,Sonoran Cycles Online,DTC,Booked,Credit Card,Phoenix Distribution Center,4599.0
SO106910,2023-09-09,C0001,Sonoran Cycles Online,DTC,Booked,Credit Card,Phoenix Distribution Center,3299.0
SO106911,2023-09-09,C0001,Sonoran Cycles Online,DTC,Booked,Credit Card,Phoenix Distribution Center,4599.0
SO106912,2023-09-09,C0001,Sonoran Cycles Online,DTC,Booked,Credit Card,Phoenix Distribution Center,3299.0
SO106913,2023-09-09,C0001,Sonoran Cycles Online,DTC,Booked,Credit Card,Phoenix Distribution Center,3499.0
SO106914,2023-09-09,C0001,Sonoran Cycles Online,DTC,Booked,Credit Card,Phoenix Distribution Center,4599.0
SO106915,2023-09-09,C0001,Sonoran Cycles Online,DTC,Booked,Credit Card,Phoenix Distribution Center,6199.0
SO106916,2023-09-09,C0001,Sonoran Cycles Online,DTC,Booked,Credit Card,Phoenix Distribution Center,7499.0
SO106917,2023-09-10,C0011,Cascade Bikes,Dealer,Booked,Net 30,Phoenix Distribution Center,14690.28
SO106918,2023-09-10,C0025,Lakeshore Bikes,Dealer,Booked,Net 30,Phoenix Distribution Center,15185.66
SO106919,2023-09-10,C0001,Sonoran Cycles Online,DTC,Booked,Credit Card,Phoenix Distribution Center,6199.0
SO106920,2023-09-10,C0001,Sonoran Cycles Online,DTC,Booked,Credit Card,Phoenix Distribution Center,3499.0
SO106921,2023-09-10,C0001,Sonoran Cycles Online,DTC,Booked,Credit Card,Phoenix Distribution Center,5199.0
SO106922,2023-09-10,C0001,Sonoran Cycles Online,DTC,Booked,Credit Card,Phoenix Distribution Center,3299.0
SO106923,2023-09-10,C0001,Sonoran Cycles Online,DTC,Booked,Credit Card,Phoenix Distribution Center,7499.0
SO106924,2023-09-10,C0001,Sonoran Cycles Online,DTC,Booked,Credit Card,Phoenix Distribution Center,7499.0
SO106925,2023-09-10,C0001,Sonoran Cycles Online,DTC,Booked,Credit Card,Phoenix Distribution Center,12398.0
SO106926,2023-09-10,C0001,Sonoran Cycles Online,DTC,Booked,Credit Card,Phoenix Distribution Center,5199.0
SO106927,2023-09-10,C0001,Sonoran Cycles Online,DTC,Booked,Credit Card,Phoenix Distribution Center,4599.0
SO106928,2023-09-10,C0001,Sonoran Cycles Online,DTC,Booked,Credit Card,Phoenix Distribution Center,3299.0
SO106929,2023-09-10,C0001,Sonoran Cycles Online,DTC,Booked,Credit Card,Phoenix Distribution Center,3499.0
SO106930,2023-09-10,C0001,Sonoran Cycles Online,DTC,Booked,Credit Card,Phoenix Distribution Center,3499.0
SO106931,2023-09-10,C0001,Sonoran Cycles Online,DTC,Booked,Credit Card,Phoenix Distribution Center,4599.0
SO106932,2023-09-11,C0008,Sedona Ride Center,Dealer,Booked,Net 30,Phoenix Distribution Center,34589.8
SO106933,2023-09-11,C0020,Alpine Ride Co.,Dealer,Booked,Net 30,Phoenix Distribution Center,8492.14
SO106934,2023-09-11,C0022,Wasatch Wheel Works,Dealer,Booked,Net 30,Phoenix Distribution Center,17480.28
SO106935,2023-09-11,C0010,Evergreen Cyclery,Dealer,Booked,Net 45,Phoenix Distribution Center,12931.1
SO106936,2023-09-11,C0027,Prairie Trail Bikes,Dealer,Booked,Net 30,Phoenix Distribution Center,15744.9
SO106937,2023-09-11,C0019,Front Range Cyclery,Dealer,Booked,Net 30,Phoenix Distribution Center,20084.28
SO106938,2023-09-11,C0025,Lakeshore Bikes,Dealer,Booked,Net 30,Phoenix Distribution Center,36013.32
SO106939,2023-09-11,C0009,Las Cruces Cycling,Dealer,Booked,Net 30,Phoenix Distribution Center,14556.75
SO106940,2023-09-11,C0011,Cascade Bikes,Dealer,Booked,Net 30,Phoenix Distribution Center,23927.04
SO106941,2023-09-11,C0003,Cactus Cycling,Dealer,Booked,Net 30,Phoenix Distribution Center,46427.46
SO106942,2023-09-11,C0024,Teton Cycling,Dealer,Booked,Net 30,Phoenix Distribution Center,36718.5
SO106943,2023-09-11,C0002,Desert Trail Bikes,Dealer,Booked,Net 45,Phoenix Distribution Center,19831.36
SO106944,2023-09-11,C0029,River Bend Bikes,Dealer,Booked,Net 30,Phoenix Distribution Center,45817.2
SO106945,2023-09-11,C0022,Wasatch Wheel Works,Dealer,Booked,Net 30,Phoenix Distribution Center,35023.18
SO106946,2023-09-11,C0017,Bay Mountain Bikes,Dealer,Booked,Net 30,Phoenix Distribution Center,6322.76
SO106947,2023-09-11,C0018,High Country Bikes,Dealer,Booked,Net 45,Phoenix Distribution Center,15657.1
SO106948,2023-09-11,C0029,River Bend Bikes,Dealer,Booked,Net 30,Phoenix Distribution Center,22876.1
SO106949,2023-09-11,C0013,Pacific Trail Bikes,Dealer,Booked,Net 45,Phoenix Distribution Center,25342.52
SO106950,2023-09-11,C0015,Sierra Cycle Works,Dealer,Booked,Net 30,Phoenix Distribution Center,17108.28
SO106951,2023-09-11,C0001,Sonoran Cycles Online,DTC,Booked,Credit Card,Phoenix Distribution Center,4599.0
SO106952,2023-09-11,C0001,Sonoran Cycles Online,DTC,Booked,Credit Card,Phoenix Distribution Center,6199.0
SO106953,2023-09-11,C0001,Sonoran Cycles Online,DTC,Booked,Credit Card,Phoenix Distribution Center,5199.0
SO106954,2023-09-11,C0001,Sonoran Cycles Online,DTC,Booked,Credit Card,Phoenix Distribution Center,3499.0
SO106955,2023-09-11,C0001,Sonoran Cycles Online,DTC,Booked,Credit Card,Phoenix Distribution Center,3299.0
SO106956,2023-09-11,C0001,Sonoran Cycles Online,DTC,Booked,Credit Card,Phoenix Distribution Center,4599.0
SO106957,2023-09-11,C0001,Sonoran Cycles Online,DTC,Booked,Credit Card,Phoenix Distribution Center,6199.0
SO106958,2023-09-11,C0001,Sonoran Cycles Online,DTC,Booked,Credit Card,Phoenix Distribution Center,3299.0
SO106959,2023-09-11,C0001,Sonoran Cycles Online,DTC,Booked,Credit Card,Phoenix Distribution Center,5199.0
SO106960,2023-09-12,C0020,Alpine Ride Co.,Dealer,Booked,Net 30,Phoenix Distribution Center,14008.28
SO106961,2023-09-12,C0018,High Country Bikes,Dealer,Booked,Net 45,Phoenix Distribution Center,44420.46
SO106962,2023-09-12,C0014,Redwood Ride Shop,Dealer,Booked,Net 30,Phoenix Distribution Center,19960.28
SO106963,2023-09-12,C0027,Prairie Trail Bikes,Dealer,Booked,Net 30,Phoenix Distribution Center,19836.28
SO106964,2023-09-12,C0019,Front Range Cyclery,Dealer,Booked,Net 30,Phoenix Distribution Center,33969.18
SO106965,2023-09-12,C0014,Redwood Ride Shop,Dealer,Booked,Net 30,Phoenix Distribution Center,39794.7
SO106966,2023-09-12,C0002,Desert Trail Bikes,Dealer,Booked,Net 45,Phoenix Distribution Center,10669.68
SO106967,2023-09-12,C0003,Cactus Cycling,Dealer,Booked,Net 30,Phoenix Distribution Center,10165.52
SO106968,2023-09-12,C0014,Redwood Ride Shop,Dealer,Booked,Net 30,Phoenix Distribution Center,22625.04
SO106969,2023-09-12,C0013,Pacific Trail Bikes,Dealer,Booked,Net 45,Phoenix Distribution Center,67154.14
SO106970,2023-09-12,C0008,Sedona Ride Center,Dealer,Booked,Net 30,Phoenix Distribution Center,45066.56
SO106971,2023-09-12,C0034,Green Mountain Bikes,Dealer,Booked,Net 30,Phoenix Distribution Center,23120.42
SO106972,2023-09-12,C0032,Southern Singletrack,Dealer,Booked,Net 30,Phoenix Distribution Center,38602.2
SO106973,2023-09-12,C0024,Teton Cycling,Dealer,Booked,Net 30,Phoenix Distribution Center,42306.55
SO106974,2023-09-12,C0010,Evergreen Cyclery,Dealer,Booked,Net 45,Phoenix Distribution Center,11829.1
SO106975,2023-09-12,C0027,Prairie Trail Bikes,Dealer,Booked,Net 30,Phoenix Distribution Center,12893.52
SO106976,2023-09-12,C0010,Evergreen Cyclery,Dealer,Booked,Net 45,Phoenix Distribution Center,9277.68
SO106977,2023-09-12,C0001,Sonoran Cycles Online,DTC,Booked,Credit Card,Phoenix Distribution Center,7499.0
SO106978,2023-09-12,C0001,Sonoran Cycles Online,DTC,Booked,Credit Card,Phoenix Distribution Center,4599.0
SO106979,2023-09-12,C0001,Sonoran Cycles Online,DTC,Booked,Credit Card,Phoenix Distribution Center,3499.0
SO106980,2023-09-12,C0001,Sonoran Cycles Online,DTC,Booked,Credit Card,Phoenix Distribution Center,3299.0
SO106981,2023-09-12,C0001,Sonoran Cycles Online,DTC,Booked,Credit Card,Phoenix Distribution Center,3299.0
SO106982,2023-09-12,C0001,Sonoran Cycles Online,DTC,Booked,Credit Card,Phoenix Distribution Center,6998.0
SO106983,2023-09-12,C0001,Sonoran Cycles Online,DTC,Booked,Credit Card,Phoenix Distribution Center,4599.0
SO106984,2023-09-12,C0001,Sonoran Cycles Online,DTC,Booked,Credit Card,Phoenix Distribution Center,5199.0
SO106985,2023-09-12,C0001,Sonoran Cycles Online,DTC,Booked,Credit Card,Phoenix Distribution Center,3299.0
SO106986,2023-09-13,C0022,Wasatch Wheel Works,Dealer,Booked,Net 30,Phoenix Distribution Center,48475.32
SO106987,2023-09-13,C0019,Front Range Cyclery,Dealer,Booked,Net 30,Phoenix Distribution Center,14628.9
SO106988,2023-09-13,C0013,Pacific Trail Bikes,Dealer,Booked,Net 45,Phoenix Distribution Center,33518.2
SO106989,2023-09-13,C0012,Rain City Cycles,Dealer,Booked,Net 30,Phoenix Distribution Center,14556.1
SO106990,2023-09-13,C0030,Blue Ridge Cycles,Dealer,Booked,Net 30,Phoenix Distribution Center,10599.52
SO106991,2023-09-13,C0031,Pisgah Bike Co.,Dealer,Booked,Net 45,Phoenix Distribution Center,31081.62
SO106992,2023-09-13,C0003,Cactus Cycling,Dealer,Booked,Net 30,Phoenix Distribution Center,16116.28
SO106993,2023-09-13,C0020,Alpine Ride Co.,Dealer,Booked,Net 30,Phoenix Distribution Center,15620.28
SO106994,2023-09-13,C0033,Appalachian Bikes,Dealer,Booked,Net 30,Phoenix Distribution Center,27025.8
SO106995,2023-09-13,C0020,Alpine Ride Co.,Dealer,Booked,Net 30,Phoenix Distribution Center,20144.42
SO106996,2023-09-13,C0010,Evergreen Cyclery,Dealer,Booked,Net 45,Phoenix Distribution Center,11480.52
SO106997,2023-09-13,C0026,Great Lakes Cyclery,Dealer,Booked,Net 30,Phoenix Distribution Center,28009.15
SO106998,2023-09-13,C0030,Blue Ridge Cycles,Dealer,Booked,Net 30,Phoenix Distribution Center,22439.66
SO106999,2023-09-13,C0009,Las Cruces Cycling,Dealer,Booked,Net 30,Phoenix Distribution Center,24304.15
SO107000,2023-09-13,C0018,High Country Bikes,Dealer,Booked,Net 45,Phoenix Distribution Center,20644.52
SO107001,2023-09-13,C0011,Cascade Bikes,Dealer,Booked,Net 30,Phoenix Distribution Center,15434.28
SO107002,2023-09-13,C0010,Evergreen Cyclery,Dealer,Booked,Net 45,Phoenix Distribution Center,11480.52
SO107003,2023-09-13,C0021,Rocky Peak Cycles,Dealer,Booked,Net 30,Phoenix Distribution Center,41721.55
SO107004,2023-09-13,C0017,Bay Mountain Bikes,Dealer,Booked,Net 30,Phoenix Distribution Center,14133.52
SO107005,2023-09-13,C0001,Sonoran Cycles Online,DTC,Booked,Credit Card,Phoenix Distribution Center,4599.0
SO107006,2023-09-13,C0001,Sonoran Cycles Online,DTC,Booked,Credit Card,Phoenix Distribution Center,5199.0
SO107007,2023-09-13,C0001,Sonoran Cycles Online,DTC,Booked,Credit Card,Phoenix Distribution Center,3299.0
SO107008,2023-09-13,C0001,Sonoran Cycles Online,DTC,Booked,Credit Card,Phoenix Distribution Center,3299.0
SO107009,2023-09-13,C0001,Sonoran Cycles Online,DTC,Booked,Credit Card,Phoenix Distribution Center,3499.0
SO107010,2023-09-13,C0001,Sonoran Cycles Online,DTC,Booked,Credit Card,Phoenix Distribution Center,4599.0
SO107011,2023-09-13,C0001,Sonoran Cycles Online,DTC,Booked,Credit Card,Phoenix Distribution Center,3299.0
SO107012,2023-09-13,C0001,Sonoran Cycles Online,DTC,Booked,Credit Card,Phoenix Distribution Center,12398.0
SO107013,2023-09-13,C0001,Sonoran Cycles Online,DTC,Booked,Credit Card,Phoenix Distribution Center,10398.0
SO107014,2023-09-14,C0011,Cascade Bikes,Dealer,Booked,Net 30,Phoenix Distribution Center,30559.18
SO107015,2023-09-14,C0014,Redwood Ride Shop,Dealer,Booked,Net 30,Phoenix Distribution Center,34836.56
SO107016,2023-09-14,C0006,Tucson Trail Works,Dealer,Booked,Net 30,Phoenix Distribution Center,24051.66
SO107017,2023-09-14,C0017,Bay Mountain Bikes,Dealer,Booked,Net 30,Phoenix Distribution Center,38060.56
SO107018,2023-09-14,C0033,Appalachian Bikes,Dealer,Booked,Net 30,Phoenix Distribution Center,42336.7
SO107019,2023-09-14,C0015,Sierra Cycle Works,Dealer,Booked,Net 30,Phoenix Distribution Center,17356.9
SO107020,2023-09-14,C0006,Tucson Trail Works,Dealer,Booked,Net 30,Phoenix Distribution Center,8554.14
SO107021,2023-09-14,C0012,Rain City Cycles,Dealer,Booked,Net 30,Phoenix Distribution Center,24825.45
SO107022,2023-09-14,C0002,Desert Trail Bikes,Dealer,Booked,Net 45,Phoenix Distribution Center,52074.14
SO107023,2023-09-14,C0010,Evergreen Cyclery,Dealer,Booked,Net 45,Phoenix Distribution Center,20062.78
SO107024,2023-09-14,C0012,Rain City Cycles,Dealer,Booked,Net 30,Phoenix Distribution Center,31194.15
SO107025,2023-09-14,C0017,Bay Mountain Bikes,Dealer,Booked,Net 30,Phoenix Distribution Center,14381.52
SO107026,2023-09-14,C0022,Wasatch Wheel Works,Dealer,Booked,Net 30,Phoenix Distribution Center,14628.9
SO107027,2023-09-14,C0023,Bozeman Bike Works,Dealer,Booked,Net 30,Phoenix Distribution Center,35873.5
SO107028,2023-09-14,C0028,Windy City Cycles,Dealer,Booked,Net 30,Phoenix Distribution Center,44190.9
SO107029,2023-09-14,C0031,Pisgah Bike Co.,Dealer,Booked,Net 45,Phoenix Distribution Center,32125.62
SO107030,2023-09-14,C0011,Cascade Bikes,Dealer,Booked,Net 30,Phoenix Distribution Center,22315.66
SO107031,2023-09-14,C0010,Evergreen Cyclery,Dealer,Booked,Net 45,Phoenix Distribution Center,8871.68
SO107032,2023-09-14,C0001,Sonoran Cycles Online,DTC,Booked,Credit Card,Phoenix Distribution Center,10398.0
SO107033,2023-09-14,C0001,Sonoran Cycles Online,DTC,Booked,Credit Card,Phoenix Distribution Center,10398.0
SO107034,2023-09-14,C0001,Sonoran Cycles Online,DTC,Booked,Credit Card,Phoenix Distribution Center,6199.0
SO107035,2023-09-14,C0001,Sonoran Cycles Online,DTC,Booked,Credit Card,Phoenix Distribution Center,5199.0
SO107036,2023-09-14,C0001,Sonoran Cycles Online,DTC,Booked,Credit Card,Phoenix Distribution Center,6199.0
SO107037,2023-09-14,C0001,Sonoran Cycles Online,DTC,Booked,Credit Card,Phoenix Distribution Center,5199.0
SO107038,2023-09-14,C0001,Sonoran Cycles Online,DTC,Booked,Credit Card,Phoenix Distribution Center,5199.0
SO107039,2023-09-14,C0001,Sonoran Cycles Online,DTC,Booked,Credit Card,Phoenix Distribution Center,5199.0
SO107040,2023-09-14,C0001,Sonoran Cycles Online,DTC,Booked,Credit Card,Phoenix Distribution Center,9198.0
SO107041,2023-09-14,C0001,Sonoran Cycles Online,DTC,Booked,Credit Card,Phoenix Distribution Center,5199.0
SO107042,2023-09-15,C0034,Green Mountain Bikes,Dealer,Booked,Net 30,Phoenix Distribution Center,9359.52
SO107043,2023-09-15,C0017,Bay Mountain Bikes,Dealer,Booked,Net 30,Phoenix Distribution Center,31861.8
SO107044,2023-09-15,C0022,Wasatch Wheel Works,Dealer,Booked,Net 30,Phoenix Distribution Center,41035.32
SO107045,2023-09-15,C0035,Adirondack Cycles,Dealer,Booked,Net 30,Phoenix Distribution Center,52769.6
SO107046,2023-09-15,C0022,Wasatch Wheel Works,Dealer,Booked,Net 30,Phoenix Distribution Center,47730.7
SO107047,2023-09-15,C0002,Desert Trail Bikes,Dealer,Booked,Net 45,Phoenix Distribution Center,9626.26
SO107048,2023-09-15,C0002,Desert Trail Bikes,Dealer,Booked,Net 45,Phoenix Distribution Center,32357.04
SO107049,2023-09-15,C0013,Pacific Trail Bikes,Dealer,Booked,Net 45,Phoenix Distribution Center,24587.36
SO107050,2023-09-15,C0005,Mesa Mountain Bikes,Dealer,Booked,Net 30,Phoenix Distribution Center,28267.85
SO107051,2023-09-15,C0008,Sedona Ride Center,Dealer,Booked,Net 30,Phoenix Distribution Center,37689.18
SO107052,2023-09-15,C0004,Sonoran Bike Co.,Dealer,Booked,Net 30,Phoenix Distribution Center,21075.66
SO107053,2023-09-15,C0020,Alpine Ride Co.,Dealer,Booked,Net 30,Phoenix Distribution Center,30001.18
SO107054,2023-09-15,C0032,Southern Singletrack,Dealer,Booked,Net 30,Phoenix Distribution Center,6368.7
SO107055,2023-09-15,C0030,Blue Ridge Cycles,Dealer,Booked,Net 30,Phoenix Distribution Center,14256.9
SO107056,2023-09-15,C0008,Sedona Ride Center,Dealer,Booked,Net 30,Phoenix Distribution Center,37937.18
SO107057,2023-09-15,C0018,High Country Bikes,Dealer,Booked,Net 45,Phoenix Distribution Center,27023.36
SO107058,2023-09-15,C0030,Blue Ridge Cycles,Dealer,Booked,Net 30,Phoenix Distribution Center,32110.42
SO107059,2023-09-15,C0001,Sonoran Cycles Online,DTC,Booked,Credit Card,Phoenix Distribution Center,7499.0
SO107060,2023-09-15,C0001,Sonoran Cycles Online,DTC,Booked,Credit Card,Phoenix Distribution Center,6199.0
SO107061,2023-09-15,C0001,Sonoran Cycles Online,DTC,Booked,Credit Card,Phoenix Distribution Center,9698.0
SO107062,2023-09-15,C0001,Sonoran Cycles Online,DTC,Booked,Credit Card,Phoenix Distribution Center,3299.0
SO107063,2023-09-15,C0001,Sonoran Cycles Online,DTC,Booked,Credit Card,Phoenix Distribution Center,4599.0
SO107064,2023-09-15,C0001,Sonoran Cycles Online,DTC,Booked,Credit Card,Phoenix Distribution Center,7499.0
SO107065,2023-09-15,C0001,Sonoran Cycles Online,DTC,Booked,Credit Card,Phoenix Distribution Center,5199.0
SO107066,2023-09-15,C0001,Sonoran Cycles Online,DTC,Booked,Credit Card,Phoenix Distribution Center,4599.0
SO107067,2023-09-15,C0001,Sonoran Cycles Online,DTC,Booked,Credit Card,Phoenix Distribution Center,6199.0
SO107068,2023-09-15,C0001,Sonoran Cycles Online,DTC,Booked,Credit Card,Phoenix Distribution Center,5199.0
SO107069,2023-09-15,C0001,Sonoran Cycles Online,DTC,Booked,Credit Card,Phoenix Distribution Center,9198.0
SO107070,2023-09-16,C0019,Front Range Cyclery,Dealer,Booked,Net 30,Phoenix Distribution Center,22315.66
SO107071,2023-09-16,C0036,Pine Tree Bicycles,Dealer,Booked,Net 30,Phoenix Distribution Center,36977.85
SO107072,2023-09-16,C0029,River Bend Bikes,Dealer,Booked,Net 30,Phoenix Distribution Center,14751.1
SO107073,2023-09-16,C0002,Desert Trail Bikes,Dealer,Booked,Net 45,Phoenix Distribution Center,36417.04
SO107074,2023-09-16,C0020,Alpine Ride Co.,Dealer,Booked,Net 30,Phoenix Distribution Center,12272.9
SO107075,2023-09-16,C0035,Adirondack Cycles,Dealer,Booked,Net 30,Phoenix Distribution Center,21965.45
SO107076,2023-09-16,C0001,Sonoran Cycles Online,DTC,Booked,Credit Card,Phoenix Distribution Center,7499.0
SO107077,2023-09-16,C0001,Sonoran Cycles Online,DTC,Booked,Credit Card,Phoenix Distribution Center,3299.0
SO107078,2023-09-16,C0001,Sonoran Cycles Online,DTC,Booked,Credit Card,Phoenix Distribution Center,4599.0
SO107079,2023-09-16,C0001,Sonoran Cycles Online,DTC,Booked,Credit Card,Phoenix Distribution Center,4599.0
SO107080,2023-09-16,C0001,Sonoran Cycles Online,DTC,Booked,Credit Card,Phoenix Distribution Center,3999.0
SO107081,2023-09-16,C0001,Sonoran Cycles Online,DTC,Booked,Credit Card,Phoenix Distribution Center,3499.0
SO107082,2023-09-16,C0001,Sonoran Cycles Online,DTC,Booked,Credit Card,Phoenix Distribution Center,3299.0
SO107083,2023-09-16,C0001,Sonoran Cycles Online,DTC,Booked,Credit Card,Phoenix Distribution Center,12098.0
SO107084,2023-09-16,C0001,Sonoran Cycles Online,DTC,Booked,Credit Card,Phoenix Distribution Center,6199.0
SO107085,2023-09-16,C0001,Sonoran Cycles Online,DTC,Booked,Credit Card,Phoenix Distribution Center,9798.0
SO107086,2023-09-16,C0001,Sonoran Cycles Online,DTC,Booked,Credit Card,Phoenix Distribution Center,3299.0
SO107087,2023-09-16,C0001,Sonoran Cycles Online,DTC,Booked,Credit Card,Phoenix Distribution Center,3499.0
SO107088,2023-09-16,C0001,Sonoran Cycles Online,DTC,Booked,Credit Card,Phoenix Distribution Center,11597.0
SO107089,2023-09-17,C0026,Great Lakes Cyclery,Dealer,Booked,Net 30,Phoenix Distribution Center,9358.05
SO107090,2023-09-17,C0014,Redwood Ride Shop,Dealer,Booked,Net 30,Phoenix Distribution Center,35332.56
SO107091,2023-09-17,C0001,Sonoran Cycles Online,DTC,Booked,Credit Card,Phoenix Distribution Center,3299.0
SO107092,2023-09-17,C0001,Sonoran Cycles Online,DTC,Booked,Credit Card,Phoenix Distribution Center,10798.0
SO107093,2023-09-17,C0001,Sonoran Cycles Online,DTC,Booked,Credit Card,Phoenix Distribution Center,4599.0
SO107094,2023-09-17,C0001,Sonoran Cycles Online,DTC,Booked,Credit Card,Phoenix Distribution Center,6199.0
SO107095,2023-09-17,C0001,Sonoran Cycles Online,DTC,Booked,Credit Card,Phoenix Distribution Center,5199.0
SO107096,2023-09-17,C0001,Sonoran Cycles Online,DTC,Booked,Credit Card,Phoenix Distribution Center,3299.0
SO107097,2023-09-17,C0001,Sonoran Cycles Online,DTC,Booked,Credit Card,Phoenix Distribution Center,9698.0
SO107098,2023-09-17,C0001,Sonoran Cycles Online,DTC,Booked,Credit Card,Phoenix Distribution Center,12398.0
SO107099,2023-09-17,C0001,Sonoran Cycles Online,DTC,Booked,Credit Card,Phoenix Distribution Center,9198.0
SO107100,2023-09-17,C0001,Sonoran Cycles Online,DTC,Booked,Credit Card,Phoenix Distribution Center,6199.0
SO107101,2023-09-17,C0001,Sonoran Cycles Online,DTC,Booked,Credit Card,Phoenix Distribution Center,11398.0
SO107102,2023-09-17,C0001,Sonoran Cycles Online,DTC,Booked,Credit Card,Phoenix Distribution Center,5199.0
SO107103,2023-09-18,C0035,Adirondack Cycles,Dealer,Booked,Net 30,Phoenix Distribution Center,21315.45
SO107104,2023-09-18,C0018,High Country Bikes,Dealer,Booked,Net 45,Phoenix Distribution Center,26443.36
SO107105,2023-09-18,C0004,Sonoran Bike Co.,Dealer,Booked,Net 30,Phoenix Distribution Center,43205.32
SO107106,2023-09-18,C0003,Cactus Cycling,Dealer,Booked,Net 30,Phoenix Distribution Center,10785.52
SO107107,2023-09-18,C0003,Cactus Cycling,Dealer,Booked,Net 30,Phoenix Distribution Center,18596.28
SO107108,2023-09-18,C0028,Windy City Cycles,Dealer,Booked,Net 30,Phoenix Distribution Center,12282.4
SO107109,2023-09-18,C0027,Prairie Trail Bikes,Dealer,Booked,Net 30,Phoenix Distribution Center,32729.8
SO107110,2023-09-18,C0018,High Country Bikes,Dealer,Booked,Net 45,Phoenix Distribution Center,33285.62
SO107111,2023-09-18,C0031,Pisgah Bike Co.,Dealer,Booked,Net 45,Phoenix Distribution Center,35430.46
SO107112,2023-09-18,C0031,Pisgah Bike Co.,Dealer,Booked,Net 45,Phoenix Distribution Center,12293.68
SO107113,2023-09-18,C0003,Cactus Cycling,Dealer,Booked,Net 30,Phoenix Distribution Center,15372.9
SO107114,2023-09-18,C0020,Alpine Ride Co.,Dealer,Booked,Net 30,Phoenix Distribution Center,39236.08
SO107115,2023-09-18,C0034,Green Mountain Bikes,Dealer,Booked,Net 30,Phoenix Distribution Center,30496.56
SO107116,2023-09-18,C0010,Evergreen Cyclery,Dealer,Booked,Net 45,Phoenix Distribution Center,28934.46
SO107117,2023-09-18,C0031,Pisgah Bike Co.,Dealer,Booked,Net 45,Phoenix Distribution Center,22499.94
SO107118,2023-09-18,C0033,Appalachian Bikes,Dealer,Booked,Net 30,Phoenix Distribution Center,30993.8
SO107119,2023-09-18,C0034,Green Mountain Bikes,Dealer,Booked,Net 30,Phoenix Distribution Center,24546.42
SO107120,2023-09-18,C0001,Sonoran Cycles Online,DTC,Booked,Credit Card,Phoenix Distribution Center,4599.0
SO107121,2023-09-18,C0001,Sonoran Cycles Online,DTC,Booked,Credit Card,Phoenix Distribution Center,3499.0
SO107122,2023-09-18,C0001,Sonoran Cycles Online,DTC,Booked,Credit Card,Phoenix Distribution Center,4599.0
SO107123,2023-09-18,C0001,Sonoran Cycles Online,DTC,Booked,Credit Card,Phoenix Distribution Center,6199.0
SO107124,2023-09-18,C0001,Sonoran Cycles Online,DTC,Booked,Credit Card,Phoenix Distribution Center,3299.0
SO107125,2023-09-18,C0001,Sonoran Cycles Online,DTC,Booked,Credit Card,Phoenix Distribution Center,6199.0
SO107126,2023-09-18,C0001,Sonoran Cycles Online,DTC,Booked,Credit Card,Phoenix Distribution Center,6199.0
SO107127,2023-09-18,C0001,Sonoran Cycles Online,DTC,Booked,Credit Card,Phoenix Distribution Center,13698.0
SO107128,2023-09-19,C0013,Pacific Trail Bikes,Dealer,Booked,Net 45,Phoenix Distribution Center,34794.2
SO107129,2023-09-19,C0024,Teton Cycling,Dealer,Booked,Net 30,Phoenix Distribution Center,15726.75
SO107130,2023-09-19,C0023,Bozeman Bike Works,Dealer,Booked,Net 30,Phoenix Distribution Center,46661.55
SO107131,2023-09-19,C0012,Rain City Cycles,Dealer,Booked,Net 30,Phoenix Distribution Center,17807.4
SO107132,2023-09-19,C0013,Pacific Trail Bikes,Dealer,Booked,Net 45,Phoenix Distribution Center,52481.88
SO107133,2023-09-19,C0026,Great Lakes Cyclery,Dealer,Booked,Net 30,Phoenix Distribution Center,35482.2
SO107134,2023-09-19,C0013,Pacific Trail Bikes,Dealer,Booked,Net 45,Phoenix Distribution Center,8698.84
SO107135,2023-09-19,C0026,Great Lakes Cyclery,Dealer,Booked,Net 30,Phoenix Distribution Center,57383.95
SO107136,2023-09-19,C0012,Rain City Cycles,Dealer,Booked,Net 30,Phoenix Distribution Center,9032.4
SO107137,2023-09-19,C0024,Teton Cycling,Dealer,Booked,Net 30,Phoenix Distribution Center,23981.1
SO107138,2023-09-19,C0018,High Country Bikes,Dealer,Booked,Net 45,Phoenix Distribution Center,43839.88
SO107139,2023-09-19,C0015,Sierra Cycle Works,Dealer,Booked,Net 30,Phoenix Distribution Center,35331.94
SO107140,2023-09-19,C0022,Wasatch Wheel Works,Dealer,Booked,Net 30,Phoenix Distribution Center,32605.8
SO107141,2023-09-19,C0032,Southern Singletrack,Dealer,Booked,Net 30,Phoenix Distribution Center,33922.2
SO107142,2023-09-19,C0017,Bay Mountain Bikes,Dealer,Booked,Net 30,Phoenix Distribution Center,21323.66
SO107143,2023-09-19,C0006,Tucson Trail Works,Dealer,Booked,Net 30,Phoenix Distribution Center,14380.9
SO107144,2023-09-19,C0014,Redwood Ride Shop,Dealer,Booked,Net 30,Phoenix Distribution Center,12150.14
SO107145,2023-09-19,C0033,Appalachian Bikes,Dealer,Booked,Net 30,Phoenix Distribution Center,29320.42
SO107146,2023-09-19,C0031,Pisgah Bike Co.,Dealer,Booked,Net 45,Phoenix Distribution Center,30038.78
SO107147,2023-09-19,C0002,Desert Trail Bikes,Dealer,Booked,Net 45,Phoenix Distribution Center,48362.72
SO107148,2023-09-19,C0001,Sonoran Cycles Online,DTC,Booked,Credit Card,Phoenix Distribution Center,4599.0
SO107149,2023-09-19,C0001,Sonoran Cycles Online,DTC,Booked,Credit Card,Phoenix Distribution Center,6199.0
SO107150,2023-09-19,C0001,Sonoran Cycles Online,DTC,Booked,Credit Card,Phoenix Distribution Center,3299.0
SO107151,2023-09-19,C0001,Sonoran Cycles Online,DTC,Booked,Credit Card,Phoenix Distribution Center,3499.0
SO107152,2023-09-19,C0001,Sonoran Cycles Online,DTC,Booked,Credit Card,Phoenix Distribution Center,6199.0
SO107153,2023-09-19,C0001,Sonoran Cycles Online,DTC,Booked,Credit Card,Phoenix Distribution Center,4599.0
SO107154,2023-09-19,C0001,Sonoran Cycles Online,DTC,Booked,Credit Card,Phoenix Distribution Center,5199.0
SO107155,2023-09-19,C0001,Sonoran Cycles Online,DTC,Booked,Credit Card,Phoenix Distribution Center,3299.0
SO107156,2023-09-20,C0023,Bozeman Bike Works,Dealer,Booked,Net 30,Phoenix Distribution Center,7408.7
SO107157,2023-09-20,C0012,Rain City Cycles,Dealer,Booked,Net 30,Phoenix Distribution Center,28203.5
SO107158,2023-09-20,C0027,Prairie Trail Bikes,Dealer,Booked,Net 30,Phoenix Distribution Center,23244.42
SO107159,2023-09-20,C0034,Green Mountain Bikes,Dealer,Booked,Net 30,Phoenix Distribution Center,8863.52
SO107160,2023-09-20,C0027,Prairie Trail Bikes,Dealer,Booked,Net 30,Phoenix Distribution Center,26034.42
SO107161,2023-09-20,C0019,Front Range Cyclery,Dealer,Booked,Net 30,Phoenix Distribution Center,12397.52
SO107162,2023-09-20,C0030,Blue Ridge Cycles,Dealer,Booked,Net 30,Phoenix Distribution Center,9298.14
SO107163,2023-09-20,C0024,Teton Cycling,Dealer,Booked,Net 30,Phoenix Distribution Center,24239.15
SO107164,2023-09-20,C0029,River Bend Bikes,Dealer,Booked,Net 30,Phoenix Distribution Center,37043.5
SO107165,2023-09-20,C0018,High Country Bikes,Dealer,Booked,Net 45,Phoenix Distribution Center,9626.26
SO107166,2023-09-20,C0002,Desert Trail Bikes,Dealer,Booked,Net 45,Phoenix Distribution Center,21107.94
SO107167,2023-09-20,C0026,Great Lakes Cyclery,Dealer,Booked,Net 30,Phoenix Distribution Center,15855.45
SO107168,2023-09-20,C0010,Evergreen Cyclery,Dealer,Booked,Net 45,Phoenix Distribution Center,7653.68
SO107169,2023-09-20,C0034,Green Mountain Bikes,Dealer,Booked,Net 30,Phoenix Distribution Center,27582.56
SO107170,2023-09-20,C0002,Desert Trail Bikes,Dealer,Booked,Net 45,Phoenix Distribution Center,29110.2
SO107171,2023-09-20,C0027,Prairie Trail Bikes,Dealer,Booked,Net 30,Phoenix Distribution Center,27770.42
SO107172,2023-09-20,C0033,Appalachian Bikes,Dealer,Booked,Net 30,Phoenix Distribution Center,24919.04
SO107173,2023-09-20,C0010,Evergreen Cyclery,Dealer,Booked,Net 45,Phoenix Distribution Center,10379.1
SO107174,2023-09-20,C0025,Lakeshore Bikes,Dealer,Booked,Net 30,Phoenix Distribution Center,32416.7
SO107175,2023-09-20,C0020,Alpine Ride Co.,Dealer,Booked,Net 30,Phoenix Distribution Center,13574.28
SO107176,2023-09-20,C0025,Lakeshore Bikes,Dealer,Booked,Net 30,Phoenix Distribution Center,11962.9
SO107177,2023-09-20,C0001,Sonoran Cycles Online,DTC,Booked,Credit Card,Phoenix Distribution Center,7499.0
SO107178,2023-09-20,C0001,Sonoran Cycles Online,DTC,Booked,Credit Card,Phoenix Distribution Center,4599.0
SO107179,2023-09-20,C0001,Sonoran Cycles Online,DTC,Booked,Credit Card,Phoenix Distribution Center,4599.0
SO107180,2023-09-20,C0001,Sonoran Cycles Online,DTC,Booked,Credit Card,Phoenix Distribution Center,5199.0
SO107181,2023-09-20,C0001,Sonoran Cycles Online,DTC,Booked,Credit Card,Phoenix Distribution Center,3299.0
SO107182,2023-09-20,C0001,Sonoran Cycles Online,DTC,Booked,Credit Card,Phoenix Distribution Center,3499.0
SO107183,2023-09-20,C0001,Sonoran Cycles Online,DTC,Booked,Credit Card,Phoenix Distribution Center,4599.0
SO107184,2023-09-20,C0001,Sonoran Cycles Online,DTC,Booked,Credit Card,Phoenix Distribution Center,7499.0
SO107185,2023-09-20,C0001,Sonoran Cycles Online,DTC,Booked,Credit Card,Phoenix Distribution Center,4599.0
SO107186,2023-09-21,C0002,Desert Trail Bikes,Dealer,Booked,Net 45,Phoenix Distribution Center,13685.1
SO107187,2023-09-21,C0025,Lakeshore Bikes,Dealer,Booked,Net 30,Phoenix Distribution Center,22562.42
SO107188,2023-09-21,C0036,Pine Tree Bicycles,Dealer,Booked,Net 30,Phoenix Distribution Center,16246.1
SO107189,2023-09-21,C0010,Evergreen Cyclery,Dealer,Booked,Net 45,Phoenix Distribution Center,29572.46
SO107190,2023-09-21,C0002,Desert Trail Bikes,Dealer,Booked,Net 45,Phoenix Distribution Center,8407.68
SO107191,2023-09-21,C0020,Alpine Ride Co.,Dealer,Booked,Net 30,Phoenix Distribution Center,24235.8
SO107192,2023-09-21,C0004,Sonoran Bike Co.,Dealer,Booked,Net 30,Phoenix Distribution Center,26407.04
SO107193,2023-09-21,C0013,Pacific Trail Bikes,Dealer,Booked,Net 45,Phoenix Distribution Center,20643.94
SO107194,2023-09-21,C0027,Prairie Trail Bikes,Dealer,Booked,Net 30,Phoenix Distribution Center,30993.8
SO107195,2023-09-21,C0022,Wasatch Wheel Works,Dealer,Booked,Net 30,Phoenix Distribution Center,17356.28
SO107196,2023-09-21,C0022,Wasatch Wheel Works,Dealer,Booked,Net 30,Phoenix Distribution Center,32357.8
SO107197,2023-09-21,C0028,Windy City Cycles,Dealer,Booked,Net 30,Phoenix Distribution Center,34832.85
SO107198,2023-09-21,C0034,Green Mountain Bikes,Dealer,Booked,Net 30,Phoenix Distribution Center,23988.42
SO107199,2023-09-21,C0002,Desert Trail Bikes,Dealer,Booked,Net 45,Phoenix Distribution Center,38213.3
SO107200,2023-09-21,C0034,Green Mountain Bikes,Dealer,Booked,Net 30,Phoenix Distribution Center,6942.14
SO107201,2023-09-21,C0018,High Country Bikes,Dealer,Booked,Net 45,Phoenix Distribution Center,20992.52
SO107202,2023-09-21,C0004,Sonoran Bike Co.,Dealer,Booked,Net 30,Phoenix Distribution Center,57154.08
SO107203,2023-09-21,C0026,Great Lakes Cyclery,Dealer,Booked,Net 30,Phoenix Distribution Center,21705.45
SO107204,2023-09-21,C0001,Sonoran Cycles Online,DTC,Booked,Credit Card,Phoenix Distribution Center,5199.0
SO107205,2023-09-21,C0001,Sonoran Cycles Online,DTC,Booked,Credit Card,Phoenix Distribution Center,5199.0
SO107206,2023-09-21,C0001,Sonoran Cycles Online,DTC,Booked,Credit Card,Phoenix Distribution Center,6199.0
SO107207,2023-09-21,C0001,Sonoran Cycles Online,DTC,Booked,Credit Card,Phoenix Distribution Center,8098.0
SO107208,2023-09-21,C0001,Sonoran Cycles Online,DTC,Booked,Credit Card,Phoenix Distribution Center,3299.0
SO107209,2023-09-21,C0001,Sonoran Cycles Online,DTC,Booked,Credit Card,Phoenix Distribution Center,4599.0
SO107210,2023-09-21,C0001,Sonoran Cycles Online,DTC,Booked,Credit Card,Phoenix Distribution Center,3499.0
SO107211,2023-09-21,C0001,Sonoran Cycles Online,DTC,Booked,Credit Card,Phoenix Distribution Center,3499.0
SO107212,2023-09-21,C0001,Sonoran Cycles Online,DTC,Booked,Credit Card,Phoenix Distribution Center,6598.0
SO107213,2023-09-21,C0001,Sonoran Cycles Online,DTC,Booked,Credit Card,Phoenix Distribution Center,9198.0
SO107214,2023-09-22,C0002,Desert Trail Bikes,Dealer,Booked,Net 45,Phoenix Distribution Center,33226.46
SO107215,2023-09-22,C0018,High Country Bikes,Dealer,Booked,Net 45,Phoenix Distribution Center,31546.2
SO107216,2023-09-22,C0004,Sonoran Bike Co.,Dealer,Booked,Net 30,Phoenix Distribution Center,35333.8
SO107217,2023-09-22,C0027,Prairie Trail Bikes,Dealer,Booked,Net 30,Phoenix Distribution Center,46118.7
SO107218,2023-09-22,C0013,Pacific Trail Bikes,Dealer,Booked,Net 45,Phoenix Distribution Center,59324.72
SO107219,2023-09-22,C0009,Las Cruces Cycling,Dealer,Booked,Net 30,Phoenix Distribution Center,12347.4
SO107220,2023-09-22,C0016,Coastal Gravel Co.,Dealer,Booked,Net 30,Phoenix Distribution Center,15920.45
SO107221,2023-09-22,C0033,Appalachian Bikes,Dealer,Booked,Net 30,Phoenix Distribution Center,36201.8
SO107222,2023-09-22,C0020,Alpine Ride Co.,Dealer,Booked,Net 30,Phoenix Distribution Center,10971.52
SO107223,2023-09-22,C0021,Rocky Peak Cycles,Dealer,Booked,Net 30,Phoenix Distribution Center,15010.45
SO107224,2023-09-22,C0017,Bay Mountain Bikes,Dealer,Booked,Net 30,Phoenix Distribution Center,51327.32
SO107225,2023-09-22,C0036,Pine Tree Bicycles,Dealer,Booked,Net 30,Phoenix Distribution Center,35157.85
SO107226,2023-09-22,C0028,Windy City Cycles,Dealer,Booked,Net 30,Phoenix Distribution Center,35937.85
SO107227,2023-09-22,C0007,Red Rock Cycles,Dealer,Booked,Net 30,Phoenix Distribution Center,19496.75
SO107228,2023-09-22,C0013,Pacific Trail Bikes,Dealer,Booked,Net 45,Phoenix Distribution Center,20993.1
SO107229,2023-09-22,C0010,Evergreen Cyclery,Dealer,Booked,Net 45,Phoenix Distribution Center,30964.46
SO107230,2023-09-22,C0001,Sonoran Cycles Online,DTC,Booked,Credit Card,Phoenix Distribution Center,3299.0
SO107231,2023-09-22,C0001,Sonoran Cycles Online,DTC,Booked,Credit Card,Phoenix Distribution Center,4599.0
SO107232,2023-09-22,C0001,Sonoran Cycles Online,DTC,Booked,Credit Card,Phoenix Distribution Center,3499.0
SO107233,2023-09-22,C0001,Sonoran Cycles Online,DTC,Booked,Credit Card,Phoenix Distribution Center,3299.0
SO107234,2023-09-22,C0001,Sonoran Cycles Online,DTC,Booked,Credit Card,Phoenix Distribution Center,7499.0
SO107235,2023-09-22,C0001,Sonoran Cycles Online,DTC,Booked,Credit Card,Phoenix Distribution Center,4599.0
SO107236,2023-09-22,C0001,Sonoran Cycles Online,DTC,Booked,Credit Card,Phoenix Distribution Center,11398.0
SO107237,2023-09-22,C0001,Sonoran Cycles Online,DTC,Booked,Credit Card,Phoenix Distribution Center,4599.0
SO107238,2023-09-22,C0001,Sonoran Cycles Online,DTC,Booked,Credit Card,Phoenix Distribution Center,6598.0
SO107239,2023-09-22,C0001,Sonoran Cycles Online,DTC,Booked,Credit Card,Phoenix Distribution Center,4599.0
SO107240,2023-09-22,C0001,Sonoran Cycles Online,DTC,Booked,Credit Card,Phoenix Distribution Center,4599.0
SO107241,2023-09-23,C0033,Appalachian Bikes,Dealer,Booked,Net 30,Phoenix Distribution Center,35333.18
SO107242,2023-09-23,C0010,Evergreen Cyclery,Dealer,Booked,Net 45,Phoenix Distribution Center,4986.84
SO107243,2023-09-23,C0011,Cascade Bikes,Dealer,Booked,Net 30,Phoenix Distribution Center,38059.94
SO107244,2023-09-23,C0027,Prairie Trail Bikes,Dealer,Booked,Net 30,Phoenix Distribution Center,37193.8
SO107245,2023-09-23,C0001,Sonoran Cycles Online,DTC,Booked,Credit Card,Phoenix Distribution Center,4599.0
SO107246,2023-09-23,C0001,Sonoran Cycles Online,DTC,Booked,Credit Card,Phoenix Distribution Center,4599.0
SO107247,2023-09-23,C0001,Sonoran Cycles Online,DTC,Booked,Credit Card,Phoenix Distribution Center,6798.0
SO107248,2023-09-23,C0001,Sonoran Cycles Online,DTC,Booked,Credit Card,Phoenix Distribution Center,9498.0
SO107249,2023-09-23,C0001,Sonoran Cycles Online,DTC,Booked,Credit Card,Phoenix Distribution Center,4599.0
SO107250,2023-09-23,C0001,Sonoran Cycles Online,DTC,Booked,Credit Card,Phoenix Distribution Center,4599.0
SO107251,2023-09-23,C0001,Sonoran Cycles Online,DTC,Booked,Credit Card,Phoenix Distribution Center,3999.0
SO107252,2023-09-23,C0001,Sonoran Cycles Online,DTC,Booked,Credit Card,Phoenix Distribution Center,5199.0
SO107253,2023-09-23,C0001,Sonoran Cycles Online,DTC,Booked,Credit Card,Phoenix Distribution Center,3999.0
SO107254,2023-09-23,C0001,Sonoran Cycles Online,DTC,Booked,Credit Card,Phoenix Distribution Center,3299.0
SO107255,2023-09-23,C0001,Sonoran Cycles Online,DTC,Booked,Credit Card,Phoenix Distribution Center,3299.0
SO107256,2023-09-23,C0001,Sonoran Cycles Online,DTC,Booked,Credit Card,Phoenix Distribution Center,4599.0
SO107257,2023-09-23,C0001,Sonoran Cycles Online,DTC,Booked,Credit Card,Phoenix Distribution Center,6199.0
SO107258,2023-09-24,C0006,Tucson Trail Works,Dealer,Booked,Net 30,Phoenix Distribution Center,22563.66
SO107259,2023-09-24,C0012,Rain City Cycles,Dealer,Booked,Net 30,Phoenix Distribution Center,18196.75
SO107260,2023-09-24,C0001,Sonoran Cycles Online,DTC,Booked,Credit Card,Phoenix Distribution Center,5199.0
SO107261,2023-09-24,C0001,Sonoran Cycles Online,DTC,Booked,Credit Card,Phoenix Distribution Center,5199.0
SO107262,2023-09-24,C0001,Sonoran Cycles Online,DTC,Booked,Credit Card,Phoenix Distribution Center,6199.0
SO107263,2023-09-24,C0001,Sonoran Cycles Online,DTC,Booked,Credit Card,Phoenix Distribution Center,4599.0
SO107264,2023-09-24,C0001,Sonoran Cycles Online,DTC,Booked,Credit Card,Phoenix Distribution Center,7499.0
SO107265,2023-09-24,C0001,Sonoran Cycles Online,DTC,Booked,Credit Card,Phoenix Distribution Center,3299.0
SO107266,2023-09-24,C0001,Sonoran Cycles Online,DTC,Booked,Credit Card,Phoenix Distribution Center,3299.0
SO107267,2023-09-24,C0001,Sonoran Cycles Online,DTC,Booked,Credit Card,Phoenix Distribution Center,5199.0
SO107268,2023-09-24,C0001,Sonoran Cycles Online,DTC,Booked,Credit Card,Phoenix Distribution Center,4599.0
SO107269,2023-09-24,C0001,Sonoran Cycles Online,DTC,Booked,Credit Card,Phoenix Distribution Center,5199.0
SO107270,2023-09-24,C0001,Sonoran Cycles Online,DTC,Booked,Credit Card,Phoenix Distribution Center,7898.0
SO107271,2023-09-24,C0001,Sonoran Cycles Online,DTC,Booked,Credit Card,Phoenix Distribution Center,8498.0
SO107272,2023-09-24,C0001,Sonoran Cycles Online,DTC,Booked,Credit Card,Phoenix Distribution Center,10798.0
SO107273,2023-09-25,C0008,Sedona Ride Center,Dealer,Booked,Net 30,Phoenix Distribution Center,25478.28
SO107274,2023-09-25,C0024,Teton Cycling,Dealer,Booked,Net 30,Phoenix Distribution Center,11567.4
SO107275,2023-09-25,C0029,River Bend Bikes,Dealer,Booked,Net 30,Phoenix Distribution Center,47310.9
SO107276,2023-09-25,C0031,Pisgah Bike Co.,Dealer,Booked,Net 45,Phoenix Distribution Center,43260.46
SO107277,2023-09-25,C0027,Prairie Trail Bikes,Dealer,Booked,Net 30,Phoenix Distribution Center,11405.52
SO107278,2023-09-25,C0005,Mesa Mountain Bikes,Dealer,Booked,Net 30,Phoenix Distribution Center,31451.55
SO107279,2023-09-25,C0017,Bay Mountain Bikes,Dealer,Booked,Net 30,Phoenix Distribution Center,15744.9
SO107280,2023-09-25,C0002,Desert Trail Bikes,Dealer,Booked,Net 45,Phoenix Distribution Center,9973.68
SO107281,2023-09-25,C0031,Pisgah Bike Co.,Dealer,Booked,Net 45,Phoenix Distribution Center,18904.52
SO107282,2023-09-25,C0021,Rocky Peak Cycles,Dealer,Booked,Net 30,Phoenix Distribution Center,44386.55
SO107283,2023-09-25,C0002,Desert Trail Bikes,Dealer,Booked,Net 45,Phoenix Distribution Center,32821.62
SO107284,2023-09-25,C0031,Pisgah Bike Co.,Dealer,Booked,Net 45,Phoenix Distribution Center,12293.68
SO107285,2023-09-25,C0030,Blue Ridge Cycles,Dealer,Booked,Net 30,Phoenix Distribution Center,16736.28
SO107286,2023-09-25,C0014,Redwood Ride Shop,Dealer,Booked,Net 30,Phoenix Distribution Center,23865.04
SO107287,2023-09-25,C0006,Tucson Trail Works,Dealer,Booked,Net 30,Phoenix Distribution Center,23927.66
SO107288,2023-09-25,C0003,Cactus Cycling,Dealer,Booked,Net 30,Phoenix Distribution Center,32171.18
SO107289,2023-09-25,C0033,Appalachian Bikes,Dealer,Booked,Net 30,Phoenix Distribution Center,28515.04
SO107290,2023-09-25,C0036,Pine Tree Bicycles,Dealer,Booked,Net 30,Phoenix Distribution Center,45232.2
SO107291,2023-09-25,C0013,Pacific Trail Bikes,Dealer,Booked,Net 45,Phoenix Distribution Center,21746.52
SO107292,2023-09-25,C0036,Pine Tree Bicycles,Dealer,Booked,Net 30,Phoenix Distribution Center,16896.75
SO107293,2023-09-25,C0005,Mesa Mountain Bikes,Dealer,Booked,Net 30,Phoenix Distribution Center,37430.9
SO107294,2023-09-25,C0018,High Country Bikes,Dealer,Booked,Net 45,Phoenix Distribution Center,22847.94
SO107295,2023-09-25,C0001,Sonoran Cycles Online,DTC,Booked,Credit Card,Phoenix Distribution Center,7499.0
SO107296,2023-09-25,C0001,Sonoran Cycles Online,DTC,Booked,Credit Card,Phoenix Distribution Center,6199.0
SO107297,2023-09-25,C0001,Sonoran Cycles Online,DTC,Booked,Credit Card,Phoenix Distribution Center,3299.0
SO107298,2023-09-25,C0001,Sonoran Cycles Online,DTC,Booked,Credit Card,Phoenix Distribution Center,3299.0
SO107299,2023-09-25,C0001,Sonoran Cycles Online,DTC,Booked,Credit Card,Phoenix Distribution Center,9198.0
SO107300,2023-09-25,C0001,Sonoran Cycles Online,DTC,Booked,Credit Card,Phoenix Distribution Center,12098.0
SO107301,2023-09-25,C0001,Sonoran Cycles Online,DTC,Booked,Credit Card,Phoenix Distribution Center,3299.0
SO107302,2023-09-25,C0001,Sonoran Cycles Online,DTC,Booked,Credit Card,Phoenix Distribution Center,6199.0
SO107303,2023-09-26,C0035,Adirondack Cycles,Dealer,Booked,Net 30,Phoenix Distribution Center,30283.5
SO107304,2023-09-26,C0020,Alpine Ride Co.,Dealer,Booked,Net 30,Phoenix Distribution Center,34525.32
SO107305,2023-09-26,C0008,Sedona Ride Center,Dealer,Booked,Net 30,Phoenix Distribution Center,28763.04
SO107306,2023-09-26,C0013,Pacific Trail Bikes,Dealer,Booked,Net 45,Phoenix Distribution Center,17397.68
SO107307,2023-09-26,C0027,Prairie Trail Bikes,Dealer,Booked,Net 30,Phoenix Distribution Center,28638.42
SO107308,2023-09-26,C0031,Pisgah Bike Co.,Dealer,Booked,Net 45,Phoenix Distribution Center,23890.78
SO107309,2023-09-26,C0025,Lakeshore Bikes,Dealer,Booked,Net 30,Phoenix Distribution Center,14008.28
SO107310,2023-09-26,C0020,Alpine Ride Co.,Dealer,Booked,Net 30,Phoenix Distribution Center,18408.42
SO107311,2023-09-26,C0029,River Bend Bikes,Dealer,Booked,Net 30,Phoenix Distribution Center,20796.1
SO107312,2023-09-26,C0029,River Bend Bikes,Dealer,Booked,Net 30,Phoenix Distribution Center,26905.45
SO107313,2023-09-26,C0030,Blue Ridge Cycles,Dealer,Booked,Net 30,Phoenix Distribution Center,25167.04
SO107314,2023-09-26,C0019,Front Range Cyclery,Dealer,Booked,Net 30,Phoenix Distribution Center,19277.04
SO107315,2023-09-26,C0004,Sonoran Bike Co.,Dealer,Booked,Net 30,Phoenix Distribution Center,5888.76
SO107316,2023-09-26,C0012,Rain City Cycles,Dealer,Booked,Net 30,Phoenix Distribution Center,28074.8
SO107317,2023-09-26,C0031,Pisgah Bike Co.,Dealer,Booked,Net 45,Phoenix Distribution Center,32589.62
SO107318,2023-09-26,C0004,Sonoran Bike Co.,Dealer,Booked,Net 30,Phoenix Distribution Center,42400.56
SO107319,2023-09-26,C0030,Blue Ridge Cycles,Dealer,Booked,Net 30,Phoenix Distribution Center,9546.14
SO107320,2023-09-26,C0013,Pacific Trail Bikes,Dealer,Booked,Net 45,Phoenix Distribution Center,32996.2
SO107321,2023-09-26,C0031,Pisgah Bike Co.,Dealer,Booked,Net 45,Phoenix Distribution Center,38389.04
SO107322,2023-09-26,C0001,Sonoran Cycles Online,DTC,Booked,Credit Card,Phoenix Distribution Center,4599.0
SO107323,2023-09-26,C0001,Sonoran Cycles Online,DTC,Booked,Credit Card,Phoenix Distribution Center,10398.0
SO107324,2023-09-26,C0001,Sonoran Cycles Online,DTC,Booked,Credit Card,Phoenix Distribution Center,3299.0
SO107325,2023-09-26,C0001,Sonoran Cycles Online,DTC,Booked,Credit Card,Phoenix Distribution Center,7499.0
SO107326,2023-09-26,C0001,Sonoran Cycles Online,DTC,Booked,Credit Card,Phoenix Distribution Center,5199.0
SO107327,2023-09-26,C0001,Sonoran Cycles Online,DTC,Booked,Credit Card,Phoenix Distribution Center,3499.0
SO107328,2023-09-26,C0001,Sonoran Cycles Online,DTC,Booked,Credit Card,Phoenix Distribution Center,3999.0
SO107329,2023-09-26,C0001,Sonoran Cycles Online,DTC,Booked,Credit Card,Phoenix Distribution Center,9798.0
SO107330,2023-09-26,C0001,Sonoran Cycles Online,DTC,Booked,Credit Card,Phoenix Distribution Center,13698.0
SO107331,2023-09-26,C0001,Sonoran Cycles Online,DTC,Booked,Credit Card,Phoenix Distribution Center,4599.0
SO107332,2023-09-27,C0018,High Country Bikes,Dealer,Booked,Net 45,Phoenix Distribution Center,24007.94
SO107333,2023-09-27,C0025,Lakeshore Bikes,Dealer,Booked,Net 30,Phoenix Distribution Center,11466.9
SO107334,2023-09-27,C0020,Alpine Ride Co.,Dealer,Booked,Net 30,Phoenix Distribution Center,4524.76
SO107335,2023-09-27,C0015,Sierra Cycle Works,Dealer,Booked,Net 30,Phoenix Distribution Center,17852.28
SO107336,2023-09-27,C0002,Desert Trail Bikes,Dealer,Booked,Net 45,Phoenix Distribution Center,32357.04
SO107337,2023-09-27,C0010,Evergreen Cyclery,Dealer,Booked,Net 45,Phoenix Distribution Center,17626.78
SO107338,2023-09-27,C0013,Pacific Trail Bikes,Dealer,Booked,Net 45,Phoenix Distribution Center,44883.3
SO107339,2023-09-27,C0035,Adirondack Cycles,Dealer,Booked,Net 30,Phoenix Distribution Center,16571.1
SO107340,2023-09-27,C0023,Bozeman Bike Works,Dealer,Booked,Net 30,Phoenix Distribution Center,37563.5
SO107341,2023-09-27,C0019,Front Range Cyclery,Dealer,Booked,Net 30,Phoenix Distribution Center,48226.08
SO107342,2023-09-27,C0019,Front Range Cyclery,Dealer,Booked,Net 30,Phoenix Distribution Center,15744.9
SO107343,2023-09-27,C0016,Coastal Gravel Co.,Dealer,Booked,Net 30,Phoenix Distribution Center,31840.9
SO107344,2023-09-27,C0035,Adirondack Cycles,Dealer,Booked,Net 30,Phoenix Distribution Center,20925.45
SO107345,2023-09-27,C0017,Bay Mountain Bikes,Dealer,Booked,Net 30,Phoenix Distribution Center,35333.8
SO107346,2023-09-27,C0021,Rocky Peak Cycles,Dealer,Booked,Net 30,Phoenix Distribution Center,43671.55
SO107347,2023-09-27,C0013,Pacific Trail Bikes,Dealer,Booked,Net 45,Phoenix Distribution Center,56946.72
SO107348,2023-09-27,C0027,Prairie Trail Bikes,Dealer,Booked,Net 30,Phoenix Distribution Center,32481.18
SO107349,2023-09-27,C0001,Sonoran Cycles Online,DTC,Booked,Credit Card,Phoenix Distribution Center,4599.0
SO107350,2023-09-27,C0001,Sonoran Cycles Online,DTC,Booked,Credit Card,Phoenix Distribution Center,4599.0
SO107351,2023-09-27,C0001,Sonoran Cycles Online,DTC,Booked,Credit Card,Phoenix Distribution Center,3499.0
SO107352,2023-09-27,C0001,Sonoran Cycles Online,DTC,Booked,Credit Card,Phoenix Distribution Center,3299.0
SO107353,2023-09-27,C0001,Sonoran Cycles Online,DTC,Booked,Credit Card,Phoenix Distribution Center,3299.0
SO107354,2023-09-27,C0001,Sonoran Cycles Online,DTC,Booked,Credit Card,Phoenix Distribution Center,9198.0
SO107355,2023-09-27,C0001,Sonoran Cycles Online,DTC,Booked,Credit Card,Phoenix Distribution Center,5199.0
SO107356,2023-09-27,C0001,Sonoran Cycles Online,DTC,Booked,Credit Card,Phoenix Distribution Center,3299.0
SO107357,2023-09-27,C0001,Sonoran Cycles Online,DTC,Booked,Credit Card,Phoenix Distribution Center,5199.0
SO107358,2023-09-28,C0028,Windy City Cycles,Dealer,Booked,Net 30,Phoenix Distribution Center,47310.25
SO107359,2023-09-28,C0026,Great Lakes Cyclery,Dealer,Booked,Net 30,Phoenix Distribution Center,26125.45
SO107360,2023-09-28,C0006,Tucson Trail Works,Dealer,Booked,Net 30,Phoenix Distribution Center,8120.14
SO107361,2023-09-28,C0019,Front Range Cyclery,Dealer,Booked,Net 30,Phoenix Distribution Center,45995.32
SO107362,2023-09-28,C0003,Cactus Cycling,Dealer,Booked,Net 30,Phoenix Distribution Center,28949.04
SO107363,2023-09-28,C0034,Green Mountain Bikes,Dealer,Booked,Net 30,Phoenix Distribution Center,12272.28
SO107364,2023-09-28,C0020,Alpine Ride Co.,Dealer,Booked,Net 30,Phoenix Distribution Center,28636.56
SO107365,2023-09-28,C0007,Red Rock Cycles,Dealer,Booked,Net 30,Phoenix Distribution Center,30414.15
SO107366,2023-09-28,C0003,Cactus Cycling,Dealer,Booked,Net 30,Phoenix Distribution Center,16302.28
SO107367,2023-09-28,C0028,Windy City Cycles,Dealer,Booked,Net 30,Phoenix Distribution Center,46010.25
SO107368,2023-09-28,C0028,Windy City Cycles,Dealer,Booked,Net 30,Phoenix Distribution Center,71942.0
SO107369,2023-09-28,C0027,Prairie Trail Bikes,Dealer,Booked,Net 30,Phoenix Distribution Center,10103.52
SO107370,2023-09-28,C0004,Sonoran Bike Co.,Dealer,Booked,Net 30,Phoenix Distribution Center,50891.46
SO107371,2023-09-28,C0035,Adirondack Cycles,Dealer,Booked,Net 30,Phoenix Distribution Center,57578.95
SO107372,2023-09-28,C0034,Green Mountain Bikes,Dealer,Booked,Net 30,Phoenix Distribution Center,25846.56
SO107373,2023-09-28,C0026,Great Lakes Cyclery,Dealer,Booked,Net 30,Phoenix Distribution Center,20274.8
SO107374,2023-09-28,C0002,Desert Trail Bikes,Dealer,Booked,Net 45,Phoenix Distribution Center,17396.52
SO107375,2023-09-28,C0001,Sonoran Cycles Online,DTC,Booked,Credit Card,Phoenix Distribution Center,6199.0
SO107376,2023-09-28,C0001,Sonoran Cycles Online,DTC,Booked,Credit Card,Phoenix Distribution Center,4599.0
SO107377,2023-09-28,C0001,Sonoran Cycles Online,DTC,Booked,Credit Card,Phoenix Distribution Center,4599.0
SO107378,2023-09-28,C0001,Sonoran Cycles Online,DTC,Booked,Credit Card,Phoenix Distribution Center,9198.0
SO107379,2023-09-28,C0001,Sonoran Cycles Online,DTC,Booked,Credit Card,Phoenix Distribution Center,3299.0
SO107380,2023-09-28,C0001,Sonoran Cycles Online,DTC,Booked,Credit Card,Phoenix Distribution Center,3499.0
SO107381,2023-09-28,C0001,Sonoran Cycles Online,DTC,Booked,Credit Card,Phoenix Distribution Center,11997.0
SO107382,2023-09-28,C0001,Sonoran Cycles Online,DTC,Booked,Credit Card,Phoenix Distribution Center,3999.0
SO107383,2023-09-28,C0001,Sonoran Cycles Online,DTC,Booked,Credit Card,Phoenix Distribution Center,4599.0
SO107384,2023-09-28,C0001,Sonoran Cycles Online,DTC,Booked,Credit Card,Phoenix Distribution Center,7499.0
SO107385,2023-09-29,C0034,Green Mountain Bikes,Dealer,Booked,Net 30,Phoenix Distribution Center,21446.42
SO107386,2023-09-29,C0022,Wasatch Wheel Works,Dealer,Booked,Net 30,Phoenix Distribution Center,29691.18
SO107387,2023-09-29,C0004,Sonoran Bike Co.,Dealer,Booked,Net 30,Phoenix Distribution Center,32977.8
SO107388,2023-09-29,C0025,Lakeshore Bikes,Dealer,Booked,Net 30,Phoenix Distribution Center,26777.18
SO107389,2023-09-29,C0016,Coastal Gravel Co.,Dealer,Booked,Net 30,Phoenix Distribution Center,24824.15
SO107390,2023-09-29,C0026,Great Lakes Cyclery,Dealer,Booked,Net 30,Phoenix Distribution Center,22744.8
SO107391,2023-09-29,C0033,Appalachian Bikes,Dealer,Booked,Net 30,Phoenix Distribution Center,25415.04
SO107392,2023-09-29,C0002,Desert Trail Bikes,Dealer,Booked,Net 45,Phoenix Distribution Center,37691.3
SO107393,2023-09-29,C0009,Las Cruces Cycling,Dealer,Booked,Net 30,Phoenix Distribution Center,36262.2
SO107394,2023-09-29,C0034,Green Mountain Bikes,Dealer,Booked,Net 30,Phoenix Distribution Center,29504.56
SO107395,2023-09-29,C0035,Adirondack Cycles,Dealer,Booked,Net 30,Phoenix Distribution Center,29633.5
SO107396,2023-09-29,C0021,Rocky Peak Cycles,Dealer,Booked,Net 30,Phoenix Distribution Center,46207.2
SO107397,2023-09-29,C0028,Windy City Cycles,Dealer,Booked,Net 30,Phoenix Distribution Center,14751.1
SO107398,2023-09-29,C0036,Pine Tree Bicycles,Dealer,Booked,Net 30,Phoenix Distribution Center,24694.15
SO107399,2023-09-29,C0013,Pacific Trail Bikes,Dealer,Booked,Net 45,Phoenix Distribution Center,42217.04
SO107400,2023-09-29,C0002,Desert Trail Bikes,Dealer,Booked,Net 45,Phoenix Distribution Center,14613.1
SO107401,2023-09-29,C0032,Southern Singletrack,Dealer,Booked,Net 30,Phoenix Distribution Center,40032.2
SO107402,2023-09-29,C0036,Pine Tree Bicycles,Dealer,Booked,Net 30,Phoenix Distribution Center,20989.15
SO107403,2023-09-29,C0023,Bozeman Bike Works,Dealer,Booked,Net 30,Phoenix Distribution Center,33339.8
SO107404,2023-09-29,C0001,Sonoran Cycles Online,DTC,Booked,Credit Card,Phoenix Distribution Center,5199.0
SO107405,2023-09-29,C0001,Sonoran Cycles Online,DTC,Booked,Credit Card,Phoenix Distribution Center,6199.0
SO107406,2023-09-29,C0001,Sonoran Cycles Online,DTC,Booked,Credit Card,Phoenix Distribution Center,5199.0
SO107407,2023-09-29,C0001,Sonoran Cycles Online,DTC,Booked,Credit Card,Phoenix Distribution Center,5199.0
SO107408,2023-09-29,C0001,Sonoran Cycles Online,DTC,Booked,Credit Card,Phoenix Distribution Center,3299.0
SO107409,2023-09-29,C0001,Sonoran Cycles Online,DTC,Booked,Credit Card,Phoenix Distribution Center,3299.0
SO107410,2023-09-29,C0001,Sonoran Cycles Online,DTC,Booked,Credit Card,Phoenix Distribution Center,6199.0
SO107411,2023-09-29,C0001,Sonoran Cycles Online,DTC,Booked,Credit Card,Phoenix Distribution Center,4599.0
SO107412,2023-09-29,C0001,Sonoran Cycles Online,DTC,Booked,Credit Card,Phoenix Distribution Center,5199.0
SO107413,2023-09-29,C0001,Sonoran Cycles Online,DTC,Booked,Credit Card,Phoenix Distribution Center,7499.0
SO107414,2023-09-30,C0022,Wasatch Wheel Works,Dealer,Booked,Net 30,Phoenix Distribution Center,31613.8
SO107415,2023-09-30,C0008,Sedona Ride Center,Dealer,Booked,Net 30,Phoenix Distribution Center,21820.9
SO107416,2023-09-30,C0002,Desert Trail Bikes,Dealer,Booked,Net 45,Phoenix Distribution Center,16352.52
SO107417,2023-09-30,C0012,Rain City Cycles,Dealer,Booked,Net 30,Phoenix Distribution Center,12411.75
SO107418,2023-09-30,C0029,River Bend Bikes,Dealer,Booked,Net 30,Phoenix Distribution Center,18196.75
SO107419,2023-09-30,C0001,Sonoran Cycles Online,DTC,Booked,Credit Card,Phoenix Distribution Center,3999.0
SO107420,2023-09-30,C0001,Sonoran Cycles Online,DTC,Booked,Credit Card,Phoenix Distribution Center,6798.0
SO107421,2023-09-30,C0001,Sonoran Cycles Online,DTC,Booked,Credit Card,Phoenix Distribution Center,5199.0
SO107422,2023-09-30,C0001,Sonoran Cycles Online,DTC,Booked,Credit Card,Phoenix Distribution Center,10398.0
SO107423,2023-09-30,C0001,Sonoran Cycles Online,DTC,Booked,Credit Card,Phoenix Distribution Center,5199.0
SO107424,2023-09-30,C0001,Sonoran Cycles Online,DTC,Booked,Credit Card,Phoenix Distribution Center,3299.0
SO107425,2023-09-30,C0001,Sonoran Cycles Online,DTC,Booked,Credit Card,Phoenix Distribution Center,4599.0
SO107426,2023-09-30,C0001,Sonoran Cycles Online,DTC,Booked,Credit Card,Phoenix Distribution Center,12398.0
SO107427,2023-09-30,C0001,Sonoran Cycles Online,DTC,Booked,Credit Card,Phoenix Distribution Center,9798.0
SO107428,2023-09-30,C0001,Sonoran Cycles Online,DTC,Booked,Credit Card,Phoenix Distribution Center,3299.0
SO107429,2023-09-30,C0001,Sonoran Cycles Online,DTC,Booked,Credit Card,Phoenix Distribution Center,3999.0
SO107430,2023-09-30,C0001,Sonoran Cycles Online,DTC,Booked,Credit Card,Phoenix Distribution Center,4599.0
SO107431,2023-10-01,C0020,Alpine Ride Co.,Dealer,Booked,Net 30,Phoenix Distribution Center,19710.42
SO107432,2023-10-01,C0025,Lakeshore Bikes,Dealer,Booked,Net 30,Phoenix Distribution Center,41283.94
SO107433,2023-10-01,C0001,Sonoran Cycles Online,DTC,Booked,Credit Card,Phoenix Distribution Center,5199.0
SO107434,2023-10-01,C0001,Sonoran Cycles Online,DTC,Booked,Credit Card,Phoenix Distribution Center,3999.0
SO107435,2023-10-01,C0001,Sonoran Cycles Online,DTC,Booked,Credit Card,Phoenix Distribution Center,6199.0
SO107436,2023-10-01,C0001,Sonoran Cycles Online,DTC,Booked,Credit Card,Phoenix Distribution Center,4599.0
SO107437,2023-10-01,C0001,Sonoran Cycles Online,DTC,Booked,Credit Card,Phoenix Distribution Center,4599.0
SO107438,2023-10-01,C0001,Sonoran Cycles Online,DTC,Booked,Credit Card,Phoenix Distribution Center,5199.0
SO107439,2023-10-01,C0001,Sonoran Cycles Online,DTC,Booked,Credit Card,Phoenix Distribution Center,3299.0
SO107440,2023-10-01,C0001,Sonoran Cycles Online,DTC,Booked,Credit Card,Phoenix Distribution Center,9198.0
SO107441,2023-10-01,C0001,Sonoran Cycles Online,DTC,Booked,Credit Card,Phoenix Distribution Center,5199.0
SO107442,2023-10-01,C0001,Sonoran Cycles Online,DTC,Booked,Credit Card,Phoenix Distribution Center,5199.0
SO107443,2023-10-01,C0001,Sonoran Cycles Online,DTC,Booked,Credit Card,Phoenix Distribution Center,5199.0
SO107444,2023-10-02,C0023,Bozeman Bike Works,Dealer,Booked,Net 30,Phoenix Distribution Center,48481.55
SO107445,2023-10-02,C0013,Pacific Trail Bikes,Dealer,Booked,Net 45,Phoenix Distribution Center,25051.36
SO107446,2023-10-02,C0025,Lakeshore Bikes,Dealer,Booked,Net 30,Phoenix Distribution Center,19401.04
SO107447,2023-10-02,C0025,Lakeshore Bikes,Dealer,Booked,Net 30,Phoenix Distribution Center,20578.42
SO107448,2023-10-02,C0003,Cactus Cycling,Dealer,Booked,Net 30,Phoenix Distribution Center,46986.7
SO107449,2023-10-02,C0003,Cactus Cycling,Dealer,Booked,Net 30,Phoenix Distribution Center,34464.56
SO107450,2023-10-02,C0032,Southern Singletrack,Dealer,Booked,Net 30,Phoenix Distribution Center,31842.85
SO107451,2023-10-02,C0007,Red Rock Cycles,Dealer,Booked,Net 30,Phoenix Distribution Center,37432.85
SO107452,2023-10-02,C0005,Mesa Mountain Bikes,Dealer,Booked,Net 30,Phoenix Distribution Center,26708.5
SO107453,2023-10-02,C0008,Sedona Ride Center,Dealer,Booked,Net 30,Phoenix Distribution Center,28515.04
SO107454,2023-10-02,C0015,Sierra Cycle Works,Dealer,Booked,Net 30,Phoenix Distribution Center,45995.32
SO107455,2023-10-02,C0025,Lakeshore Bikes,Dealer,Booked,Net 30,Phoenix Distribution Center,30125.18
SO107456,2023-10-02,C0017,Bay Mountain Bikes,Dealer,Booked,Net 30,Phoenix Distribution Center,9298.14
SO107457,2023-10-02,C0010,Evergreen Cyclery,Dealer,Booked,Net 45,Phoenix Distribution Center,21164.2
SO107458,2023-10-02,C0001,Sonoran Cycles Online,DTC,Booked,Credit Card,Phoenix Distribution Center,3299.0
SO107459,2023-10-02,C0001,Sonoran Cycles Online,DTC,Booked,Credit Card,Phoenix Distribution Center,3499.0
SO107460,2023-10-02,C0001,Sonoran Cycles Online,DTC,Booked,Credit Card,Phoenix Distribution Center,3299.0
SO107461,2023-10-02,C0001,Sonoran Cycles Online,DTC,Booked,Credit Card,Phoenix Distribution Center,4599.0
SO107462,2023-10-02,C0001,Sonoran Cycles Online,DTC,Booked,Credit Card,Phoenix Distribution Center,4599.0
SO107463,2023-10-02,C0001,Sonoran Cycles Online,DTC,Booked,Credit Card,Phoenix Distribution Center,3299.0
SO107464,2023-10-02,C0001,Sonoran Cycles Online,DTC,Booked,Credit Card,Phoenix Distribution Center,6199.0
SO107465,2023-10-03,C0034,Green Mountain Bikes,Dealer,Booked,Net 30,Phoenix Distribution Center,27831.8
SO107466,2023-10-03,C0015,Sierra Cycle Works,Dealer,Booked,Net 30,Phoenix Distribution Center,40911.94
SO107467,2023-10-03,C0025,Lakeshore Bikes,Dealer,Booked,Net 30,Phoenix Distribution Center,16363.04
SO107468,2023-10-03,C0008,Sedona Ride Center,Dealer,Booked,Net 30,Phoenix Distribution Center,15744.9
SO107469,2023-10-03,C0030,Blue Ridge Cycles,Dealer,Booked,Net 30,Phoenix Distribution Center,23679.66
SO107470,2023-10-03,C0005,Mesa Mountain Bikes,Dealer,Booked,Net 30,Phoenix Distribution Center,32295.9
SO107471,2023-10-03,C0025,Lakeshore Bikes,Dealer,Booked,Net 30,Phoenix Distribution Center,14008.28
SO107472,2023-10-03,C0025,Lakeshore Bikes,Dealer,Booked,Net 30,Phoenix Distribution Center,38182.7
SO107473,2023-10-03,C0006,Tucson Trail Works,Dealer,Booked,Net 30,Phoenix Distribution Center,47731.32
SO107474,2023-10-03,C0018,High Country Bikes,Dealer,Booked,Net 45,Phoenix Distribution Center,17744.52
SO107475,2023-10-03,C0018,High Country Bikes,Dealer,Booked,Net 45,Phoenix Distribution Center,24296.78
SO107476,2023-10-03,C0015,Sierra Cycle Works,Dealer,Booked,Net 30,Phoenix Distribution Center,35643.18
SO107477,2023-10-03,C0013,Pacific Trail Bikes,Dealer,Booked,Net 45,Phoenix Distribution Center,22846.78
SO107478,2023-10-03,C0025,Lakeshore Bikes,Dealer,Booked,Net 30,Phoenix Distribution Center,25662.42
SO107479,2023-10-03,C0031,Pisgah Bike Co.,Dealer,Booked,Net 45,Phoenix Distribution Center,30270.2
SO107480,2023-10-03,C0027,Prairie Trail Bikes,Dealer,Booked,Net 30,Phoenix Distribution Center,43639.32
SO107481,2023-10-03,C0004,Sonoran Bike Co.,Dealer,Booked,Net 30,Phoenix Distribution Center,31118.42
SO107482,2023-10-03,C0020,Alpine Ride Co.,Dealer,Booked,Net 30,Phoenix Distribution Center,38862.22
SO107483,2023-10-03,C0001,Sonoran Cycles Online,DTC,Booked,Credit Card,Phoenix Distribution Center,4599.0
SO107484,2023-10-03,C0001,Sonoran Cycles Online,DTC,Booked,Credit Card,Phoenix Distribution Center,3299.0
SO107485,2023-10-03,C0001,Sonoran Cycles Online,DTC,Booked,Credit Card,Phoenix Distribution Center,5199.0
SO107486,2023-10-03,C0001,Sonoran Cycles Online,DTC,Booked,Credit Card,Phoenix Distribution Center,3299.0
SO107487,2023-10-03,C0001,Sonoran Cycles Online,DTC,Booked,Credit Card,Phoenix Distribution Center,5199.0
SO107488,2023-10-03,C0001,Sonoran Cycles Online,DTC,Booked,Credit Card,Phoenix Distribution Center,5199.0
SO107489,2023-10-03,C0001,Sonoran Cycles Online,DTC,Booked,Credit Card,Phoenix Distribution Center,7499.0
SO107490,2023-10-04,C0002,Desert Trail Bikes,Dealer,Booked,Net 45,Phoenix Distribution Center,27138.78
SO107491,2023-10-04,C0034,Green Mountain Bikes,Dealer,Booked,Net 30,Phoenix Distribution Center,31178.56
SO107492,2023-10-04,C0025,Lakeshore Bikes,Dealer,Booked,Net 30,Phoenix Distribution Center,19401.04
SO107493,2023-10-04,C0034,Green Mountain Bikes,Dealer,Booked,Net 30,Phoenix Distribution Center,21012.42
SO107494,2023-10-04,C0029,River Bend Bikes,Dealer,Booked,Net 30,Phoenix Distribution Center,41917.2
SO107495,2023-10-04,C0018,High Country Bikes,Dealer,Booked,Net 45,Phoenix Distribution Center,23774.2
SO107496,2023-10-04,C0006,Tucson Trail Works,Dealer,Booked,Net 30,Phoenix Distribution Center,14256.9
SO107497,2023-10-04,C0020,Alpine Ride Co.,Dealer,Booked,Net 30,Phoenix Distribution Center,8181.52
SO107498,2023-10-04,C0019,Front Range Cyclery,Dealer,Booked,Net 30,Phoenix Distribution Center,18719.66
SO107499,2023-10-04,C0005,Mesa Mountain Bikes,Dealer,Booked,Net 30,Phoenix Distribution Center,17609.8
SO107500,2023-10-04,C0002,Desert Trail Bikes,Dealer,Booked,Net 45,Phoenix Distribution Center,38446.46
SO107501,2023-10-04,C0032,Southern Singletrack,Dealer,Booked,Net 30,Phoenix Distribution Center,17936.1
SO107502,2023-10-04,C0010,Evergreen Cyclery,Dealer,Booked,Net 45,Phoenix Distribution Center,7653.68
SO107503,2023-10-04,C0009,Las Cruces Cycling,Dealer,Booked,Net 30,Phoenix Distribution Center,54135.9
SO107504,2023-10-04,C0028,Windy City Cycles,Dealer,Booked,Net 30,Phoenix Distribution Center,38667.2
SO107505,2023-10-04,C0014,Redwood Ride Shop,Dealer,Booked,Net 30,Phoenix Distribution Center,46924.7
SO107506,2023-10-04,C0001,Sonoran Cycles Online,DTC,Booked,Credit Card,Phoenix Distribution Center,3299.0
SO107507,2023-10-04,C0001,Sonoran Cycles Online,DTC,Booked,Credit Card,Phoenix Distribution Center,5199.0
SO107508,2023-10-04,C0001,Sonoran Cycles Online,DTC,Booked,Credit Card,Phoenix Distribution Center,3299.0
SO107509,2023-10-04,C0001,Sonoran Cycles Online,DTC,Booked,Credit Card,Phoenix Distribution Center,4599.0
SO107510,2023-10-04,C0001,Sonoran Cycles Online,DTC,Booked,Credit Card,Phoenix Distribution Center,4599.0
SO107511,2023-10-04,C0001,Sonoran Cycles Online,DTC,Booked,Credit Card,Phoenix Distribution Center,5199.0
SO107512,2023-10-04,C0001,Sonoran Cycles Online,DTC,Booked,Credit Card,Phoenix Distribution Center,7499.0
SO107513,2023-10-04,C0001,Sonoran Cycles Online,DTC,Booked,Credit Card,Phoenix Distribution Center,5199.0
SO107514,2023-10-05,C0034,Green Mountain Bikes,Dealer,Booked,Net 30,Phoenix Distribution Center,20579.04
SO107515,2023-10-05,C0020,Alpine Ride Co.,Dealer,Booked,Net 30,Phoenix Distribution Center,27768.56
SO107516,2023-10-05,C0035,Adirondack Cycles,Dealer,Booked,Net 30,Phoenix Distribution Center,50690.25
SO107517,2023-10-05,C0014,Redwood Ride Shop,Dealer,Booked,Net 30,Phoenix Distribution Center,54921.46
SO107518,2023-10-05,C0033,Appalachian Bikes,Dealer,Booked,Net 30,Phoenix Distribution Center,7066.76
SO107519,2023-10-05,C0035,Adirondack Cycles,Dealer,Booked,Net 30,Phoenix Distribution Center,20275.45
SO107520,2023-10-05,C0010,Evergreen Cyclery,Dealer,Booked,Net 45,Phoenix Distribution Center,23715.04
SO107521,2023-10-05,C0009,Las Cruces Cycling,Dealer,Booked,Net 30,Phoenix Distribution Center,24174.8
SO107522,2023-10-05,C0006,Tucson Trail Works,Dealer,Booked,Net 30,Phoenix Distribution Center,51450.7
SO107523,2023-10-05,C0034,Green Mountain Bikes,Dealer,Booked,Net 30,Phoenix Distribution Center,21818.42
SO107524,2023-10-05,C0029,River Bend Bikes,Dealer,Booked,Net 30,Phoenix Distribution Center,21186.1
SO107525,2023-10-05,C0035,Adirondack Cycles,Dealer,Booked,Net 30,Phoenix Distribution Center,48219.6
SO107526,2023-10-05,C0020,Alpine Ride Co.,Dealer,Booked,Net 30,Phoenix Distribution Center,30684.42
SO107527,2023-10-05,C0008,Sedona Ride Center,Dealer,Booked,Net 30,Phoenix Distribution Center,42711.18
SO107528,2023-10-05,C0001,Sonoran Cycles Online,DTC,Booked,Credit Card,Phoenix Distribution Center,5199.0
SO107529,2023-10-05,C0001,Sonoran Cycles Online,DTC,Booked,Credit Card,Phoenix Distribution Center,4599.0
SO107530,2023-10-05,C0001,Sonoran Cycles Online,DTC,Booked,Credit Card,Phoenix Distribution Center,3499.0
SO107531,2023-10-05,C0001,Sonoran Cycles Online,DTC,Booked,Credit Card,Phoenix Distribution Center,6199.0
SO107532,2023-10-05,C0001,Sonoran Cycles Online,DTC,Booked,Credit Card,Phoenix Distribution Center,5199.0
SO107533,2023-10-05,C0001,Sonoran Cycles Online,DTC,Booked,Credit Card,Phoenix Distribution Center,6199.0
SO107534,2023-10-05,C0001,Sonoran Cycles Online,DTC,Booked,Credit Card,Phoenix Distribution Center,4599.0
SO107535,2023-10-06,C0018,High Country Bikes,Dealer,Booked,Net 45,Phoenix Distribution Center,22847.94
SO107536,2023-10-06,C0006,Tucson Trail Works,Dealer,Booked,Net 30,Phoenix Distribution Center,25105.04
SO107537,2023-10-06,C0029,River Bend Bikes,Dealer,Booked,Net 30,Phoenix Distribution Center,21576.1
SO107538,2023-10-06,C0014,Redwood Ride Shop,Dealer,Booked,Net 30,Phoenix Distribution Center,53868.7
SO107539,2023-10-06,C0036,Pine Tree Bicycles,Dealer,Booked,Net 30,Phoenix Distribution Center,27424.8
SO107540,2023-10-06,C0031,Pisgah Bike Co.,Dealer,Booked,Net 45,Phoenix Distribution Center,16817.1
SO107541,2023-10-06,C0022,Wasatch Wheel Works,Dealer,Booked,Net 30,Phoenix Distribution Center,8926.14
SO107542,2023-10-06,C0014,Redwood Ride Shop,Dealer,Booked,Net 30,Phoenix Distribution Center,14194.9
SO107543,2023-10-06,C0002,Desert Trail Bikes,Dealer,Booked,Net 45,Phoenix Distribution Center,9046.26
SO107544,2023-10-06,C0018,High Country Bikes,Dealer,Booked,Net 45,Phoenix Distribution Center,14613.1
SO107545,2023-10-06,C0030,Blue Ridge Cycles,Dealer,Booked,Net 30,Phoenix Distribution Center,58330.22
SO107546,2023-10-06,C0010,Evergreen Cyclery,Dealer,Booked,Net 45,Phoenix Distribution Center,29629.88
SO107547,2023-10-06,C0031,Pisgah Bike Co.,Dealer,Booked,Net 45,Phoenix Distribution Center,25167.94
SO107548,2023-10-06,C0020,Alpine Ride Co.,Dealer,Booked,Net 30,Phoenix Distribution Center,17604.28
SO107549,2023-10-06,C0001,Sonoran Cycles Online,DTC,Booked,Credit Card,Phoenix Distribution Center,5199.0
SO107550,2023-10-06,C0001,Sonoran Cycles Online,DTC,Booked,Credit Card,Phoenix Distribution Center,3299.0
SO107551,2023-10-06,C0001,Sonoran Cycles Online,DTC,Booked,Credit Card,Phoenix Distribution Center,4599.0
SO107552,2023-10-06,C0001,Sonoran Cycles Online,DTC,Booked,Credit Card,Phoenix Distribution Center,12098.0
SO107553,2023-10-06,C0001,Sonoran Cycles Online,DTC,Booked,Credit Card,Phoenix Distribution Center,8098.0
SO107554,2023-10-06,C0001,Sonoran Cycles Online,DTC,Booked,Credit Card,Phoenix Distribution Center,3299.0
SO107555,2023-10-06,C0001,Sonoran Cycles Online,DTC,Booked,Credit Card,Phoenix Distribution Center,6998.0
SO107556,2023-10-06,C0001,Sonoran Cycles Online,DTC,Booked,Credit Card,Phoenix Distribution Center,4599.0
SO107557,2023-10-06,C0001,Sonoran Cycles Online,DTC,Booked,Credit Card,Phoenix Distribution Center,4599.0
SO107558,2023-10-07,C0029,River Bend Bikes,Dealer,Booked,Net 30,Phoenix Distribution Center,18846.75
SO107559,2023-10-07,C0014,Redwood Ride Shop,Dealer,Booked,Net 30,Phoenix Distribution Center,24175.66
SO107560,2023-10-07,C0011,Cascade Bikes,Dealer,Booked,Net 30,Phoenix Distribution Center,20393.04
SO107561,2023-10-07,C0010,Evergreen Cyclery,Dealer,Booked,Net 45,Phoenix Distribution Center,19019.94
SO107562,2023-10-07,C0017,Bay Mountain Bikes,Dealer,Booked,Net 30,Phoenix Distribution Center,34341.8
SO107563,2023-10-07,C0001,Sonoran Cycles Online,DTC,Booked,Credit Card,Phoenix Distribution Center,3299.0
SO107564,2023-10-07,C0001,Sonoran Cycles Online,DTC,Booked,Credit Card,Phoenix Distribution Center,4599.0
SO107565,2023-10-07,C0001,Sonoran Cycles Online,DTC,Booked,Credit Card,Phoenix Distribution Center,3299.0
SO107566,2023-10-07,C0001,Sonoran Cycles Online,DTC,Booked,Credit Card,Phoenix Distribution Center,9198.0
SO107567,2023-10-07,C0001,Sonoran Cycles Online,DTC,Booked,Credit Card,Phoenix Distribution Center,6199.0
SO107568,2023-10-07,C0001,Sonoran Cycles Online,DTC,Booked,Credit Card,Phoenix Distribution Center,7499.0
SO107569,2023-10-07,C0001,Sonoran Cycles Online,DTC,Booked,Credit Card,Phoenix Distribution Center,9198.0
SO107570,2023-10-07,C0001,Sonoran Cycles Online,DTC,Booked,Credit Card,Phoenix Distribution Center,4599.0
SO107571,2023-10-07,C0001,Sonoran Cycles Online,DTC,Booked,Credit Card,Phoenix Distribution Center,9198.0
SO107572,2023-10-07,C0001,Sonoran Cycles Online,DTC,Booked,Credit Card,Phoenix Distribution Center,4599.0
SO107573,2023-10-08,C0026,Great Lakes Cyclery,Dealer,Booked,Net 30,Phoenix Distribution Center,44383.95
SO107574,2023-10-08,C0001,Sonoran Cycles Online,DTC,Booked,Credit Card,Phoenix Distribution Center,5199.0
SO107575,2023-10-08,C0001,Sonoran Cycles Online,DTC,Booked,Credit Card,Phoenix Distribution Center,4599.0
SO107576,2023-10-08,C0001,Sonoran Cycles Online,DTC,Booked,Credit Card,Phoenix Distribution Center,3499.0
SO107577,2023-10-08,C0001,Sonoran Cycles Online,DTC,Booked,Credit Card,Phoenix Distribution Center,3499.0
SO107578,2023-10-08,C0001,Sonoran Cycles Online,DTC,Booked,Credit Card,Phoenix Distribution Center,3299.0
SO107579,2023-10-08,C0001,Sonoran Cycles Online,DTC,Booked,Credit Card,Phoenix Distribution Center,6199.0
SO107580,2023-10-08,C0001,Sonoran Cycles Online,DTC,Booked,Credit Card,Phoenix Distribution Center,5199.0
SO107581,2023-10-08,C0001,Sonoran Cycles Online,DTC,Booked,Credit Card,Phoenix Distribution Center,3499.0
SO107582,2023-10-08,C0001,Sonoran Cycles Online,DTC,Booked,Credit Card,Phoenix Distribution Center,5199.0
SO107583,2023-10-08,C0001,Sonoran Cycles Online,DTC,Booked,Credit Card,Phoenix Distribution Center,4599.0
SO107584,2023-10-08,C0001,Sonoran Cycles Online,DTC,Booked,Credit Card,Phoenix Distribution Center,12797.0
SO107585,2023-10-09,C0013,Pacific Trail Bikes,Dealer,Booked,Net 45,Phoenix Distribution Center,33808.78
SO107586,2023-10-09,C0008,Sedona Ride Center,Dealer,Booked,Net 30,Phoenix Distribution Center,63292.7
SO107587,2023-10-09,C0023,Bozeman Bike Works,Dealer,Booked,Net 30,Phoenix Distribution Center,16636.1
SO107588,2023-10-09,C0017,Bay Mountain Bikes,Dealer,Booked,Net 30,Phoenix Distribution Center,15373.52
SO107589,2023-10-09,C0021,Rocky Peak Cycles,Dealer,Booked,Net 30,Phoenix Distribution Center,12933.05
SO107590,2023-10-09,C0020,Alpine Ride Co.,Dealer,Booked,Net 30,Phoenix Distribution Center,41963.46
SO107591,2023-10-09,C0026,Great Lakes Cyclery,Dealer,Booked,Net 30,Phoenix Distribution Center,10267.4
SO107592,2023-10-09,C0020,Alpine Ride Co.,Dealer,Booked,Net 30,Phoenix Distribution Center,14317.66
SO107593,2023-10-09,C0014,Redwood Ride Shop,Dealer,Booked,Net 30,Phoenix Distribution Center,22749.04
SO107594,2023-10-09,C0014,Redwood Ride Shop,Dealer,Booked,Net 30,Phoenix Distribution Center,8492.14
SO107595,2023-10-09,C0006,Tucson Trail Works,Dealer,Booked,Net 30,Phoenix Distribution Center,54052.84
SO107596,2023-10-09,C0024,Teton Cycling,Dealer,Booked,Net 30,Phoenix Distribution Center,37302.2
SO107597,2023-10-09,C0033,Appalachian Bikes,Dealer,Booked,Net 30,Phoenix Distribution Center,13389.52
SO107598,2023-10-09,C0025,Lakeshore Bikes,Dealer,Booked,Net 30,Phoenix Distribution Center,16797.04
SO107599,2023-10-09,C0005,Mesa Mountain Bikes,Dealer,Booked,Net 30,Phoenix Distribution Center,20339.8
SO107600,2023-10-09,C0001,Sonoran Cycles Online,DTC,Booked,Credit Card,Phoenix Distribution Center,6199.0
SO107601,2023-10-09,C0001,Sonoran Cycles Online,DTC,Booked,Credit Card,Phoenix Distribution Center,3499.0
SO107602,2023-10-09,C0001,Sonoran Cycles Online,DTC,Booked,Credit Card,Phoenix Distribution Center,8498.0
SO107603,2023-10-09,C0001,Sonoran Cycles Online,DTC,Booked,Credit Card,Phoenix Distribution Center,7498.0
SO107604,2023-10-09,C0001,Sonoran Cycles Online,DTC,Booked,Credit Card,Phoenix Distribution Center,4599.0
SO107605,2023-10-09,C0001,Sonoran Cycles Online,DTC,Booked,Credit Card,Phoenix Distribution Center,3999.0
SO107606,2023-10-09,C0001,Sonoran Cycles Online,DTC,Booked,Credit Card,Phoenix Distribution Center,5199.0
SO107607,2023-10-10,C0002,Desert Trail Bikes,Dealer,Booked,Net 45,Phoenix Distribution Center,38156.46
SO107608,2023-10-10,C0007,Red Rock Cycles,Dealer,Booked,Net 30,Phoenix Distribution Center,27684.8
SO107609,2023-10-10,C0035,Adirondack Cycles,Dealer,Booked,Net 30,Phoenix Distribution Center,64533.3
SO107610,2023-10-10,C0022,Wasatch Wheel Works,Dealer,Booked,Net 30,Phoenix Distribution Center,23741.04
SO107611,2023-10-10,C0007,Red Rock Cycles,Dealer,Booked,Net 30,Phoenix Distribution Center,30608.5
SO107612,2023-10-10,C0005,Mesa Mountain Bikes,Dealer,Booked,Net 30,Phoenix Distribution Center,14231.1
SO107613,2023-10-10,C0003,Cactus Cycling,Dealer,Booked,Net 30,Phoenix Distribution Center,29010.42
SO107614,2023-10-10,C0002,Desert Trail Bikes,Dealer,Booked,Net 45,Phoenix Distribution Center,20643.94
SO107615,2023-10-10,C0010,Evergreen Cyclery,Dealer,Booked,Net 45,Phoenix Distribution Center,21047.62
SO107616,2023-10-10,C0035,Adirondack Cycles,Dealer,Booked,Net 30,Phoenix Distribution Center,12997.4
SO107617,2023-10-10,C0006,Tucson Trail Works,Dealer,Booked,Net 30,Phoenix Distribution Center,13140.9
SO107618,2023-10-10,C0011,Cascade Bikes,Dealer,Booked,Net 30,Phoenix Distribution Center,25539.66
SO107619,2023-10-10,C0010,Evergreen Cyclery,Dealer,Booked,Net 45,Phoenix Distribution Center,26209.04
SO107620,2023-10-10,C0022,Wasatch Wheel Works,Dealer,Booked,Net 30,Phoenix Distribution Center,36509.94
SO107621,2023-10-10,C0025,Lakeshore Bikes,Dealer,Booked,Net 30,Phoenix Distribution Center,15929.66
SO107622,2023-10-10,C0001,Sonoran Cycles Online,DTC,Booked,Credit Card,Phoenix Distribution Center,3999.0
SO107623,2023-10-10,C0001,Sonoran Cycles Online,DTC,Booked,Credit Card,Phoenix Distribution Center,7499.0
SO107624,2023-10-10,C0001,Sonoran Cycles Online,DTC,Booked,Credit Card,Phoenix Distribution Center,4599.0
SO107625,2023-10-10,C0001,Sonoran Cycles Online,DTC,Booked,Credit Card,Phoenix Distribution Center,5199.0
SO107626,2023-10-10,C0001,Sonoran Cycles Online,DTC,Booked,Credit Card,Phoenix Distribution Center,4599.0
SO107627,2023-10-10,C0001,Sonoran Cycles Online,DTC,Booked,Credit Card,Phoenix Distribution Center,3999.0
SO107628,2023-10-11,C0004,Sonoran Bike Co.,Dealer,Booked,Net 30,Phoenix Distribution Center,12893.52
SO107629,2023-10-11,C0024,Teton Cycling,Dealer,Booked,Net 30,Phoenix Distribution Center,20534.15
SO107630,2023-10-11,C0004,Sonoran Bike Co.,Dealer,Booked,Net 30,Phoenix Distribution Center,15744.9
SO107631,2023-10-11,C0018,High Country Bikes,Dealer,Booked,Net 45,Phoenix Distribution Center,26443.36
SO107632,2023-10-11,C0033,Appalachian Bikes,Dealer,Booked,Net 30,Phoenix Distribution Center,31675.18
SO107633,2023-10-11,C0022,Wasatch Wheel Works,Dealer,Booked,Net 30,Phoenix Distribution Center,31118.42
SO107634,2023-10-11,C0012,Rain City Cycles,Dealer,Booked,Net 30,Phoenix Distribution Center,24758.5
SO107635,2023-10-11,C0025,Lakeshore Bikes,Dealer,Booked,Net 30,Phoenix Distribution Center,9917.52
SO107636,2023-10-11,C0002,Desert Trail Bikes,Dealer,Booked,Net 45,Phoenix Distribution Center,36533.04
SO107637,2023-10-11,C0018,High Country Bikes,Dealer,Booked,Net 45,Phoenix Distribution Center,21572.52
SO107638,2023-10-11,C0004,Sonoran Bike Co.,Dealer,Booked,Net 30,Phoenix Distribution Center,21695.66
SO107639,2023-10-11,C0013,Pacific Trail Bikes,Dealer,Booked,Net 45,Phoenix Distribution Center,44653.62
SO107640,2023-10-11,C0017,Bay Mountain Bikes,Dealer,Booked,Net 30,Phoenix Distribution Center,48227.32
SO107641,2023-10-11,C0030,Blue Ridge Cycles,Dealer,Booked,Net 30,Phoenix Distribution Center,16116.9
SO107642,2023-10-11,C0008,Sedona Ride Center,Dealer,Booked,Net 30,Phoenix Distribution Center,26903.04
SO107643,2023-10-11,C0010,Evergreen Cyclery,Dealer,Booked,Net 45,Phoenix Distribution Center,23774.2
SO107644,2023-10-11,C0006,Tucson Trail Works,Dealer,Booked,Net 30,Phoenix Distribution Center,29505.8
SO107645,2023-10-11,C0009,Las Cruces Cycling,Dealer,Booked,Net 30,Phoenix Distribution Center,28854.15
SO107646,2023-10-11,C0017,Bay Mountain Bikes,Dealer,Booked,Net 30,Phoenix Distribution Center,45500.56
SO107647,2023-10-11,C0001,Sonoran Cycles Online,DTC,Booked,Credit Card,Phoenix Distribution Center,7499.0
SO107648,2023-10-11,C0001,Sonoran Cycles Online,DTC,Booked,Credit Card,Phoenix Distribution Center,4599.0
SO107649,2023-10-11,C0001,Sonoran Cycles Online,DTC,Booked,Credit Card,Phoenix Distribution Center,6798.0
SO107650,2023-10-11,C0001,Sonoran Cycles Online,DTC,Booked,Credit Card,Phoenix Distribution Center,5199.0
SO107651,2023-10-11,C0001,Sonoran Cycles Online,DTC,Booked,Credit Card,Phoenix Distribution Center,4599.0
SO107652,2023-10-11,C0001,Sonoran Cycles Online,DTC,Booked,Credit Card,Phoenix Distribution Center,6199.0
SO107653,2023-10-11,C0001,Sonoran Cycles Online,DTC,Booked,Credit Card,Phoenix Distribution Center,6199.0
SO107654,2023-10-12,C0020,Alpine Ride Co.,Dealer,Booked,Net 30,Phoenix Distribution Center,8182.14
SO107655,2023-10-12,C0033,Appalachian Bikes,Dealer,Booked,Net 30,Phoenix Distribution Center,24423.66
SO107656,2023-10-12,C0031,Pisgah Bike Co.,Dealer,Booked,Net 45,Phoenix Distribution Center,38389.62
SO107657,2023-10-12,C0024,Teton Cycling,Dealer,Booked,Net 30,Phoenix Distribution Center,33662.85
SO107658,2023-10-12,C0034,Green Mountain Bikes,Dealer,Booked,Net 30,Phoenix Distribution Center,18099.04
SO107659,2023-10-12,C0013,Pacific Trail Bikes,Dealer,Booked,Net 45,Phoenix Distribution Center,17397.68
SO107660,2023-10-12,C0005,Mesa Mountain Bikes,Dealer,Booked,Net 30,Phoenix Distribution Center,8577.4
SO107661,2023-10-12,C0020,Alpine Ride Co.,Dealer,Booked,Net 30,Phoenix Distribution Center,16921.66
SO107662,2023-10-12,C0022,Wasatch Wheel Works,Dealer,Booked,Net 30,Phoenix Distribution Center,33163.18
SO107663,2023-10-12,C0010,Evergreen Cyclery,Dealer,Booked,Net 45,Phoenix Distribution Center,13104.52
SO107664,2023-10-12,C0004,Sonoran Bike Co.,Dealer,Booked,Net 30,Phoenix Distribution Center,26283.66
SO107665,2023-10-12,C0002,Desert Trail Bikes,Dealer,Booked,Net 45,Phoenix Distribution Center,21919.36
SO107666,2023-10-12,C0031,Pisgah Bike Co.,Dealer,Booked,Net 45,Phoenix Distribution Center,24007.94
SO107667,2023-10-12,C0003,Cactus Cycling,Dealer,Booked,Net 30,Phoenix Distribution Center,28452.42
SO107668,2023-10-12,C0001,Sonoran Cycles Online,DTC,Booked,Credit Card,Phoenix Distribution Center,3299.0
SO107669,2023-10-12,C0001,Sonoran Cycles Online,DTC,Booked,Credit Card,Phoenix Distribution Center,6199.0
SO107670,2023-10-12,C0001,Sonoran Cycles Online,DTC,Booked,Credit Card,Phoenix Distribution Center,5199.0
SO107671,2023-10-12,C0001,Sonoran Cycles Online,DTC,Booked,Credit Card,Phoenix Distribution Center,5199.0
SO107672,2023-10-12,C0001,Sonoran Cycles Online,DTC,Booked,Credit Card,Phoenix Distribution Center,5199.0
SO107673,2023-10-12,C0001,Sonoran Cycles Online,DTC,Booked,Credit Card,Phoenix Distribution Center,6598.0
SO107674,2023-10-12,C0001,Sonoran Cycles Online,DTC,Booked,Credit Card,Phoenix Distribution Center,4599.0
SO107675,2023-10-13,C0019,Front Range Cyclery,Dealer,Booked,Net 30,Phoenix Distribution Center,27522.42
SO107676,2023-10-13,C0025,Lakeshore Bikes,Dealer,Booked,Net 30,Phoenix Distribution Center,30619.94
SO107677,2023-10-13,C0034,Green Mountain Bikes,Dealer,Booked,Net 30,Phoenix Distribution Center,16487.66
SO107678,2023-10-13,C0003,Cactus Cycling,Dealer,Booked,Net 30,Phoenix Distribution Center,31365.18
SO107679,2023-10-13,C0015,Sierra Cycle Works,Dealer,Booked,Net 30,Phoenix Distribution Center,50334.7
SO107680,2023-10-13,C0011,Cascade Bikes,Dealer,Booked,Net 30,Phoenix Distribution Center,26282.42
SO107681,2023-10-13,C0030,Blue Ridge Cycles,Dealer,Booked,Net 30,Phoenix Distribution Center,43515.94
SO107682,2023-10-13,C0036,Pine Tree Bicycles,Dealer,Booked,Net 30,Phoenix Distribution Center,35157.85
SO107683,2023-10-13,C0033,Appalachian Bikes,Dealer,Booked,Net 30,Phoenix Distribution Center,6694.76
SO107684,2023-10-13,C0009,Las Cruces Cycling,Dealer,Booked,Net 30,Phoenix Distribution Center,33534.8
SO107685,2023-10-13,C0002,Desert Trail Bikes,Dealer,Booked,Net 45,Phoenix Distribution Center,16932.52
SO107686,2023-10-13,C0010,Evergreen Cyclery,Dealer,Booked,Net 45,Phoenix Distribution Center,11075.1
SO107687,2023-10-13,C0014,Redwood Ride Shop,Dealer,Booked,Net 30,Phoenix Distribution Center,45561.32
SO107688,2023-10-13,C0001,Sonoran Cycles Online,DTC,Booked,Credit Card,Phoenix Distribution Center,3499.0
SO107689,2023-10-13,C0001,Sonoran Cycles Online,DTC,Booked,Credit Card,Phoenix Distribution Center,3499.0
SO107690,2023-10-13,C0001,Sonoran Cycles Online,DTC,Booked,Credit Card,Phoenix Distribution Center,3299.0
SO107691,2023-10-13,C0001,Sonoran Cycles Online,DTC,Booked,Credit Card,Phoenix Distribution Center,3299.0
SO107692,2023-10-13,C0001,Sonoran Cycles Online,DTC,Booked,Credit Card,Phoenix Distribution Center,6798.0
SO107693,2023-10-13,C0001,Sonoran Cycles Online,DTC,Booked,Credit Card,Phoenix Distribution Center,4599.0
SO107694,2023-10-13,C0001,Sonoran Cycles Online,DTC,Booked,Credit Card,Phoenix Distribution Center,5199.0
SO107695,2023-10-13,C0001,Sonoran Cycles Online,DTC,Booked,Credit Card,Phoenix Distribution Center,6199.0
SO107696,2023-10-13,C0001,Sonoran Cycles Online,DTC,Booked,Credit Card,Phoenix Distribution Center,3499.0
SO107697,2023-10-14,C0002,Desert Trail Bikes,Dealer,Booked,Net 45,Phoenix Distribution Center,11017.68
SO107698,2023-10-14,C0013,Pacific Trail Bikes,Dealer,Booked,Net 45,Phoenix Distribution Center,53177.88
SO107699,2023-10-14,C0006,Tucson Trail Works,Dealer,Booked,Net 30,Phoenix Distribution Center,17232.9
SO107700,2023-10-14,C0014,Redwood Ride Shop,Dealer,Booked,Net 30,Phoenix Distribution Center,16983.66
SO107701,2023-10-14,C0001,Sonoran Cycles Online,DTC,Booked,Credit Card,Phoenix Distribution Center,4599.0
SO107702,2023-10-14,C0001,Sonoran Cycles Online,DTC,Booked,Credit Card,Phoenix Distribution Center,4599.0
SO107703,2023-10-14,C0001,Sonoran Cycles Online,DTC,Booked,Credit Card,Phoenix Distribution Center,5199.0
SO107704,2023-10-14,C0001,Sonoran Cycles Online,DTC,Booked,Credit Card,Phoenix Distribution Center,4599.0
SO107705,2023-10-14,C0001,Sonoran Cycles Online,DTC,Booked,Credit Card,Phoenix Distribution Center,4599.0
SO107706,2023-10-14,C0001,Sonoran Cycles Online,DTC,Booked,Credit Card,Phoenix Distribution Center,3499.0
SO107707,2023-10-14,C0001,Sonoran Cycles Online,DTC,Booked,Credit Card,Phoenix Distribution Center,4599.0
SO107708,2023-10-14,C0001,Sonoran Cycles Online,DTC,Booked,Credit Card,Phoenix Distribution Center,6199.0
SO107709,2023-10-14,C0001,Sonoran Cycles Online,DTC,Booked,Credit Card,Phoenix Distribution Center,7499.0
SO107710,2023-10-14,C0001,Sonoran Cycles Online,DTC,Booked,Credit Card,Phoenix Distribution Center,3499.0
SO107711,2023-10-14,C0001,Sonoran Cycles Online,DTC,Booked,Credit Card,Phoenix Distribution Center,4599.0
SO107712,2023-10-15,C0030,Blue Ridge Cycles,Dealer,Booked,Net 30,Phoenix Distribution Center,10537.52
SO107713,2023-10-15,C0001,Sonoran Cycles Online,DTC,Booked,Credit Card,Phoenix Distribution Center,7499.0
SO107714,2023-10-15,C0001,Sonoran Cycles Online,DTC,Booked,Credit Card,Phoenix Distribution Center,3999.0
SO107715,2023-10-15,C0001,Sonoran Cycles Online,DTC,Booked,Credit Card,Phoenix Distribution Center,9198.0
SO107716,2023-10-15,C0001,Sonoran Cycles Online,DTC,Booked,Credit Card,Phoenix Distribution Center,5199.0
SO107717,2023-10-15,C0001,Sonoran Cycles Online,DTC,Booked,Credit Card,Phoenix Distribution Center,4599.0
SO107718,2023-10-15,C0001,Sonoran Cycles Online,DTC,Booked,Credit Card,Phoenix Distribution Center,5199.0
SO107719,2023-10-15,C0001,Sonoran Cycles Online,DTC,Booked,Credit Card,Phoenix Distribution Center,3299.0
SO107720,2023-10-15,C0001,Sonoran Cycles Online,DTC,Booked,Credit Card,Phoenix Distribution Center,3499.0
SO107721,2023-10-15,C0001,Sonoran Cycles Online,DTC,Booked,Credit Card,Phoenix Distribution Center,3299.0
SO107722,2023-10-15,C0001,Sonoran Cycles Online,DTC,Booked,Credit Card,Phoenix Distribution Center,3299.0
SO107723,2023-10-15,C0001,Sonoran Cycles Online,DTC,Booked,Credit Card,Phoenix Distribution Center,7998.0
SO107724,2023-10-16,C0031,Pisgah Bike Co.,Dealer,Booked,Net 45,Phoenix Distribution Center,24123.36
SO107725,2023-10-16,C0013,Pacific Trail Bikes,Dealer,Booked,Net 45,Phoenix Distribution Center,40998.46
SO107726,2023-10-16,C0027,Prairie Trail Bikes,Dealer,Booked,Net 30,Phoenix Distribution Center,44011.94
SO107727,2023-10-16,C0006,Tucson Trail Works,Dealer,Booked,Net 30,Phoenix Distribution Center,30001.8
SO107728,2023-10-16,C0021,Rocky Peak Cycles,Dealer,Booked,Net 30,Phoenix Distribution Center,38147.85
SO107729,2023-10-16,C0031,Pisgah Bike Co.,Dealer,Booked,Net 45,Phoenix Distribution Center,59032.98
SO107730,2023-10-16,C0030,Blue Ridge Cycles,Dealer,Booked,Net 30,Phoenix Distribution Center,15992.28
SO107731,2023-10-16,C0035,Adirondack Cycles,Dealer,Booked,Net 30,Phoenix Distribution Center,36782.85
SO107732,2023-10-16,C0019,Front Range Cyclery,Dealer,Booked,Net 30,Phoenix Distribution Center,62483.6
SO107733,2023-10-16,C0006,Tucson Trail Works,Dealer,Booked,Net 30,Phoenix Distribution Center,28762.42
SO107734,2023-10-16,C0017,Bay Mountain Bikes,Dealer,Booked,Net 30,Phoenix Distribution Center,38557.18
SO107735,2023-10-16,C0035,Adirondack Cycles,Dealer,Booked,Net 30,Phoenix Distribution Center,9358.05
SO107736,2023-10-16,C0006,Tucson Trail Works,Dealer,Booked,Net 30,Phoenix Distribution Center,38060.56
SO107737,2023-10-16,C0010,Evergreen Cyclery,Dealer,Booked,Net 45,Phoenix Distribution Center,8871.68
SO107738,2023-10-16,C0033,Appalachian Bikes,Dealer,Booked,Net 30,Phoenix Distribution Center,24856.42
SO107739,2023-10-16,C0001,Sonoran Cycles Online,DTC,Booked,Credit Card,Phoenix Distribution Center,6199.0
SO107740,2023-10-16,C0001,Sonoran Cycles Online,DTC,Booked,Credit Card,Phoenix Distribution Center,3299.0
SO107741,2023-10-16,C0001,Sonoran Cycles Online,DTC,Booked,Credit Card,Phoenix Distribution Center,5199.0
SO107742,2023-10-16,C0001,Sonoran Cycles Online,DTC,Booked,Credit Card,Phoenix Distribution Center,4599.0
SO107743,2023-10-16,C0001,Sonoran Cycles Online,DTC,Booked,Credit Card,Phoenix Distribution Center,4599.0
SO107744,2023-10-16,C0001,Sonoran Cycles Online,DTC,Booked,Credit Card,Phoenix Distribution Center,4599.0
SO107745,2023-10-16,C0001,Sonoran Cycles Online,DTC,Booked,Credit Card,Phoenix Distribution Center,6199.0
SO107746,2023-10-16,C0001,Sonoran Cycles Online,DTC,Booked,Credit Card,Phoenix Distribution Center,5199.0
SO107747,2023-10-17,C0019,Front Range Cyclery,Dealer,Booked,Net 30,Phoenix Distribution Center,49342.08
SO107748,2023-10-17,C0019,Front Range Cyclery,Dealer,Booked,Net 30,Phoenix Distribution Center,29629.8
SO107749,2023-10-17,C0033,Appalachian Bikes,Dealer,Booked,Net 30,Phoenix Distribution Center,25662.42
SO107750,2023-10-17,C0031,Pisgah Bike Co.,Dealer,Booked,Net 45,Phoenix Distribution Center,39665.04
SO107751,2023-10-17,C0024,Teton Cycling,Dealer,Booked,Net 30,Phoenix Distribution Center,23784.8
SO107752,2023-10-17,C0017,Bay Mountain Bikes,Dealer,Booked,Net 30,Phoenix Distribution Center,31490.42
SO107753,2023-10-17,C0033,Appalachian Bikes,Dealer,Booked,Net 30,Phoenix Distribution Center,29010.42
SO107754,2023-10-17,C0035,Adirondack Cycles,Dealer,Booked,Net 30,Phoenix Distribution Center,16246.1
SO107755,2023-10-17,C0025,Lakeshore Bikes,Dealer,Booked,Net 30,Phoenix Distribution Center,31177.94
SO107756,2023-10-17,C0011,Cascade Bikes,Dealer,Booked,Net 30,Phoenix Distribution Center,14133.52
SO107757,2023-10-17,C0010,Evergreen Cyclery,Dealer,Booked,Net 45,Phoenix Distribution Center,8350.26
SO107758,2023-10-17,C0020,Alpine Ride Co.,Dealer,Booked,Net 30,Phoenix Distribution Center,27829.94
SO107759,2023-10-17,C0020,Alpine Ride Co.,Dealer,Booked,Net 30,Phoenix Distribution Center,31611.94
SO107760,2023-10-17,C0003,Cactus Cycling,Dealer,Booked,Net 30,Phoenix Distribution Center,20826.42
SO107761,2023-10-17,C0019,Front Range Cyclery,Dealer,Booked,Net 30,Phoenix Distribution Center,11405.52
SO107762,2023-10-17,C0002,Desert Trail Bikes,Dealer,Booked,Net 45,Phoenix Distribution Center,22731.36
SO107763,2023-10-17,C0001,Sonoran Cycles Online,DTC,Booked,Credit Card,Phoenix Distribution Center,5199.0
SO107764,2023-10-17,C0001,Sonoran Cycles Online,DTC,Booked,Credit Card,Phoenix Distribution Center,5199.0
SO107765,2023-10-17,C0001,Sonoran Cycles Online,DTC,Booked,Credit Card,Phoenix Distribution Center,6199.0
SO107766,2023-10-17,C0001,Sonoran Cycles Online,DTC,Booked,Credit Card,Phoenix Distribution Center,5199.0
SO107767,2023-10-17,C0001,Sonoran Cycles Online,DTC,Booked,Credit Card,Phoenix Distribution Center,7499.0
SO107768,2023-10-17,C0001,Sonoran Cycles Online,DTC,Booked,Credit Card,Phoenix Distribution Center,9198.0
SO107769,2023-10-17,C0001,Sonoran Cycles Online,DTC,Booked,Credit Card,Phoenix Distribution Center,6199.0
SO107770,2023-10-18,C0018,High Country Bikes,Dealer,Booked,Net 45,Phoenix Distribution Center,32357.04
SO107771,2023-10-18,C0013,Pacific Trail Bikes,Dealer,Booked,Net 45,Phoenix Distribution Center,7944.84
SO107772,2023-10-18,C0019,Front Range Cyclery,Dealer,Booked,Net 30,Phoenix Distribution Center,14256.9
SO107773,2023-10-18,C0010,Evergreen Cyclery,Dealer,Booked,Net 45,Phoenix Distribution Center,18844.78
SO107774,2023-10-18,C0025,Lakeshore Bikes,Dealer,Booked,Net 30,Phoenix Distribution Center,33100.56
SO107775,2023-10-18,C0003,Cactus Cycling,Dealer,Booked,Net 30,Phoenix Distribution Center,15806.9
SO107776,2023-10-18,C0015,Sierra Cycle Works,Dealer,Booked,Net 30,Phoenix Distribution Center,16240.9
SO107777,2023-10-18,C0011,Cascade Bikes,Dealer,Booked,Net 30,Phoenix Distribution Center,28947.8
SO107778,2023-10-18,C0035,Adirondack Cycles,Dealer,Booked,Net 30,Phoenix Distribution Center,12737.4
SO107779,2023-10-18,C0025,Lakeshore Bikes,Dealer,Booked,Net 30,Phoenix Distribution Center,7190.14
SO107780,2023-10-18,C0031,Pisgah Bike Co.,Dealer,Booked,Net 45,Phoenix Distribution Center,48826.72
SO107781,2023-10-18,C0033,Appalachian Bikes,Dealer,Booked,Net 30,Phoenix Distribution Center,22440.28
SO107782,2023-10-18,C0018,High Country Bikes,Dealer,Booked,Net 45,Phoenix Distribution Center,16352.52
SO107783,2023-10-18,C0034,Green Mountain Bikes,Dealer,Booked,Net 30,Phoenix Distribution Center,23057.8
SO107784,2023-10-18,C0035,Adirondack Cycles,Dealer,Booked,Net 30,Phoenix Distribution Center,24565.45
SO107785,2023-10-18,C0024,Teton Cycling,Dealer,Booked,Net 30,Phoenix Distribution Center,34961.55
SO107786,2023-10-18,C0014,Redwood Ride Shop,Dealer,Booked,Net 30,Phoenix Distribution Center,26405.8
SO107787,2023-10-18,C0001,Sonoran Cycles Online,DTC,Booked,Credit Card,Phoenix Distribution Center,5199.0
SO107788,2023-10-18,C0001,Sonoran Cycles Online,DTC,Booked,Credit Card,Phoenix Distribution Center,6199.0
SO107789,2023-10-18,C0001,Sonoran Cycles Online,DTC,Booked,Credit Card,Phoenix Distribution Center,4599.0
SO107790,2023-10-18,C0001,Sonoran Cycles Online,DTC,Booked,Credit Card,Phoenix Distribution Center,3499.0
SO107791,2023-10-18,C0001,Sonoran Cycles Online,DTC,Booked,Credit Card,Phoenix Distribution Center,6199.0
SO107792,2023-10-18,C0001,Sonoran Cycles Online,DTC,Booked,Credit Card,Phoenix Distribution Center,5199.0
SO107793,2023-10-18,C0001,Sonoran Cycles Online,DTC,Booked,Credit Card,Phoenix Distribution Center,4599.0
SO107794,2023-10-19,C0026,Great Lakes Cyclery,Dealer,Booked,Net 30,Phoenix Distribution Center,17546.1
SO107795,2023-10-19,C0007,Red Rock Cycles,Dealer,Booked,Net 30,Phoenix Distribution Center,17416.75
SO107796,2023-10-19,C0020,Alpine Ride Co.,Dealer,Booked,Net 30,Phoenix Distribution Center,48224.84
SO107797,2023-10-19,C0003,Cactus Cycling,Dealer,Booked,Net 30,Phoenix Distribution Center,24174.42
SO107798,2023-10-19,C0033,Appalachian Bikes,Dealer,Booked,Net 30,Phoenix Distribution Center,26654.42
SO107799,2023-10-19,C0032,Southern Singletrack,Dealer,Booked,Net 30,Phoenix Distribution Center,44643.95
SO107800,2023-10-19,C0017,Bay Mountain Bikes,Dealer,Booked,Net 30,Phoenix Distribution Center,32853.18
SO107801,2023-10-19,C0014,Redwood Ride Shop,Dealer,Booked,Net 30,Phoenix Distribution Center,17666.28
SO107802,2023-10-19,C0012,Rain City Cycles,Dealer,Booked,Net 30,Phoenix Distribution Center,14296.75
SO107803,2023-10-19,C0034,Green Mountain Bikes,Dealer,Booked,Net 30,Phoenix Distribution Center,25103.18
SO107804,2023-10-19,C0011,Cascade Bikes,Dealer,Booked,Net 30,Phoenix Distribution Center,37068.56
SO107805,2023-10-19,C0030,Blue Ridge Cycles,Dealer,Booked,Net 30,Phoenix Distribution Center,10227.52
SO107806,2023-10-19,C0030,Blue Ridge Cycles,Dealer,Booked,Net 30,Phoenix Distribution Center,51448.84
SO107807,2023-10-19,C0031,Pisgah Bike Co.,Dealer,Booked,Net 45,Phoenix Distribution Center,24123.36
SO107808,2023-10-19,C0027,Prairie Trail Bikes,Dealer,Booked,Net 30,Phoenix Distribution Center,29010.42
SO107809,2023-10-19,C0036,Pine Tree Bicycles,Dealer,Booked,Net 30,Phoenix Distribution Center,36522.85
SO107810,2023-10-19,C0001,Sonoran Cycles Online,DTC,Booked,Credit Card,Phoenix Distribution Center,10398.0
SO107811,2023-10-19,C0001,Sonoran Cycles Online,DTC,Booked,Credit Card,Phoenix Distribution Center,7499.0
SO107812,2023-10-19,C0001,Sonoran Cycles Online,DTC,Booked,Credit Card,Phoenix Distribution Center,3299.0
SO107813,2023-10-19,C0001,Sonoran Cycles Online,DTC,Booked,Credit Card,Phoenix Distribution Center,6199.0
SO107814,2023-10-19,C0001,Sonoran Cycles Online,DTC,Booked,Credit Card,Phoenix Distribution Center,4599.0
SO107815,2023-10-19,C0001,Sonoran Cycles Online,DTC,Booked,Credit Card,Phoenix Distribution Center,5199.0
SO107816,2023-10-19,C0001,Sonoran Cycles Online,DTC,Booked,Credit Card,Phoenix Distribution Center,5199.0
SO107817,2023-10-19,C0001,Sonoran Cycles Online,DTC,Booked,Credit Card,Phoenix Distribution Center,4599.0
SO107818,2023-10-19,C0001,Sonoran Cycles Online,DTC,Booked,Credit Card,Phoenix Distribution Center,3299.0
SO107819,2023-10-20,C0027,Prairie Trail Bikes,Dealer,Booked,Net 30,Phoenix Distribution Center,28513.8
SO107820,2023-10-20,C0027,Prairie Trail Bikes,Dealer,Booked,Net 30,Phoenix Distribution Center,48598.08
SO107821,2023-10-20,C0018,High Country Bikes,Dealer,Booked,Net 45,Phoenix Distribution Center,41171.88
SO107822,2023-10-20,C0011,Cascade Bikes,Dealer,Booked,Net 30,Phoenix Distribution Center,21819.66
SO107823,2023-10-20,C0013,Pacific Trail Bikes,Dealer,Booked,Net 45,Phoenix Distribution Center,44710.46
SO107824,2023-10-20,C0020,Alpine Ride Co.,Dealer,Booked,Net 30,Phoenix Distribution Center,18099.04
SO107825,2023-10-20,C0005,Mesa Mountain Bikes,Dealer,Booked,Net 30,Phoenix Distribution Center,26059.8
SO107826,2023-10-20,C0022,Wasatch Wheel Works,Dealer,Booked,Net 30,Phoenix Distribution Center,12644.9
SO107827,2023-10-20,C0027,Prairie Trail Bikes,Dealer,Booked,Net 30,Phoenix Distribution Center,29505.8
SO107828,2023-10-20,C0008,Sedona Ride Center,Dealer,Booked,Net 30,Phoenix Distribution Center,41844.42
SO107829,2023-10-20,C0008,Sedona Ride Center,Dealer,Booked,Net 30,Phoenix Distribution Center,49467.32
SO107830,2023-10-20,C0003,Cactus Cycling,Dealer,Booked,Net 30,Phoenix Distribution Center,30249.8
SO107831,2023-10-20,C0001,Sonoran Cycles Online,DTC,Booked,Credit Card,Phoenix Distribution Center,4599.0
SO107832,2023-10-20,C0001,Sonoran Cycles Online,DTC,Booked,Credit Card,Phoenix Distribution Center,4599.0
SO107833,2023-10-20,C0001,Sonoran Cycles Online,DTC,Booked,Credit Card,Phoenix Distribution Center,4599.0
SO107834,2023-10-20,C0001,Sonoran Cycles Online,DTC,Booked,Credit Card,Phoenix Distribution Center,4599.0
SO107835,2023-10-20,C0001,Sonoran Cycles Online,DTC,Booked,Credit Card,Phoenix Distribution Center,6199.0
SO107836,2023-10-20,C0001,Sonoran Cycles Online,DTC,Booked,Credit Card,Phoenix Distribution Center,3299.0
SO107837,2023-10-20,C0001,Sonoran Cycles Online,DTC,Booked,Credit Card,Phoenix Distribution Center,3299.0
SO107838,2023-10-20,C0001,Sonoran Cycles Online,DTC,Booked,Credit Card,Phoenix Distribution Center,6199.0
SO107839,2023-10-20,C0001,Sonoran Cycles Online,DTC,Booked,Credit Card,Phoenix Distribution Center,7499.0
SO107840,2023-10-21,C0025,Lakeshore Bikes,Dealer,Booked,Net 30,Phoenix Distribution Center,4896.76
SO107841,2023-10-21,C0014,Redwood Ride Shop,Dealer,Booked,Net 30,Phoenix Distribution Center,21633.66
SO107842,2023-10-21,C0019,Front Range Cyclery,Dealer,Booked,Net 30,Phoenix Distribution Center,18968.28
SO107843,2023-10-21,C0031,Pisgah Bike Co.,Dealer,Booked,Net 45,Phoenix Distribution Center,12061.68
SO107844,2023-10-21,C0001,Sonoran Cycles Online,DTC,Booked,Credit Card,Phoenix Distribution Center,4599.0
SO107845,2023-10-21,C0001,Sonoran Cycles Online,DTC,Booked,Credit Card,Phoenix Distribution Center,5199.0
SO107846,2023-10-21,C0001,Sonoran Cycles Online,DTC,Booked,Credit Card,Phoenix Distribution Center,4599.0
SO107847,2023-10-21,C0001,Sonoran Cycles Online,DTC,Booked,Credit Card,Phoenix Distribution Center,4599.0
SO107848,2023-10-21,C0001,Sonoran Cycles Online,DTC,Booked,Credit Card,Phoenix Distribution Center,9198.0
SO107849,2023-10-21,C0001,Sonoran Cycles Online,DTC,Booked,Credit Card,Phoenix Distribution Center,7499.0
SO107850,2023-10-21,C0001,Sonoran Cycles Online,DTC,Booked,Credit Card,Phoenix Distribution Center,6199.0
SO107851,2023-10-21,C0001,Sonoran Cycles Online,DTC,Booked,Credit Card,Phoenix Distribution Center,3499.0
SO107852,2023-10-21,C0001,Sonoran Cycles Online,DTC,Booked,Credit Card,Phoenix Distribution Center,6199.0
SO107853,2023-10-21,C0001,Sonoran Cycles Online,DTC,Booked,Credit Card,Phoenix Distribution Center,4599.0
SO107854,2023-10-21,C0001,Sonoran Cycles Online,DTC,Booked,Credit Card,Phoenix Distribution Center,4599.0
SO107855,2023-10-21,C0001,Sonoran Cycles Online,DTC,Booked,Credit Card,Phoenix Distribution Center,5199.0
SO107856,2023-10-22,C0016,Coastal Gravel Co.,Dealer,Booked,Net 30,Phoenix Distribution Center,11371.75
SO107857,2023-10-22,C0001,Sonoran Cycles Online,DTC,Booked,Credit Card,Phoenix Distribution Center,4599.0
SO107858,2023-10-22,C0001,Sonoran Cycles Online,DTC,Booked,Credit Card,Phoenix Distribution Center,5199.0
SO107859,2023-10-22,C0001,Sonoran Cycles Online,DTC,Booked,Credit Card,Phoenix Distribution Center,4599.0
SO107860,2023-10-22,C0001,Sonoran Cycles Online,DTC,Booked,Credit Card,Phoenix Distribution Center,3499.0
SO107861,2023-10-22,C0001,Sonoran Cycles Online,DTC,Booked,Credit Card,Phoenix Distribution Center,4599.0
SO107862,2023-10-22,C0001,Sonoran Cycles Online,DTC,Booked,Credit Card,Phoenix Distribution Center,4599.0
SO107863,2023-10-22,C0001,Sonoran Cycles Online,DTC,Booked,Credit Card,Phoenix Distribution Center,4599.0
SO107864,2023-10-22,C0001,Sonoran Cycles Online,DTC,Booked,Credit Card,Phoenix Distribution Center,5199.0
SO107865,2023-10-22,C0001,Sonoran Cycles Online,DTC,Booked,Credit Card,Phoenix Distribution Center,3499.0
SO107866,2023-10-22,C0001,Sonoran Cycles Online,DTC,Booked,Credit Card,Phoenix Distribution Center,12098.0
SO107867,2023-10-22,C0001,Sonoran Cycles Online,DTC,Booked,Credit Card,Phoenix Distribution Center,3299.0
SO107868,2023-10-23,C0017,Bay Mountain Bikes,Dealer,Booked,Net 30,Phoenix Distribution Center,39797.18
SO107869,2023-10-23,C0007,Red Rock Cycles,Dealer,Booked,Net 30,Phoenix Distribution Center,9748.05
SO107870,2023-10-23,C0033,Appalachian Bikes,Dealer,Booked,Net 30,Phoenix Distribution Center,16736.28
SO107871,2023-10-23,C0030,Blue Ridge Cycles,Dealer,Booked,Net 30,Phoenix Distribution Center,35580.56
SO107872,2023-10-23,C0007,Red Rock Cycles,Dealer,Booked,Net 30,Phoenix Distribution Center,57969.6
SO107873,2023-10-23,C0022,Wasatch Wheel Works,Dealer,Booked,Net 30,Phoenix Distribution Center,9546.14
SO107874,2023-10-23,C0004,Sonoran Bike Co.,Dealer,Booked,Net 30,Phoenix Distribution Center,34465.18
SO107875,2023-10-23,C0031,Pisgah Bike Co.,Dealer,Booked,Net 45,Phoenix Distribution Center,24239.36
SO107876,2023-10-23,C0024,Teton Cycling,Dealer,Booked,Net 30,Phoenix Distribution Center,16636.75
SO107877,2023-10-23,C0024,Teton Cycling,Dealer,Booked,Net 30,Phoenix Distribution Center,55237.65
SO107878,2023-10-23,C0014,Redwood Ride Shop,Dealer,Booked,Net 30,Phoenix Distribution Center,21385.66
SO107879,2023-10-23,C0003,Cactus Cycling,Dealer,Booked,Net 30,Phoenix Distribution Center,30250.42
SO107880,2023-10-23,C0026,Great Lakes Cyclery,Dealer,Booked,Net 30,Phoenix Distribution Center,26971.1
SO107881,2023-10-23,C0001,Sonoran Cycles Online,DTC,Booked,Credit Card,Phoenix Distribution Center,4599.0
SO107882,2023-10-23,C0001,Sonoran Cycles Online,DTC,Booked,Credit Card,Phoenix Distribution Center,4599.0
SO107883,2023-10-23,C0001,Sonoran Cycles Online,DTC,Booked,Credit Card,Phoenix Distribution Center,4599.0
SO107884,2023-10-23,C0001,Sonoran Cycles Online,DTC,Booked,Credit Card,Phoenix Distribution Center,3499.0
SO107885,2023-10-23,C0001,Sonoran Cycles Online,DTC,Booked,Credit Card,Phoenix Distribution Center,3499.0
SO107886,2023-10-23,C0001,Sonoran Cycles Online,DTC,Booked,Credit Card,Phoenix Distribution Center,6199.0
SO107887,2023-10-23,C0001,Sonoran Cycles Online,DTC,Booked,Credit Card,Phoenix Distribution Center,6199.0
SO107888,2023-10-24,C0013,Pacific Trail Bikes,Dealer,Booked,Net 45,Phoenix Distribution Center,31082.2
SO107889,2023-10-24,C0011,Cascade Bikes,Dealer,Booked,Net 30,Phoenix Distribution Center,33225.18
SO107890,2023-10-24,C0031,Pisgah Bike Co.,Dealer,Booked,Net 45,Phoenix Distribution Center,10669.68
SO107891,2023-10-24,C0006,Tucson Trail Works,Dealer,Booked,Net 30,Phoenix Distribution Center,22996.42
SO107892,2023-10-24,C0010,Evergreen Cyclery,Dealer,Booked,Net 45,Phoenix Distribution Center,17337.36
SO107893,2023-10-24,C0006,Tucson Trail Works,Dealer,Booked,Net 30,Phoenix Distribution Center,25787.04
SO107894,2023-10-24,C0012,Rain City Cycles,Dealer,Booked,Net 30,Phoenix Distribution Center,9487.4
SO107895,2023-10-24,C0030,Blue Ridge Cycles,Dealer,Booked,Net 30,Phoenix Distribution Center,41840.08
SO107896,2023-10-24,C0022,Wasatch Wheel Works,Dealer,Booked,Net 30,Phoenix Distribution Center,22687.66
SO107897,2023-10-24,C0027,Prairie Trail Bikes,Dealer,Booked,Net 30,Phoenix Distribution Center,36449.8
SO107898,2023-10-24,C0018,High Country Bikes,Dealer,Booked,Net 45,Phoenix Distribution Center,15309.1
SO107899,2023-10-24,C0028,Windy City Cycles,Dealer,Booked,Net 30,Phoenix Distribution Center,48869.6
SO107900,2023-10-24,C0006,Tucson Trail Works,Dealer,Booked,Net 30,Phoenix Distribution Center,21076.28
SO107901,2023-10-24,C0010,Evergreen Cyclery,Dealer,Booked,Net 45,Phoenix Distribution Center,11191.1
SO107902,2023-10-24,C0032,Southern Singletrack,Dealer,Booked,Net 30,Phoenix Distribution Center,40160.9
SO107903,2023-10-24,C0002,Desert Trail Bikes,Dealer,Booked,Net 45,Phoenix Distribution Center,15309.1
SO107904,2023-10-24,C0006,Tucson Trail Works,Dealer,Booked,Net 30,Phoenix Distribution Center,51078.08
SO107905,2023-10-24,C0031,Pisgah Bike Co.,Dealer,Booked,Net 45,Phoenix Distribution Center,40476.46
SO107906,2023-10-24,C0001,Sonoran Cycles Online,DTC,Booked,Credit Card,Phoenix Distribution Center,4599.0
SO107907,2023-10-24,C0001,Sonoran Cycles Online,DTC,Booked,Credit Card,Phoenix Distribution Center,5199.0
SO107908,2023-10-24,C0001,Sonoran Cycles Online,DTC,Booked,Credit Card,Phoenix Distribution Center,6199.0
SO107909,2023-10-24,C0001,Sonoran Cycles Online,DTC,Booked,Credit Card,Phoenix Distribution Center,7499.0
SO107910,2023-10-24,C0001,Sonoran Cycles Online,DTC,Booked,Credit Card,Phoenix Distribution Center,3299.0
SO107911,2023-10-24,C0001,Sonoran Cycles Online,DTC,Booked,Credit Card,Phoenix Distribution Center,4599.0
SO107912,2023-10-24,C0001,Sonoran Cycles Online,DTC,Booked,Credit Card,Phoenix Distribution Center,5199.0
SO107913,2023-10-25,C0003,Cactus Cycling,Dealer,Booked,Net 30,Phoenix Distribution Center,27273.18
SO107914,2023-10-25,C0029,River Bend Bikes,Dealer,Booked,Net 30,Phoenix Distribution Center,26644.8
SO107915,2023-10-25,C0028,Windy City Cycles,Dealer,Booked,Net 30,Phoenix Distribution Center,30414.15
SO107916,2023-10-25,C0003,Cactus Cycling,Dealer,Booked,Net 30,Phoenix Distribution Center,20268.42
SO107917,2023-10-25,C0025,Lakeshore Bikes,Dealer,Booked,Net 30,Phoenix Distribution Center,12396.9
SO107918,2023-10-25,C0004,Sonoran Bike Co.,Dealer,Booked,Net 30,Phoenix Distribution Center,12893.52
SO107919,2023-10-25,C0010,Evergreen Cyclery,Dealer,Booked,Net 45,Phoenix Distribution Center,24527.62
SO107920,2023-10-25,C0011,Cascade Bikes,Dealer,Booked,Net 30,Phoenix Distribution Center,29507.04
SO107921,2023-10-25,C0004,Sonoran Bike Co.,Dealer,Booked,Net 30,Phoenix Distribution Center,29010.42
SO107922,2023-10-25,C0018,High Country Bikes,Dealer,Booked,Net 45,Phoenix Distribution Center,29110.78
SO107923,2023-10-25,C0030,Blue Ridge Cycles,Dealer,Booked,Net 30,Phoenix Distribution Center,19588.28
SO107924,2023-10-25,C0002,Desert Trail Bikes,Dealer,Booked,Net 45,Phoenix Distribution Center,48015.88
SO107925,2023-10-25,C0023,Bozeman Bike Works,Dealer,Booked,Net 30,Phoenix Distribution Center,15336.75
SO107926,2023-10-25,C0022,Wasatch Wheel Works,Dealer,Booked,Net 30,Phoenix Distribution Center,15744.9
SO107927,2023-10-25,C0030,Blue Ridge Cycles,Dealer,Booked,Net 30,Phoenix Distribution Center,13389.52
SO107928,2023-10-25,C0002,Desert Trail Bikes,Dealer,Booked,Net 45,Phoenix Distribution Center,32358.2
SO107929,2023-10-25,C0001,Sonoran Cycles Online,DTC,Booked,Credit Card,Phoenix Distribution Center,5199.0
SO107930,2023-10-25,C0001,Sonoran Cycles Online,DTC,Booked,Credit Card,Phoenix Distribution Center,6798.0
SO107931,2023-10-25,C0001,Sonoran Cycles Online,DTC,Booked,Credit Card,Phoenix Distribution Center,7499.0
SO107932,2023-10-25,C0001,Sonoran Cycles Online,DTC,Booked,Credit Card,Phoenix Distribution Center,6199.0
SO107933,2023-10-25,C0001,Sonoran Cycles Online,DTC,Booked,Credit Card,Phoenix Distribution Center,3299.0
SO107934,2023-10-25,C0001,Sonoran Cycles Online,DTC,Booked,Credit Card,Phoenix Distribution Center,4599.0
SO107935,2023-10-25,C0001,Sonoran Cycles Online,DTC,Booked,Credit Card,Phoenix Distribution Center,3299.0
SO107936,2023-10-25,C0001,Sonoran Cycles Online,DTC,Booked,Credit Card,Phoenix Distribution Center,5199.0
SO107937,2023-10-26,C0020,Alpine Ride Co.,Dealer,Booked,Net 30,Phoenix Distribution Center,20889.04
SO107938,2023-10-26,C0020,Alpine Ride Co.,Dealer,Booked,Net 30,Phoenix Distribution Center,13946.28
SO107939,2023-10-26,C0033,Appalachian Bikes,Dealer,Booked,Net 30,Phoenix Distribution Center,22749.04
SO107940,2023-10-26,C0004,Sonoran Bike Co.,Dealer,Booked,Net 30,Phoenix Distribution Center,33473.8
SO107941,2023-10-26,C0014,Redwood Ride Shop,Dealer,Booked,Net 30,Phoenix Distribution Center,18100.28
SO107942,2023-10-26,C0017,Bay Mountain Bikes,Dealer,Booked,Net 30,Phoenix Distribution Center,22067.04
SO107943,2023-10-26,C0027,Prairie Trail Bikes,Dealer,Booked,Net 30,Phoenix Distribution Center,35085.18
SO107944,2023-10-26,C0027,Prairie Trail Bikes,Dealer,Booked,Net 30,Phoenix Distribution Center,12521.52
SO107945,2023-10-26,C0021,Rocky Peak Cycles,Dealer,Booked,Net 30,Phoenix Distribution Center,25149.15
SO107946,2023-10-26,C0008,Sedona Ride Center,Dealer,Booked,Net 30,Phoenix Distribution Center,61432.7
SO107947,2023-10-26,C0031,Pisgah Bike Co.,Dealer,Booked,Net 45,Phoenix Distribution Center,12061.68
SO107948,2023-10-26,C0030,Blue Ridge Cycles,Dealer,Booked,Net 30,Phoenix Distribution Center,44258.7
SO107949,2023-10-26,C0016,Coastal Gravel Co.,Dealer,Booked,Net 30,Phoenix Distribution Center,22484.15
SO107950,2023-10-26,C0006,Tucson Trail Works,Dealer,Booked,Net 30,Phoenix Distribution Center,22068.28
SO107951,2023-10-26,C0001,Sonoran Cycles Online,DTC,Booked,Credit Card,Phoenix Distribution Center,3499.0
SO107952,2023-10-26,C0001,Sonoran Cycles Online,DTC,Booked,Credit Card,Phoenix Distribution Center,6199.0
SO107953,2023-10-26,C0001,Sonoran Cycles Online,DTC,Booked,Credit Card,Phoenix Distribution Center,4599.0
SO107954,2023-10-26,C0001,Sonoran Cycles Online,DTC,Booked,Credit Card,Phoenix Distribution Center,3299.0
SO107955,2023-10-26,C0001,Sonoran Cycles Online,DTC,Booked,Credit Card,Phoenix Distribution Center,3499.0
SO107956,2023-10-26,C0001,Sonoran Cycles Online,DTC,Booked,Credit Card,Phoenix Distribution Center,4599.0
SO107957,2023-10-26,C0001,Sonoran Cycles Online,DTC,Booked,Credit Card,Phoenix Distribution Center,5199.0
SO107958,2023-10-27,C0033,Appalachian Bikes,Dealer,Booked,Net 30,Phoenix Distribution Center,33721.8
SO107959,2023-10-27,C0020,Alpine Ride Co.,Dealer,Booked,Net 30,Phoenix Distribution Center,8615.52
SO107960,2023-10-27,C0025,Lakeshore Bikes,Dealer,Booked,Net 30,Phoenix Distribution Center,19401.04
SO107961,2023-10-27,C0028,Windy City Cycles,Dealer,Booked,Net 30,Phoenix Distribution Center,12933.05
SO107962,2023-10-27,C0029,River Bend Bikes,Dealer,Booked,Net 30,Phoenix Distribution Center,25865.45
SO107963,2023-10-27,C0019,Front Range Cyclery,Dealer,Booked,Net 30,Phoenix Distribution Center,37688.56
SO107964,2023-10-27,C0020,Alpine Ride Co.,Dealer,Booked,Net 30,Phoenix Distribution Center,31116.56
SO107965,2023-10-27,C0003,Cactus Cycling,Dealer,Booked,Net 30,Phoenix Distribution Center,40290.7
SO107966,2023-10-27,C0010,Evergreen Cyclery,Dealer,Booked,Net 45,Phoenix Distribution Center,22961.04
SO107967,2023-10-27,C0019,Front Range Cyclery,Dealer,Booked,Net 30,Phoenix Distribution Center,27522.42
SO107968,2023-10-27,C0015,Sierra Cycle Works,Dealer,Booked,Net 30,Phoenix Distribution Center,24671.04
SO107969,2023-10-27,C0019,Front Range Cyclery,Dealer,Booked,Net 30,Phoenix Distribution Center,8368.14
SO107970,2023-10-27,C0013,Pacific Trail Bikes,Dealer,Booked,Net 45,Phoenix Distribution Center,13395.68
SO107971,2023-10-27,C0025,Lakeshore Bikes,Dealer,Booked,Net 30,Phoenix Distribution Center,16053.66
SO107972,2023-10-27,C0002,Desert Trail Bikes,Dealer,Booked,Net 45,Phoenix Distribution Center,29690.78
SO107973,2023-10-27,C0022,Wasatch Wheel Works,Dealer,Booked,Net 30,Phoenix Distribution Center,18596.28
SO107974,2023-10-27,C0022,Wasatch Wheel Works,Dealer,Booked,Net 30,Phoenix Distribution Center,29507.04
SO107975,2023-10-27,C0001,Sonoran Cycles Online,DTC,Booked,Credit Card,Phoenix Distribution Center,5199.0
SO107976,2023-10-27,C0001,Sonoran Cycles Online,DTC,Booked,Credit Card,Phoenix Distribution Center,4599.0
SO107977,2023-10-27,C0001,Sonoran Cycles Online,DTC,Booked,Credit Card,Phoenix Distribution Center,14998.0
SO107978,2023-10-27,C0001,Sonoran Cycles Online,DTC,Booked,Credit Card,Phoenix Distribution Center,4599.0
SO107979,2023-10-27,C0001,Sonoran Cycles Online,DTC,Booked,Credit Card,Phoenix Distribution Center,3299.0
SO107980,2023-10-27,C0001,Sonoran Cycles Online,DTC,Booked,Credit Card,Phoenix Distribution Center,4599.0
SO107981,2023-10-27,C0001,Sonoran Cycles Online,DTC,Booked,Credit Card,Phoenix Distribution Center,4599.0
SO107982,2023-10-27,C0001,Sonoran Cycles Online,DTC,Booked,Credit Card,Phoenix Distribution Center,6199.0
SO107983,2023-10-28,C0012,Rain City Cycles,Dealer,Booked,Net 30,Phoenix Distribution Center,32232.85
SO107984,2023-10-28,C0018,High Country Bikes,Dealer,Booked,Net 45,Phoenix Distribution Center,34329.62
SO107985,2023-10-28,C0031,Pisgah Bike Co.,Dealer,Booked,Net 45,Phoenix Distribution Center,27255.36
SO107986,2023-10-28,C0030,Blue Ridge Cycles,Dealer,Booked,Net 30,Phoenix Distribution Center,14133.52
SO107987,2023-10-28,C0001,Sonoran Cycles Online,DTC,Booked,Credit Card,Phoenix Distribution Center,6199.0
SO107988,2023-10-28,C0001,Sonoran Cycles Online,DTC,Booked,Credit Card,Phoenix Distribution Center,5199.0
SO107989,2023-10-28,C0001,Sonoran Cycles Online,DTC,Booked,Credit Card,Phoenix Distribution Center,4599.0
SO107990,2023-10-28,C0001,Sonoran Cycles Online,DTC,Booked,Credit Card,Phoenix Distribution Center,5199.0
SO107991,2023-10-28,C0001,Sonoran Cycles Online,DTC,Booked,Credit Card,Phoenix Distribution Center,4599.0
SO107992,2023-10-28,C0001,Sonoran Cycles Online,DTC,Booked,Credit Card,Phoenix Distribution Center,6199.0
SO107993,2023-10-28,C0001,Sonoran Cycles Online,DTC,Booked,Credit Card,Phoenix Distribution Center,3499.0
SO107994,2023-10-28,C0001,Sonoran Cycles Online,DTC,Booked,Credit Card,Phoenix Distribution Center,3499.0
SO107995,2023-10-28,C0001,Sonoran Cycles Online,DTC,Booked,Credit Card,Phoenix Distribution Center,3299.0
SO107996,2023-10-28,C0001,Sonoran Cycles Online,DTC,Booked,Credit Card,Phoenix Distribution Center,7499.0
SO107997,2023-10-28,C0001,Sonoran Cycles Online,DTC,Booked,Credit Card,Phoenix Distribution Center,3299.0
SO107998,2023-10-28,C0001,Sonoran Cycles Online,DTC,Booked,Credit Card,Phoenix Distribution Center,7499.0
SO107999,2023-10-28,C0001,Sonoran Cycles Online,DTC,Booked,Credit Card,Phoenix Distribution Center,19596.0
SO108000,2023-10-29,C0014,Redwood Ride Shop,Dealer,Booked,Net 30,Phoenix Distribution Center,13822.9
SO108001,2023-10-29,C0001,Sonoran Cycles Online,DTC,Booked,Credit Card,Phoenix Distribution Center,4599.0
SO108002,2023-10-29,C0001,Sonoran Cycles Online,DTC,Booked,Credit Card,Phoenix Distribution Center,6199.0
SO108003,2023-10-29,C0001,Sonoran Cycles Online,DTC,Booked,Credit Card,Phoenix Distribution Center,3999.0
SO108004,2023-10-29,C0001,Sonoran Cycles Online,DTC,Booked,Credit Card,Phoenix Distribution Center,4599.0
SO108005,2023-10-29,C0001,Sonoran Cycles Online,DTC,Booked,Credit Card,Phoenix Distribution Center,6199.0
SO108006,2023-10-29,C0001,Sonoran Cycles Online,DTC,Booked,Credit Card,Phoenix Distribution Center,5199.0
SO108007,2023-10-29,C0001,Sonoran Cycles Online,DTC,Booked,Credit Card,Phoenix Distribution Center,3299.0
SO108008,2023-10-29,C0001,Sonoran Cycles Online,DTC,Booked,Credit Card,Phoenix Distribution Center,8698.0
SO108009,2023-10-29,C0001,Sonoran Cycles Online,DTC,Booked,Credit Card,Phoenix Distribution Center,4599.0
SO108010,2023-10-29,C0001,Sonoran Cycles Online,DTC,Booked,Credit Card,Phoenix Distribution Center,3299.0
SO108011,2023-10-29,C0001,Sonoran Cycles Online,DTC,Booked,Credit Card,Phoenix Distribution Center,6199.0
SO108012,2023-10-30,C0008,Sedona Ride Center,Dealer,Booked,Net 30,Phoenix Distribution Center,62053.32
SO108013,2023-10-30,C0007,Red Rock Cycles,Dealer,Booked,Net 30,Phoenix Distribution Center,35937.85
SO108014,2023-10-30,C0002,Desert Trail Bikes,Dealer,Booked,Net 45,Phoenix Distribution Center,45811.3
SO108015,2023-10-30,C0008,Sedona Ride Center,Dealer,Booked,Net 30,Phoenix Distribution Center,46553.94
SO108016,2023-10-30,C0009,Las Cruces Cycling,Dealer,Booked,Net 30,Phoenix Distribution Center,16116.75
SO108017,2023-10-30,C0014,Redwood Ride Shop,Dealer,Booked,Net 30,Phoenix Distribution Center,60004.84
SO108018,2023-10-30,C0003,Cactus Cycling,Dealer,Booked,Net 30,Phoenix Distribution Center,5702.76
SO108019,2023-10-30,C0019,Front Range Cyclery,Dealer,Booked,Net 30,Phoenix Distribution Center,48227.32
SO108020,2023-10-30,C0005,Mesa Mountain Bikes,Dealer,Booked,Net 30,Phoenix Distribution Center,34311.55
SO108021,2023-10-30,C0013,Pacific Trail Bikes,Dealer,Booked,Net 45,Phoenix Distribution Center,58802.72
SO108022,2023-10-30,C0015,Sierra Cycle Works,Dealer,Booked,Net 30,Phoenix Distribution Center,37564.56
SO108023,2023-10-30,C0004,Sonoran Bike Co.,Dealer,Booked,Net 30,Phoenix Distribution Center,20580.28
SO108024,2023-10-30,C0030,Blue Ridge Cycles,Dealer,Booked,Net 30,Phoenix Distribution Center,22563.66
SO108025,2023-10-30,C0018,High Country Bikes,Dealer,Booked,Net 45,Phoenix Distribution Center,16121.1
SO108026,2023-10-30,C0027,Prairie Trail Bikes,Dealer,Booked,Net 30,Phoenix Distribution Center,36448.56
SO108027,2023-10-30,C0002,Desert Trail Bikes,Dealer,Booked,Net 45,Phoenix Distribution Center,37112.46
SO108028,2023-10-30,C0029,River Bend Bikes,Dealer,Booked,Net 30,Phoenix Distribution Center,17806.75
SO108029,2023-10-30,C0001,Sonoran Cycles Online,DTC,Booked,Credit Card,Phoenix Distribution Center,5199.0
SO108030,2023-10-30,C0001,Sonoran Cycles Online,DTC,Booked,Credit Card,Phoenix Distribution Center,7499.0
SO108031,2023-10-30,C0001,Sonoran Cycles Online,DTC,Booked,Credit Card,Phoenix Distribution Center,10798.0
SO108032,2023-10-30,C0001,Sonoran Cycles Online,DTC,Booked,Credit Card,Phoenix Distribution Center,6199.0
SO108033,2023-10-30,C0001,Sonoran Cycles Online,DTC,Booked,Credit Card,Phoenix Distribution Center,3299.0
SO108034,2023-10-30,C0001,Sonoran Cycles Online,DTC,Booked,Credit Card,Phoenix Distribution Center,3499.0
SO108035,2023-10-30,C0001,Sonoran Cycles Online,DTC,Booked,Credit Card,Phoenix Distribution Center,14998.0
SO108036,2023-10-31,C0017,Bay Mountain Bikes,Dealer,Booked,Net 30,Phoenix Distribution Center,5268.76
SO108037,2023-10-31,C0018,High Country Bikes,Dealer,Booked,Net 45,Phoenix Distribution Center,15657.1
SO108038,2023-10-31,C0031,Pisgah Bike Co.,Dealer,Booked,Net 45,Phoenix Distribution Center,11945.68
SO108039,2023-10-31,C0018,High Country Bikes,Dealer,Booked,Net 45,Phoenix Distribution Center,28530.78
SO108040,2023-10-31,C0022,Wasatch Wheel Works,Dealer,Booked,Net 30,Phoenix Distribution Center,27523.04
SO108041,2023-10-31,C0010,Evergreen Cyclery,Dealer,Booked,Net 45,Phoenix Distribution Center,5856.26
SO108042,2023-10-31,C0022,Wasatch Wheel Works,Dealer,Booked,Net 30,Phoenix Distribution Center,32047.18
SO108043,2023-10-31,C0012,Rain City Cycles,Dealer,Booked,Net 30,Phoenix Distribution Center,19886.1
SO108044,2023-10-31,C0020,Alpine Ride Co.,Dealer,Booked,Net 30,Phoenix Distribution Center,22066.42
SO108045,2023-10-31,C0010,Evergreen Cyclery,Dealer,Booked,Net 45,Phoenix Distribution Center,18381.36
SO108046,2023-10-31,C0021,Rocky Peak Cycles,Dealer,Booked,Net 30,Phoenix Distribution Center,28464.15
SO108047,2023-10-31,C0017,Bay Mountain Bikes,Dealer,Booked,Net 30,Phoenix Distribution Center,19340.28
SO108048,2023-10-31,C0010,Evergreen Cyclery,Dealer,Booked,Net 45,Phoenix Distribution Center,11191.1
SO108049,2023-10-31,C0031,Pisgah Bike Co.,Dealer,Booked,Net 45,Phoenix Distribution Center,26675.36
SO108050,2023-10-31,C0028,Windy City Cycles,Dealer,Booked,Net 30,Phoenix Distribution Center,49975.9
SO108051,2023-10-31,C0003,Cactus Cycling,Dealer,Booked,Net 30,Phoenix Distribution Center,42956.7
SO108052,2023-10-31,C0030,Blue Ridge Cycles,Dealer,Booked,Net 30,Phoenix Distribution Center,13450.28
SO108053,2023-10-31,C0001,Sonoran Cycles Online,DTC,Booked,Credit Card,Phoenix Distribution Center,3999.0
SO108054,2023-10-31,C0001,Sonoran Cycles Online,DTC,Booked,Credit Card,Phoenix Distribution Center,5199.0
SO108055,2023-10-31,C0001,Sonoran Cycles Online,DTC,Booked,Credit Card,Phoenix Distribution Center,4599.0
SO108056,2023-10-31,C0001,Sonoran Cycles Online,DTC,Booked,Credit Card,Phoenix Distribution Center,4599.0
SO108057,2023-10-31,C0001,Sonoran Cycles Online,DTC,Booked,Credit Card,Phoenix Distribution Center,9198.0
SO108058,2023-10-31,C0001,Sonoran Cycles Online,DTC,Booked,Credit Card,Phoenix Distribution Center,5199.0
SO108059,2023-10-31,C0001,Sonoran Cycles Online,DTC,Booked,Credit Card,Phoenix Distribution Center,7499.0
SO108060,2023-10-31,C0001,Sonoran Cycles Online,DTC,Booked,Credit Card,Phoenix Distribution Center,3299.0
SO108061,2023-11-01,C0003,Cactus Cycling,Dealer,Booked,Net 30,Phoenix Distribution Center,14628.28
SO108062,2023-11-01,C0003,Cactus Cycling,Dealer,Booked,Net 30,Phoenix Distribution Center,48472.84
SO108063,2023-11-01,C0009,Las Cruces Cycling,Dealer,Booked,Net 30,Phoenix Distribution Center,20600.45
SO108064,2023-11-01,C0002,Desert Trail Bikes,Dealer,Booked,Net 45,Phoenix Distribution Center,37691.88
SO108065,2023-11-01,C0028,Windy City Cycles,Dealer,Booked,Net 30,Phoenix Distribution Center,40615.9
SO108066,2023-11-01,C0011,Cascade Bikes,Dealer,Booked,Net 30,Phoenix Distribution Center,22935.66
SO108067,2023-11-01,C0017,Bay Mountain Bikes,Dealer,Booked,Net 30,Phoenix Distribution Center,21323.66
SO108068,2023-11-01,C0032,Southern Singletrack,Dealer,Booked,Net 30,Phoenix Distribution Center,13841.75
SO108069,2023-11-01,C0027,Prairie Trail Bikes,Dealer,Booked,Net 30,Phoenix Distribution Center,44878.08
SO108070,2023-11-01,C0004,Sonoran Bike Co.,Dealer,Booked,Net 30,Phoenix Distribution Center,15744.9
SO108071,2023-11-01,C0034,Green Mountain Bikes,Dealer,Booked,Net 30,Phoenix Distribution Center,27148.56
SO108072,2023-11-01,C0006,Tucson Trail Works,Dealer,Booked,Net 30,Phoenix Distribution Center,52812.84
SO108073,2023-11-01,C0022,Wasatch Wheel Works,Dealer,Booked,Net 30,Phoenix Distribution Center,8554.14
SO108074,2023-11-01,C0013,Pacific Trail Bikes,Dealer,Booked,Net 45,Phoenix Distribution Center,40129.04
SO108075,2023-11-01,C0008,Sedona Ride Center,Dealer,Booked,Net 30,Phoenix Distribution Center,13948.14
SO108076,2023-11-01,C0001,Sonoran Cycles Online,DTC,Booked,Credit Card,Phoenix Distribution Center,7898.0
SO108077,2023-11-01,C0001,Sonoran Cycles Online,DTC,Booked,Credit Card,Phoenix Distribution Center,3299.0
SO108078,2023-11-01,C0001,Sonoran Cycles Online,DTC,Booked,Credit Card,Phoenix Distribution Center,4599.0
SO108079,2023-11-01,C0001,Sonoran Cycles Online,DTC,Booked,Credit Card,Phoenix Distribution Center,3299.0
SO108080,2023-11-01,C0001,Sonoran Cycles Online,DTC,Booked,Credit Card,Phoenix Distribution Center,3499.0
SO108081,2023-11-01,C0001,Sonoran Cycles Online,DTC,Booked,Credit Card,Phoenix Distribution Center,3299.0
SO108082,2023-11-01,C0001,Sonoran Cycles Online,DTC,Booked,Credit Card,Phoenix Distribution Center,4599.0
SO108083,2023-11-01,C0001,Sonoran Cycles Online,DTC,Booked,Credit Card,Phoenix Distribution Center,6798.0
SO108084,2023-11-02,C0003,Cactus Cycling,Dealer,Booked,Net 30,Phoenix Distribution Center,5888.76
SO108085,2023-11-02,C0007,Red Rock Cycles,Dealer,Booked,Net 30,Phoenix Distribution Center,53159.6
SO108086,2023-11-02,C0009,Las Cruces Cycling,Dealer,Booked,Net 30,Phoenix Distribution Center,29179.15
SO108087,2023-11-02,C0006,Tucson Trail Works,Dealer,Booked,Net 30,Phoenix Distribution Center,45374.7
SO108088,2023-11-02,C0012,Rain City Cycles,Dealer,Booked,Net 30,Phoenix Distribution Center,32688.5
SO108089,2023-11-02,C0010,Evergreen Cyclery,Dealer,Booked,Net 45,Phoenix Distribution Center,16119.36
SO108090,2023-11-02,C0033,Appalachian Bikes,Dealer,Booked,Net 30,Phoenix Distribution Center,23493.04
SO108091,2023-11-02,C0034,Green Mountain Bikes,Dealer,Booked,Net 30,Phoenix Distribution Center,27274.42
SO108092,2023-11-02,C0016,Coastal Gravel Co.,Dealer,Booked,Net 30,Phoenix Distribution Center,33012.2
SO108093,2023-11-02,C0005,Mesa Mountain Bikes,Dealer,Booked,Net 30,Phoenix Distribution Center,18260.45
SO108094,2023-11-02,C0002,Desert Trail Bikes,Dealer,Booked,Net 45,Phoenix Distribution Center,47377.88
SO108095,2023-11-02,C0025,Lakeshore Bikes,Dealer,Booked,Net 30,Phoenix Distribution Center,38803.32
SO108096,2023-11-02,C0018,High Country Bikes,Dealer,Booked,Net 45,Phoenix Distribution Center,5682.84
SO108097,2023-11-02,C0004,Sonoran Bike Co.,Dealer,Booked,Net 30,Phoenix Distribution Center,43639.94
SO108098,2023-11-02,C0025,Lakeshore Bikes,Dealer,Booked,Net 30,Phoenix Distribution Center,22997.04
SO108099,2023-11-02,C0015,Sierra Cycle Works,Dealer,Booked,Net 30,Phoenix Distribution Center,36076.56
SO108100,2023-11-02,C0002,Desert Trail Bikes,Dealer,Booked,Net 45,Phoenix Distribution Center,37344.46
SO108101,2023-11-02,C0001,Sonoran Cycles Online,DTC,Booked,Credit Card,Phoenix Distribution Center,3999.0
SO108102,2023-11-02,C0001,Sonoran Cycles Online,DTC,Booked,Credit Card,Phoenix Distribution Center,3299.0
SO108103,2023-11-02,C0001,Sonoran Cycles Online,DTC,Booked,Credit Card,Phoenix Distribution Center,6199.0
SO108104,2023-11-02,C0001,Sonoran Cycles Online,DTC,Booked,Credit Card,Phoenix Distribution Center,9198.0
SO108105,2023-11-02,C0001,Sonoran Cycles Online,DTC,Booked,Credit Card,Phoenix Distribution Center,5199.0
SO108106,2023-11-02,C0001,Sonoran Cycles Online,DTC,Booked,Credit Card,Phoenix Distribution Center,5199.0
SO108107,2023-11-02,C0001,Sonoran Cycles Online,DTC,Booked,Credit Card,Phoenix Distribution Center,3499.0
SO108108,2023-11-02,C0001,Sonoran Cycles Online,DTC,Booked,Credit Card,Phoenix Distribution Center,5199.0
SO108109,2023-11-03,C0026,Great Lakes Cyclery,Dealer,Booked,Net 30,Phoenix Distribution Center,17026.75
SO108110,2023-11-03,C0030,Blue Ridge Cycles,Dealer,Booked,Net 30,Phoenix Distribution Center,30870.42
SO108111,2023-11-03,C0011,Cascade Bikes,Dealer,Booked,Net 30,Phoenix Distribution Center,41592.08
SO108112,2023-11-03,C0021,Rocky Peak Cycles,Dealer,Booked,Net 30,Phoenix Distribution Center,17611.75
SO108113,2023-11-03,C0025,Lakeshore Bikes,Dealer,Booked,Net 30,Phoenix Distribution Center,17851.66
SO108114,2023-11-03,C0006,Tucson Trail Works,Dealer,Booked,Net 30,Phoenix Distribution Center,17232.9
SO108115,2023-11-03,C0035,Adirondack Cycles,Dealer,Booked,Net 30,Phoenix Distribution Center,35222.85
SO108116,2023-11-03,C0004,Sonoran Bike Co.,Dealer,Booked,Net 30,Phoenix Distribution Center,24919.66
SO108117,2023-11-03,C0012,Rain City Cycles,Dealer,Booked,Net 30,Phoenix Distribution Center,51145.9
SO108118,2023-11-03,C0009,Las Cruces Cycling,Dealer,Booked,Net 30,Phoenix Distribution Center,25668.5
SO108119,2023-11-03,C0016,Coastal Gravel Co.,Dealer,Booked,Net 30,Phoenix Distribution Center,22289.15
SO108120,2023-11-03,C0010,Evergreen Cyclery,Dealer,Booked,Net 45,Phoenix Distribution Center,28876.46
SO108121,2023-11-03,C0025,Lakeshore Bikes,Dealer,Booked,Net 30,Phoenix Distribution Center,11032.9
SO108122,2023-11-03,C0001,Sonoran Cycles Online,DTC,Booked,Credit Card,Phoenix Distribution Center,4599.0
SO108123,2023-11-03,C0001,Sonoran Cycles Online,DTC,Booked,Credit Card,Phoenix Distribution Center,4599.0
SO108124,2023-11-03,C0001,Sonoran Cycles Online,DTC,Booked,Credit Card,Phoenix Distribution Center,5199.0
SO108125,2023-11-03,C0001,Sonoran Cycles Online,DTC,Booked,Credit Card,Phoenix Distribution Center,4599.0
SO108126,2023-11-03,C0001,Sonoran Cycles Online,DTC,Booked,Credit Card,Phoenix Distribution Center,6199.0
SO108127,2023-11-03,C0001,Sonoran Cycles Online,DTC,Booked,Credit Card,Phoenix Distribution Center,5199.0
SO108128,2023-11-03,C0001,Sonoran Cycles Online,DTC,Booked,Credit Card,Phoenix Distribution Center,4599.0
SO108129,2023-11-03,C0001,Sonoran Cycles Online,DTC,Booked,Credit Card,Phoenix Distribution Center,3999.0
SO108130,2023-11-04,C0013,Pacific Trail Bikes,Dealer,Booked,Net 45,Phoenix Distribution Center,9626.26
SO108131,2023-11-04,C0002,Desert Trail Bikes,Dealer,Booked,Net 45,Phoenix Distribution Center,41867.88
SO108132,2023-11-04,C0034,Green Mountain Bikes,Dealer,Booked,Net 30,Phoenix Distribution Center,24235.18
SO108133,2023-11-04,C0017,Bay Mountain Bikes,Dealer,Booked,Net 30,Phoenix Distribution Center,24919.04
SO108134,2023-11-04,C0031,Pisgah Bike Co.,Dealer,Booked,Net 45,Phoenix Distribution Center,8350.26
SO108135,2023-11-04,C0001,Sonoran Cycles Online,DTC,Booked,Credit Card,Phoenix Distribution Center,3299.0
SO108136,2023-11-04,C0001,Sonoran Cycles Online,DTC,Booked,Credit Card,Phoenix Distribution Center,3499.0
SO108137,2023-11-04,C0001,Sonoran Cycles Online,DTC,Booked,Credit Card,Phoenix Distribution Center,3299.0
SO108138,2023-11-04,C0001,Sonoran Cycles Online,DTC,Booked,Credit Card,Phoenix Distribution Center,4599.0
SO108139,2023-11-04,C0001,Sonoran Cycles Online,DTC,Booked,Credit Card,Phoenix Distribution Center,4599.0
SO108140,2023-11-04,C0001,Sonoran Cycles Online,DTC,Booked,Credit Card,Phoenix Distribution Center,6199.0
SO108141,2023-11-04,C0001,Sonoran Cycles Online,DTC,Booked,Credit Card,Phoenix Distribution Center,4599.0
SO108142,2023-11-04,C0001,Sonoran Cycles Online,DTC,Booked,Credit Card,Phoenix Distribution Center,4599.0
SO108143,2023-11-04,C0001,Sonoran Cycles Online,DTC,Booked,Credit Card,Phoenix Distribution Center,3299.0
SO108144,2023-11-04,C0001,Sonoran Cycles Online,DTC,Booked,Credit Card,Phoenix Distribution Center,4599.0
SO108145,2023-11-04,C0001,Sonoran Cycles Online,DTC,Booked,Credit Card,Phoenix Distribution Center,9798.0
SO108146,2023-11-04,C0001,Sonoran Cycles Online,DTC,Booked,Credit Card,Phoenix Distribution Center,4599.0
SO108147,2023-11-05,C0031,Pisgah Bike Co.,Dealer,Booked,Net 45,Phoenix Distribution Center,26443.36
SO108148,2023-11-05,C0025,Lakeshore Bikes,Dealer,Booked,Net 30,Phoenix Distribution Center,35330.7
SO108149,2023-11-05,C0001,Sonoran Cycles Online,DTC,Booked,Credit Card,Phoenix Distribution Center,12398.0
SO108150,2023-11-05,C0001,Sonoran Cycles Online,DTC,Booked,Credit Card,Phoenix Distribution Center,9198.0
SO108151,2023-11-05,C0001,Sonoran Cycles Online,DTC,Booked,Credit Card,Phoenix Distribution Center,4599.0
SO108152,2023-11-05,C0001,Sonoran Cycles Online,DTC,Booked,Credit Card,Phoenix Distribution Center,4599.0
SO108153,2023-11-05,C0001,Sonoran Cycles Online,DTC,Booked,Credit Card,Phoenix Distribution Center,3999.0
SO108154,2023-11-05,C0001,Sonoran Cycles Online,DTC,Booked,Credit Card,Phoenix Distribution Center,6199.0
SO108155,2023-11-05,C0001,Sonoran Cycles Online,DTC,Booked,Credit Card,Phoenix Distribution Center,4599.0
SO108156,2023-11-05,C0001,Sonoran Cycles Online,DTC,Booked,Credit Card,Phoenix Distribution Center,14998.0
SO108157,2023-11-05,C0001,Sonoran Cycles Online,DTC,Booked,Credit Card,Phoenix Distribution Center,5199.0
SO108158,2023-11-05,C0001,Sonoran Cycles Online,DTC,Booked,Credit Card,Phoenix Distribution Center,4599.0
SO108159,2023-11-06,C0032,Southern Singletrack,Dealer,Booked,Net 30,Phoenix Distribution Center,26319.8
SO108160,2023-11-06,C0025,Lakeshore Bikes,Dealer,Booked,Net 30,Phoenix Distribution Center,20889.04
SO108161,2023-11-06,C0019,Front Range Cyclery,Dealer,Booked,Net 30,Phoenix Distribution Center,63849.46
SO108162,2023-11-06,C0008,Sedona Ride Center,Dealer,Booked,Net 30,Phoenix Distribution Center,47731.94
SO108163,2023-11-06,C0034,Green Mountain Bikes,Dealer,Booked,Net 30,Phoenix Distribution Center,46363.6
SO108164,2023-11-06,C0010,Evergreen Cyclery,Dealer,Booked,Net 45,Phoenix Distribution Center,9567.68
SO108165,2023-11-06,C0018,High Country Bikes,Dealer,Booked,Net 45,Phoenix Distribution Center,42099.3
SO108166,2023-11-06,C0022,Wasatch Wheel Works,Dealer,Booked,Net 30,Phoenix Distribution Center,36820.56
SO108167,2023-11-06,C0031,Pisgah Bike Co.,Dealer,Booked,Net 45,Phoenix Distribution Center,27138.78
SO108168,2023-11-06,C0031,Pisgah Bike Co.,Dealer,Booked,Net 45,Phoenix Distribution Center,17976.52
SO108169,2023-11-06,C0002,Desert Trail Bikes,Dealer,Booked,Net 45,Phoenix Distribution Center,42447.3
SO108170,2023-11-06,C0025,Lakeshore Bikes,Dealer,Booked,Net 30,Phoenix Distribution Center,17665.04
SO108171,2023-11-06,C0006,Tucson Trail Works,Dealer,Booked,Net 30,Phoenix Distribution Center,20084.28
SO108172,2023-11-06,C0027,Prairie Trail Bikes,Dealer,Booked,Net 30,Phoenix Distribution Center,26531.04
SO108173,2023-11-06,C0010,Evergreen Cyclery,Dealer,Booked,Net 45,Phoenix Distribution Center,13393.94
SO108174,2023-11-06,C0001,Sonoran Cycles Online,DTC,Booked,Credit Card,Phoenix Distribution Center,4599.0
SO108175,2023-11-06,C0001,Sonoran Cycles Online,DTC,Booked,Credit Card,Phoenix Distribution Center,7499.0
SO108176,2023-11-06,C0001,Sonoran Cycles Online,DTC,Booked,Credit Card,Phoenix Distribution Center,3299.0
SO108177,2023-11-06,C0001,Sonoran Cycles Online,DTC,Booked,Credit Card,Phoenix Distribution Center,5199.0
SO108178,2023-11-06,C0001,Sonoran Cycles Online,DTC,Booked,Credit Card,Phoenix Distribution Center,3999.0
SO108179,2023-11-06,C0001,Sonoran Cycles Online,DTC,Booked,Credit Card,Phoenix Distribution Center,4599.0
SO108180,2023-11-06,C0001,Sonoran Cycles Online,DTC,Booked,Credit Card,Phoenix Distribution Center,4599.0
SO108181,2023-11-06,C0001,Sonoran Cycles Online,DTC,Booked,Credit Card,Phoenix Distribution Center,4599.0
SO108182,2023-11-07,C0008,Sedona Ride Center,Dealer,Booked,Net 30,Phoenix Distribution Center,50088.56
SO108183,2023-11-07,C0004,Sonoran Bike Co.,Dealer,Booked,Net 30,Phoenix Distribution Center,61864.22
SO108184,2023-11-07,C0032,Southern Singletrack,Dealer,Booked,Net 30,Phoenix Distribution Center,27361.1
SO108185,2023-11-07,C0029,River Bend Bikes,Dealer,Booked,Net 30,Phoenix Distribution Center,8058.7
SO108186,2023-11-07,C0023,Bozeman Bike Works,Dealer,Booked,Net 30,Phoenix Distribution Center,33663.5
SO108187,2023-11-07,C0033,Appalachian Bikes,Dealer,Booked,Net 30,Phoenix Distribution Center,36449.18
SO108188,2023-11-07,C0014,Redwood Ride Shop,Dealer,Booked,Net 30,Phoenix Distribution Center,16240.9
SO108189,2023-11-07,C0028,Windy City Cycles,Dealer,Booked,Net 30,Phoenix Distribution Center,29698.5
SO108190,2023-11-07,C0030,Blue Ridge Cycles,Dealer,Booked,Net 30,Phoenix Distribution Center,23555.04
SO108191,2023-11-07,C0018,High Country Bikes,Dealer,Booked,Net 45,Phoenix Distribution Center,6610.84
SO108192,2023-11-07,C0018,High Country Bikes,Dealer,Booked,Net 45,Phoenix Distribution Center,23775.36
SO108193,2023-11-07,C0019,Front Range Cyclery,Dealer,Booked,Net 30,Phoenix Distribution Center,19959.66
SO108194,2023-11-07,C0013,Pacific Trail Bikes,Dealer,Booked,Net 45,Phoenix Distribution Center,39492.2
SO108195,2023-11-07,C0031,Pisgah Bike Co.,Dealer,Booked,Net 45,Phoenix Distribution Center,17049.1
SO108196,2023-11-07,C0014,Redwood Ride Shop,Dealer,Booked,Net 30,Phoenix Distribution Center,16364.9
SO108197,2023-11-07,C0013,Pacific Trail Bikes,Dealer,Booked,Net 45,Phoenix Distribution Center,70343.56
SO108198,2023-11-07,C0002,Desert Trail Bikes,Dealer,Booked,Net 45,Phoenix Distribution Center,22905.36
SO108199,2023-11-07,C0008,Sedona Ride Center,Dealer,Booked,Net 30,Phoenix Distribution Center,55791.94
SO108200,2023-11-07,C0015,Sierra Cycle Works,Dealer,Booked,Net 30,Phoenix Distribution Center,37935.32
SO108201,2023-11-07,C0001,Sonoran Cycles Online,DTC,Booked,Credit Card,Phoenix Distribution Center,8698.0
SO108202,2023-11-07,C0001,Sonoran Cycles Online,DTC,Booked,Credit Card,Phoenix Distribution Center,4599.0
SO108203,2023-11-07,C0001,Sonoran Cycles Online,DTC,Booked,Credit Card,Phoenix Distribution Center,3499.0
SO108204,2023-11-07,C0001,Sonoran Cycles Online,DTC,Booked,Credit Card,Phoenix Distribution Center,12398.0
SO108205,2023-11-07,C0001,Sonoran Cycles Online,DTC,Booked,Credit Card,Phoenix Distribution Center,7898.0
SO108206,2023-11-07,C0001,Sonoran Cycles Online,DTC,Booked,Credit Card,Phoenix Distribution Center,5199.0
SO108207,2023-11-07,C0001,Sonoran Cycles Online,DTC,Booked,Credit Card,Phoenix Distribution Center,4599.0
SO108208,2023-11-08,C0009,Las Cruces Cycling,Dealer,Booked,Net 30,Phoenix Distribution Center,25085.45
SO108209,2023-11-08,C0031,Pisgah Bike Co.,Dealer,Booked,Net 45,Phoenix Distribution Center,39432.46
SO108210,2023-11-08,C0006,Tucson Trail Works,Dealer,Booked,Net 30,Phoenix Distribution Center,16735.66
SO108211,2023-11-08,C0033,Appalachian Bikes,Dealer,Booked,Net 30,Phoenix Distribution Center,20580.28
SO108212,2023-11-08,C0030,Blue Ridge Cycles,Dealer,Booked,Net 30,Phoenix Distribution Center,34960.56
SO108213,2023-11-08,C0013,Pacific Trail Bikes,Dealer,Booked,Net 45,Phoenix Distribution Center,48073.3
SO108214,2023-11-08,C0017,Bay Mountain Bikes,Dealer,Booked,Net 30,Phoenix Distribution Center,9670.14
SO108215,2023-11-08,C0003,Cactus Cycling,Dealer,Booked,Net 30,Phoenix Distribution Center,9173.52
SO108216,2023-11-08,C0010,Evergreen Cyclery,Dealer,Booked,Net 45,Phoenix Distribution Center,13393.94
SO108217,2023-11-08,C0015,Sierra Cycle Works,Dealer,Booked,Net 30,Phoenix Distribution Center,14628.9
SO108218,2023-11-08,C0010,Evergreen Cyclery,Dealer,Booked,Net 45,Phoenix Distribution Center,6494.26
SO108219,2023-11-08,C0002,Desert Trail Bikes,Dealer,Booked,Net 45,Phoenix Distribution Center,15250.52
SO108220,2023-11-08,C0028,Windy City Cycles,Dealer,Booked,Net 30,Phoenix Distribution Center,24498.5
SO108221,2023-11-08,C0020,Alpine Ride Co.,Dealer,Booked,Net 30,Phoenix Distribution Center,16302.28
SO108222,2023-11-08,C0007,Red Rock Cycles,Dealer,Booked,Net 30,Phoenix Distribution Center,35224.15
SO108223,2023-11-08,C0020,Alpine Ride Co.,Dealer,Booked,Net 30,Phoenix Distribution Center,32728.56
SO108224,2023-11-08,C0011,Cascade Bikes,Dealer,Booked,Net 30,Phoenix Distribution Center,23183.66
SO108225,2023-11-08,C0019,Front Range Cyclery,Dealer,Booked,Net 30,Phoenix Distribution Center,22563.66
SO108226,2023-11-08,C0001,Sonoran Cycles Online,DTC,Booked,Credit Card,Phoenix Distribution Center,5199.0
SO108227,2023-11-08,C0001,Sonoran Cycles Online,DTC,Booked,Credit Card,Phoenix Distribution Center,16996.0
SO108228,2023-11-08,C0001,Sonoran Cycles Online,DTC,Booked,Credit Card,Phoenix Distribution Center,7898.0
SO108229,2023-11-08,C0001,Sonoran Cycles Online,DTC,Booked,Credit Card,Phoenix Distribution Center,4599.0
SO108230,2023-11-08,C0001,Sonoran Cycles Online,DTC,Booked,Credit Card,Phoenix Distribution Center,4599.0
SO108231,2023-11-08,C0001,Sonoran Cycles Online,DTC,Booked,Credit Card,Phoenix Distribution Center,9198.0
SO108232,2023-11-08,C0001,Sonoran Cycles Online,DTC,Booked,Credit Card,Phoenix Distribution Center,10798.0
SO108233,2023-11-08,C0001,Sonoran Cycles Online,DTC,Booked,Credit Card,Phoenix Distribution Center,3499.0
SO108234,2023-11-09,C0002,Desert Trail Bikes,Dealer,Booked,Net 45,Phoenix Distribution Center,25514.2
SO108235,2023-11-09,C0018,High Country Bikes,Dealer,Booked,Net 45,Phoenix Distribution Center,30038.78
SO108236,2023-11-09,C0014,Redwood Ride Shop,Dealer,Booked,Net 30,Phoenix Distribution Center,28389.8
SO108237,2023-11-09,C0018,High Country Bikes,Dealer,Booked,Net 45,Phoenix Distribution Center,38041.04
SO108238,2023-11-09,C0008,Sedona Ride Center,Dealer,Booked,Net 30,Phoenix Distribution Center,16985.52
SO108239,2023-11-09,C0025,Lakeshore Bikes,Dealer,Booked,Net 30,Phoenix Distribution Center,7748.14
SO108240,2023-11-09,C0002,Desert Trail Bikes,Dealer,Booked,Net 45,Phoenix Distribution Center,29109.62
SO108241,2023-11-09,C0018,High Country Bikes,Dealer,Booked,Net 45,Phoenix Distribution Center,38504.46
SO108242,2023-11-09,C0017,Bay Mountain Bikes,Dealer,Booked,Net 30,Phoenix Distribution Center,46491.32
SO108243,2023-11-09,C0008,Sedona Ride Center,Dealer,Booked,Net 30,Phoenix Distribution Center,23989.66
SO108244,2023-11-09,C0011,Cascade Bikes,Dealer,Booked,Net 30,Phoenix Distribution Center,9546.14
SO108245,2023-11-09,C0032,Southern Singletrack,Dealer,Booked,Net 30,Phoenix Distribution Center,23135.45
SO108246,2023-11-09,C0034,Green Mountain Bikes,Dealer,Booked,Net 30,Phoenix Distribution Center,22871.8
SO108247,2023-11-09,C0018,High Country Bikes,Dealer,Booked,Net 45,Phoenix Distribution Center,37461.04
SO108248,2023-11-09,C0014,Redwood Ride Shop,Dealer,Booked,Net 30,Phoenix Distribution Center,28947.8
SO108249,2023-11-09,C0025,Lakeshore Bikes,Dealer,Booked,Net 30,Phoenix Distribution Center,11094.9
SO108250,2023-11-09,C0001,Sonoran Cycles Online,DTC,Booked,Credit Card,Phoenix Distribution Center,6598.0
SO108251,2023-11-09,C0001,Sonoran Cycles Online,DTC,Booked,Credit Card,Phoenix Distribution Center,3499.0
SO108252,2023-11-09,C0001,Sonoran Cycles Online,DTC,Booked,Credit Card,Phoenix Distribution Center,7499.0
SO108253,2023-11-09,C0001,Sonoran Cycles Online,DTC,Booked,Credit Card,Phoenix Distribution Center,4599.0
SO108254,2023-11-09,C0001,Sonoran Cycles Online,DTC,Booked,Credit Card,Phoenix Distribution Center,3499.0
SO108255,2023-11-09,C0001,Sonoran Cycles Online,DTC,Booked,Credit Card,Phoenix Distribution Center,5199.0
SO108256,2023-11-09,C0001,Sonoran Cycles Online,DTC,Booked,Credit Card,Phoenix Distribution Center,6598.0
SO108257,2023-11-09,C0001,Sonoran Cycles Online,DTC,Booked,Credit Card,Phoenix Distribution Center,5199.0
SO108258,2023-11-10,C0031,Pisgah Bike Co.,Dealer,Booked,Net 45,Phoenix Distribution Center,36938.46
SO108259,2023-11-10,C0017,Bay Mountain Bikes,Dealer,Booked,Net 30,Phoenix Distribution Center,42399.94
SO108260,2023-11-10,C0031,Pisgah Bike Co.,Dealer,Booked,Net 45,Phoenix Distribution Center,42970.46
SO108261,2023-11-10,C0020,Alpine Ride Co.,Dealer,Booked,Net 30,Phoenix Distribution Center,31859.32
SO108262,2023-11-10,C0011,Cascade Bikes,Dealer,Booked,Net 30,Phoenix Distribution Center,19277.66
SO108263,2023-11-10,C0019,Front Range Cyclery,Dealer,Booked,Net 30,Phoenix Distribution Center,27647.04
SO108264,2023-11-10,C0034,Green Mountain Bikes,Dealer,Booked,Net 30,Phoenix Distribution Center,22315.04
SO108265,2023-11-10,C0035,Adirondack Cycles,Dealer,Booked,Net 30,Phoenix Distribution Center,43800.9
SO108266,2023-11-10,C0008,Sedona Ride Center,Dealer,Booked,Net 30,Phoenix Distribution Center,26284.28
SO108267,2023-11-10,C0028,Windy City Cycles,Dealer,Booked,Net 30,Phoenix Distribution Center,25084.8
SO108268,2023-11-10,C0018,High Country Bikes,Dealer,Booked,Net 45,Phoenix Distribution Center,17976.52
SO108269,2023-11-10,C0019,Front Range Cyclery,Dealer,Booked,Net 30,Phoenix Distribution Center,44258.7
SO108270,2023-11-10,C0031,Pisgah Bike Co.,Dealer,Booked,Net 45,Phoenix Distribution Center,42563.88
SO108271,2023-11-10,C0002,Desert Trail Bikes,Dealer,Booked,Net 45,Phoenix Distribution Center,19482.78
SO108272,2023-11-10,C0001,Sonoran Cycles Online,DTC,Booked,Credit Card,Phoenix Distribution Center,3299.0
SO108273,2023-11-10,C0001,Sonoran Cycles Online,DTC,Booked,Credit Card,Phoenix Distribution Center,4599.0
SO108274,2023-11-10,C0001,Sonoran Cycles Online,DTC,Booked,Credit Card,Phoenix Distribution Center,7499.0
SO108275,2023-11-10,C0001,Sonoran Cycles Online,DTC,Booked,Credit Card,Phoenix Distribution Center,7499.0
SO108276,2023-11-10,C0001,Sonoran Cycles Online,DTC,Booked,Credit Card,Phoenix Distribution Center,9198.0
SO108277,2023-11-10,C0001,Sonoran Cycles Online,DTC,Booked,Credit Card,Phoenix Distribution Center,4599.0
SO108278,2023-11-10,C0001,Sonoran Cycles Online,DTC,Booked,Credit Card,Phoenix Distribution Center,5199.0
SO108279,2023-11-10,C0001,Sonoran Cycles Online,DTC,Booked,Credit Card,Phoenix Distribution Center,10798.0
SO108280,2023-11-10,C0001,Sonoran Cycles Online,DTC,Booked,Credit Card,Phoenix Distribution Center,5199.0
SO108281,2023-11-10,C0001,Sonoran Cycles Online,DTC,Booked,Credit Card,Phoenix Distribution Center,9198.0
SO108282,2023-11-10,C0001,Sonoran Cycles Online,DTC,Booked,Credit Card,Phoenix Distribution Center,4599.0
SO108283,2023-11-11,C0020,Alpine Ride Co.,Dealer,Booked,Net 30,Phoenix Distribution Center,9917.52
SO108284,2023-11-11,C0017,Bay Mountain Bikes,Dealer,Booked,Net 30,Phoenix Distribution Center,41780.56
SO108285,2023-11-11,C0003,Cactus Cycling,Dealer,Booked,Net 30,Phoenix Distribution Center,39546.08
SO108286,2023-11-11,C0019,Front Range Cyclery,Dealer,Booked,Net 30,Phoenix Distribution Center,43267.32
SO108287,2023-11-11,C0023,Bozeman Bike Works,Dealer,Booked,Net 30,Phoenix Distribution Center,42502.2
SO108288,2023-11-11,C0001,Sonoran Cycles Online,DTC,Booked,Credit Card,Phoenix Distribution Center,4599.0
SO108289,2023-11-11,C0001,Sonoran Cycles Online,DTC,Booked,Credit Card,Phoenix Distribution Center,4599.0
SO108290,2023-11-11,C0001,Sonoran Cycles Online,DTC,Booked,Credit Card,Phoenix Distribution Center,3299.0
SO108291,2023-11-11,C0001,Sonoran Cycles Online,DTC,Booked,Credit Card,Phoenix Distribution Center,4599.0
SO108292,2023-11-11,C0001,Sonoran Cycles Online,DTC,Booked,Credit Card,Phoenix Distribution Center,9198.0
SO108293,2023-11-11,C0001,Sonoran Cycles Online,DTC,Booked,Credit Card,Phoenix Distribution Center,10398.0
SO108294,2023-11-11,C0001,Sonoran Cycles Online,DTC,Booked,Credit Card,Phoenix Distribution Center,7499.0
SO108295,2023-11-11,C0001,Sonoran Cycles Online,DTC,Booked,Credit Card,Phoenix Distribution Center,3999.0
SO108296,2023-11-11,C0001,Sonoran Cycles Online,DTC,Booked,Credit Card,Phoenix Distribution Center,5199.0
SO108297,2023-11-11,C0001,Sonoran Cycles Online,DTC,Booked,Credit Card,Phoenix Distribution Center,4599.0
SO108298,2023-11-11,C0001,Sonoran Cycles Online,DTC,Booked,Credit Card,Phoenix Distribution Center,6199.0
SO108299,2023-11-11,C0001,Sonoran Cycles Online,DTC,Booked,Credit Card,Phoenix Distribution Center,5199.0
SO108300,2023-11-12,C0004,Sonoran Bike Co.,Dealer,Booked,Net 30,Phoenix Distribution Center,36077.18
SO108301,2023-11-12,C0030,Blue Ridge Cycles,Dealer,Booked,Net 30,Phoenix Distribution Center,6446.76
SO108302,2023-11-12,C0001,Sonoran Cycles Online,DTC,Booked,Credit Card,Phoenix Distribution Center,4599.0
SO108303,2023-11-12,C0001,Sonoran Cycles Online,DTC,Booked,Credit Card,Phoenix Distribution Center,3499.0
SO108304,2023-11-12,C0001,Sonoran Cycles Online,DTC,Booked,Credit Card,Phoenix Distribution Center,4599.0
SO108305,2023-11-12,C0001,Sonoran Cycles Online,DTC,Booked,Credit Card,Phoenix Distribution Center,4599.0
SO108306,2023-11-12,C0001,Sonoran Cycles Online,DTC,Booked,Credit Card,Phoenix Distribution Center,3299.0
SO108307,2023-11-12,C0001,Sonoran Cycles Online,DTC,Booked,Credit Card,Phoenix Distribution Center,3299.0
SO108308,2023-11-12,C0001,Sonoran Cycles Online,DTC,Booked,Credit Card,Phoenix Distribution Center,5199.0
SO108309,2023-11-12,C0001,Sonoran Cycles Online,DTC,Booked,Credit Card,Phoenix Distribution Center,8098.0
SO108310,2023-11-12,C0001,Sonoran Cycles Online,DTC,Booked,Credit Card,Phoenix Distribution Center,4599.0
SO108311,2023-11-12,C0001,Sonoran Cycles Online,DTC,Booked,Credit Card,Phoenix Distribution Center,6199.0
SO108312,2023-11-12,C0001,Sonoran Cycles Online,DTC,Booked,Credit Card,Phoenix Distribution Center,4599.0
SO108313,2023-11-13,C0006,Tucson Trail Works,Dealer,Booked,Net 30,Phoenix Distribution Center,28887.04
SO108314,2023-11-13,C0020,Alpine Ride Co.,Dealer,Booked,Net 30,Phoenix Distribution Center,18408.42
SO108315,2023-11-13,C0034,Green Mountain Bikes,Dealer,Booked,Net 30,Phoenix Distribution Center,32541.32
SO108316,2023-11-13,C0020,Alpine Ride Co.,Dealer,Booked,Net 30,Phoenix Distribution Center,36819.94
SO108317,2023-11-13,C0017,Bay Mountain Bikes,Dealer,Booked,Net 30,Phoenix Distribution Center,34093.18
SO108318,2023-11-13,C0019,Front Range Cyclery,Dealer,Booked,Net 30,Phoenix Distribution Center,40291.32
SO108319,2023-11-13,C0010,Evergreen Cyclery,Dealer,Booked,Net 45,Phoenix Distribution Center,10843.68
SO108320,2023-11-13,C0022,Wasatch Wheel Works,Dealer,Booked,Net 30,Phoenix Distribution Center,37687.94
SO108321,2023-11-13,C0011,Cascade Bikes,Dealer,Booked,Net 30,Phoenix Distribution Center,26033.8
SO108322,2023-11-13,C0034,Green Mountain Bikes,Dealer,Booked,Net 30,Phoenix Distribution Center,7810.14
SO108323,2023-11-13,C0010,Evergreen Cyclery,Dealer,Booked,Net 45,Phoenix Distribution Center,18844.78
SO108324,2023-11-13,C0017,Bay Mountain Bikes,Dealer,Booked,Net 30,Phoenix Distribution Center,36821.18
SO108325,2023-11-13,C0018,High Country Bikes,Dealer,Booked,Net 45,Phoenix Distribution Center,28124.78
SO108326,2023-11-13,C0031,Pisgah Bike Co.,Dealer,Booked,Net 45,Phoenix Distribution Center,15366.52
SO108327,2023-11-13,C0032,Southern Singletrack,Dealer,Booked,Net 30,Phoenix Distribution Center,21834.8
SO108328,2023-11-13,C0031,Pisgah Bike Co.,Dealer,Booked,Net 45,Phoenix Distribution Center,22499.94
SO108329,2023-11-13,C0001,Sonoran Cycles Online,DTC,Booked,Credit Card,Phoenix Distribution Center,7298.0
SO108330,2023-11-13,C0001,Sonoran Cycles Online,DTC,Booked,Credit Card,Phoenix Distribution Center,9198.0
SO108331,2023-11-13,C0001,Sonoran Cycles Online,DTC,Booked,Credit Card,Phoenix Distribution Center,3299.0
SO108332,2023-11-13,C0001,Sonoran Cycles Online,DTC,Booked,Credit Card,Phoenix Distribution Center,3499.0
SO108333,2023-11-13,C0001,Sonoran Cycles Online,DTC,Booked,Credit Card,Phoenix Distribution Center,5199.0
SO108334,2023-11-13,C0001,Sonoran Cycles Online,DTC,Booked,Credit Card,Phoenix Distribution Center,6199.0
SO108335,2023-11-13,C0001,Sonoran Cycles Online,DTC,Booked,Credit Card,Phoenix Distribution Center,4599.0
SO108336,2023-11-13,C0001,Sonoran Cycles Online,DTC,Booked,Credit Card,Phoenix Distribution Center,6199.0
SO108337,2023-11-14,C0008,Sedona Ride Center,Dealer,Booked,Net 30,Phoenix Distribution Center,16116.9
SO108338,2023-11-14,C0022,Wasatch Wheel Works,Dealer,Booked,Net 30,Phoenix Distribution Center,31861.8
SO108339,2023-11-14,C0030,Blue Ridge Cycles,Dealer,Booked,Net 30,Phoenix Distribution Center,41035.94
SO108340,2023-11-14,C0027,Prairie Trail Bikes,Dealer,Booked,Net 30,Phoenix Distribution Center,35704.56
SO108341,2023-11-14,C0019,Front Range Cyclery,Dealer,Booked,Net 30,Phoenix Distribution Center,19587.04
SO108342,2023-11-14,C0030,Blue Ridge Cycles,Dealer,Booked,Net 30,Phoenix Distribution Center,20331.66
SO108343,2023-11-14,C0033,Appalachian Bikes,Dealer,Booked,Net 30,Phoenix Distribution Center,19587.66
SO108344,2023-11-14,C0015,Sierra Cycle Works,Dealer,Booked,Net 30,Phoenix Distribution Center,21137.04
SO108345,2023-11-14,C0017,Bay Mountain Bikes,Dealer,Booked,Net 30,Phoenix Distribution Center,42212.7
SO108346,2023-11-14,C0018,High Country Bikes,Dealer,Booked,Net 45,Phoenix Distribution Center,28298.78
SO108347,2023-11-14,C0005,Mesa Mountain Bikes,Dealer,Booked,Net 30,Phoenix Distribution Center,30931.55
SO108348,2023-11-14,C0019,Front Range Cyclery,Dealer,Booked,Net 30,Phoenix Distribution Center,13389.52
SO108349,2023-11-14,C0008,Sedona Ride Center,Dealer,Booked,Net 30,Phoenix Distribution Center,47732.56
SO108350,2023-11-14,C0032,Southern Singletrack,Dealer,Booked,Net 30,Phoenix Distribution Center,42241.55
SO108351,2023-11-14,C0035,Adirondack Cycles,Dealer,Booked,Net 30,Phoenix Distribution Center,28659.15
SO108352,2023-11-14,C0033,Appalachian Bikes,Dealer,Booked,Net 30,Phoenix Distribution Center,12893.52
SO108353,2023-11-14,C0011,Cascade Bikes,Dealer,Booked,Net 30,Phoenix Distribution Center,19588.28
SO108354,2023-11-14,C0002,Desert Trail Bikes,Dealer,Booked,Net 45,Phoenix Distribution Center,18323.94
SO108355,2023-11-14,C0023,Bozeman Bike Works,Dealer,Booked,Net 30,Phoenix Distribution Center,14817.4
SO108356,2023-11-14,C0028,Windy City Cycles,Dealer,Booked,Net 30,Phoenix Distribution Center,7863.7
SO108357,2023-11-14,C0001,Sonoran Cycles Online,DTC,Booked,Credit Card,Phoenix Distribution Center,7499.0
SO108358,2023-11-14,C0001,Sonoran Cycles Online,DTC,Booked,Credit Card,Phoenix Distribution Center,3299.0
SO108359,2023-11-14,C0001,Sonoran Cycles Online,DTC,Booked,Credit Card,Phoenix Distribution Center,9198.0
SO108360,2023-11-14,C0001,Sonoran Cycles Online,DTC,Booked,Credit Card,Phoenix Distribution Center,5199.0
SO108361,2023-11-14,C0001,Sonoran Cycles Online,DTC,Booked,Credit Card,Phoenix Distribution Center,6199.0
SO108362,2023-11-14,C0001,Sonoran Cycles Online,DTC,Booked,Credit Card,Phoenix Distribution Center,4599.0
SO108363,2023-11-14,C0001,Sonoran Cycles Online,DTC,Booked,Credit Card,Phoenix Distribution Center,10798.0
SO108364,2023-11-15,C0015,Sierra Cycle Works,Dealer,Booked,Net 30,Phoenix Distribution Center,33597.18
SO108365,2023-11-15,C0025,Lakeshore Bikes,Dealer,Booked,Net 30,Phoenix Distribution Center,16549.66
SO108366,2023-11-15,C0010,Evergreen Cyclery,Dealer,Booked,Net 45,Phoenix Distribution Center,15017.94
SO108367,2023-11-15,C0027,Prairie Trail Bikes,Dealer,Booked,Net 30,Phoenix Distribution Center,46490.7
SO108368,2023-11-15,C0010,Evergreen Cyclery,Dealer,Booked,Net 45,Phoenix Distribution Center,16119.94
SO108369,2023-11-15,C0016,Coastal Gravel Co.,Dealer,Booked,Net 30,Phoenix Distribution Center,13646.1
SO108370,2023-11-15,C0013,Pacific Trail Bikes,Dealer,Booked,Net 45,Phoenix Distribution Center,42739.04
SO108371,2023-11-15,C0010,Evergreen Cyclery,Dealer,Booked,Net 45,Phoenix Distribution Center,33050.72
SO108372,2023-11-15,C0020,Alpine Ride Co.,Dealer,Booked,Net 30,Phoenix Distribution Center,12396.9
SO108373,2023-11-15,C0031,Pisgah Bike Co.,Dealer,Booked,Net 45,Phoenix Distribution Center,8698.26
SO108374,2023-11-15,C0002,Desert Trail Bikes,Dealer,Booked,Net 45,Phoenix Distribution Center,24993.94
SO108375,2023-11-15,C0030,Blue Ridge Cycles,Dealer,Booked,Net 30,Phoenix Distribution Center,15372.9
SO108376,2023-11-15,C0003,Cactus Cycling,Dealer,Booked,Net 30,Phoenix Distribution Center,21757.66
SO108377,2023-11-15,C0030,Blue Ridge Cycles,Dealer,Booked,Net 30,Phoenix Distribution Center,35085.18
SO108378,2023-11-15,C0005,Mesa Mountain Bikes,Dealer,Booked,Net 30,Phoenix Distribution Center,30932.85
SO108379,2023-11-15,C0027,Prairie Trail Bikes,Dealer,Booked,Net 30,Phoenix Distribution Center,36448.56
SO108380,2023-11-15,C0001,Sonoran Cycles Online,DTC,Booked,Credit Card,Phoenix Distribution Center,3499.0
SO108381,2023-11-15,C0001,Sonoran Cycles Online,DTC,Booked,Credit Card,Phoenix Distribution Center,4599.0
SO108382,2023-11-15,C0001,Sonoran Cycles Online,DTC,Booked,Credit Card,Phoenix Distribution Center,3999.0
SO108383,2023-11-15,C0001,Sonoran Cycles Online,DTC,Booked,Credit Card,Phoenix Distribution Center,9198.0
SO108384,2023-11-15,C0001,Sonoran Cycles Online,DTC,Booked,Credit Card,Phoenix Distribution Center,4599.0
SO108385,2023-11-15,C0001,Sonoran Cycles Online,DTC,Booked,Credit Card,Phoenix Distribution Center,5199.0
SO108386,2023-11-15,C0001,Sonoran Cycles Online,DTC,Booked,Credit Card,Phoenix Distribution Center,6199.0
SO108387,2023-11-15,C0001,Sonoran Cycles Online,DTC,Booked,Credit Card,Phoenix Distribution Center,5199.0
SO108388,2023-11-16,C0035,Adirondack Cycles,Dealer,Booked,Net 30,Phoenix Distribution Center,23395.45
SO108389,2023-11-16,C0018,High Country Bikes,Dealer,Booked,Net 45,Phoenix Distribution Center,30038.78
SO108390,2023-11-16,C0034,Green Mountain Bikes,Dealer,Booked,Net 30,Phoenix Distribution Center,28885.18
SO108391,2023-11-16,C0002,Desert Trail Bikes,Dealer,Booked,Net 45,Phoenix Distribution Center,35604.46
SO108392,2023-11-16,C0027,Prairie Trail Bikes,Dealer,Booked,Net 30,Phoenix Distribution Center,23120.42
SO108393,2023-11-16,C0019,Front Range Cyclery,Dealer,Booked,Net 30,Phoenix Distribution Center,14381.52
SO108394,2023-11-16,C0023,Bozeman Bike Works,Dealer,Booked,Net 30,Phoenix Distribution Center,7408.7
SO108395,2023-11-16,C0028,Windy City Cycles,Dealer,Booked,Net 30,Phoenix Distribution Center,20796.75
SO108396,2023-11-16,C0021,Rocky Peak Cycles,Dealer,Booked,Net 30,Phoenix Distribution Center,24565.45
SO108397,2023-11-16,C0022,Wasatch Wheel Works,Dealer,Booked,Net 30,Phoenix Distribution Center,12644.9
SO108398,2023-11-16,C0018,High Country Bikes,Dealer,Booked,Net 45,Phoenix Distribution Center,30792.78
SO108399,2023-11-16,C0003,Cactus Cycling,Dealer,Booked,Net 30,Phoenix Distribution Center,35643.18
SO108400,2023-11-16,C0003,Cactus Cycling,Dealer,Booked,Net 30,Phoenix Distribution Center,23741.66
SO108401,2023-11-16,C0017,Bay Mountain Bikes,Dealer,Booked,Net 30,Phoenix Distribution Center,40293.18
SO108402,2023-11-16,C0018,High Country Bikes,Dealer,Booked,Net 45,Phoenix Distribution Center,32474.2
SO108403,2023-11-16,C0001,Sonoran Cycles Online,DTC,Booked,Credit Card,Phoenix Distribution Center,5199.0
SO108404,2023-11-16,C0001,Sonoran Cycles Online,DTC,Booked,Credit Card,Phoenix Distribution Center,3299.0
SO108405,2023-11-16,C0001,Sonoran Cycles Online,DTC,Booked,Credit Card,Phoenix Distribution Center,3299.0
SO108406,2023-11-16,C0001,Sonoran Cycles Online,DTC,Booked,Credit Card,Phoenix Distribution Center,4599.0
SO108407,2023-11-16,C0001,Sonoran Cycles Online,DTC,Booked,Credit Card,Phoenix Distribution Center,7499.0
SO108408,2023-11-16,C0001,Sonoran Cycles Online,DTC,Booked,Credit Card,Phoenix Distribution Center,4599.0
SO108409,2023-11-16,C0001,Sonoran Cycles Online,DTC,Booked,Credit Card,Phoenix Distribution Center,5199.0
SO108410,2023-11-16,C0001,Sonoran Cycles Online,DTC,Booked,Credit Card,Phoenix Distribution Center,3299.0
SO108411,2023-11-16,C0001,Sonoran Cycles Online,DTC,Booked,Credit Card,Phoenix Distribution Center,4599.0
SO108412,2023-11-17,C0030,Blue Ridge Cycles,Dealer,Booked,Net 30,Phoenix Distribution Center,25911.04
SO108413,2023-11-17,C0018,High Country Bikes,Dealer,Booked,Net 45,Phoenix Distribution Center,31894.2
SO108414,2023-11-17,C0006,Tucson Trail Works,Dealer,Booked,Net 30,Phoenix Distribution Center,14628.9
SO108415,2023-11-17,C0023,Bozeman Bike Works,Dealer,Booked,Net 30,Phoenix Distribution Center,35872.85
SO108416,2023-11-17,C0033,Appalachian Bikes,Dealer,Booked,Net 30,Phoenix Distribution Center,26903.04
SO108417,2023-11-17,C0024,Teton Cycling,Dealer,Booked,Net 30,Phoenix Distribution Center,24436.1
SO108418,2023-11-17,C0018,High Country Bikes,Dealer,Booked,Net 45,Phoenix Distribution Center,25747.36
SO108419,2023-11-17,C0025,Lakeshore Bikes,Dealer,Booked,Net 30,Phoenix Distribution Center,28078.56
SO108420,2023-11-17,C0012,Rain City Cycles,Dealer,Booked,Net 30,Phoenix Distribution Center,25866.1
SO108421,2023-11-17,C0025,Lakeshore Bikes,Dealer,Booked,Net 30,Phoenix Distribution Center,38182.08
SO108422,2023-11-17,C0018,High Country Bikes,Dealer,Booked,Net 45,Phoenix Distribution Center,13221.68
SO108423,2023-11-17,C0002,Desert Trail Bikes,Dealer,Booked,Net 45,Phoenix Distribution Center,24354.78
SO108424,2023-11-17,C0031,Pisgah Bike Co.,Dealer,Booked,Net 45,Phoenix Distribution Center,44420.46
SO108425,2023-11-17,C0022,Wasatch Wheel Works,Dealer,Booked,Net 30,Phoenix Distribution Center,8492.14
SO108426,2023-11-17,C0014,Redwood Ride Shop,Dealer,Booked,Net 30,Phoenix Distribution Center,19711.66
SO108427,2023-11-17,C0001,Sonoran Cycles Online,DTC,Booked,Credit Card,Phoenix Distribution Center,4599.0
SO108428,2023-11-17,C0001,Sonoran Cycles Online,DTC,Booked,Credit Card,Phoenix Distribution Center,5199.0
SO108429,2023-11-17,C0001,Sonoran Cycles Online,DTC,Booked,Credit Card,Phoenix Distribution Center,7499.0
SO108430,2023-11-17,C0001,Sonoran Cycles Online,DTC,Booked,Credit Card,Phoenix Distribution Center,4599.0
SO108431,2023-11-17,C0001,Sonoran Cycles Online,DTC,Booked,Credit Card,Phoenix Distribution Center,5199.0
SO108432,2023-11-17,C0001,Sonoran Cycles Online,DTC,Booked,Credit Card,Phoenix Distribution Center,4599.0
SO108433,2023-11-17,C0001,Sonoran Cycles Online,DTC,Booked,Credit Card,Phoenix Distribution Center,4599.0
SO108434,2023-11-17,C0001,Sonoran Cycles Online,DTC,Booked,Credit Card,Phoenix Distribution Center,3299.0
SO108435,2023-11-17,C0001,Sonoran Cycles Online,DTC,Booked,Credit Card,Phoenix Distribution Center,4599.0
SO108436,2023-11-17,C0001,Sonoran Cycles Online,DTC,Booked,Credit Card,Phoenix Distribution Center,4599.0
SO108437,2023-11-18,C0002,Desert Trail Bikes,Dealer,Booked,Net 45,Phoenix Distribution Center,37750.46
SO108438,2023-11-18,C0033,Appalachian Bikes,Dealer,Booked,Net 30,Phoenix Distribution Center,61739.6
SO108439,2023-11-18,C0030,Blue Ridge Cycles,Dealer,Booked,Net 30,Phoenix Distribution Center,8554.14
SO108440,2023-11-18,C0017,Bay Mountain Bikes,Dealer,Booked,Net 30,Phoenix Distribution Center,8926.14
SO108441,2023-11-18,C0019,Front Range Cyclery,Dealer,Booked,Net 30,Phoenix Distribution Center,31613.8
SO108442,2023-11-18,C0001,Sonoran Cycles Online,DTC,Booked,Credit Card,Phoenix Distribution Center,3299.0
SO108443,2023-11-18,C0001,Sonoran Cycles Online,DTC,Booked,Credit Card,Phoenix Distribution Center,10297.0
SO108444,2023-11-18,C0001,Sonoran Cycles Online,DTC,Booked,Credit Card,Phoenix Distribution Center,5199.0
SO108445,2023-11-18,C0001,Sonoran Cycles Online,DTC,Booked,Credit Card,Phoenix Distribution Center,3299.0
SO108446,2023-11-18,C0001,Sonoran Cycles Online,DTC,Booked,Credit Card,Phoenix Distribution Center,4599.0
SO108447,2023-11-18,C0001,Sonoran Cycles Online,DTC,Booked,Credit Card,Phoenix Distribution Center,10798.0
SO108448,2023-11-18,C0001,Sonoran Cycles Online,DTC,Booked,Credit Card,Phoenix Distribution Center,6199.0
SO108449,2023-11-18,C0001,Sonoran Cycles Online,DTC,Booked,Credit Card,Phoenix Distribution Center,3299.0
SO108450,2023-11-18,C0001,Sonoran Cycles Online,DTC,Booked,Credit Card,Phoenix Distribution Center,6598.0
SO108451,2023-11-18,C0001,Sonoran Cycles Online,DTC,Booked,Credit Card,Phoenix Distribution Center,5199.0
SO108452,2023-11-18,C0001,Sonoran Cycles Online,DTC,Booked,Credit Card,Phoenix Distribution Center,5199.0
SO108453,2023-11-18,C0001,Sonoran Cycles Online,DTC,Booked,Credit Card,Phoenix Distribution Center,9798.0
SO108454,2023-11-19,C0008,Sedona Ride Center,Dealer,Booked,Net 30,Phoenix Distribution Center,37007.8
SO108455,2023-11-19,C0016,Coastal Gravel Co.,Dealer,Booked,Net 30,Phoenix Distribution Center,9812.4
SO108456,2023-11-19,C0001,Sonoran Cycles Online,DTC,Booked,Credit Card,Phoenix Distribution Center,3499.0
SO108457,2023-11-19,C0001,Sonoran Cycles Online,DTC,Booked,Credit Card,Phoenix Distribution Center,3999.0
SO108458,2023-11-19,C0001,Sonoran Cycles Online,DTC,Booked,Credit Card,Phoenix Distribution Center,3499.0
SO108459,2023-11-19,C0001,Sonoran Cycles Online,DTC,Booked,Credit Card,Phoenix Distribution Center,3999.0
SO108460,2023-11-19,C0001,Sonoran Cycles Online,DTC,Booked,Credit Card,Phoenix Distribution Center,4599.0
SO108461,2023-11-19,C0001,Sonoran Cycles Online,DTC,Booked,Credit Card,Phoenix Distribution Center,4599.0
SO108462,2023-11-19,C0001,Sonoran Cycles Online,DTC,Booked,Credit Card,Phoenix Distribution Center,3299.0
SO108463,2023-11-19,C0001,Sonoran Cycles Online,DTC,Booked,Credit Card,Phoenix Distribution Center,6199.0
SO108464,2023-11-19,C0001,Sonoran Cycles Online,DTC,Booked,Credit Card,Phoenix Distribution Center,7499.0
SO108465,2023-11-19,C0001,Sonoran Cycles Online,DTC,Booked,Credit Card,Phoenix Distribution Center,4599.0
SO108466,2023-11-19,C0001,Sonoran Cycles Online,DTC,Booked,Credit Card,Phoenix Distribution Center,5199.0
SO108467,2023-11-19,C0001,Sonoran Cycles Online,DTC,Booked,Credit Card,Phoenix Distribution Center,14998.0
SO108468,2023-11-20,C0031,Pisgah Bike Co.,Dealer,Booked,Net 45,Phoenix Distribution Center,30038.2
SO108469,2023-11-20,C0015,Sierra Cycle Works,Dealer,Booked,Net 30,Phoenix Distribution Center,37069.18
SO108470,2023-11-20,C0010,Evergreen Cyclery,Dealer,Booked,Net 45,Phoenix Distribution Center,24586.2
SO108471,2023-11-20,C0036,Pine Tree Bicycles,Dealer,Booked,Net 30,Phoenix Distribution Center,39576.55
SO108472,2023-11-20,C0024,Teton Cycling,Dealer,Booked,Net 30,Phoenix Distribution Center,13321.75
SO108473,2023-11-20,C0031,Pisgah Bike Co.,Dealer,Booked,Net 45,Phoenix Distribution Center,12061.68
SO108474,2023-11-20,C0027,Prairie Trail Bikes,Dealer,Booked,Net 30,Phoenix Distribution Center,17108.28
SO108475,2023-11-20,C0013,Pacific Trail Bikes,Dealer,Booked,Net 45,Phoenix Distribution Center,19485.1
SO108476,2023-11-20,C0012,Rain City Cycles,Dealer,Booked,Net 30,Phoenix Distribution Center,18066.1
SO108477,2023-11-20,C0010,Evergreen Cyclery,Dealer,Booked,Net 45,Phoenix Distribution Center,26673.04
SO108478,2023-11-20,C0035,Adirondack Cycles,Dealer,Booked,Net 30,Phoenix Distribution Center,49260.9
SO108479,2023-11-20,C0015,Sierra Cycle Works,Dealer,Booked,Net 30,Phoenix Distribution Center,41531.94
SO108480,2023-11-20,C0010,Evergreen Cyclery,Dealer,Booked,Net 45,Phoenix Distribution Center,3826.84
SO108481,2023-11-20,C0004,Sonoran Bike Co.,Dealer,Booked,Net 30,Phoenix Distribution Center,34713.8
SO108482,2023-11-20,C0031,Pisgah Bike Co.,Dealer,Booked,Net 45,Phoenix Distribution Center,40245.04
SO108483,2023-11-20,C0001,Sonoran Cycles Online,DTC,Booked,Credit Card,Phoenix Distribution Center,3299.0
SO108484,2023-11-20,C0001,Sonoran Cycles Online,DTC,Booked,Credit Card,Phoenix Distribution Center,6199.0
SO108485,2023-11-20,C0001,Sonoran Cycles Online,DTC,Booked,Credit Card,Phoenix Distribution Center,7499.0
SO108486,2023-11-20,C0001,Sonoran Cycles Online,DTC,Booked,Credit Card,Phoenix Distribution Center,3499.0
SO108487,2023-11-20,C0001,Sonoran Cycles Online,DTC,Booked,Credit Card,Phoenix Distribution Center,3299.0
SO108488,2023-11-20,C0001,Sonoran Cycles Online,DTC,Booked,Credit Card,Phoenix Distribution Center,4599.0
SO108489,2023-11-20,C0001,Sonoran Cycles Online,DTC,Booked,Credit Card,Phoenix Distribution Center,6199.0
SO108490,2023-11-20,C0001,Sonoran Cycles Online,DTC,Booked,Credit Card,Phoenix Distribution Center,3299.0
SO108491,2023-11-21,C0013,Pacific Trail Bikes,Dealer,Booked,Net 45,Phoenix Distribution Center,43493.04
SO108492,2023-11-21,C0014,Redwood Ride Shop,Dealer,Booked,Net 30,Phoenix Distribution Center,25044.28
SO108493,2023-11-21,C0027,Prairie Trail Bikes,Dealer,Booked,Net 30,Phoenix Distribution Center,33411.18
SO108494,2023-11-21,C0017,Bay Mountain Bikes,Dealer,Booked,Net 30,Phoenix Distribution Center,37937.18
SO108495,2023-11-21,C0028,Windy City Cycles,Dealer,Booked,Net 30,Phoenix Distribution Center,22159.8
SO108496,2023-11-21,C0005,Mesa Mountain Bikes,Dealer,Booked,Net 30,Phoenix Distribution Center,28267.85
SO108497,2023-11-21,C0036,Pine Tree Bicycles,Dealer,Booked,Net 30,Phoenix Distribution Center,21056.1
SO108498,2023-11-21,C0013,Pacific Trail Bikes,Dealer,Booked,Net 45,Phoenix Distribution Center,36882.78
SO108499,2023-11-21,C0033,Appalachian Bikes,Dealer,Booked,Net 30,Phoenix Distribution Center,6694.76
SO108500,2023-11-21,C0031,Pisgah Bike Co.,Dealer,Booked,Net 45,Phoenix Distribution Center,30038.78
SO108501,2023-11-21,C0033,Appalachian Bikes,Dealer,Booked,Net 30,Phoenix Distribution Center,22563.04
SO108502,2023-11-21,C0008,Sedona Ride Center,Dealer,Booked,Net 30,Phoenix Distribution Center,58766.08
SO108503,2023-11-21,C0015,Sierra Cycle Works,Dealer,Booked,Net 30,Phoenix Distribution Center,31117.8
SO108504,2023-11-21,C0029,River Bend Bikes,Dealer,Booked,Net 30,Phoenix Distribution Center,33662.85
SO108505,2023-11-21,C0036,Pine Tree Bicycles,Dealer,Booked,Net 30,Phoenix Distribution Center,44645.9
SO108506,2023-11-21,C0006,Tucson Trail Works,Dealer,Booked,Net 30,Phoenix Distribution Center,15372.9
SO108507,2023-11-21,C0010,Evergreen Cyclery,Dealer,Booked,Net 45,Phoenix Distribution Center,20237.36
SO108508,2023-11-21,C0006,Tucson Trail Works,Dealer,Booked,Net 30,Phoenix Distribution Center,21075.66
SO108509,2023-11-21,C0001,Sonoran Cycles Online,DTC,Booked,Credit Card,Phoenix Distribution Center,5199.0
SO108510,2023-11-21,C0001,Sonoran Cycles Online,DTC,Booked,Credit Card,Phoenix Distribution Center,4599.0
SO108511,2023-11-21,C0001,Sonoran Cycles Online,DTC,Booked,Credit Card,Phoenix Distribution Center,5199.0
SO108512,2023-11-21,C0001,Sonoran Cycles Online,DTC,Booked,Credit Card,Phoenix Distribution Center,5199.0
SO108513,2023-11-21,C0001,Sonoran Cycles Online,DTC,Booked,Credit Card,Phoenix Distribution Center,4599.0
SO108514,2023-11-21,C0001,Sonoran Cycles Online,DTC,Booked,Credit Card,Phoenix Distribution Center,3299.0
SO108515,2023-11-21,C0001,Sonoran Cycles Online,DTC,Booked,Credit Card,Phoenix Distribution Center,7499.0
SO108516,2023-11-21,C0001,Sonoran Cycles Online,DTC,Booked,Credit Card,Phoenix Distribution Center,7499.0
SO108517,2023-11-22,C0002,Desert Trail Bikes,Dealer,Booked,Net 45,Phoenix Distribution Center,43143.3
SO108518,2023-11-22,C0019,Front Range Cyclery,Dealer,Booked,Net 30,Phoenix Distribution Center,32109.18
SO108519,2023-11-22,C0026,Great Lakes Cyclery,Dealer,Booked,Net 30,Phoenix Distribution Center,36456.55
SO108520,2023-11-22,C0034,Green Mountain Bikes,Dealer,Booked,Net 30,Phoenix Distribution Center,32107.32
SO108521,2023-11-22,C0013,Pacific Trail Bikes,Dealer,Booked,Net 45,Phoenix Distribution Center,18613.36
SO108522,2023-11-22,C0008,Sedona Ride Center,Dealer,Booked,Net 30,Phoenix Distribution Center,13389.52
SO108523,2023-11-22,C0024,Teton Cycling,Dealer,Booked,Net 30,Phoenix Distribution Center,26579.15
SO108524,2023-11-22,C0008,Sedona Ride Center,Dealer,Booked,Net 30,Phoenix Distribution Center,31739.66
SO108525,2023-11-22,C0034,Green Mountain Bikes,Dealer,Booked,Net 30,Phoenix Distribution Center,16735.66
SO108526,2023-11-22,C0015,Sierra Cycle Works,Dealer,Booked,Net 30,Phoenix Distribution Center,14256.9
SO108527,2023-11-22,C0009,Las Cruces Cycling,Dealer,Booked,Net 30,Phoenix Distribution Center,6758.7
SO108528,2023-11-22,C0029,River Bend Bikes,Dealer,Booked,Net 30,Phoenix Distribution Center,43542.2
SO108529,2023-11-22,C0030,Blue Ridge Cycles,Dealer,Booked,Net 30,Phoenix Distribution Center,17852.28
SO108530,2023-11-22,C0026,Great Lakes Cyclery,Dealer,Booked,Net 30,Phoenix Distribution Center,34248.5
SO108531,2023-11-22,C0022,Wasatch Wheel Works,Dealer,Booked,Net 30,Phoenix Distribution Center,27647.04
SO108532,2023-11-22,C0018,High Country Bikes,Dealer,Booked,Net 45,Phoenix Distribution Center,30154.2
SO108533,2023-11-22,C0018,High Country Bikes,Dealer,Booked,Net 45,Phoenix Distribution Center,21455.94
SO108534,2023-11-22,C0008,Sedona Ride Center,Dealer,Booked,Net 30,Phoenix Distribution Center,21820.28
SO108535,2023-11-22,C0001,Sonoran Cycles Online,DTC,Booked,Credit Card,Phoenix Distribution Center,6199.0
SO108536,2023-11-22,C0001,Sonoran Cycles Online,DTC,Booked,Credit Card,Phoenix Distribution Center,3499.0
SO108537,2023-11-22,C0001,Sonoran Cycles Online,DTC,Booked,Credit Card,Phoenix Distribution Center,5199.0
SO108538,2023-11-22,C0001,Sonoran Cycles Online,DTC,Booked,Credit Card,Phoenix Distribution Center,4599.0
SO108539,2023-11-22,C0001,Sonoran Cycles Online,DTC,Booked,Credit Card,Phoenix Distribution Center,4599.0
SO108540,2023-11-22,C0001,Sonoran Cycles Online,DTC,Booked,Credit Card,Phoenix Distribution Center,3299.0
SO108541,2023-11-22,C0001,Sonoran Cycles Online,DTC,Booked,Credit Card,Phoenix Distribution Center,8498.0
SO108542,2023-11-22,C0001,Sonoran Cycles Online,DTC,Booked,Credit Card,Phoenix Distribution Center,5199.0
SO108543,2023-11-23,C0019,Front Range Cyclery,Dealer,Booked,Net 30,Phoenix Distribution Center,37687.32
SO108544,2023-11-23,C0018,High Country Bikes,Dealer,Booked,Net 45,Phoenix Distribution Center,43955.88
SO108545,2023-11-23,C0028,Windy City Cycles,Dealer,Booked,Net 30,Phoenix Distribution Center,28010.45
SO108546,2023-11-23,C0018,High Country Bikes,Dealer,Booked,Net 45,Phoenix Distribution Center,21281.94
SO108547,2023-11-23,C0002,Desert Trail Bikes,Dealer,Booked,Net 45,Phoenix Distribution Center,17744.52
SO108548,2023-11-23,C0002,Desert Trail Bikes,Dealer,Booked,Net 45,Phoenix Distribution Center,38156.46
SO108549,2023-11-23,C0021,Rocky Peak Cycles,Dealer,Booked,Net 30,Phoenix Distribution Center,25864.8
SO108550,2023-11-23,C0020,Alpine Ride Co.,Dealer,Booked,Net 30,Phoenix Distribution Center,6570.14
SO108551,2023-11-23,C0035,Adirondack Cycles,Dealer,Booked,Net 30,Phoenix Distribution Center,22095.45
SO108552,2023-11-23,C0012,Rain City Cycles,Dealer,Booked,Net 30,Phoenix Distribution Center,18651.75
SO108553,2023-11-23,C0012,Rain City Cycles,Dealer,Booked,Net 30,Phoenix Distribution Center,44515.25
SO108554,2023-11-23,C0003,Cactus Cycling,Dealer,Booked,Net 30,Phoenix Distribution Center,21076.28
SO108555,2023-11-23,C0008,Sedona Ride Center,Dealer,Booked,Net 30,Phoenix Distribution Center,25787.66
SO108556,2023-11-23,C0017,Bay Mountain Bikes,Dealer,Booked,Net 30,Phoenix Distribution Center,25043.66
SO108557,2023-11-23,C0004,Sonoran Bike Co.,Dealer,Booked,Net 30,Phoenix Distribution Center,39300.56
SO108558,2023-11-23,C0019,Front Range Cyclery,Dealer,Booked,Net 30,Phoenix Distribution Center,40043.94
SO108559,2023-11-23,C0025,Lakeshore Bikes,Dealer,Booked,Net 30,Phoenix Distribution Center,11094.9
SO108560,2023-11-23,C0001,Sonoran Cycles Online,DTC,Booked,Credit Card,Phoenix Distribution Center,5199.0
SO108561,2023-11-23,C0001,Sonoran Cycles Online,DTC,Booked,Credit Card,Phoenix Distribution Center,3499.0
SO108562,2023-11-23,C0001,Sonoran Cycles Online,DTC,Booked,Credit Card,Phoenix Distribution Center,3299.0
SO108563,2023-11-23,C0001,Sonoran Cycles Online,DTC,Booked,Credit Card,Phoenix Distribution Center,3499.0
SO108564,2023-11-23,C0001,Sonoran Cycles Online,DTC,Booked,Credit Card,Phoenix Distribution Center,3299.0
SO108565,2023-11-23,C0001,Sonoran Cycles Online,DTC,Booked,Credit Card,Phoenix Distribution Center,7499.0
SO108566,2023-11-23,C0001,Sonoran Cycles Online,DTC,Booked,Credit Card,Phoenix Distribution Center,7499.0
SO108567,2023-11-23,C0001,Sonoran Cycles Online,DTC,Booked,Credit Card,Phoenix Distribution Center,5199.0
SO108568,2023-11-24,C0035,Adirondack Cycles,Dealer,Booked,Net 30,Phoenix Distribution Center,20276.1
SO108569,2023-11-24,C0013,Pacific Trail Bikes,Dealer,Booked,Net 45,Phoenix Distribution Center,78288.4
SO108570,2023-11-24,C0018,High Country Bikes,Dealer,Booked,Net 45,Phoenix Distribution Center,37809.04
SO108571,2023-11-24,C0035,Adirondack Cycles,Dealer,Booked,Net 30,Phoenix Distribution Center,24694.8
SO108572,2023-11-24,C0002,Desert Trail Bikes,Dealer,Booked,Net 45,Phoenix Distribution Center,19367.94
SO108573,2023-11-24,C0021,Rocky Peak Cycles,Dealer,Booked,Net 30,Phoenix Distribution Center,13646.75
SO108574,2023-11-24,C0006,Tucson Trail Works,Dealer,Booked,Net 30,Phoenix Distribution Center,50830.7
SO108575,2023-11-24,C0002,Desert Trail Bikes,Dealer,Booked,Net 45,Phoenix Distribution Center,8002.26
SO108576,2023-11-24,C0019,Front Range Cyclery,Dealer,Booked,Net 30,Phoenix Distribution Center,28143.04
SO108577,2023-11-24,C0010,Evergreen Cyclery,Dealer,Booked,Net 45,Phoenix Distribution Center,8871.68
SO108578,2023-11-24,C0025,Lakeshore Bikes,Dealer,Booked,Net 30,Phoenix Distribution Center,23057.8
SO108579,2023-11-24,C0025,Lakeshore Bikes,Dealer,Booked,Net 30,Phoenix Distribution Center,23305.18
SO108580,2023-11-24,C0019,Front Range Cyclery,Dealer,Booked,Net 30,Phoenix Distribution Center,18905.66
SO108581,2023-11-24,C0025,Lakeshore Bikes,Dealer,Booked,Net 30,Phoenix Distribution Center,42458.84
SO108582,2023-11-24,C0001,Sonoran Cycles Online,DTC,Booked,Credit Card,Phoenix Distribution Center,7898.0
SO108583,2023-11-24,C0001,Sonoran Cycles Online,DTC,Booked,Credit Card,Phoenix Distribution Center,6598.0
SO108584,2023-11-24,C0001,Sonoran Cycles Online,DTC,Booked,Credit Card,Phoenix Distribution Center,5199.0
SO108585,2023-11-24,C0001,Sonoran Cycles Online,DTC,Booked,Credit Card,Phoenix Distribution Center,12698.0
SO108586,2023-11-24,C0001,Sonoran Cycles Online,DTC,Booked,Credit Card,Phoenix Distribution Center,5199.0
SO108587,2023-11-24,C0001,Sonoran Cycles Online,DTC,Booked,Credit Card,Phoenix Distribution Center,4599.0
SO108588,2023-11-24,C0001,Sonoran Cycles Online,DTC,Booked,Credit Card,Phoenix Distribution Center,11398.0
SO108589,2023-11-24,C0001,Sonoran Cycles Online,DTC,Booked,Credit Card,Phoenix Distribution Center,4599.0
SO108590,2023-11-24,C0001,Sonoran Cycles Online,DTC,Booked,Credit Card,Phoenix Distribution Center,5199.0
SO108591,2023-11-25,C0028,Windy City Cycles,Dealer,Booked,Net 30,Phoenix Distribution Center,35157.85
SO108592,2023-11-25,C0034,Green Mountain Bikes,Dealer,Booked,Net 30,Phoenix Distribution Center,9483.52
SO108593,2023-11-25,C0015,Sierra Cycle Works,Dealer,Booked,Net 30,Phoenix Distribution Center,43328.7
SO108594,2023-11-25,C0033,Appalachian Bikes,Dealer,Booked,Net 30,Phoenix Distribution Center,23555.04
SO108595,2023-11-25,C0001,Sonoran Cycles Online,DTC,Booked,Credit Card,Phoenix Distribution Center,4599.0
SO108596,2023-11-25,C0001,Sonoran Cycles Online,DTC,Booked,Credit Card,Phoenix Distribution Center,3499.0
SO108597,2023-11-25,C0001,Sonoran Cycles Online,DTC,Booked,Credit Card,Phoenix Distribution Center,4599.0
SO108598,2023-11-25,C0001,Sonoran Cycles Online,DTC,Booked,Credit Card,Phoenix Distribution Center,3299.0
SO108599,2023-11-25,C0001,Sonoran Cycles Online,DTC,Booked,Credit Card,Phoenix Distribution Center,6199.0
SO108600,2023-11-25,C0001,Sonoran Cycles Online,DTC,Booked,Credit Card,Phoenix Distribution Center,5199.0
SO108601,2023-11-25,C0001,Sonoran Cycles Online,DTC,Booked,Credit Card,Phoenix Distribution Center,6199.0
SO108602,2023-11-25,C0001,Sonoran Cycles Online,DTC,Booked,Credit Card,Phoenix Distribution Center,5199.0
SO108603,2023-11-25,C0001,Sonoran Cycles Online,DTC,Booked,Credit Card,Phoenix Distribution Center,5199.0
SO108604,2023-11-25,C0001,Sonoran Cycles Online,DTC,Booked,Credit Card,Phoenix Distribution Center,5199.0
SO108605,2023-11-25,C0001,Sonoran Cycles Online,DTC,Booked,Credit Card,Phoenix Distribution Center,4599.0
SO108606,2023-11-26,C0006,Tucson Trail Works,Dealer,Booked,Net 30,Phoenix Distribution Center,36076.56
SO108607,2023-11-26,C0001,Sonoran Cycles Online,DTC,Booked,Credit Card,Phoenix Distribution Center,3499.0
SO108608,2023-11-26,C0001,Sonoran Cycles Online,DTC,Booked,Credit Card,Phoenix Distribution Center,3499.0
SO108609,2023-11-26,C0001,Sonoran Cycles Online,DTC,Booked,Credit Card,Phoenix Distribution Center,3299.0
SO108610,2023-11-26,C0001,Sonoran Cycles Online,DTC,Booked,Credit Card,Phoenix Distribution Center,5199.0
SO108611,2023-11-26,C0001,Sonoran Cycles Online,DTC,Booked,Credit Card,Phoenix Distribution Center,5199.0
SO108612,2023-11-26,C0001,Sonoran Cycles Online,DTC,Booked,Credit Card,Phoenix Distribution Center,5199.0
SO108613,2023-11-26,C0001,Sonoran Cycles Online,DTC,Booked,Credit Card,Phoenix Distribution Center,3299.0
SO108614,2023-11-26,C0001,Sonoran Cycles Online,DTC,Booked,Credit Card,Phoenix Distribution Center,5199.0
SO108615,2023-11-26,C0001,Sonoran Cycles Online,DTC,Booked,Credit Card,Phoenix Distribution Center,11398.0
SO108616,2023-11-26,C0001,Sonoran Cycles Online,DTC,Booked,Credit Card,Phoenix Distribution Center,6199.0
SO108617,2023-11-27,C0031,Pisgah Bike Co.,Dealer,Booked,Net 45,Phoenix Distribution Center,38156.46
SO108618,2023-11-27,C0004,Sonoran Bike Co.,Dealer,Booked,Net 30,Phoenix Distribution Center,28267.04
SO108619,2023-11-27,C0015,Sierra Cycle Works,Dealer,Booked,Net 30,Phoenix Distribution Center,27150.42
SO108620,2023-11-27,C0013,Pacific Trail Bikes,Dealer,Booked,Net 45,Phoenix Distribution Center,31256.78
SO108621,2023-11-27,C0017,Bay Mountain Bikes,Dealer,Booked,Net 30,Phoenix Distribution Center,56534.08
SO108622,2023-11-27,C0018,High Country Bikes,Dealer,Booked,Net 45,Phoenix Distribution Center,21223.94
SO108623,2023-11-27,C0002,Desert Trail Bikes,Dealer,Booked,Net 45,Phoenix Distribution Center,36764.46
SO108624,2023-11-27,C0020,Alpine Ride Co.,Dealer,Booked,Net 30,Phoenix Distribution Center,18843.66
SO108625,2023-11-27,C0020,Alpine Ride Co.,Dealer,Booked,Net 30,Phoenix Distribution Center,16859.66
SO108626,2023-11-27,C0009,Las Cruces Cycling,Dealer,Booked,Net 30,Phoenix Distribution Center,32559.15
SO108627,2023-11-27,C0022,Wasatch Wheel Works,Dealer,Booked,Net 30,Phoenix Distribution Center,20084.28
SO108628,2023-11-27,C0019,Front Range Cyclery,Dealer,Booked,Net 30,Phoenix Distribution Center,21075.66
SO108629,2023-11-27,C0022,Wasatch Wheel Works,Dealer,Booked,Net 30,Phoenix Distribution Center,15372.9
SO108630,2023-11-27,C0016,Coastal Gravel Co.,Dealer,Booked,Net 30,Phoenix Distribution Center,33144.15
SO108631,2023-11-27,C0027,Prairie Trail Bikes,Dealer,Booked,Net 30,Phoenix Distribution Center,28638.42
SO108632,2023-11-27,C0020,Alpine Ride Co.,Dealer,Booked,Net 30,Phoenix Distribution Center,9359.52
SO108633,2023-11-27,C0019,Front Range Cyclery,Dealer,Booked,Net 30,Phoenix Distribution Center,33721.18
SO108634,2023-11-27,C0001,Sonoran Cycles Online,DTC,Booked,Credit Card,Phoenix Distribution Center,4599.0
SO108635,2023-11-27,C0001,Sonoran Cycles Online,DTC,Booked,Credit Card,Phoenix Distribution Center,4599.0
SO108636,2023-11-27,C0001,Sonoran Cycles Online,DTC,Booked,Credit Card,Phoenix Distribution Center,5199.0
SO108637,2023-11-27,C0001,Sonoran Cycles Online,DTC,Booked,Credit Card,Phoenix Distribution Center,4599.0
SO108638,2023-11-27,C0001,Sonoran Cycles Online,DTC,Booked,Credit Card,Phoenix Distribution Center,4599.0
SO108639,2023-11-27,C0001,Sonoran Cycles Online,DTC,Booked,Credit Card,Phoenix Distribution Center,4599.0
SO108640,2023-11-27,C0001,Sonoran Cycles Online,DTC,Booked,Credit Card,Phoenix Distribution Center,3299.0
SO108641,2023-11-27,C0001,Sonoran Cycles Online,DTC,Booked,Credit Card,Phoenix Distribution Center,4599.0
SO108642,2023-11-28,C0034,Green Mountain Bikes,Dealer,Booked,Net 30,Phoenix Distribution Center,8182.14
SO108643,2023-11-28,C0005,Mesa Mountain Bikes,Dealer,Booked,Net 30,Phoenix Distribution Center,24173.5
SO108644,2023-11-28,C0003,Cactus Cycling,Dealer,Booked,Net 30,Phoenix Distribution Center,31240.56
SO108645,2023-11-28,C0002,Desert Trail Bikes,Dealer,Booked,Net 45,Phoenix Distribution Center,28239.62
SO108646,2023-11-28,C0025,Lakeshore Bikes,Dealer,Booked,Net 30,Phoenix Distribution Center,23677.18
SO108647,2023-11-28,C0026,Great Lakes Cyclery,Dealer,Booked,Net 30,Phoenix Distribution Center,10203.05
SO108648,2023-11-28,C0014,Redwood Ride Shop,Dealer,Booked,Net 30,Phoenix Distribution Center,34777.04
SO108649,2023-11-28,C0030,Blue Ridge Cycles,Dealer,Booked,Net 30,Phoenix Distribution Center,35456.56
SO108650,2023-11-28,C0029,River Bend Bikes,Dealer,Booked,Net 30,Phoenix Distribution Center,40942.2
SO108651,2023-11-28,C0014,Redwood Ride Shop,Dealer,Booked,Net 30,Phoenix Distribution Center,18286.28
SO108652,2023-11-28,C0029,River Bend Bikes,Dealer,Booked,Net 30,Phoenix Distribution Center,48350.9
SO108653,2023-11-28,C0011,Cascade Bikes,Dealer,Booked,Net 30,Phoenix Distribution Center,36944.56
SO108654,2023-11-28,C0022,Wasatch Wheel Works,Dealer,Booked,Net 30,Phoenix Distribution Center,26779.04
SO108655,2023-11-28,C0029,River Bend Bikes,Dealer,Booked,Net 30,Phoenix Distribution Center,9358.05
SO108656,2023-11-28,C0020,Alpine Ride Co.,Dealer,Booked,Net 30,Phoenix Distribution Center,8181.52
SO108657,2023-11-28,C0017,Bay Mountain Bikes,Dealer,Booked,Net 30,Phoenix Distribution Center,13141.52
SO108658,2023-11-28,C0003,Cactus Cycling,Dealer,Booked,Net 30,Phoenix Distribution Center,20331.66
SO108659,2023-11-28,C0003,Cactus Cycling,Dealer,Booked,Net 30,Phoenix Distribution Center,31552.42
SO108660,2023-11-28,C0025,Lakeshore Bikes,Dealer,Booked,Net 30,Phoenix Distribution Center,28201.94
SO108661,2023-11-28,C0001,Sonoran Cycles Online,DTC,Booked,Credit Card,Phoenix Distribution Center,3299.0
SO108662,2023-11-28,C0001,Sonoran Cycles Online,DTC,Booked,Credit Card,Phoenix Distribution Center,3999.0
SO108663,2023-11-28,C0001,Sonoran Cycles Online,DTC,Booked,Credit Card,Phoenix Distribution Center,6998.0
SO108664,2023-11-28,C0001,Sonoran Cycles Online,DTC,Booked,Credit Card,Phoenix Distribution Center,3499.0
SO108665,2023-11-28,C0001,Sonoran Cycles Online,DTC,Booked,Credit Card,Phoenix Distribution Center,5199.0
SO108666,2023-11-28,C0001,Sonoran Cycles Online,DTC,Booked,Credit Card,Phoenix Distribution Center,6798.0
SO108667,2023-11-28,C0001,Sonoran Cycles Online,DTC,Booked,Credit Card,Phoenix Distribution Center,5199.0
SO108668,2023-11-28,C0001,Sonoran Cycles Online,DTC,Booked,Credit Card,Phoenix Distribution Center,7499.0
SO108669,2023-11-29,C0034,Green Mountain Bikes,Dealer,Booked,Net 30,Phoenix Distribution Center,25289.8
SO108670,2023-11-29,C0013,Pacific Trail Bikes,Dealer,Booked,Net 45,Phoenix Distribution Center,12351.68
SO108671,2023-11-29,C0035,Adirondack Cycles,Dealer,Booked,Net 30,Phoenix Distribution Center,14946.75
SO108672,2023-11-29,C0025,Lakeshore Bikes,Dealer,Booked,Net 30,Phoenix Distribution Center,13450.28
SO108673,2023-11-29,C0022,Wasatch Wheel Works,Dealer,Booked,Net 30,Phoenix Distribution Center,36820.56
SO108674,2023-11-29,C0028,Windy City Cycles,Dealer,Booked,Net 30,Phoenix Distribution Center,39317.2
SO108675,2023-11-29,C0007,Red Rock Cycles,Dealer,Booked,Net 30,Phoenix Distribution Center,36393.5
SO108676,2023-11-29,C0017,Bay Mountain Bikes,Dealer,Booked,Net 30,Phoenix Distribution Center,28142.42
SO108677,2023-11-29,C0015,Sierra Cycle Works,Dealer,Booked,Net 30,Phoenix Distribution Center,10537.52
SO108678,2023-11-29,C0020,Alpine Ride Co.,Dealer,Booked,Net 30,Phoenix Distribution Center,14751.66
SO108679,2023-11-29,C0014,Redwood Ride Shop,Dealer,Booked,Net 30,Phoenix Distribution Center,27149.18
SO108680,2023-11-29,C0017,Bay Mountain Bikes,Dealer,Booked,Net 30,Phoenix Distribution Center,12149.52
SO108681,2023-11-29,C0025,Lakeshore Bikes,Dealer,Booked,Net 30,Phoenix Distribution Center,10661.52
SO108682,2023-11-29,C0018,High Country Bikes,Dealer,Booked,Net 45,Phoenix Distribution Center,20992.52
SO108683,2023-11-29,C0022,Wasatch Wheel Works,Dealer,Booked,Net 30,Phoenix Distribution Center,36013.94
SO108684,2023-11-29,C0001,Sonoran Cycles Online,DTC,Booked,Credit Card,Phoenix Distribution Center,9198.0
SO108685,2023-11-29,C0001,Sonoran Cycles Online,DTC,Booked,Credit Card,Phoenix Distribution Center,3499.0
SO108686,2023-11-29,C0001,Sonoran Cycles Online,DTC,Booked,Credit Card,Phoenix Distribution Center,11398.0
SO108687,2023-11-29,C0001,Sonoran Cycles Online,DTC,Booked,Credit Card,Phoenix Distribution Center,5199.0
SO108688,2023-11-29,C0001,Sonoran Cycles Online,DTC,Booked,Credit Card,Phoenix Distribution Center,4599.0
SO108689,2023-11-29,C0001,Sonoran Cycles Online,DTC,Booked,Credit Card,Phoenix Distribution Center,14397.0
SO108690,2023-11-29,C0001,Sonoran Cycles Online,DTC,Booked,Credit Card,Phoenix Distribution Center,4599.0
SO108691,2023-11-29,C0001,Sonoran Cycles Online,DTC,Booked,Credit Card,Phoenix Distribution Center,4599.0
SO108692,2023-11-30,C0014,Redwood Ride Shop,Dealer,Booked,Net 30,Phoenix Distribution Center,9731.52
SO108693,2023-11-30,C0030,Blue Ridge Cycles,Dealer,Booked,Net 30,Phoenix Distribution Center,19216.28
SO108694,2023-11-30,C0020,Alpine Ride Co.,Dealer,Booked,Net 30,Phoenix Distribution Center,32728.56
SO108695,2023-11-30,C0011,Cascade Bikes,Dealer,Booked,Net 30,Phoenix Distribution Center,34341.18
SO108696,2023-11-30,C0027,Prairie Trail Bikes,Dealer,Booked,Net 30,Phoenix Distribution Center,29877.8
SO108697,2023-11-30,C0025,Lakeshore Bikes,Dealer,Booked,Net 30,Phoenix Distribution Center,25661.18
SO108698,2023-11-30,C0033,Appalachian Bikes,Dealer,Booked,Net 30,Phoenix Distribution Center,30249.8
SO108699,2023-11-30,C0016,Coastal Gravel Co.,Dealer,Booked,Net 30,Phoenix Distribution Center,8707.4
SO108700,2023-11-30,C0008,Sedona Ride Center,Dealer,Booked,Net 30,Phoenix Distribution Center,24919.66
SO108701,2023-11-30,C0010,Evergreen Cyclery,Dealer,Booked,Net 45,Phoenix Distribution Center,26093.04
SO108702,2023-11-30,C0036,Pine Tree Bicycles,Dealer,Booked,Net 30,Phoenix Distribution Center,29893.5
SO108703,2023-11-30,C0030,Blue Ridge Cycles,Dealer,Booked,Net 30,Phoenix Distribution Center,49217.46
SO108704,2023-11-30,C0018,High Country Bikes,Dealer,Booked,Net 45,Phoenix Distribution Center,35953.04
SO108705,2023-11-30,C0004,Sonoran Bike Co.,Dealer,Booked,Net 30,Phoenix Distribution Center,18968.28
SO108706,2023-11-30,C0033,Appalachian Bikes,Dealer,Booked,Net 30,Phoenix Distribution Center,21385.66
SO108707,2023-11-30,C0031,Pisgah Bike Co.,Dealer,Booked,Net 45,Phoenix Distribution Center,30618.78
SO108708,2023-11-30,C0015,Sierra Cycle Works,Dealer,Booked,Net 30,Phoenix Distribution Center,49342.08
SO108709,2023-11-30,C0001,Sonoran Cycles Online,DTC,Booked,Credit Card,Phoenix Distribution Center,10398.0
SO108710,2023-11-30,C0001,Sonoran Cycles Online,DTC,Booked,Credit Card,Phoenix Distribution Center,3499.0
SO108711,2023-11-30,C0001,Sonoran Cycles Online,DTC,Booked,Credit Card,Phoenix Distribution Center,4599.0
SO108712,2023-11-30,C0001,Sonoran Cycles Online,DTC,Booked,Credit Card,Phoenix Distribution Center,3299.0
SO108713,2023-11-30,C0001,Sonoran Cycles Online,DTC,Booked,Credit Card,Phoenix Distribution Center,7499.0
SO108714,2023-11-30,C0001,Sonoran Cycles Online,DTC,Booked,Credit Card,Phoenix Distribution Center,10798.0
SO108715,2023-11-30,C0001,Sonoran Cycles Online,DTC,Booked,Credit Card,Phoenix Distribution Center,5199.0
SO108716,2023-11-30,C0001,Sonoran Cycles Online,DTC,Booked,Credit Card,Phoenix Distribution Center,3299.0
SO108717,2023-12-01,C0030,Blue Ridge Cycles,Dealer,Booked,Net 30,Phoenix Distribution Center,6694.76
SO108718,2023-12-01,C0013,Pacific Trail Bikes,Dealer,Booked,Net 45,Phoenix Distribution Center,21747.1
SO108719,2023-12-01,C0006,Tucson Trail Works,Dealer,Booked,Net 30,Phoenix Distribution Center,11777.52
SO108720,2023-12-01,C0013,Pacific Trail Bikes,Dealer,Booked,Net 45,Phoenix Distribution Center,11365.68
SO108721,2023-12-01,C0036,Pine Tree Bicycles,Dealer,Booked,Net 30,Phoenix Distribution Center,47830.9
SO108722,2023-12-01,C0004,Sonoran Bike Co.,Dealer,Booked,Net 30,Phoenix Distribution Center,24423.66
SO108723,2023-12-01,C0026,Great Lakes Cyclery,Dealer,Booked,Net 30,Phoenix Distribution Center,34442.85
SO108724,2023-12-01,C0031,Pisgah Bike Co.,Dealer,Booked,Net 45,Phoenix Distribution Center,33517.62
SO108725,2023-12-01,C0020,Alpine Ride Co.,Dealer,Booked,Net 30,Phoenix Distribution Center,9483.52
SO108726,2023-12-01,C0002,Desert Trail Bikes,Dealer,Booked,Net 45,Phoenix Distribution Center,11597.68
SO108727,2023-12-01,C0031,Pisgah Bike Co.,Dealer,Booked,Net 45,Phoenix Distribution Center,51262.72
SO108728,2023-12-01,C0001,Sonoran Cycles Online,DTC,Booked,Credit Card,Phoenix Distribution Center,4599.0
SO108729,2023-12-01,C0001,Sonoran Cycles Online,DTC,Booked,Credit Card,Phoenix Distribution Center,4599.0
SO108730,2023-12-01,C0001,Sonoran Cycles Online,DTC,Booked,Credit Card,Phoenix Distribution Center,3299.0
SO108731,2023-12-01,C0001,Sonoran Cycles Online,DTC,Booked,Credit Card,Phoenix Distribution Center,7499.0
SO108732,2023-12-01,C0001,Sonoran Cycles Online,DTC,Booked,Credit Card,Phoenix Distribution Center,7499.0
SO108733,2023-12-01,C0001,Sonoran Cycles Online,DTC,Booked,Credit Card,Phoenix Distribution Center,4599.0
SO108734,2023-12-01,C0001,Sonoran Cycles Online,DTC,Booked,Credit Card,Phoenix Distribution Center,3299.0
SO108735,2023-12-02,C0024,Teton Cycling,Dealer,Booked,Net 30,Phoenix Distribution Center,11438.05
SO108736,2023-12-02,C0014,Redwood Ride Shop,Dealer,Booked,Net 30,Phoenix Distribution Center,22315.66
SO108737,2023-12-02,C0035,Adirondack Cycles,Dealer,Booked,Net 30,Phoenix Distribution Center,35027.85
SO108738,2023-12-02,C0033,Appalachian Bikes,Dealer,Booked,Net 30,Phoenix Distribution Center,24050.42
SO108739,2023-12-02,C0001,Sonoran Cycles Online,DTC,Booked,Credit Card,Phoenix Distribution Center,3299.0
SO108740,2023-12-02,C0001,Sonoran Cycles Online,DTC,Booked,Credit Card,Phoenix Distribution Center,6199.0
SO108741,2023-12-02,C0001,Sonoran Cycles Online,DTC,Booked,Credit Card,Phoenix Distribution Center,5199.0
SO108742,2023-12-02,C0001,Sonoran Cycles Online,DTC,Booked,Credit Card,Phoenix Distribution Center,5199.0
SO108743,2023-12-02,C0001,Sonoran Cycles Online,DTC,Booked,Credit Card,Phoenix Distribution Center,6199.0
SO108744,2023-12-02,C0001,Sonoran Cycles Online,DTC,Booked,Credit Card,Phoenix Distribution Center,3299.0
SO108745,2023-12-02,C0001,Sonoran Cycles Online,DTC,Booked,Credit Card,Phoenix Distribution Center,5199.0
SO108746,2023-12-02,C0001,Sonoran Cycles Online,DTC,Booked,Credit Card,Phoenix Distribution Center,4599.0
SO108747,2023-12-02,C0001,Sonoran Cycles Online,DTC,Booked,Credit Card,Phoenix Distribution Center,5199.0
SO108748,2023-12-03,C0006,Tucson Trail Works,Dealer,Booked,Net 30,Phoenix Distribution Center,31365.18
SO108749,2023-12-03,C0001,Sonoran Cycles Online,DTC,Booked,Credit Card,Phoenix Distribution Center,3499.0
SO108750,2023-12-03,C0001,Sonoran Cycles Online,DTC,Booked,Credit Card,Phoenix Distribution Center,4599.0
SO108751,2023-12-03,C0001,Sonoran Cycles Online,DTC,Booked,Credit Card,Phoenix Distribution Center,3299.0
SO108752,2023-12-03,C0001,Sonoran Cycles Online,DTC,Booked,Credit Card,Phoenix Distribution Center,4599.0
SO108753,2023-12-03,C0001,Sonoran Cycles Online,DTC,Booked,Credit Card,Phoenix Distribution Center,4599.0
SO108754,2023-12-03,C0001,Sonoran Cycles Online,DTC,Booked,Credit Card,Phoenix Distribution Center,3299.0
SO108755,2023-12-03,C0001,Sonoran Cycles Online,DTC,Booked,Credit Card,Phoenix Distribution Center,6998.0
SO108756,2023-12-04,C0031,Pisgah Bike Co.,Dealer,Booked,Net 45,Phoenix Distribution Center,11945.68
SO108757,2023-12-04,C0032,Southern Singletrack,Dealer,Booked,Net 30,Phoenix Distribution Center,30347.85
SO108758,2023-12-04,C0007,Red Rock Cycles,Dealer,Booked,Net 30,Phoenix Distribution Center,22485.45
SO108759,2023-12-04,C0011,Cascade Bikes,Dealer,Booked,Net 30,Phoenix Distribution Center,24299.04
SO108760,2023-12-04,C0018,High Country Bikes,Dealer,Booked,Net 45,Phoenix Distribution Center,16817.1
SO108761,2023-12-04,C0013,Pacific Trail Bikes,Dealer,Booked,Net 45,Phoenix Distribution Center,32068.2
SO108762,2023-12-04,C0009,Las Cruces Cycling,Dealer,Booked,Net 30,Phoenix Distribution Center,37560.25
SO108763,2023-12-04,C0019,Front Range Cyclery,Dealer,Booked,Net 30,Phoenix Distribution Center,19339.66
SO108764,2023-12-04,C0033,Appalachian Bikes,Dealer,Booked,Net 30,Phoenix Distribution Center,20084.28
SO108765,2023-12-04,C0029,River Bend Bikes,Dealer,Booked,Net 30,Phoenix Distribution Center,28854.15
SO108766,2023-12-04,C0025,Lakeshore Bikes,Dealer,Booked,Net 30,Phoenix Distribution Center,22623.18
SO108767,2023-12-04,C0027,Prairie Trail Bikes,Dealer,Booked,Net 30,Phoenix Distribution Center,9298.14
SO108768,2023-12-04,C0001,Sonoran Cycles Online,DTC,Booked,Credit Card,Phoenix Distribution Center,5199.0
SO108769,2023-12-04,C0001,Sonoran Cycles Online,DTC,Booked,Credit Card,Phoenix Distribution Center,4599.0
SO108770,2023-12-04,C0001,Sonoran Cycles Online,DTC,Booked,Credit Card,Phoenix Distribution Center,6199.0
SO108771,2023-12-04,C0001,Sonoran Cycles Online,DTC,Booked,Credit Card,Phoenix Distribution Center,3299.0
SO108772,2023-12-04,C0001,Sonoran Cycles Online,DTC,Booked,Credit Card,Phoenix Distribution Center,9798.0
SO108773,2023-12-04,C0001,Sonoran Cycles Online,DTC,Booked,Credit Card,Phoenix Distribution Center,4599.0
SO108774,2023-12-05,C0025,Lakeshore Bikes,Dealer,Booked,Net 30,Phoenix Distribution Center,7004.14
SO108775,2023-12-05,C0029,River Bend Bikes,Dealer,Booked,Net 30,Phoenix Distribution Center,42112.2
SO108776,2023-12-05,C0013,Pacific Trail Bikes,Dealer,Booked,Net 45,Phoenix Distribution Center,35547.62
SO108777,2023-12-05,C0034,Green Mountain Bikes,Dealer,Booked,Net 30,Phoenix Distribution Center,21384.42
SO108778,2023-12-05,C0036,Pine Tree Bicycles,Dealer,Booked,Net 30,Phoenix Distribution Center,42502.2
SO108779,2023-12-05,C0030,Blue Ridge Cycles,Dealer,Booked,Net 30,Phoenix Distribution Center,25785.8
SO108780,2023-12-05,C0036,Pine Tree Bicycles,Dealer,Booked,Net 30,Phoenix Distribution Center,28917.85
SO108781,2023-12-05,C0004,Sonoran Bike Co.,Dealer,Booked,Net 30,Phoenix Distribution Center,27151.04
SO108782,2023-12-05,C0027,Prairie Trail Bikes,Dealer,Booked,Net 30,Phoenix Distribution Center,50704.84
SO108783,2023-12-05,C0009,Las Cruces Cycling,Dealer,Booked,Net 30,Phoenix Distribution Center,20015.45
SO108784,2023-12-05,C0025,Lakeshore Bikes,Dealer,Booked,Net 30,Phoenix Distribution Center,10660.9
SO108785,2023-12-05,C0010,Evergreen Cyclery,Dealer,Booked,Net 45,Phoenix Distribution Center,23659.36
SO108786,2023-12-05,C0031,Pisgah Bike Co.,Dealer,Booked,Net 45,Phoenix Distribution Center,47666.72
SO108787,2023-12-05,C0006,Tucson Trail Works,Dealer,Booked,Net 30,Phoenix Distribution Center,11777.52
SO108788,2023-12-05,C0029,River Bend Bikes,Dealer,Booked,Net 30,Phoenix Distribution Center,32234.8
SO108789,2023-12-05,C0001,Sonoran Cycles Online,DTC,Booked,Credit Card,Phoenix Distribution Center,3299.0
SO108790,2023-12-05,C0001,Sonoran Cycles Online,DTC,Booked,Credit Card,Phoenix Distribution Center,3299.0
SO108791,2023-12-05,C0001,Sonoran Cycles Online,DTC,Booked,Credit Card,Phoenix Distribution Center,5199.0
SO108792,2023-12-05,C0001,Sonoran Cycles Online,DTC,Booked,Credit Card,Phoenix Distribution Center,5199.0
SO108793,2023-12-05,C0001,Sonoran Cycles Online,DTC,Booked,Credit Card,Phoenix Distribution Center,3499.0
SO108794,2023-12-05,C0001,Sonoran Cycles Online,DTC,Booked,Credit Card,Phoenix Distribution Center,6199.0
SO108795,2023-12-06,C0005,Mesa Mountain Bikes,Dealer,Booked,Net 30,Phoenix Distribution Center,17285.45
SO108796,2023-12-06,C0025,Lakeshore Bikes,Dealer,Booked,Net 30,Phoenix Distribution Center,17108.28
SO108797,2023-12-06,C0004,Sonoran Bike Co.,Dealer,Booked,Net 30,Phoenix Distribution Center,25043.04
SO108798,2023-12-06,C0009,Las Cruces Cycling,Dealer,Booked,Net 30,Phoenix Distribution Center,39836.55
SO108799,2023-12-06,C0031,Pisgah Bike Co.,Dealer,Booked,Net 45,Phoenix Distribution Center,44360.72
SO108800,2023-12-06,C0026,Great Lakes Cyclery,Dealer,Booked,Net 30,Phoenix Distribution Center,42370.9
SO108801,2023-12-06,C0024,Teton Cycling,Dealer,Booked,Net 30,Phoenix Distribution Center,14623.05
SO108802,2023-12-06,C0014,Redwood Ride Shop,Dealer,Booked,Net 30,Phoenix Distribution Center,46801.94
SO108803,2023-12-06,C0016,Coastal Gravel Co.,Dealer,Booked,Net 30,Phoenix Distribution Center,11371.75
SO108804,2023-12-06,C0031,Pisgah Bike Co.,Dealer,Booked,Net 45,Phoenix Distribution Center,33170.2
SO108805,2023-12-06,C0003,Cactus Cycling,Dealer,Booked,Net 30,Phoenix Distribution Center,11405.52
SO108806,2023-12-06,C0019,Front Range Cyclery,Dealer,Booked,Net 30,Phoenix Distribution Center,19216.9
SO108807,2023-12-06,C0027,Prairie Trail Bikes,Dealer,Booked,Net 30,Phoenix Distribution Center,24794.42
SO108808,2023-12-06,C0001,Sonoran Cycles Online,DTC,Booked,Credit Card,Phoenix Distribution Center,3999.0
SO108809,2023-12-06,C0001,Sonoran Cycles Online,DTC,Booked,Credit Card,Phoenix Distribution Center,3299.0
SO108810,2023-12-06,C0001,Sonoran Cycles Online,DTC,Booked,Credit Card,Phoenix Distribution Center,3299.0
SO108811,2023-12-06,C0001,Sonoran Cycles Online,DTC,Booked,Credit Card,Phoenix Distribution Center,3299.0
SO108812,2023-12-06,C0001,Sonoran Cycles Online,DTC,Booked,Credit Card,Phoenix Distribution Center,4599.0
SO108813,2023-12-06,C0001,Sonoran Cycles Online,DTC,Booked,Credit Card,Phoenix Distribution Center,4599.0
SO108814,2023-12-06,C0001,Sonoran Cycles Online,DTC,Booked,Credit Card,Phoenix Distribution Center,4599.0
SO108815,2023-12-07,C0027,Prairie Trail Bikes,Dealer,Booked,Net 30,Phoenix Distribution Center,37812.56
SO108816,2023-12-07,C0010,Evergreen Cyclery,Dealer,Booked,Net 45,Phoenix Distribution Center,41982.14
SO108817,2023-12-07,C0015,Sierra Cycle Works,Dealer,Booked,Net 30,Phoenix Distribution Center,26778.42
SO108818,2023-12-07,C0006,Tucson Trail Works,Dealer,Booked,Net 30,Phoenix Distribution Center,21820.28
SO108819,2023-12-07,C0035,Adirondack Cycles,Dealer,Booked,Net 30,Phoenix Distribution Center,28074.15
SO108820,2023-12-07,C0013,Pacific Trail Bikes,Dealer,Booked,Net 45,Phoenix Distribution Center,34852.2
SO108821,2023-12-07,C0031,Pisgah Bike Co.,Dealer,Booked,Net 45,Phoenix Distribution Center,39896.46
SO108822,2023-12-07,C0010,Evergreen Cyclery,Dealer,Booked,Net 45,Phoenix Distribution Center,10321.1
SO108823,2023-12-07,C0025,Lakeshore Bikes,Dealer,Booked,Net 30,Phoenix Distribution Center,6136.14
SO108824,2023-12-07,C0005,Mesa Mountain Bikes,Dealer,Booked,Net 30,Phoenix Distribution Center,16375.45
SO108825,2023-12-07,C0012,Rain City Cycles,Dealer,Booked,Net 30,Phoenix Distribution Center,36522.2
SO108826,2023-12-07,C0015,Sierra Cycle Works,Dealer,Booked,Net 30,Phoenix Distribution Center,20331.66
SO108827,2023-12-07,C0005,Mesa Mountain Bikes,Dealer,Booked,Net 30,Phoenix Distribution Center,11762.4
SO108828,2023-12-07,C0001,Sonoran Cycles Online,DTC,Booked,Credit Card,Phoenix Distribution Center,3499.0
SO108829,2023-12-07,C0001,Sonoran Cycles Online,DTC,Booked,Credit Card,Phoenix Distribution Center,4599.0
SO108830,2023-12-07,C0001,Sonoran Cycles Online,DTC,Booked,Credit Card,Phoenix Distribution Center,7499.0
SO108831,2023-12-07,C0001,Sonoran Cycles Online,DTC,Booked,Credit Card,Phoenix Distribution Center,5199.0
SO108832,2023-12-07,C0001,Sonoran Cycles Online,DTC,Booked,Credit Card,Phoenix Distribution Center,6199.0
SO108833,2023-12-07,C0001,Sonoran Cycles Online,DTC,Booked,Credit Card,Phoenix Distribution Center,5199.0
SO108834,2023-12-07,C0001,Sonoran Cycles Online,DTC,Booked,Credit Card,Phoenix Distribution Center,3499.0
SO108835,2023-12-08,C0008,Sedona Ride Center,Dealer,Booked,Net 30,Phoenix Distribution Center,30063.8
SO108836,2023-12-08,C0010,Evergreen Cyclery,Dealer,Booked,Net 45,Phoenix Distribution Center,25107.62
SO108837,2023-12-08,C0006,Tucson Trail Works,Dealer,Booked,Net 30,Phoenix Distribution Center,11405.52
SO108838,2023-12-08,C0017,Bay Mountain Bikes,Dealer,Booked,Net 30,Phoenix Distribution Center,47111.94
SO108839,2023-12-08,C0026,Great Lakes Cyclery,Dealer,Booked,Net 30,Phoenix Distribution Center,11048.05
SO108840,2023-12-08,C0007,Red Rock Cycles,Dealer,Booked,Net 30,Phoenix Distribution Center,36912.85
SO108841,2023-12-08,C0031,Pisgah Bike Co.,Dealer,Booked,Net 45,Phoenix Distribution Center,9046.26
SO108842,2023-12-08,C0011,Cascade Bikes,Dealer,Booked,Net 30,Phoenix Distribution Center,6694.76
SO108843,2023-12-08,C0009,Las Cruces Cycling,Dealer,Booked,Net 30,Phoenix Distribution Center,31907.85
SO108844,2023-12-08,C0028,Windy City Cycles,Dealer,Booked,Net 30,Phoenix Distribution Center,8968.05
SO108845,2023-12-08,C0001,Sonoran Cycles Online,DTC,Booked,Credit Card,Phoenix Distribution Center,6598.0
SO108846,2023-12-08,C0001,Sonoran Cycles Online,DTC,Booked,Credit Card,Phoenix Distribution Center,3299.0
SO108847,2023-12-08,C0001,Sonoran Cycles Online,DTC,Booked,Credit Card,Phoenix Distribution Center,4599.0
SO108848,2023-12-08,C0001,Sonoran Cycles Online,DTC,Booked,Credit Card,Phoenix Distribution Center,4599.0
SO108849,2023-12-08,C0001,Sonoran Cycles Online,DTC,Booked,Credit Card,Phoenix Distribution Center,4599.0
SO108850,2023-12-08,C0001,Sonoran Cycles Online,DTC,Booked,Credit Card,Phoenix Distribution Center,9198.0
SO108851,2023-12-08,C0001,Sonoran Cycles Online,DTC,Booked,Credit Card,Phoenix Distribution Center,3999.0
SO108852,2023-12-09,C0031,Pisgah Bike Co.,Dealer,Booked,Net 45,Phoenix Distribution Center,15657.1
SO108853,2023-12-09,C0027,Prairie Trail Bikes,Dealer,Booked,Net 30,Phoenix Distribution Center,36325.18
SO108854,2023-12-09,C0003,Cactus Cycling,Dealer,Booked,Net 30,Phoenix Distribution Center,20828.28
SO108855,2023-12-09,C0001,Sonoran Cycles Online,DTC,Booked,Credit Card,Phoenix Distribution Center,3499.0
SO108856,2023-12-09,C0001,Sonoran Cycles Online,DTC,Booked,Credit Card,Phoenix Distribution Center,3499.0
SO108857,2023-12-09,C0001,Sonoran Cycles Online,DTC,Booked,Credit Card,Phoenix Distribution Center,4599.0
SO108858,2023-12-09,C0001,Sonoran Cycles Online,DTC,Booked,Credit Card,Phoenix Distribution Center,12098.0
SO108859,2023-12-09,C0001,Sonoran Cycles Online,DTC,Booked,Credit Card,Phoenix Distribution Center,4599.0
SO108860,2023-12-09,C0001,Sonoran Cycles Online,DTC,Booked,Credit Card,Phoenix Distribution Center,4599.0
SO108861,2023-12-09,C0001,Sonoran Cycles Online,DTC,Booked,Credit Card,Phoenix Distribution Center,5199.0
SO108862,2023-12-09,C0001,Sonoran Cycles Online,DTC,Booked,Credit Card,Phoenix Distribution Center,4599.0
SO108863,2023-12-09,C0001,Sonoran Cycles Online,DTC,Booked,Credit Card,Phoenix Distribution Center,5199.0
SO108864,2023-12-10,C0031,Pisgah Bike Co.,Dealer,Booked,Net 45,Phoenix Distribution Center,21803.94
SO108865,2023-12-10,C0001,Sonoran Cycles Online,DTC,Booked,Credit Card,Phoenix Distribution Center,4599.0
SO108866,2023-12-10,C0001,Sonoran Cycles Online,DTC,Booked,Credit Card,Phoenix Distribution Center,4599.0
SO108867,2023-12-10,C0001,Sonoran Cycles Online,DTC,Booked,Credit Card,Phoenix Distribution Center,4599.0
SO108868,2023-12-10,C0001,Sonoran Cycles Online,DTC,Booked,Credit Card,Phoenix Distribution Center,6199.0
SO108869,2023-12-10,C0001,Sonoran Cycles Online,DTC,Booked,Credit Card,Phoenix Distribution Center,3499.0
SO108870,2023-12-10,C0001,Sonoran Cycles Online,DTC,Booked,Credit Card,Phoenix Distribution Center,3299.0
SO108871,2023-12-10,C0001,Sonoran Cycles Online,DTC,Booked,Credit Card,Phoenix Distribution Center,5199.0
SO108872,2023-12-10,C0001,Sonoran Cycles Online,DTC,Booked,Credit Card,Phoenix Distribution Center,4599.0
SO108873,2023-12-11,C0036,Pine Tree Bicycles,Dealer,Booked,Net 30,Phoenix Distribution Center,24045.45
SO108874,2023-12-11,C0017,Bay Mountain Bikes,Dealer,Booked,Net 30,Phoenix Distribution Center,14133.52
SO108875,2023-12-11,C0019,Front Range Cyclery,Dealer,Booked,Net 30,Phoenix Distribution Center,9979.52
SO108876,2023-12-11,C0018,High Country Bikes,Dealer,Booked,Net 45,Phoenix Distribution Center,18092.52
SO108877,2023-12-11,C0029,River Bend Bikes,Dealer,Booked,Net 30,Phoenix Distribution Center,22876.1
SO108878,2023-12-11,C0003,Cactus Cycling,Dealer,Booked,Net 30,Phoenix Distribution Center,27709.04
SO108879,2023-12-11,C0011,Cascade Bikes,Dealer,Booked,Net 30,Phoenix Distribution Center,35705.18
SO108880,2023-12-11,C0020,Alpine Ride Co.,Dealer,Booked,Net 30,Phoenix Distribution Center,15557.66
SO108881,2023-12-11,C0033,Appalachian Bikes,Dealer,Booked,Net 30,Phoenix Distribution Center,24423.66
SO108882,2023-12-11,C0023,Bozeman Bike Works,Dealer,Booked,Net 30,Phoenix Distribution Center,18716.1
SO108883,2023-12-11,C0017,Bay Mountain Bikes,Dealer,Booked,Net 30,Phoenix Distribution Center,54053.46
SO108884,2023-12-11,C0018,High Country Bikes,Dealer,Booked,Net 45,Phoenix Distribution Center,9278.26
SO108885,2023-12-11,C0020,Alpine Ride Co.,Dealer,Booked,Net 30,Phoenix Distribution Center,13574.28
SO108886,2023-12-11,C0001,Sonoran Cycles Online,DTC,Booked,Credit Card,Phoenix Distribution Center,4599.0
SO108887,2023-12-11,C0001,Sonoran Cycles Online,DTC,Booked,Credit Card,Phoenix Distribution Center,5199.0
SO108888,2023-12-11,C0001,Sonoran Cycles Online,DTC,Booked,Credit Card,Phoenix Distribution Center,7499.0
SO108889,2023-12-11,C0001,Sonoran Cycles Online,DTC,Booked,Credit Card,Phoenix Distribution Center,4599.0
SO108890,2023-12-11,C0001,Sonoran Cycles Online,DTC,Booked,Credit Card,Phoenix Distribution Center,3499.0
SO108891,2023-12-12,C0031,Pisgah Bike Co.,Dealer,Booked,Net 45,Phoenix Distribution Center,24355.36
SO108892,2023-12-12,C0008,Sedona Ride Center,Dealer,Booked,Net 30,Phoenix Distribution Center,47980.56
SO108893,2023-12-12,C0014,Redwood Ride Shop,Dealer,Booked,Net 30,Phoenix Distribution Center,22873.04
SO108894,2023-12-12,C0022,Wasatch Wheel Works,Dealer,Booked,Net 30,Phoenix Distribution Center,37067.94
SO108895,2023-12-12,C0002,Desert Trail Bikes,Dealer,Booked,Net 45,Phoenix Distribution Center,17801.94
SO108896,2023-12-12,C0010,Evergreen Cyclery,Dealer,Booked,Net 45,Phoenix Distribution Center,13394.52
SO108897,2023-12-12,C0007,Red Rock Cycles,Dealer,Booked,Net 30,Phoenix Distribution Center,16506.75
SO108898,2023-12-12,C0029,River Bend Bikes,Dealer,Booked,Net 30,Phoenix Distribution Center,56019.6
SO108899,2023-12-12,C0033,Appalachian Bikes,Dealer,Booked,Net 30,Phoenix Distribution Center,17108.28
SO108900,2023-12-12,C0015,Sierra Cycle Works,Dealer,Booked,Net 30,Phoenix Distribution Center,22191.66
SO108901,2023-12-12,C0027,Prairie Trail Bikes,Dealer,Booked,Net 30,Phoenix Distribution Center,34155.8
SO108902,2023-12-12,C0010,Evergreen Cyclery,Dealer,Booked,Net 45,Phoenix Distribution Center,9567.1
SO108903,2023-12-12,C0025,Lakeshore Bikes,Dealer,Booked,Net 30,Phoenix Distribution Center,9793.52
SO108904,2023-12-12,C0001,Sonoran Cycles Online,DTC,Booked,Credit Card,Phoenix Distribution Center,3299.0
SO108905,2023-12-12,C0001,Sonoran Cycles Online,DTC,Booked,Credit Card,Phoenix Distribution Center,6199.0
SO108906,2023-12-12,C0001,Sonoran Cycles Online,DTC,Booked,Credit Card,Phoenix Distribution Center,9798.0
SO108907,2023-12-12,C0001,Sonoran Cycles Online,DTC,Booked,Credit Card,Phoenix Distribution Center,7499.0
SO108908,2023-12-12,C0001,Sonoran Cycles Online,DTC,Booked,Credit Card,Phoenix Distribution Center,7499.0
SO108909,2023-12-12,C0001,Sonoran Cycles Online,DTC,Booked,Credit Card,Phoenix Distribution Center,3499.0
SO108910,2023-12-13,C0025,Lakeshore Bikes,Dealer,Booked,Net 30,Phoenix Distribution Center,22066.42
SO108911,2023-12-13,C0009,Las Cruces Cycling,Dealer,Booked,Net 30,Phoenix Distribution Center,17546.75
SO108912,2023-12-13,C0017,Bay Mountain Bikes,Dealer,Booked,Net 30,Phoenix Distribution Center,32730.42
SO108913,2023-12-13,C0033,Appalachian Bikes,Dealer,Booked,Net 30,Phoenix Distribution Center,48722.08
SO108914,2023-12-13,C0031,Pisgah Bike Co.,Dealer,Booked,Net 45,Phoenix Distribution Center,50450.72
SO108915,2023-12-13,C0029,River Bend Bikes,Dealer,Booked,Net 30,Phoenix Distribution Center,22226.1
SO108916,2023-12-13,C0025,Lakeshore Bikes,Dealer,Booked,Net 30,Phoenix Distribution Center,20145.66
SO108917,2023-12-13,C0002,Desert Trail Bikes,Dealer,Booked,Net 45,Phoenix Distribution Center,16352.52
SO108918,2023-12-13,C0024,Teton Cycling,Dealer,Booked,Net 30,Phoenix Distribution Center,24823.5
SO108919,2023-12-13,C0031,Pisgah Bike Co.,Dealer,Booked,Net 45,Phoenix Distribution Center,20412.52
SO108920,2023-12-13,C0032,Southern Singletrack,Dealer,Booked,Net 30,Phoenix Distribution Center,14751.1
SO108921,2023-12-13,C0020,Alpine Ride Co.,Dealer,Booked,Net 30,Phoenix Distribution Center,20454.42
SO108922,2023-12-13,C0001,Sonoran Cycles Online,DTC,Booked,Credit Card,Phoenix Distribution Center,7499.0
SO108923,2023-12-13,C0001,Sonoran Cycles Online,DTC,Booked,Credit Card,Phoenix Distribution Center,3499.0
SO108924,2023-12-13,C0001,Sonoran Cycles Online,DTC,Booked,Credit Card,Phoenix Distribution Center,7298.0
SO108925,2023-12-13,C0001,Sonoran Cycles Online,DTC,Booked,Credit Card,Phoenix Distribution Center,5199.0
SO108926,2023-12-13,C0001,Sonoran Cycles Online,DTC,Booked,Credit Card,Phoenix Distribution Center,6798.0
SO108927,2023-12-13,C0001,Sonoran Cycles Online,DTC,Booked,Credit Card,Phoenix Distribution Center,3499.0
SO108928,2023-12-14,C0005,Mesa Mountain Bikes,Dealer,Booked,Net 30,Phoenix Distribution Center,12086.75
SO108929,2023-12-14,C0015,Sierra Cycle Works,Dealer,Booked,Net 30,Phoenix Distribution Center,54549.46
SO108930,2023-12-14,C0017,Bay Mountain Bikes,Dealer,Booked,Net 30,Phoenix Distribution Center,36449.8
SO108931,2023-12-14,C0014,Redwood Ride Shop,Dealer,Booked,Net 30,Phoenix Distribution Center,8926.14
SO108932,2023-12-14,C0010,Evergreen Cyclery,Dealer,Booked,Net 45,Phoenix Distribution Center,29400.78
SO108933,2023-12-14,C0013,Pacific Trail Bikes,Dealer,Booked,Net 45,Phoenix Distribution Center,17397.68
SO108934,2023-12-14,C0034,Green Mountain Bikes,Dealer,Booked,Net 30,Phoenix Distribution Center,11528.9
SO108935,2023-12-14,C0002,Desert Trail Bikes,Dealer,Booked,Net 45,Phoenix Distribution Center,35373.04
SO108936,2023-12-14,C0010,Evergreen Cyclery,Dealer,Booked,Net 45,Phoenix Distribution Center,4232.84
SO108937,2023-12-14,C0011,Cascade Bikes,Dealer,Booked,Net 30,Phoenix Distribution Center,18844.28
SO108938,2023-12-14,C0031,Pisgah Bike Co.,Dealer,Booked,Net 45,Phoenix Distribution Center,37809.62
SO108939,2023-12-14,C0010,Evergreen Cyclery,Dealer,Booked,Net 45,Phoenix Distribution Center,19656.78
SO108940,2023-12-14,C0001,Sonoran Cycles Online,DTC,Booked,Credit Card,Phoenix Distribution Center,3299.0
SO108941,2023-12-14,C0001,Sonoran Cycles Online,DTC,Booked,Credit Card,Phoenix Distribution Center,4599.0
SO108942,2023-12-14,C0001,Sonoran Cycles Online,DTC,Booked,Credit Card,Phoenix Distribution Center,4599.0
SO108943,2023-12-14,C0001,Sonoran Cycles Online,DTC,Booked,Credit Card,Phoenix Distribution Center,4599.0
SO108944,2023-12-14,C0001,Sonoran Cycles Online,DTC,Booked,Credit Card,Phoenix Distribution Center,3499.0
SO108945,2023-12-14,C0001,Sonoran Cycles Online,DTC,Booked,Credit Card,Phoenix Distribution Center,4599.0
SO108946,2023-12-15,C0006,Tucson Trail Works,Dealer,Booked,Net 30,Phoenix Distribution Center,31365.18
SO108947,2023-12-15,C0002,Desert Trail Bikes,Dealer,Booked,Net 45,Phoenix Distribution Center,21107.94
SO108948,2023-12-15,C0010,Evergreen Cyclery,Dealer,Booked,Net 45,Phoenix Distribution Center,18438.78
SO108949,2023-12-15,C0019,Front Range Cyclery,Dealer,Booked,Net 30,Phoenix Distribution Center,18224.28
SO108950,2023-12-15,C0027,Prairie Trail Bikes,Dealer,Booked,Net 30,Phoenix Distribution Center,38805.18
SO108951,2023-12-15,C0020,Alpine Ride Co.,Dealer,Booked,Net 30,Phoenix Distribution Center,20579.04
SO108952,2023-12-15,C0024,Teton Cycling,Dealer,Booked,Net 30,Phoenix Distribution Center,25085.45
SO108953,2023-12-15,C0031,Pisgah Bike Co.,Dealer,Booked,Net 45,Phoenix Distribution Center,32474.2
SO108954,2023-12-15,C0004,Sonoran Bike Co.,Dealer,Booked,Net 30,Phoenix Distribution Center,19588.28
SO108955,2023-12-15,C0024,Teton Cycling,Dealer,Booked,Net 30,Phoenix Distribution Center,31064.15
SO108956,2023-12-15,C0021,Rocky Peak Cycles,Dealer,Booked,Net 30,Phoenix Distribution Center,28074.8
SO108957,2023-12-15,C0001,Sonoran Cycles Online,DTC,Booked,Credit Card,Phoenix Distribution Center,3499.0
SO108958,2023-12-15,C0001,Sonoran Cycles Online,DTC,Booked,Credit Card,Phoenix Distribution Center,12698.0
SO108959,2023-12-15,C0001,Sonoran Cycles Online,DTC,Booked,Credit Card,Phoenix Distribution Center,5199.0
SO108960,2023-12-15,C0001,Sonoran Cycles Online,DTC,Booked,Credit Card,Phoenix Distribution Center,4599.0
SO108961,2023-12-15,C0001,Sonoran Cycles Online,DTC,Booked,Credit Card,Phoenix Distribution Center,9798.0
SO108962,2023-12-15,C0001,Sonoran Cycles Online,DTC,Booked,Credit Card,Phoenix Distribution Center,9798.0
SO108963,2023-12-15,C0001,Sonoran Cycles Online,DTC,Booked,Credit Card,Phoenix Distribution Center,4599.0
SO108964,2023-12-16,C0035,Adirondack Cycles,Dealer,Booked,Net 30,Phoenix Distribution Center,32623.5
SO108965,2023-12-16,C0034,Green Mountain Bikes,Dealer,Booked,Net 30,Phoenix Distribution Center,4896.76
SO108966,2023-12-16,C0015,Sierra Cycle Works,Dealer,Booked,Net 30,Phoenix Distribution Center,15496.28
SO108967,2023-12-16,C0030,Blue Ridge Cycles,Dealer,Booked,Net 30,Phoenix Distribution Center,26779.04
SO108968,2023-12-16,C0001,Sonoran Cycles Online,DTC,Booked,Credit Card,Phoenix Distribution Center,4599.0
SO108969,2023-12-16,C0001,Sonoran Cycles Online,DTC,Booked,Credit Card,Phoenix Distribution Center,6199.0
SO108970,2023-12-16,C0001,Sonoran Cycles Online,DTC,Booked,Credit Card,Phoenix Distribution Center,4599.0
SO108971,2023-12-16,C0001,Sonoran Cycles Online,DTC,Booked,Credit Card,Phoenix Distribution Center,3999.0
SO108972,2023-12-16,C0001,Sonoran Cycles Online,DTC,Booked,Credit Card,Phoenix Distribution Center,7499.0
SO108973,2023-12-16,C0001,Sonoran Cycles Online,DTC,Booked,Credit Card,Phoenix Distribution Center,3999.0
SO108974,2023-12-16,C0001,Sonoran Cycles Online,DTC,Booked,Credit Card,Phoenix Distribution Center,3499.0
SO108975,2023-12-16,C0001,Sonoran Cycles Online,DTC,Booked,Credit Card,Phoenix Distribution Center,4599.0
SO108976,2023-12-17,C0035,Adirondack Cycles,Dealer,Booked,Net 30,Phoenix Distribution Center,29244.15
SO108977,2023-12-17,C0001,Sonoran Cycles Online,DTC,Booked,Credit Card,Phoenix Distribution Center,3299.0
SO108978,2023-12-17,C0001,Sonoran Cycles Online,DTC,Booked,Credit Card,Phoenix Distribution Center,5199.0
SO108979,2023-12-17,C0001,Sonoran Cycles Online,DTC,Booked,Credit Card,Phoenix Distribution Center,4599.0
SO108980,2023-12-17,C0001,Sonoran Cycles Online,DTC,Booked,Credit Card,Phoenix Distribution Center,3299.0
SO108981,2023-12-17,C0001,Sonoran Cycles Online,DTC,Booked,Credit Card,Phoenix Distribution Center,3299.0
SO108982,2023-12-17,C0001,Sonoran Cycles Online,DTC,Booked,Credit Card,Phoenix Distribution Center,3299.0
SO108983,2023-12-17,C0001,Sonoran Cycles Online,DTC,Booked,Credit Card,Phoenix Distribution Center,3999.0
SO108984,2023-12-17,C0001,Sonoran Cycles Online,DTC,Booked,Credit Card,Phoenix Distribution Center,7499.0
SO108985,2023-12-17,C0001,Sonoran Cycles Online,DTC,Booked,Credit Card,Phoenix Distribution Center,5199.0
SO108986,2023-12-18,C0029,River Bend Bikes,Dealer,Booked,Net 30,Phoenix Distribution Center,61998.95
SO108987,2023-12-18,C0033,Appalachian Bikes,Dealer,Booked,Net 30,Phoenix Distribution Center,44011.32
SO108988,2023-12-18,C0032,Southern Singletrack,Dealer,Booked,Net 30,Phoenix Distribution Center,11307.4
SO108989,2023-12-18,C0036,Pine Tree Bicycles,Dealer,Booked,Net 30,Phoenix Distribution Center,20860.45
SO108990,2023-12-18,C0019,Front Range Cyclery,Dealer,Booked,Net 30,Phoenix Distribution Center,40415.94
SO108991,2023-12-18,C0027,Prairie Trail Bikes,Dealer,Booked,Net 30,Phoenix Distribution Center,24795.04
SO108992,2023-12-18,C0031,Pisgah Bike Co.,Dealer,Booked,Net 45,Phoenix Distribution Center,50740.72
SO108993,2023-12-18,C0025,Lakeshore Bikes,Dealer,Booked,Net 30,Phoenix Distribution Center,14318.28
SO108994,2023-12-18,C0024,Teton Cycling,Dealer,Booked,Net 30,Phoenix Distribution Center,22485.45
SO108995,2023-12-18,C0036,Pine Tree Bicycles,Dealer,Booked,Net 30,Phoenix Distribution Center,37367.85
SO108996,2023-12-18,C0017,Bay Mountain Bikes,Dealer,Booked,Net 30,Phoenix Distribution Center,25911.04
SO108997,2023-12-18,C0026,Great Lakes Cyclery,Dealer,Booked,Net 30,Phoenix Distribution Center,20469.8
SO108998,2023-12-18,C0001,Sonoran Cycles Online,DTC,Booked,Credit Card,Phoenix Distribution Center,3299.0
SO108999,2023-12-18,C0001,Sonoran Cycles Online,DTC,Booked,Credit Card,Phoenix Distribution Center,4599.0
SO109000,2023-12-18,C0001,Sonoran Cycles Online,DTC,Booked,Credit Card,Phoenix Distribution Center,5199.0
SO109001,2023-12-18,C0001,Sonoran Cycles Online,DTC,Booked,Credit Card,Phoenix Distribution Center,7499.0
SO109002,2023-12-18,C0001,Sonoran Cycles Online,DTC,Booked,Credit Card,Phoenix Distribution Center,4599.0
SO109003,2023-12-19,C0024,Teton Cycling,Dealer,Booked,Net 30,Phoenix Distribution Center,35158.5
SO109004,2023-12-19,C0003,Cactus Cycling,Dealer,Booked,Net 30,Phoenix Distribution Center,21820.28
SO109005,2023-12-19,C0022,Wasatch Wheel Works,Dealer,Booked,Net 30,Phoenix Distribution Center,20951.66
SO109006,2023-12-19,C0023,Bozeman Bike Works,Dealer,Booked,Net 30,Phoenix Distribution Center,21576.1
SO109007,2023-12-19,C0017,Bay Mountain Bikes,Dealer,Booked,Net 30,Phoenix Distribution Center,32357.8
SO109008,2023-12-19,C0015,Sierra Cycle Works,Dealer,Booked,Net 30,Phoenix Distribution Center,28949.04
SO109009,2023-12-19,C0025,Lakeshore Bikes,Dealer,Booked,Net 30,Phoenix Distribution Center,14751.66
SO109010,2023-12-19,C0006,Tucson Trail Works,Dealer,Booked,Net 30,Phoenix Distribution Center,45250.7
SO109011,2023-12-19,C0025,Lakeshore Bikes,Dealer,Booked,Net 30,Phoenix Distribution Center,16363.04
SO109012,2023-12-19,C0022,Wasatch Wheel Works,Dealer,Booked,Net 30,Phoenix Distribution Center,34092.56
SO109013,2023-12-19,C0014,Redwood Ride Shop,Dealer,Booked,Net 30,Phoenix Distribution Center,42276.56
SO109014,2023-12-19,C0033,Appalachian Bikes,Dealer,Booked,Net 30,Phoenix Distribution Center,10538.14
SO109015,2023-12-19,C0006,Tucson Trail Works,Dealer,Booked,Net 30,Phoenix Distribution Center,24299.04
SO109016,2023-12-19,C0028,Windy City Cycles,Dealer,Booked,Net 30,Phoenix Distribution Center,43670.9
SO109017,2023-12-19,C0001,Sonoran Cycles Online,DTC,Booked,Credit Card,Phoenix Distribution Center,5199.0
SO109018,2023-12-19,C0001,Sonoran Cycles Online,DTC,Booked,Credit Card,Phoenix Distribution Center,4599.0
SO109019,2023-12-19,C0001,Sonoran Cycles Online,DTC,Booked,Credit Card,Phoenix Distribution Center,3299.0
SO109020,2023-12-19,C0001,Sonoran Cycles Online,DTC,Booked,Credit Card,Phoenix Distribution Center,7499.0
SO109021,2023-12-19,C0001,Sonoran Cycles Online,DTC,Booked,Credit Card,Phoenix Distribution Center,3299.0
SO109022,2023-12-19,C0001,Sonoran Cycles Online,DTC,Booked,Credit Card,Phoenix Distribution Center,6199.0
SO109023,2023-12-20,C0030,Blue Ridge Cycles,Dealer,Booked,Net 30,Phoenix Distribution Center,13512.28
SO109024,2023-12-20,C0031,Pisgah Bike Co.,Dealer,Booked,Net 45,Phoenix Distribution Center,18092.52
SO109025,2023-12-20,C0027,Prairie Trail Bikes,Dealer,Booked,Net 30,Phoenix Distribution Center,22935.66
SO109026,2023-12-20,C0025,Lakeshore Bikes,Dealer,Booked,Net 30,Phoenix Distribution Center,14628.28
SO109027,2023-12-20,C0002,Desert Trail Bikes,Dealer,Booked,Net 45,Phoenix Distribution Center,25514.78
SO109028,2023-12-20,C0023,Bozeman Bike Works,Dealer,Booked,Net 30,Phoenix Distribution Center,10138.05
SO109029,2023-12-20,C0010,Evergreen Cyclery,Dealer,Booked,Net 45,Phoenix Distribution Center,11017.68
SO109030,2023-12-20,C0013,Pacific Trail Bikes,Dealer,Booked,Net 45,Phoenix Distribution Center,33113.36
SO109031,2023-12-20,C0028,Windy City Cycles,Dealer,Booked,Net 30,Phoenix Distribution Center,32493.5
SO109032,2023-12-20,C0035,Adirondack Cycles,Dealer,Booked,Net 30,Phoenix Distribution Center,32687.85
SO109033,2023-12-20,C0024,Teton Cycling,Dealer,Booked,Net 30,Phoenix Distribution Center,24694.15
SO109034,2023-12-20,C0018,High Country Bikes,Dealer,Booked,Net 45,Phoenix Distribution Center,33634.2
SO109035,2023-12-20,C0001,Sonoran Cycles Online,DTC,Booked,Credit Card,Phoenix Distribution Center,4599.0
SO109036,2023-12-20,C0001,Sonoran Cycles Online,DTC,Booked,Credit Card,Phoenix Distribution Center,7499.0
SO109037,2023-12-20,C0001,Sonoran Cycles Online,DTC,Booked,Credit Card,Phoenix Distribution Center,3299.0
SO109038,2023-12-20,C0001,Sonoran Cycles Online,DTC,Booked,Credit Card,Phoenix Distribution Center,4599.0
SO109039,2023-12-20,C0001,Sonoran Cycles Online,DTC,Booked,Credit Card,Phoenix Distribution Center,3499.0
SO109040,2023-12-20,C0001,Sonoran Cycles Online,DTC,Booked,Credit Card,Phoenix Distribution Center,3999.0
SO109041,2023-12-21,C0015,Sierra Cycle Works,Dealer,Booked,Net 30,Phoenix Distribution Center,27522.42
SO109042,2023-12-21,C0035,Adirondack Cycles,Dealer,Booked,Net 30,Phoenix Distribution Center,12412.4
SO109043,2023-12-21,C0032,Southern Singletrack,Dealer,Booked,Net 30,Phoenix Distribution Center,32557.85
SO109044,2023-12-21,C0003,Cactus Cycling,Dealer,Booked,Net 30,Phoenix Distribution Center,33657.32
SO109045,2023-12-21,C0036,Pine Tree Bicycles,Dealer,Booked,Net 30,Phoenix Distribution Center,45102.2
SO109046,2023-12-21,C0006,Tucson Trail Works,Dealer,Booked,Net 30,Phoenix Distribution Center,13512.9
SO109047,2023-12-21,C0026,Great Lakes Cyclery,Dealer,Booked,Net 30,Phoenix Distribution Center,26579.8
SO109048,2023-12-21,C0014,Redwood Ride Shop,Dealer,Booked,Net 30,Phoenix Distribution Center,13016.9
SO109049,2023-12-21,C0011,Cascade Bikes,Dealer,Booked,Net 30,Phoenix Distribution Center,20332.28
SO109050,2023-12-21,C0026,Great Lakes Cyclery,Dealer,Booked,Net 30,Phoenix Distribution Center,12737.4
SO109051,2023-12-21,C0025,Lakeshore Bikes,Dealer,Booked,Net 30,Phoenix Distribution Center,4090.76
SO109052,2023-12-21,C0001,Sonoran Cycles Online,DTC,Booked,Credit Card,Phoenix Distribution Center,6199.0
SO109053,2023-12-21,C0001,Sonoran Cycles Online,DTC,Booked,Credit Card,Phoenix Distribution Center,3999.0
SO109054,2023-12-21,C0001,Sonoran Cycles Online,DTC,Booked,Credit Card,Phoenix Distribution Center,3299.0
SO109055,2023-12-21,C0001,Sonoran Cycles Online,DTC,Booked,Credit Card,Phoenix Distribution Center,3499.0
SO109056,2023-12-21,C0001,Sonoran Cycles Online,DTC,Booked,Credit Card,Phoenix Distribution Center,10798.0
SO109057,2023-12-21,C0001,Sonoran Cycles Online,DTC,Booked,Credit Card,Phoenix Distribution Center,3299.0
SO109058,2023-12-22,C0015,Sierra Cycle Works,Dealer,Booked,Net 30,Phoenix Distribution Center,30869.8
SO109059,2023-12-22,C0006,Tucson Trail Works,Dealer,Booked,Net 30,Phoenix Distribution Center,5702.76
SO109060,2023-12-22,C0028,Windy City Cycles,Dealer,Booked,Net 30,Phoenix Distribution Center,35807.85
SO109061,2023-12-22,C0013,Pacific Trail Bikes,Dealer,Booked,Net 45,Phoenix Distribution Center,22325.94
SO109062,2023-12-22,C0016,Coastal Gravel Co.,Dealer,Booked,Net 30,Phoenix Distribution Center,17934.8
SO109063,2023-12-22,C0016,Coastal Gravel Co.,Dealer,Booked,Net 30,Phoenix Distribution Center,45685.9
SO109064,2023-12-22,C0028,Windy City Cycles,Dealer,Booked,Net 30,Phoenix Distribution Center,34247.2
SO109065,2023-12-22,C0025,Lakeshore Bikes,Dealer,Booked,Net 30,Phoenix Distribution Center,43576.08
SO109066,2023-12-22,C0030,Blue Ridge Cycles,Dealer,Booked,Net 30,Phoenix Distribution Center,38309.18
SO109067,2023-12-22,C0024,Teton Cycling,Dealer,Booked,Net 30,Phoenix Distribution Center,44384.6
SO109068,2023-12-22,C0001,Sonoran Cycles Online,DTC,Booked,Credit Card,Phoenix Distribution Center,7499.0
SO109069,2023-12-22,C0001,Sonoran Cycles Online,DTC,Booked,Credit Card,Phoenix Distribution Center,4599.0
SO109070,2023-12-22,C0001,Sonoran Cycles Online,DTC,Booked,Credit Card,Phoenix Distribution Center,4599.0
SO109071,2023-12-22,C0001,Sonoran Cycles Online,DTC,Booked,Credit Card,Phoenix Distribution Center,7499.0
SO109072,2023-12-22,C0001,Sonoran Cycles Online,DTC,Booked,Credit Card,Phoenix Distribution Center,4599.0
SO109073,2023-12-22,C0001,Sonoran Cycles Online,DTC,Booked,Credit Card,Phoenix Distribution Center,7898.0
SO109074,2023-12-22,C0001,Sonoran Cycles Online,DTC,Booked,Credit Card,Phoenix Distribution Center,4599.0
SO109075,2023-12-23,C0031,Pisgah Bike Co.,Dealer,Booked,Net 45,Phoenix Distribution Center,28298.78
SO109076,2023-12-23,C0022,Wasatch Wheel Works,Dealer,Booked,Net 30,Phoenix Distribution Center,32481.8
SO109077,2023-12-23,C0031,Pisgah Bike Co.,Dealer,Booked,Net 45,Phoenix Distribution Center,15077.1
SO109078,2023-12-23,C0001,Sonoran Cycles Online,DTC,Booked,Credit Card,Phoenix Distribution Center,3299.0
SO109079,2023-12-23,C0001,Sonoran Cycles Online,DTC,Booked,Credit Card,Phoenix Distribution Center,5199.0
SO109080,2023-12-23,C0001,Sonoran Cycles Online,DTC,Booked,Credit Card,Phoenix Distribution Center,4599.0
SO109081,2023-12-23,C0001,Sonoran Cycles Online,DTC,Booked,Credit Card,Phoenix Distribution Center,3499.0
SO109082,2023-12-23,C0001,Sonoran Cycles Online,DTC,Booked,Credit Card,Phoenix Distribution Center,5199.0
SO109083,2023-12-23,C0001,Sonoran Cycles Online,DTC,Booked,Credit Card,Phoenix Distribution Center,4599.0
SO109084,2023-12-23,C0001,Sonoran Cycles Online,DTC,Booked,Credit Card,Phoenix Distribution Center,10398.0
SO109085,2023-12-23,C0001,Sonoran Cycles Online,DTC,Booked,Credit Card,Phoenix Distribution Center,4599.0
SO109086,2023-12-24,C0034,Green Mountain Bikes,Dealer,Booked,Net 30,Phoenix Distribution Center,35889.94
SO109087,2023-12-24,C0001,Sonoran Cycles Online,DTC,Booked,Credit Card,Phoenix Distribution Center,3499.0
SO109088,2023-12-24,C0001,Sonoran Cycles Online,DTC,Booked,Credit Card,Phoenix Distribution Center,6199.0
SO109089,2023-12-24,C0001,Sonoran Cycles Online,DTC,Booked,Credit Card,Phoenix Distribution Center,7499.0
SO109090,2023-12-24,C0001,Sonoran Cycles Online,DTC,Booked,Credit Card,Phoenix Distribution Center,5199.0
SO109091,2023-12-24,C0001,Sonoran Cycles Online,DTC,Booked,Credit Card,Phoenix Distribution Center,3299.0
SO109092,2023-12-24,C0001,Sonoran Cycles Online,DTC,Booked,Credit Card,Phoenix Distribution Center,4599.0
SO109093,2023-12-24,C0001,Sonoran Cycles Online,DTC,Booked,Credit Card,Phoenix Distribution Center,12398.0
SO109094,2023-12-24,C0001,Sonoran Cycles Online,DTC,Booked,Credit Card,Phoenix Distribution Center,5199.0
SO109095,2023-12-25,C0020,Alpine Ride Co.,Dealer,Booked,Net 30,Phoenix Distribution Center,15185.66
SO109096,2023-12-25,C0013,Pacific Trail Bikes,Dealer,Booked,Net 45,Phoenix Distribution Center,47321.04
SO109097,2023-12-25,C0008,Sedona Ride Center,Dealer,Booked,Net 30,Phoenix Distribution Center,22068.28
SO109098,2023-12-25,C0030,Blue Ridge Cycles,Dealer,Booked,Net 30,Phoenix Distribution Center,50210.7
SO109099,2023-12-25,C0006,Tucson Trail Works,Dealer,Booked,Net 30,Phoenix Distribution Center,19959.66
SO109100,2023-12-25,C0030,Blue Ridge Cycles,Dealer,Booked,Net 30,Phoenix Distribution Center,36820.56
SO109101,2023-12-25,C0008,Sedona Ride Center,Dealer,Booked,Net 30,Phoenix Distribution Center,61740.22
SO109102,2023-12-25,C0006,Tucson Trail Works,Dealer,Booked,Net 30,Phoenix Distribution Center,46614.7
SO109103,2023-12-25,C0013,Pacific Trail Bikes,Dealer,Booked,Net 45,Phoenix Distribution Center,24123.36
SO109104,2023-12-25,C0031,Pisgah Bike Co.,Dealer,Booked,Net 45,Phoenix Distribution Center,24935.36
SO109105,2023-12-25,C0033,Appalachian Bikes,Dealer,Booked,Net 30,Phoenix Distribution Center,20951.66
SO109106,2023-12-25,C0018,High Country Bikes,Dealer,Booked,Net 45,Phoenix Distribution Center,16931.94
SO109107,2023-12-25,C0027,Prairie Trail Bikes,Dealer,Booked,Net 30,Phoenix Distribution Center,40167.32
SO109108,2023-12-25,C0001,Sonoran Cycles Online,DTC,Booked,Credit Card,Phoenix Distribution Center,3999.0
SO109109,2023-12-25,C0001,Sonoran Cycles Online,DTC,Booked,Credit Card,Phoenix Distribution Center,10398.0
SO109110,2023-12-25,C0001,Sonoran Cycles Online,DTC,Booked,Credit Card,Phoenix Distribution Center,6598.0
SO109111,2023-12-25,C0001,Sonoran Cycles Online,DTC,Booked,Credit Card,Phoenix Distribution Center,7499.0
SO109112,2023-12-25,C0001,Sonoran Cycles Online,DTC,Booked,Credit Card,Phoenix Distribution Center,4599.0
SO109113,2023-12-25,C0001,Sonoran Cycles Online,DTC,Booked,Credit Card,Phoenix Distribution Center,6199.0
SO109114,2023-12-26,C0025,Lakeshore Bikes,Dealer,Booked,Net 30,Phoenix Distribution Center,26094.56
SO109115,2023-12-26,C0008,Sedona Ride Center,Dealer,Booked,Net 30,Phoenix Distribution Center,54984.08
SO109116,2023-12-26,C0027,Prairie Trail Bikes,Dealer,Booked,Net 30,Phoenix Distribution Center,20331.66
SO109117,2023-12-26,C0008,Sedona Ride Center,Dealer,Booked,Net 30,Phoenix Distribution Center,13203.52
SO109118,2023-12-26,C0019,Front Range Cyclery,Dealer,Booked,Net 30,Phoenix Distribution Center,52194.08
SO109119,2023-12-26,C0003,Cactus Cycling,Dealer,Booked,Net 30,Phoenix Distribution Center,20021.04
SO109120,2023-12-26,C0022,Wasatch Wheel Works,Dealer,Booked,Net 30,Phoenix Distribution Center,24360.42
SO109121,2023-12-26,C0002,Desert Trail Bikes,Dealer,Booked,Net 45,Phoenix Distribution Center,22730.78
SO109122,2023-12-26,C0008,Sedona Ride Center,Dealer,Booked,Net 30,Phoenix Distribution Center,13451.52
SO109123,2023-12-26,C0019,Front Range Cyclery,Dealer,Booked,Net 30,Phoenix Distribution Center,18967.66
SO109124,2023-12-26,C0028,Windy City Cycles,Dealer,Booked,Net 30,Phoenix Distribution Center,15467.4
SO109125,2023-12-26,C0031,Pisgah Bike Co.,Dealer,Booked,Net 45,Phoenix Distribution Center,42564.46
SO109126,2023-12-26,C0020,Alpine Ride Co.,Dealer,Booked,Net 30,Phoenix Distribution Center,31921.94
SO109127,2023-12-26,C0002,Desert Trail Bikes,Dealer,Booked,Net 45,Phoenix Distribution Center,57988.4
SO109128,2023-12-26,C0001,Sonoran Cycles Online,DTC,Booked,Credit Card,Phoenix Distribution Center,4599.0
SO109129,2023-12-26,C0001,Sonoran Cycles Online,DTC,Booked,Credit Card,Phoenix Distribution Center,3299.0
SO109130,2023-12-26,C0001,Sonoran Cycles Online,DTC,Booked,Credit Card,Phoenix Distribution Center,3499.0
SO109131,2023-12-26,C0001,Sonoran Cycles Online,DTC,Booked,Credit Card,Phoenix Distribution Center,3299.0
SO109132,2023-12-26,C0001,Sonoran Cycles Online,DTC,Booked,Credit Card,Phoenix Distribution Center,5199.0
SO109133,2023-12-26,C0001,Sonoran Cycles Online,DTC,Booked,Credit Card,Phoenix Distribution Center,5199.0
SO109134,2023-12-27,C0031,Pisgah Bike Co.,Dealer,Booked,Net 45,Phoenix Distribution Center,33169.62
SO109135,2023-12-27,C0035,Adirondack Cycles,Dealer,Booked,Net 30,Phoenix Distribution Center,6368.7
SO109136,2023-12-27,C0007,Red Rock Cycles,Dealer,Booked,Net 30,Phoenix Distribution Center,45881.55
SO109137,2023-12-27,C0011,Cascade Bikes,Dealer,Booked,Net 30,Phoenix Distribution Center,18844.28
SO109138,2023-12-27,C0008,Sedona Ride Center,Dealer,Booked,Net 30,Phoenix Distribution Center,35767.8
SO109139,2023-12-27,C0018,High Country Bikes,Dealer,Booked,Net 45,Phoenix Distribution Center,37229.62
SO109140,2023-12-27,C0002,Desert Trail Bikes,Dealer,Booked,Net 45,Phoenix Distribution Center,8350.26
SO109141,2023-12-27,C0014,Redwood Ride Shop,Dealer,Booked,Net 30,Phoenix Distribution Center,37997.32
SO109142,2023-12-27,C0020,Alpine Ride Co.,Dealer,Booked,Net 30,Phoenix Distribution Center,33843.32
SO109143,2023-12-27,C0008,Sedona Ride Center,Dealer,Booked,Net 30,Phoenix Distribution Center,15373.52
SO109144,2023-12-27,C0010,Evergreen Cyclery,Dealer,Booked,Net 45,Phoenix Distribution Center,9567.1
SO109145,2023-12-27,C0018,High Country Bikes,Dealer,Booked,Net 45,Phoenix Distribution Center,15077.1
SO109146,2023-12-27,C0001,Sonoran Cycles Online,DTC,Booked,Credit Card,Phoenix Distribution Center,5199.0
SO109147,2023-12-27,C0001,Sonoran Cycles Online,DTC,Booked,Credit Card,Phoenix Distribution Center,5199.0
SO109148,2023-12-27,C0001,Sonoran Cycles Online,DTC,Booked,Credit Card,Phoenix Distribution Center,6199.0
SO109149,2023-12-27,C0001,Sonoran Cycles Online,DTC,Booked,Credit Card,Phoenix Distribution Center,6199.0
SO109150,2023-12-27,C0001,Sonoran Cycles Online,DTC,Booked,Credit Card,Phoenix Distribution Center,3499.0
SO109151,2023-12-27,C0001,Sonoran Cycles Online,DTC,Booked,Credit Card,Phoenix Distribution Center,3299.0
SO109152,2023-12-28,C0006,Tucson Trail Works,Dealer,Booked,Net 30,Phoenix Distribution Center,33225.18
SO109153,2023-12-28,C0026,Great Lakes Cyclery,Dealer,Booked,Net 30,Phoenix Distribution Center,12737.4
SO109154,2023-12-28,C0019,Front Range Cyclery,Dealer,Booked,Net 30,Phoenix Distribution Center,17480.28
SO109155,2023-12-28,C0022,Wasatch Wheel Works,Dealer,Booked,Net 30,Phoenix Distribution Center,17108.28
SO109156,2023-12-28,C0033,Appalachian Bikes,Dealer,Booked,Net 30,Phoenix Distribution Center,44321.94
SO109157,2023-12-28,C0035,Adirondack Cycles,Dealer,Booked,Net 30,Phoenix Distribution Center,38602.2
SO109158,2023-12-28,C0007,Red Rock Cycles,Dealer,Booked,Net 30,Phoenix Distribution Center,13841.75
SO109159,2023-12-28,C0006,Tucson Trail Works,Dealer,Booked,Net 30,Phoenix Distribution Center,19959.66
SO109160,2023-12-28,C0016,Coastal Gravel Co.,Dealer,Booked,Net 30,Phoenix Distribution Center,24497.85
SO109161,2023-12-28,C0025,Lakeshore Bikes,Dealer,Booked,Net 30,Phoenix Distribution Center,25723.8
SO109162,2023-12-28,C0018,High Country Bikes,Dealer,Booked,Net 45,Phoenix Distribution Center,41867.88
SO109163,2023-12-28,C0026,Great Lakes Cyclery,Dealer,Booked,Net 30,Phoenix Distribution Center,11567.4
SO109164,2023-12-28,C0002,Desert Trail Bikes,Dealer,Booked,Net 45,Phoenix Distribution Center,42679.88
SO109165,2023-12-28,C0001,Sonoran Cycles Online,DTC,Booked,Credit Card,Phoenix Distribution Center,6199.0
SO109166,2023-12-28,C0001,Sonoran Cycles Online,DTC,Booked,Credit Card,Phoenix Distribution Center,9198.0
SO109167,2023-12-28,C0001,Sonoran Cycles Online,DTC,Booked,Credit Card,Phoenix Distribution Center,10398.0
SO109168,2023-12-28,C0001,Sonoran Cycles Online,DTC,Booked,Credit Card,Phoenix Distribution Center,3299.0
SO109169,2023-12-28,C0001,Sonoran Cycles Online,DTC,Booked,Credit Card,Phoenix Distribution Center,4599.0
SO109170,2023-12-28,C0001,Sonoran Cycles Online,DTC,Booked,Credit Card,Phoenix Distribution Center,9798.0
SO109171,2023-12-28,C0001,Sonoran Cycles Online,DTC,Booked,Credit Card,Phoenix Distribution Center,3499.0
SO109172,2023-12-29,C0034,Green Mountain Bikes,Dealer,Booked,Net 30,Phoenix Distribution Center,34339.32
SO109173,2023-12-29,C0020,Alpine Ride Co.,Dealer,Booked,Net 30,Phoenix Distribution Center,34835.32
SO109174,2023-12-29,C0018,High Country Bikes,Dealer,Booked,Net 45,Phoenix Distribution Center,59497.56
SO109175,2023-12-29,C0031,Pisgah Bike Co.,Dealer,Booked,Net 45,Phoenix Distribution Center,25167.36
SO109176,2023-12-29,C0005,Mesa Mountain Bikes,Dealer,Booked,Net 30,Phoenix Distribution Center,7733.05
SO109177,2023-12-29,C0033,Appalachian Bikes,Dealer,Booked,Net 30,Phoenix Distribution Center,63289.6
SO109178,2023-12-29,C0034,Green Mountain Bikes,Dealer,Booked,Net 30,Phoenix Distribution Center,9546.14
SO109179,2023-12-29,C0022,Wasatch Wheel Works,Dealer,Booked,Net 30,Phoenix Distribution Center,18100.28
SO109180,2023-12-29,C0015,Sierra Cycle Works,Dealer,Booked,Net 30,Phoenix Distribution Center,6694.76
SO109181,2023-12-29,C0010,Evergreen Cyclery,Dealer,Booked,Net 45,Phoenix Distribution Center,29573.04
SO109182,2023-12-29,C0008,Sedona Ride Center,Dealer,Booked,Net 30,Phoenix Distribution Center,13203.52
SO109183,2023-12-29,C0014,Redwood Ride Shop,Dealer,Booked,Net 30,Phoenix Distribution Center,40602.56
SO109184,2023-12-29,C0001,Sonoran Cycles Online,DTC,Booked,Credit Card,Phoenix Distribution Center,7499.0
SO109185,2023-12-29,C0001,Sonoran Cycles Online,DTC,Booked,Credit Card,Phoenix Distribution Center,6199.0
SO109186,2023-12-29,C0001,Sonoran Cycles Online,DTC,Booked,Credit Card,Phoenix Distribution Center,4599.0
SO109187,2023-12-29,C0001,Sonoran Cycles Online,DTC,Booked,Credit Card,Phoenix Distribution Center,6199.0
SO109188,2023-12-29,C0001,Sonoran Cycles Online,DTC,Booked,Credit Card,Phoenix Distribution Center,3999.0
SO109189,2023-12-29,C0001,Sonoran Cycles Online,DTC,Booked,Credit Card,Phoenix Distribution Center,4599.0
SO109190,2023-12-29,C0001,Sonoran Cycles Online,DTC,Booked,Credit Card,Phoenix Distribution Center,3299.0
SO109191,2023-12-29,C0001,Sonoran Cycles Online,DTC,Booked,Credit Card,Phoenix Distribution Center,4599.0
SO109192,2023-12-30,C0015,Sierra Cycle Works,Dealer,Booked,Net 30,Phoenix Distribution Center,10599.52
SO109193,2023-12-30,C0020,Alpine Ride Co.,Dealer,Booked,Net 30,Phoenix Distribution Center,7810.14
SO109194,2023-12-30,C0010,Evergreen Cyclery,Dealer,Booked,Net 45,Phoenix Distribution Center,24585.62
SO109195,2023-12-30,C0001,Sonoran Cycles Online,DTC,Booked,Credit Card,Phoenix Distribution Center,4599.0
SO109196,2023-12-30,C0001,Sonoran Cycles Online,DTC,Booked,Credit Card,Phoenix Distribution Center,5199.0
SO109197,2023-12-30,C0001,Sonoran Cycles Online,DTC,Booked,Credit Card,Phoenix Distribution Center,4599.0
SO109198,2023-12-30,C0001,Sonoran Cycles Online,DTC,Booked,Credit Card,Phoenix Distribution Center,3499.0
SO109199,2023-12-30,C0001,Sonoran Cycles Online,DTC,Booked,Credit Card,Phoenix Distribution Center,6199.0
SO109200,2023-12-30,C0001,Sonoran Cycles Online,DTC,Booked,Credit Card,Phoenix Distribution Center,3499.0
SO109201,2023-12-30,C0001,Sonoran Cycles Online,DTC,Booked,Credit Card,Phoenix Distribution Center,5199.0
SO109202,2023-12-30,C0001,Sonoran Cycles Online,DTC,Booked,Credit Card,Phoenix Distribution Center,3299.0
SO109203,2023-12-30,C0001,Sonoran Cycles Online,DTC,Booked,Credit Card,Phoenix Distribution Center,5199.0
SO109204,2023-12-30,C0001,Sonoran Cycles Online,DTC,Booked,Credit Card,Phoenix Distribution Center,9798.0
SO109205,2023-12-31,C0006,Tucson Trail Works,Dealer,Booked,Net 30,Phoenix Distribution Center,43948.7
SO109206,2023-12-31,C0001,Sonoran Cycles Online,DTC,Booked,Credit Card,Phoenix Distribution Center,3299.0
SO109207,2023-12-31,C0001,Sonoran Cycles Online,DTC,Booked,Credit Card,Phoenix Distribution Center,4599.0
SO109208,2023-12-31,C0001,Sonoran Cycles Online,DTC,Booked,Credit Card,Phoenix Distribution Center,4599.0
SO109209,2023-12-31,C0001,Sonoran Cycles Online,DTC,Booked,Credit Card,Phoenix Distribution Center,3299.0
SO109210,2023-12-31,C0001,Sonoran Cycles Online,DTC,Booked,Credit Card,Phoenix Distribution Center,5199.0
SO109211,2023-12-31,C0001,Sonoran Cycles Online,DTC,Booked,Credit Card,Phoenix Distribution Center,3999.0
SO109212,2023-12-31,C0001,Sonoran Cycles Online,DTC,Booked,Credit Card,Phoenix Distribution Center,5199.0
SO109213,2023-12-31,C0001,Sonoran Cycles Online,DTC,Booked,Credit Card,Phoenix Distribution Center,3499.0
